Report Number,Local Case Number,Agency Name,ACRS Report Type,Crash Date/Time,Route Type,Road Name,Cross-Street Name,Off-Road Description,Municipality,Related Non-Motorist,Collision Type,Weather,Surface Condition,Light,Traffic Control,Driver Substance Abuse,Non-Motorist Substance Abuse,Person ID,Driver At Fault,Injury Severity,Circumstance,Driver Distracted By,Drivers License State,Vehicle ID,Vehicle Damage Extent,Vehicle First Impact Location,Vehicle Body Type,Vehicle Movement,Vehicle Going Dir,Speed Limit,Driverless Vehicle,Parked Vehicle,Vehicle Year,Vehicle Make,Vehicle Model,Latitude,Longitude,Location
"MCP33480016,230055910,Montgomery County Police,Property Damage Crash,09/20/2023 12:00:00 PM,County,ROSSMOOR BLVD,PVT RD (AHEAD),,N/A,,SINGLE VEHICLE,CLEAR,DRY,DAYLIGHT,NO CONTROLS,NONE DETECTED,,0933F759-631C-4DF9-A4CB-DA6DDFAA10B0,Yes,NO APPARENT INJURY,N/A,NOT DISTRACTED,MD,58511D84-11B1-425C-BB4D-71EDA5A81198,SUPERFICIAL,NINE OCLOCK,TRANSIT BUS,MAKING LEFT TURN,North,5,No,No,2013,NWFL,XDE,39.10095167,-77.073495,""(39.10095167, -77.073495)"""
"DM8497001Z,230070937,Takoma Park Police Depart,Property Damage Crash,12/10/2023 02:46:00 PM,Maryland (State),PHILADELPHIA AVE,CHICAGO AVE,,TAKOMA PARK,,STRAIGHT MOVEMENT ANGLE,RAINING,WET,DAYLIGHT,STOP SIGN,N/A,,6628F68D-9D76-4F1B-8868-DF9C5CA38215,No,NO APPARENT INJURY,""RAIN, SNOW, WET"",NOT DISTRACTED,NY,BB7B435C-DD6E-4596-9C26-05986BC4BB5F,DISABLING,TWELVE OCLOCK,PASSENGER CAR,MOVING CONSTANT SPEED,East,25,No,No,2019,TOYOTA,COROLLA,38.98668009,-77.02150509,""(38.98668009, -77.02150509)"""
"MCP2703003H,230070266,Montgomery County Police,Property Damage Crash,12/06/2023 05:30:00 PM,Maryland (State),GEORGIA AVE,TILTON DR,,N/A,,SAME DIR REAR END,CLOUDY,DRY,DARK LIGHTS ON,NO CONTROLS,UNKNOWN,,FE9327C2-4FDA-4471-B333-3E9F34C58A15,Yes,NO APPARENT INJURY,N/A,UNKNOWN,,B263F770-FDC0-4008-9221-CC36DFF0AB57,SUPERFICIAL,TWELVE OCLOCK,AMBULANCE/EMERGENCY,SLOWING OR STOPPING,North,35,No,No,0,FORD,F150,39.02150505,-77.04492834,""(39.02150505, -77.04492834)"""
"MCP3163005S,230054653,Montgomery County Police,Property Damage Crash,09/13/2023 03:00:00 PM,Maryland (State),PLYERS MILL RD,CONNECTICUT AVE,,N/A,,SAME DIRECTION SIDESWIPE,CLEAR,DRY,DAYLIGHT,TRAFFIC SIGNAL,N/A,,30214F1B-F785-4087-B801-72EA0AB1AFF7,No,NO APPARENT INJURY,N/A,NOT DISTRACTED,NC,CBFC78E2-DE81-45BF-8D8F-1A5D2CB2B215,SUPERFICIAL,EIGHT OCLOCK,PASSENGER CAR,ACCELERATING,West,35,No,No,2017,HONDA,4DR,39.04263267,-77.11340933,""(39.04263267, -77.11340933)"""
"MCP1378016B,230063987,Montgomery County Police,Property Damage Crash,11/02/2023 02:20:00 PM,Maryland (State),RIDGE RD,HIGH CORNER ST,,N/A,,STRAIGHT MOVEMENT ANGLE,CLEAR,DRY,DAYLIGHT,TRAFFIC SIGNAL,NONE DETECTED,,64BF30FB-C135-49B0-AFF6-C459F1735B2A,No,NO APPARENT INJURY,N/A,NOT DISTRACTED,MD,57BA562D-9DCE-4064-ABF9-08609F7AE28D,FUNCTIONAL,TWELVE OCLOCK,(SPORT) UTILITY VEHICLE,ACCELERATING,West,30,No,No,2020,JEEP,GRAND CHEROKEE,39.29024838,-77.20497679,""(39.29024838, -77.20497679)"""
"MCP3328002S,230064561,Montgomery County Police,Property Damage Crash,11/05/2023 03:53:00 PM,County,NEWPORT MILL RD,MURDOCK RD,,N/A,,SAME DIR REAR END,CLEAR,DRY,DAYLIGHT,NO CONTROLS,ALCOHOL CONTRIBUTED,,518EFD1E-AB86-4611-854B-E28151CD2873,Yes,NO APPARENT INJURY,N/A,UNKNOWN,,39D9428E-686C-4E92-8BE8-9CED02D6E10D,DISABLING,TWELVE OCLOCK,PASSENGER CAR,UNKNOWN,South,25,No,No,2013,HYUNDAI,GENESIS,39.03883942,-77.0706871,""(39.03883942, -77.0706871)"""
"MCP3238002N,230050389,Montgomery County Police,Property Damage Crash,08/20/2023 03:03:00 PM,US (State),COLESVILLE RD,DALE DR,,N/A,,OTHER,CLEAR,DRY,DAYLIGHT,N/A,NONE DETECTED,,77BBCBAE-2F63-455D-812F-876832AC859B,No,NO APPARENT INJURY,N/A,NOT DISTRACTED,MD,A4D26D89-9519-44B7-B7DB-DF271B71C800,NO DAMAGE,TEN OCLOCK,TRANSIT BUS,MOVING CONSTANT SPEED,South,35,No,No,2009,GILL,HY,39.00550208,-77.02276335,""(39.00550208, -77.02276335)"""
"MCP235800BP,230047748,Montgomery County Police,Injury Crash,08/04/2023 09:00:00 AM,Maryland (State),RIVER RD,OGDEN RD,,N/A,,STRAIGHT MOVEMENT ANGLE,CLEAR,DRY,DAYLIGHT,STOP SIGN,NONE DETECTED,,DCA49BCF-8100-4293-805C-BDDFB792E645,No,SUSPECTED MINOR INJURY,N/A,NOT DISTRACTED,MD,ED211573-C8DB-4BBC-AB58-5F671E59A148,DISABLING,NINE OCLOCK,PASSENGER CAR,MOVING CONSTANT SPEED,East,35,No,No,2022,HONDA,CIVIC,38.97053952,-77.11622437,""(38.97053952, -77.11622437)"""
"DD56120041,230049400,Rockville Police Departme,Injury Crash,08/14/2023 01:45:00 PM,Municipality,CONGRESSIONAL LA,ROCKVILLE PIKE,,N/A,,STRAIGHT MOVEMENT ANGLE,CLOUDY,DRY,DAYLIGHT,TRAFFIC SIGNAL,NONE DETECTED,,B1CA66B4-C1DB-41AD-96B1-80F260E96EDE,No,NO APPARENT INJURY,N/A,NOT DISTRACTED,MD,95465729-89FB-42DB-B3BF-47D8D5E88369,SUPERFICIAL,TWELVE OCLOCK,PASSENGER CAR,STOPPED IN TRAFFIC LANE,East,0,No,No,2011,TOYT,SU,39.06428,-77.12614,""(39.06428, -77.12614)"""
"DM8522000Z,230054902,Takoma Park Police Depart,Property Damage Crash,09/14/2023 05:35:00 PM,Maryland (State),NEW HAMPSHIRE AVE,HOLTON LA,,TAKOMA PARK,,SAME DIR REAR END,CLEAR,DRY,DAYLIGHT,NO CONTROLS,NONE DETECTED,,A5EA4942-351B-44B6-A9BD-1595977EC1D4,No,NO APPARENT INJURY,N/A,NOT DISTRACTED,MD,A45C8B6A-4635-494F-9F04-6D7041ABB0D9,SUPERFICIAL,SIX OCLOCK,POLICE VEHICLE/EMERGENCY,MOVING CONSTANT SPEED,North,35,No,No,2013,FORD,4S,38.98675905,-76.98789159,""(38.98675905, -76.98789159)"""
"MCP31620050,230066006,Montgomery County Police,Property Damage Crash,11/13/2023 07:40:00 AM,Interstate (State),CAPITAL BELTWAY,EXIT #34,,N/A,,SAME DIR REAR END,CLEAR,DRY,DAYLIGHT,NO CONTROLS,NONE DETECTED,,EEE5C310-8C49-4672-8568-ACFD7CE206EC,Yes,NO APPARENT INJURY,N/A,NOT DISTRACTED,AL,A1C543D1-E624-4771-AF32-336CBB2C601E,FUNCTIONAL,TWELVE OCLOCK,VAN,SLOWING OR STOPPING,West,55,No,No,2023,FORD,TRANSIT,39.01710667,-77.09958,""(39.01710667, -77.09958)"""
"MCP31650051,230073948,Montgomery County Police,Property Damage Crash,12/28/2023 08:30:00 AM,US (State),COLUMBIA PIKE,FAIRLAND RD,,N/A,,SAME DIR REAR END,CLOUDY,WET,DAWN,NO CONTROLS,NONE DETECTED,,62694C96-E2CA-479B-A609-10D9F094D35C,No,NO APPARENT INJURY,""N/A, WET"",NOT DISTRACTED,MD,3B224937-DF42-4090-9708-400964DC4067,FUNCTIONAL,SIX OCLOCK,""OTHER LIGHT TRUCKS (10,000LBS (4,536KG) OR LESS)"",MOVING CONSTANT SPEED,North,45,No,No,2018,FORD,TK,39.07288783,-76.95576767,""(39.07288783, -76.95576767)"""
"DM85040019,230054974,Takoma Park Police Depart,Property Damage Crash,09/15/2023 06:30:00 AM,Maryland (State),NEW HAMPSHIRE AVE,KENTLAND AVE,,TAKOMA PARK,,OTHER,CLEAR,DRY,DAWN,NO CONTROLS,N/A,,3743E280-6A22-4B57-89C6-6ADB8139C8E7,Yes,NO APPARENT INJURY,N/A,LOOKED BUT DID NOT SEE,MD,DE750879-FB81-4BFD-A6F7-C9EE1D798F67,SUPERFICIAL,NINE OCLOCK,PASSENGER CAR,MAKING LEFT TURN,South,35,No,No,2016,TOYT,4S,38.97689855,-76.99243469,""(38.97689855, -76.99243469)"""
"MCP22910073,230057378,Montgomery County Police,Property Damage Crash,09/28/2023 07:42:00 PM,Maryland (State),RIVER RD,NEWBRIDGE DR,,N/A,,STRAIGHT MOVEMENT ANGLE,CLEAR,DRY,DARK NO LIGHTS,NO CONTROLS,NONE DETECTED,,9906CC32-177B-42CD-8023-6702E9E34CAD,No,NO APPARENT INJURY,N/A,NOT DISTRACTED,MD,8D256079-9438-4D95-94BB-1DE59E4D0EA7,DISABLING,ONE OCLOCK,PASSENGER CAR,MOVING CONSTANT SPEED,East,40,No,No,2013,VOLKSWAGON,PASSAT,39.011359,-77.198987,""(39.011359, -77.198987)"""
"EJ7852008S,230061996,Gaithersburg Police Depar,Injury Crash,10/22/2023 04:59:00 PM,Maryland (State),QUINCE ORCHARD RD,KENTLANDS BLVD,,GAITHERSBURG,,STRAIGHT MOVEMENT ANGLE,N/A,DRY,DAYLIGHT,TRAFFIC SIGNAL,NONE DETECTED,,F0508475-173E-496C-BD0D-3317AB5D156F,No,NO APPARENT INJURY,""N/A, VISION OBSTRUCTION (INCL. BLINDED BY SUN)"",NOT DISTRACTED,FL,0E7A94B3-E856-41E7-99E0-1B4A6B68D807,FUNCTIONAL,ONE OCLOCK,PASSENGER CAR,STOPPED IN TRAFFIC LANE,South,35,No,No,2015,TOYOTA,RAV4,39.12664784,-77.2438037,""(39.12664784, -77.2438037)"""
"MCP3334001Y,230066075,Montgomery County Police,Property Damage Crash,11/13/2023 12:34:00 PM,County,DENNIS AVE,DOUGLAS AVE,,N/A,,SINGLE VEHICLE,CLEAR,DRY,DAYLIGHT,N/A,NONE DETECTED,,76AB41C5-8C3E-4ACF-A5C1-D20B06DE39B3,Yes,NO APPARENT INJURY,N/A,OTHER DISTRACTION,MD,D37B9694-D664-4962-8783-624C00BFA978,DESTROYED,TWELVE OCLOCK,PASSENGER CAR,ACCELERATING,North,50,No,No,2013,NISS,SEN,39.02512,-77.04748,""(39.02512, -77.04748)"""
"MCP3353001S,230062178,Montgomery County Police,Injury Crash,10/23/2023 05:13:00 PM,County,E GUDE DR,SOUTHLAWN LA,,ROCKVILLE,,SAME DIR REAR END,CLEAR,DRY,DAYLIGHT,TRAFFIC SIGNAL,ALCOHOL CONTRIBUTED,,4572D286-D5D0-435B-81F3-3D1F43C086D0,Yes,POSSIBLE INJURY,N/A,OTHER DISTRACTION,DC,B1580373-7780-43D2-8CC6-D0A0544664D4,DISABLING,TWELVE OCLOCK,PASSENGER CAR,MOVING CONSTANT SPEED,East,40,No,No,2008,CHEVROLET,SILVERADO,39.09778933,-77.13714833,""(39.09778933, -77.13714833)"""
"MCP31230068,230052129,Montgomery County Police,Injury Crash,08/30/2023 06:58:00 AM,Maryland (State),DARNESTOWN RD,JONES LA,,N/A,,SAME DIR REAR END,CLOUDY,DRY,OTHER,N/A,N/A,,3AEB76FD-B0E2-4DA9-8939-9B6E10682565,Yes,NO APPARENT INJURY,N/A,NOT DISTRACTED,MD,7021B18B-0B8E-424C-8A54-69E9B88E76AD,FUNCTIONAL,TWELVE OCLOCK,PASSENGER CAR,MOVING CONSTANT SPEED,West,40,No,No,2013,HYUNDAI,SONATA,39.11371152,-77.26803315,""(39.11371152, -77.26803315)"""
"EJ7898001S,230068053,Gaithersburg Police Depar,Property Damage Crash,11/24/2023 11:40:00 AM,Municipality,SAYBROOKE OAKS BLVD,SAYBROOKE VIEW DR,,GAITHERSBURG,,ANGLE MEETS LEFT TURN,CLEAR,DRY,DAYLIGHT,STOP SIGN,NONE DETECTED,,2C711E2D-17D7-4535-A61B-85EE2E3F9E9C,No,NO APPARENT INJURY,N/A,NOT DISTRACTED,MD,E909BD08-3383-4A4E-B827-93C7CD0C5FAE,DISABLING,ONE OCLOCK,PASSENGER CAR,MOVING CONSTANT SPEED,South,25,No,No,2023,TOYT,UT,39.14973867,-77.17579598,""(39.14973867, -77.17579598)"""
"MCP2339008P,230055978,Montgomery County Police,Property Damage Crash,09/20/2023 06:10:00 PM,County,PARKLAWN DR,WILKINS AVE,,N/A,,SAME DIR REAR END,CLEAR,DRY,DUSK,TRAFFIC SIGNAL,NONE DETECTED,,48EEC88D-E4EB-4C15-AC8C-BACE8EC1AE77,Yes,NO APPARENT INJURY,N/A,NOT DISTRACTED,MD,84E6A1BC-2319-4D7C-BAA6-20D1D6853517,FUNCTIONAL,ONE OCLOCK,PASSENGER CAR,SLOWING OR STOPPING,East,35,No,No,2014,MERCEDES,E350,39.06043817,-77.1117805,""(39.06043817, -77.1117805)"""
"MCP13780160,230059912,Montgomery County Police,Injury Crash,10/11/2023 04:31:00 PM,County,LOCKWOOD DR,HEATHER HOLLOW CIR,,N/A,,OTHER,CLOUDY,DRY,DAYLIGHT,NO CONTROLS,NONE DETECTED,,582941F5-3193-4616-B7E1-B4736B2A5CCB,No,POSSIBLE INJURY,N/A,NOT DISTRACTED,MD,77D20EC7-AFF9-4DC0-BA69-6F24606B5D12,SUPERFICIAL,TWELVE OCLOCK,PASSENGER CAR,STOPPED IN TRAFFIC LANE,North,25,No,No,2015,TOYOTA,COROLLA,39.041318,-76.98480083,""(39.041318, -76.98480083)"""
"MCP289200CZ,220045583,Montgomery County Police,Property Damage Crash,10/17/2022 04:47:00 PM,Maryland (State),UNIVERSITY BLVD E,COLESVILLE RD,,N/A,,SAME DIRECTION SIDESWIPE,CLEAR,DRY,DAYLIGHT,N/A,UNKNOWN,,592205DE-BCF0-4A60-81EF-DF0984BBB154,Yes,NO APPARENT INJURY,N/A,UNKNOWN,,5398C0C0-2650-4727-A471-DA4342CDF253,SUPERFICIAL,EIGHT OCLOCK,TRANSIT BUS,CHANGING LANES,East,35,No,No,2013,NWFL,XDE,39.02029603,-77.01266248,""(39.02029603, -77.01266248)"""
"MCP2965007M,230060222,Montgomery County Police,Injury Crash,10/13/2023 07:15:00 AM,County,RANDOLPH RD,MIDDLEVALE LA,,N/A,,SAME DIRECTION SIDESWIPE,CLEAR,DRY,DAYLIGHT,TRAFFIC SIGNAL,UNKNOWN,,997B4C48-1452-4F8E-AE6F-76C571E3718C,Yes,NO APPARENT INJURY,N/A,NOT DISTRACTED,MD,C81E377A-C495-4ABE-B8B8-F96833ED40FF,UNKNOWN,UNKNOWN,PASSENGER CAR,MOVING CONSTANT SPEED,East,35,No,No,2020,NISSAN,4S,39.06400796,-77.03934728,""(39.06400796, -77.03934728)"""
"DM8451001S,180057201,Takoma Park Police Depart,Property Damage Crash,11/14/2018 07:40:00 PM,,,,PARKING LOT OF 8210 ROANOKE AVE,,,OTHER,CLEAR,,DARK LIGHTS ON,N/A,N/A,,0A8F9228-612D-4AC2-8EAD-1482C1A8DAD5,Yes,NO APPARENT INJURY,N/A,UNKNOWN,,6565026B-F989-4695-B243-0C328A98DC80,SUPERFICIAL,SIX OCLOCK,UNKNOWN,BACKING,West,10,No,No,0,UNKNOWN,UNKNOWN,38.98137517,-77.01054533,""(38.98137517, -77.01054533)"""
"MCP3334001S,230061837,Montgomery County Police,Property Damage Crash,10/21/2023 03:15:00 PM,County,FENTON ST,ELLSWORTH DR,,N/A,,SAME DIRECTION SIDESWIPE,CLEAR,DRY,DAYLIGHT,TRAFFIC SIGNAL,NONE DETECTED,,FB2E06BE-75D6-47A5-8A5B-CF421CA042FB,No,NO APPARENT INJURY,N/A,NOT DISTRACTED,MD,1BF6729B-44DB-425B-8A97-E8947EBC03FC,FUNCTIONAL,ONE OCLOCK,PASSENGER CAR,MOVING CONSTANT SPEED,North,25,No,No,2017,HONDA,SD,38.99671,-77.02531,""(38.99671, -77.02531)"""
"DM8472002C,230048284,Takoma Park Police Depart,Injury Crash,08/07/2023 05:26:00 PM,Maryland (State),PHILADELPHIA AVE,TAKOMA AVE,,TAKOMA PARK,,OTHER,RAINING,WET,DAYLIGHT,NO CONTROLS,N/A,,968A2B60-034C-49E3-8D92-44104ECA61C9,No,NO APPARENT INJURY,""RAIN, SNOW, WET"",DISTRACTED BY OUTSIDE PERSON OBJECT OR EVENT,MD,A99C767B-30E2-4905-93D8-B2D089A6FE18,NO DAMAGE,SIX OCLOCK,PASSENGER CAR,MOVING CONSTANT SPEED,South,30,No,No,2006,GMC,TK,38.984445,-77.01784333,""(38.984445, -77.01784333)"""
"MCP9432003X,230054882,Montgomery County Police,Property Damage Crash,09/14/2023 04:20:00 PM,County,WAYNE AVE,CEDAR ST,,N/A,,SAME DIRECTION RIGHT TURN,CLEAR,DRY,DAYLIGHT,TRAFFIC SIGNAL,NONE DETECTED,,B63E48EB-CCF2-4276-8FE8-0BB360DBDF3E,No,NO APPARENT INJURY,N/A,NOT DISTRACTED,MD,76458B0D-C056-40AE-A544-E126B60C8BD4,SUPERFICIAL,THREE OCLOCK,TRANSIT BUS,MAKING RIGHT TURN,East,30,No,No,2012,GILL,HY,38.99724217,-77.0218385,""(38.99724217, -77.0218385)"""
"MCP2000001R,230060604,Montgomery County Police,Property Damage Crash,10/15/2023 01:34:00 AM,County,BRINK RD,TREVA CT,,N/A,,SAME DIR REAR END,RAINING,WET,DARK NO LIGHTS,NO CONTROLS,NONE DETECTED,,154450B5-5E0A-463F-9539-C66C86EB4F58,Yes,NO APPARENT INJURY,""N/A, WET"",EATING OR DRINKING,MD,1D9F59A0-27E1-4630-A3A9-8E35004FAF7A,DISABLING,TWELVE OCLOCK,PASSENGER CAR,MOVING CONSTANT SPEED,East,40,No,No,2015,NISSAN,ROGUE,39.20752155,-77.22629679,""(39.20752155, -77.22629679)"""
"MCP2881005M,230046785,Montgomery County Police,Injury Crash,07/29/2023 11:50:00 AM,Maryland (State),FREDERICK RD,BLUNT RD,,N/A,,ANGLE MEETS RIGHT TURN,CLEAR,DRY,DAYLIGHT,NO CONTROLS,NONE DETECTED,,E56C5000-C1A6-4EB2-8481-BC0CB2490A80,Yes,POSSIBLE INJURY,N/A,NOT DISTRACTED,MD,E14E8829-0A3F-40E3-927C-71EE94E5254C,DISABLING,EIGHT OCLOCK,PASSENGER CAR,MAKING RIGHT TURN,East,20,No,No,2014,VOLK,TIGUAN,39.18022333,-77.23849333,""(39.18022333, -77.23849333)"""
"MCP3330001K,230065103,Montgomery County Police,Injury Crash,11/08/2023 11:02:00 AM,Maryland (State),CONNECTICUT AVE,BRIGHTVIEW ST,,N/A,,SAME DIRECTION SIDESWIPE,CLEAR,DRY,DAYLIGHT,NO CONTROLS,NONE DETECTED,,2E3B944D-68D5-4501-8652-0E9E5FF59010,Yes,NO APPARENT INJURY,N/A,UNKNOWN,MD,60740A07-2412-4C53-B6E1-4A40A3098886,SUPERFICIAL,FOUR OCLOCK,""CARGO VAN/LIGHT TRUCK 2 AXLES (OVER 10,000LBS (4,536 KG))"",CHANGING LANES,South,35,No,No,1993,INTERNATIONAL,DS,39.05328983,-77.0746425,""(39.05328983, -77.0746425)"""
"MCP28980046,230058555,Montgomery County Police,Injury Crash,10/04/2023 06:23:00 PM,Other Public Roadway,OBSERVATION DR,GERMANTOWN RD,,N/A,BICYCLIST,STRAIGHT MOVEMENT ANGLE,CLEAR,DRY,DAYLIGHT,TRAFFIC SIGNAL,N/A,N/A,54BA7FAC-67BC-43B4-B247-F7D0912145D5,Yes,NO APPARENT INJURY,N/A,LOOKED BUT DID NOT SEE,MD,B726ABE1-9D34-4968-8A49-C931B1C83C43,SUPERFICIAL,ONE OCLOCK,SNOWMOBILE,MAKING RIGHT TURN,East,30,No,No,2017,HYUN,UT,39.19080667,-77.24775667,""(39.19080667, -77.24775667)"""
"MCP302600BY,230065333,Montgomery County Police,Property Damage Crash,11/09/2023 11:14:00 AM,County,DURBIN TERR,DURBIN RD,,N/A,,OTHER,CLEAR,DRY,DAYLIGHT,NO CONTROLS,NONE DETECTED,,C7E8D132-A69C-4A60-A02B-F46ED07E04EB,Yes,NO APPARENT INJURY,N/A,NOT DISTRACTED,MD,6F3501ED-EC34-4139-BFD4-98D035A998CD,NO DAMAGE,SIX OCLOCK,""MEDIUM/HEAVY TRUCKS 3 AXLES (OVER 10,000LBS (4,536KG))"",BACKING,East,15,No,No,2014,MACK,DUMP TRUCK,38.981764,-77.11458883,""(38.981764, -77.11458883)"""
"MCP2686006S,230071736,Montgomery County Police,Property Damage Crash,12/14/2023 03:04:00 PM,Other Public Roadway,SHAWNEE LA,GATEWAY CENTER DR,,N/A,,SAME DIRECTION SIDESWIPE,CLEAR,DRY,DAYLIGHT,N/A,N/A,,6FB1334C-AA12-48CC-A87B-06F5C1F71018,Yes,NO APPARENT INJURY,N/A,UNKNOWN,,C6EBD187-3911-4E01-8651-CDB0EE382DFA,UNKNOWN,TWO OCLOCK,,MOVING CONSTANT SPEED,East,35,No,No,0,UNKNOWN,UNKNOWN,39.22554117,-77.2755655,""(39.22554117, -77.2755655)"""
"MCP32090046,230033302,Montgomery County Police,Injury Crash,07/13/2023 12:26:00 AM,County,STEWART LA,COLUMBIA PIKE,,N/A,,HEAD ON LEFT TURN,CLEAR,DRY,DARK LIGHTS ON,TRAFFIC SIGNAL,NONE DETECTED,,FAAF1683-B6C1-4320-BB33-2A09F8B7F782,Yes,POSSIBLE INJURY,N/A,LOOKED BUT DID NOT SEE,DC,511D496A-211D-4BF4-9123-AC5A5AF1E2BA,DESTROYED,TWELVE OCLOCK,PASSENGER CAR,MOVING CONSTANT SPEED,North,55,No,No,2017,TOYOTA,CAMRY,39.0464,-76.986862,""(39.0464, -76.986862)"""
"MCP26870046,230060477,Montgomery County Police,Property Damage Crash,10/14/2023 12:29:00 PM,County,WOODMONT AVE,NORFOLK AVE,,N/A,,SAME DIRECTION SIDESWIPE,RAINING,WET,DAYLIGHT,NO CONTROLS,NONE DETECTED,,028B198C-33D3-4680-9744-5337DB9BE56E,No,NO APPARENT INJURY,""RAIN, SNOW, WET"",NOT DISTRACTED,MD,6B58105F-4297-4B16-9271-EF0818F2F013,SUPERFICIAL,EIGHT OCLOCK,TRANSIT BUS,PARKED,,25,No,Yes,2022,NEW FLYER,OTHER,38.98766367,-77.0962115,""(38.98766367, -77.0962115)"""
"MCP3309000R,220016828,Montgomery County Police,Property Damage Crash,04/20/2022 05:05:00 PM,,,,""7919 TUCKERMAN LA, POTOMAC, MD 20854 PARKING LOT OF GIANT"",,,UNKNOWN,CLEAR,,DAYLIGHT,NO CONTROLS,UNKNOWN,,F4267C83-6DCE-46A1-8FEA-61FE4796C3F2,Yes,NO APPARENT INJURY,N/A,UNKNOWN,,2AA43417-43E1-44F6-9FC0-38CE0E0A3B3C,UNKNOWN,UNKNOWN,,PARKED,,0,No,Yes,0,UNKNOWN,UNKNOWN,39.04084608,-77.15764207,""(39.04084608, -77.15764207)"""
"MCP2345000T,220056330,Montgomery County Police,Property Damage Crash,12/20/2022 12:00:00 AM,Maryland (State),FALLS RD,VICTORY LA,,N/A,,OTHER,CLEAR,DRY,DARK LIGHTS ON,N/A,NONE DETECTED,,0815D5E8-E54A-4DFB-A668-B8966A5C2D43,Yes,NO APPARENT INJURY,N/A,OTHER DISTRACTION,MD,FFAF53F5-0DE8-4431-93CF-B1C7F859CBB1,DISABLING,TWELVE OCLOCK,PASSENGER CAR,MOVING CONSTANT SPEED,West,35,No,No,2022,LEXUS,UNK,39.05274355,-77.18460401,""(39.05274355, -77.18460401)"""
"MCP2286005B,230049262,Montgomery County Police,Injury Crash,08/13/2023 03:15:00 PM,Maryland (State),FREDERICK RD,W GUDE DR,,ROCKVILLE,,SAME DIR REAR END,CLEAR,DRY,DAYLIGHT,TRAFFIC SIGNAL,NONE DETECTED,,28BF5301-EBAC-4C09-AFB7-5023B3121F44,Yes,POSSIBLE INJURY,N/A,LOOKED BUT DID NOT SEE,MD,101C06FE-606B-4E76-9464-8256CCEF1A4B,FUNCTIONAL,TWELVE OCLOCK,(SPORT) UTILITY VEHICLE,CHANGING LANES,South,40,No,No,2009,HONDA,CRV,39.10639517,-77.15849067,""(39.10639517, -77.15849067)"""
"MCP913000GW,230058038,Montgomery County Police,Property Damage Crash,10/02/2023 12:11:00 PM,US (State),COLUMBIA PIKE,ENT TO BUSINESS,,N/A,,STRAIGHT MOVEMENT ANGLE,CLEAR,DRY,DAYLIGHT,TRAFFIC SIGNAL,NONE DETECTED,,0519CDD5-1E01-4F37-9717-8690C874F68F,Yes,NO APPARENT INJURY,N/A,LOOKED BUT DID NOT SEE,MD,9FD98437-FDA4-4A3B-B6F3-B865682A2C88,FUNCTIONAL,TWELVE OCLOCK,PASSENGER CAR,MOVING CONSTANT SPEED,North,35,No,No,1997,MERCEDES,E420,39.0311351,-77.00481903,""(39.0311351, -77.00481903)"""
"MCP2671003K,230056367,Montgomery County Police,Property Damage Crash,09/22/2023 07:30:00 PM,Maryland (State),GEORGIA AVE,FOREST GLEN RD,,N/A,,SAME DIR REAR END,CLEAR,DRY,DARK LIGHTS ON,NO CONTROLS,NONE DETECTED,,6EFAE66E-0A20-4AB8-A1B7-75E3DB0E29A1,No,NO APPARENT INJURY,N/A,NOT DISTRACTED,MD,01C90E09-1E50-4B5F-B12B-BC3A97E065B7,DISABLING,TWELVE OCLOCK,PASSENGER CAR,SLOWING OR STOPPING,South,30,No,No,2018,HONDA,ACCORD,39.01631748,-77.04298968,""(39.01631748, -77.04298968)"""
"MCP3201004C,230035036,Montgomery County Police,Property Damage Crash,07/23/2023 12:10:00 PM,County,CRYSTAL ROCK DR,WATERS LANDING DR,,N/A,,STRAIGHT MOVEMENT ANGLE,CLEAR,DRY,DAYLIGHT,NO CONTROLS,NONE DETECTED,,637D8107-0381-4B8D-848A-B4A93B4D53CE,Yes,NO APPARENT INJURY,N/A,LOOKED BUT DID NOT SEE,MD,4406AA84-07F8-45F4-88A2-09AD89AC9AAF,FUNCTIONAL,TWELVE OCLOCK,PASSENGER CAR,STARTING FROM LANE,East,40,No,No,2016,KIA,SW,39.19014917,-77.26676583,""(39.19014917, -77.26676583)"""
"MCP21210031,230070402,Montgomery County Police,Property Damage Crash,12/07/2023 12:53:00 PM,Maryland (State),DICKERSON RD,MOUTH OF MONOCACY RD,,N/A,,STRAIGHT MOVEMENT ANGLE,CLOUDY,DRY,DAYLIGHT,STOP SIGN,NONE DETECTED,,B2111EB0-8BC6-455C-9E4B-8939905FBB57,Yes,NO APPARENT INJURY,N/A,UNKNOWN,MD,3887FEBA-0EBA-4FB9-A66D-0E9070B6B750,DESTROYED,ELEVEN OCLOCK,(SPORT) UTILITY VEHICLE,MOVING CONSTANT SPEED,South,30,No,No,2022,ACURA,MDX,39.22465033,-77.426384,""(39.22465033, -77.426384)"""
"MCP291400F6,230059993,Montgomery County Police,Injury Crash,10/12/2023 03:40:00 AM,US (State),COLESVILLE RD,FRANKLIN AVE,,N/A,,SINGLE VEHICLE,CLEAR,DRY,DARK LIGHTS ON,N/A,ALCOHOL PRESENT,,2A7C0419-CC15-48CB-89D1-58323607D6A4,Yes,SUSPECTED SERIOUS INJURY,N/A,NOT DISTRACTED,MD,FA20C13B-CCF7-4CD5-9AC2-094BBE6C1E23,DESTROYED,TWELVE OCLOCK,PASSENGER CAR,NEGOTIATING A CURVE,North,35,No,No,2022,CHEVY,CAMARO,39.00945337,-77.01772396,""(39.00945337, -77.01772396)"""