Report Number,Local Case Number,Agency Name,ACRS Report Type,Crash Date/Time,Route Type,Road Name,Cross-Street Name,Off-Road Description,Municipality,Related Non-Motorist,Collision Type,Weather,Surface Condition,Light,Traffic Control,Driver Substance Abuse,Non-Motorist Substance Abuse,Person ID,Driver At Fault,Injury Severity,Circumstance,Driver Distracted By,Drivers License State,Vehicle ID,Vehicle Damage Extent,Vehicle First Impact Location,Vehicle Body Type,Vehicle Movement,Vehicle Going Dir,Speed Limit,Driverless Vehicle,Parked Vehicle,Vehicle Year,Vehicle Make,Vehicle Model,Latitude,Longitude,Location
"MCP12130083,230052519,Montgomery County Police,Injury Crash,08/31/2023 09:44:00 PM,County,RANDOLPH RD,LOCKSLEY LA,,N/A,,STRAIGHT MOVEMENT ANGLE,CLEAR,DRY,DARK LIGHTS ON,TRAFFIC SIGNAL,NONE DETECTED,,E9896E6F-A53A-4DB7-8C50-9D48E0198300,Yes,NO APPARENT INJURY,N/A,LOOKED BUT DID NOT SEE,XX,3FC0F54D-F3E6-4494-91BA-BB054A7DF9BF,DISABLING,FIVE OCLOCK,PASSENGER CAR,MAKING LEFT TURN,East,40,No,No,2012,TOYOTA,PRIUS,39.07161333,-77.01143,""(39.07161333, -77.01143)"""
"MCP31920042,230047509,Montgomery County Police,Property Damage Crash,08/02/2023 06:26:00 PM,Maryland (State),GEORGIA AVE,ARCOLA AVE,,N/A,,SAME DIR REAR END,CLEAR,DRY,DAYLIGHT,TRAFFIC SIGNAL,UNKNOWN,,65142CE6-90D5-49D2-9BFF-8C6B73C83C67,Yes,NO APPARENT INJURY,N/A,UNKNOWN,,4BA0B54A-9B89-41A6-961E-0DFE018608B9,SUPERFICIAL,TWELVE OCLOCK,PASSENGER CAR,MOVING CONSTANT SPEED,North,35,No,No,2008,INFI,2D,39.0478,-77.0518,""(39.0478, -77.0518)"""
"MCP31920045,230052269,Montgomery County Police,Injury Crash,08/30/2023 04:32:00 PM,Maryland (State),VEIRS MILL RD,PENDLETON DR,,N/A,,SAME DIR REAR END,CLEAR,DRY,DAYLIGHT,NO CONTROLS,NONE DETECTED,,1F335B15-02F3-47CB-939C-48A00AAF8603,Yes,NO APPARENT INJURY,N/A,UNKNOWN,MD,BB1C5178-C380-4085-8ABC-80FEFBB050BD,DISABLING,TWELVE OCLOCK,PASSENGER CAR,SLOWING OR STOPPING,East,35,No,No,2017,VOLK,PASSAT,39.04712769,-77.0671052,""(39.04712769, -77.0671052)"""
"MCP3154000L,180048713,Montgomery County Police,Injury Crash,09/29/2018 03:37:00 PM,Maryland (State),GREAT SENECA HWY,MATENY RD,,N/A,,STRAIGHT MOVEMENT ANGLE,CLEAR,DRY,DAYLIGHT,TRAFFIC SIGNAL,NONE DETECTED,,39F9F93E-5E80-48FA-8157-D6E3EA5FE803,No,POSSIBLE INJURY,N/A,NOT DISTRACTED,MD,40393052-84AE-4148-B719-97313EE0A0D3,DISABLING,TWELVE OCLOCK,PASSENGER CAR,MAKING LEFT TURN,East,45,No,No,2006,HONDA,CIVIC,39.146285,-77.27468667,""(39.146285, -77.27468667)"""
"MCP209400HS,210041754,Montgomery County Police,Injury Crash,10/18/2021 08:55:00 AM,Other Public Roadway,MONTROSE PKWY,E JEFFERSON ST,,N/A,,HEAD ON LEFT TURN,CLEAR,DRY,DAYLIGHT,TRAFFIC SIGNAL,NONE DETECTED,,6B3F5C08-EC8A-4952-9950-277F181E91A3,No,POSSIBLE INJURY,N/A,NOT DISTRACTED,MD,B4BF00A4-97B5-4E66-A5E7-92EF26032DC8,DISABLING,TWELVE OCLOCK,PASSENGER CAR,MOVING CONSTANT SPEED,East,40,No,No,2008,TOYOTA,CELARIS,39.05087,-77.12613167,""(39.05087, -77.12613167)"""
"MCP13780153,230046613,Montgomery County Police,Property Damage Crash,07/28/2023 10:48:00 AM,Maryland (State),RIDGE RD,HOLSEY RD,,N/A,,SAME DIR REAR END,CLEAR,DRY,DAYLIGHT,NO CONTROLS,NONE DETECTED,,3D849AF2-2175-469D-8C6A-F85042D7C6A4,No,NO APPARENT INJURY,N/A,NOT DISTRACTED,MD,61AC61FB-9A40-4129-B94B-3940B30C10B7,DISABLING,SIX OCLOCK,PASSENGER CAR,SLOWING OR STOPPING,North,40,No,No,2022,HYUN,ELANTRA,39.311659,-77.19804367,""(39.311659, -77.19804367)"""
"MCP2552006C,230049632,Montgomery County Police,Injury Crash,08/15/2023 06:21:00 PM,County,REDLAND RD,CRABBS BRANCH WAY,,N/A,,HEAD ON LEFT TURN,RAINING,WET,DAYLIGHT,TRAFFIC SIGNAL,N/A,,2B2CDB84-49EC-4D79-8709-7D6B9FA806FA,Yes,SUSPECTED MINOR INJURY,""RAIN, SNOW, WET"",NOT DISTRACTED,MD,AD24EADB-083C-49FC-AC35-20BF93AA7FC4,DISABLING,TWELVE OCLOCK,PASSENGER CAR,MAKING LEFT TURN,North,35,No,No,2018,TOYOTA,YARIS,39.121175,-77.15847667,""(39.121175, -77.15847667)"""
"MCP2946005R,230048868,Montgomery County Police,Injury Crash,08/11/2023 08:26:00 AM,County,STRINGTOWN RD,ST CLAIR RD,,N/A,,STRAIGHT MOVEMENT ANGLE,CLEAR,DRY,DAYLIGHT,STOP SIGN,NONE DETECTED,,F26089DC-86FC-4939-B29C-6327399A001F,Yes,NO APPARENT INJURY,N/A,NOT DISTRACTED,MD,6E3DE8EA-3D30-48D4-8D18-521D446E9311,DISABLING,EIGHT OCLOCK,PASSENGER CAR,MAKING LEFT TURN,East,35,No,No,2012,HYUNDAI,ELANTRA,39.23918517,-77.273495,""(39.23918517, -77.273495)"""
"MCP30530070,230067971,Montgomery County Police,Injury Crash,11/27/2023 05:01:00 PM,Maryland (State),CONNECTICUT AVE,RANDOLPH RD,,N/A,,SAME DIRECTION LEFT TURN,CLEAR,DRY,DUSK,TRAFFIC SIGNAL,N/A,,FF412C84-0936-481F-BDDC-1261D2818466,No,NO APPARENT INJURY,N/A,NOT DISTRACTED,MD,774F094A-434F-4335-8B6B-875A0E235688,DESTROYED,TWELVE OCLOCK,PASSENGER CAR,MOVING CONSTANT SPEED,North,25,No,No,2013,SUBA,SD2024,39.05729954,-77.07320493,""(39.05729954, -77.07320493)"""
"MCP2586006P,230056541,Montgomery County Police,Property Damage Crash,09/23/2023 08:52:00 PM,Maryland (State),GERMANTOWN RD,AIRCRAFT DR,,N/A,,STRAIGHT MOVEMENT ANGLE,RAINING,WET,DARK LIGHTS ON,TRAFFIC SIGNAL,NONE DETECTED,,4928EFC1-5AE8-48F1-9D77-AAA94B2D254D,No,NO APPARENT INJURY,N/A,NOT DISTRACTED,VA,26F830D1-588C-42BA-8633-83FB1E51AA42,DISABLING,TWELVE OCLOCK,PASSENGER CAR,MOVING CONSTANT SPEED,South,40,No,No,2018,HYUNDAI,SONOTA,39.18111458,-77.26239675,""(39.18111458, -77.26239675)"""
"MCP3123006F,230064035,Montgomery County Police,Property Damage Crash,11/02/2023 05:40:00 PM,Maryland (State),FIRST ST,BALTIMORE RD,,ROCKVILLE,,SAME DIR REAR END,CLEAR,DRY,DUSK,N/A,NONE DETECTED,,8BDFFD46-CCD1-4823-A22F-0F68037D7638,Yes,NO APPARENT INJURY,N/A,INATTENTIVE OR LOST IN THOUGHT,DC,DDD8D08B-A270-4A15-8C4E-DB8C8909CFD2,FUNCTIONAL,TWELVE OCLOCK,PASSENGER CAR,MOVING CONSTANT SPEED,East,25,No,No,2013,MAZDA,CX-5,39.08329707,-77.13664795,""(39.08329707, -77.13664795)"""
"EJ7895004C,230054455,Gaithersburg Police Depar,Property Damage Crash,09/12/2023 01:30:00 PM,Municipality,ODENDHAL AVE,RUSSELL AVE,,GAITHERSBURG,,STRAIGHT MOVEMENT ANGLE,CLEAR,DRY,DAYLIGHT,TRAFFIC SIGNAL,NONE DETECTED,,A8262995-FBF5-45E4-A07C-B31A126CD24A,No,NO APPARENT INJURY,N/A,NOT DISTRACTED,MD,A568A906-80A5-4E27-973B-964F16FC95A8,DISABLING,TEN OCLOCK,PASSENGER CAR,STARTING FROM LANE,South,35,No,No,2019,NISSAN,MAXIMA,39.15050667,-77.20411047,""(39.15050667, -77.20411047)"""
"MCP3197003V,230070260,Montgomery County Police,Property Damage Crash,12/06/2023 05:53:00 PM,County,BEL PRE RD,LAYHILL RD,,N/A,,SAME DIRECTION SIDESWIPE,CLEAR,DRY,DARK LIGHTS ON,TRAFFIC SIGNAL,NONE DETECTED,,1B5BFF16-7668-40C3-9B7D-ECBF14E2E8C8,No,NO APPARENT INJURY,N/A,NOT DISTRACTED,MD,C5ADFE06-1E25-4135-8F3B-27715D2F0714,FUNCTIONAL,ELEVEN OCLOCK,PASSENGER CAR,MAKING RIGHT TURN,East,35,No,No,2017,FORD,ESCAPE,39.09012167,-77.04489,""(39.09012167, -77.04489)"""
"MCP9428001Q,180004892,Montgomery County Police,Property Damage Crash,01/29/2018 08:35:00 AM,Interstate (State),EISENHOWER MEMORIAL HWY,RAMP 7 FR FATHER HURLEY BLVD TO IS270 SB,,N/A,,SAME DIR REAR END,N/A,N/A,DAYLIGHT,NO CONTROLS,NONE DETECTED,,E8EA05DC-E846-40E6-8607-60EAD7950B97,Yes,NO APPARENT INJURY,""BACKUP DUE TO PRIOR CRASH, N/A"",OTHER DISTRACTION,WV,B8FEEA63-0560-47C5-B1B3-F6C715473578,FUNCTIONAL,TWELVE OCLOCK,POLICE VEHICLE/EMERGENCY,SLOWING OR STOPPING,South,55,No,No,2014,CHEVROLET,IMPALA,39.2058293,-77.27258563,""(39.2058293, -77.27258563)"""
"DD5652003K,230050900,Rockville Police Departme,Property Damage Crash,08/23/2023 01:35:00 PM,Municipality,WOOTTON PKWY,W EDMONSTON DR,,ROCKVILLE,,SAME DIR REAR END,CLEAR,DRY,DAYLIGHT,TRAFFIC SIGNAL,NONE DETECTED,,76ABB18B-EDE9-4AF4-AA50-BBFDEBA1EA63,Yes,NO APPARENT INJURY,N/A,NOT DISTRACTED,MD,C8E729E8-A519-415F-83B7-F900FCCDC988,SUPERFICIAL,TWELVE OCLOCK,""CARGO VAN/LIGHT TRUCK 2 AXLES (OVER 10,000LBS (4,536 KG))"",MOVING CONSTANT SPEED,East,30,No,No,2019,FORD,TK,39.07259,-77.13823,""(39.07259, -77.13823)"""
"MCP1554003L,180049283,Montgomery County Police,Property Damage Crash,10/02/2018 04:58:00 PM,County,SHADY GROVE RD,CRABBS BRANCH WAY,,N/A,,SAME DIR REAR END,CLEAR,DRY,DAYLIGHT,NO CONTROLS,NONE DETECTED,,A3728EBF-219B-4F81-A68D-718D2D851B39,No,NO APPARENT INJURY,N/A,NOT DISTRACTED,MD,0C426D58-C777-479C-B360-69E0406E51A5,FUNCTIONAL,SIX OCLOCK,PASSENGER CAR,STOPPED IN TRAFFIC LANE,North,45,No,No,2018,HYUN,SONATA 4DR,39.12876333,-77.16664167,""(39.12876333, -77.16664167)"""
"MCP2905005R,230052646,Montgomery County Police,Injury Crash,09/01/2023 01:48:00 PM,County,WILLARD AVE,SHOEMAKER FARM LA,,FRIENDSHIP HEIGHTS,,STRAIGHT MOVEMENT ANGLE,CLEAR,DRY,DAYLIGHT,N/A,N/A,,E5152494-6DE3-49C5-9F77-7100923E7041,No,NO APPARENT INJURY,N/A,NOT DISTRACTED,MD,E13EF17F-97FD-4D1F-995A-61477D6F2E59,SUPERFICIAL,ONE OCLOCK,PASSENGER CAR,MOVING CONSTANT SPEED,South,25,No,No,2022,TOYT,RAV4,38.962325,-77.09168167,""(38.962325, -77.09168167)"""
"MCP24370054,230054891,Montgomery County Police,Injury Crash,09/14/2023 05:18:00 PM,County,SHADY GROVE RD,DARNESTOWN RD,,N/A,,HEAD ON LEFT TURN,CLEAR,DRY,DAYLIGHT,TRAFFIC SIGNAL,NONE DETECTED,,660C981A-BEA9-4A5A-AB3B-9B63759B68E9,Yes,POSSIBLE INJURY,N/A,UNKNOWN,MD,472FD044-8F25-4D20-B182-703956EA8F53,DISABLING,TWO OCLOCK,(SPORT) UTILITY VEHICLE,MAKING LEFT TURN,East,40,No,No,2008,MERCEDES,GL450,39.09315483,-77.19652217,""(39.09315483, -77.19652217)"""
"MCP3279002T,230064771,Montgomery County Police,Injury Crash,11/06/2023 06:30:00 PM,County,AMHERST AVE,ELKIN ST,,N/A,PEDESTRIAN,SINGLE VEHICLE,CLEAR,DRY,N/A,STOP SIGN,NONE DETECTED,NONE DETECTED,DADB9E9A-E9DE-4909-AD5D-F0E9A6F50003,Yes,NO APPARENT INJURY,N/A,NOT DISTRACTED,MD,155FCC3E-3EEC-4C14-B885-EC00B329E5E4,NO DAMAGE,TWELVE OCLOCK,PASSENGER CAR,MAKING LEFT TURN,North,30,No,No,2011,CHEVROLET,SILVERADO,39.04494978,-77.04798769,""(39.04494978, -77.04798769)"""
"MCP33530020,230070231,Montgomery County Police,Property Damage Crash,12/06/2023 03:15:00 PM,County,RANDOLPH RD,DENLEY RD,,N/A,,SAME DIRECTION SIDESWIPE,CLEAR,DRY,DAYLIGHT,TRAFFIC SIGNAL,NONE DETECTED,,125DA1E1-C33D-4E66-853E-7AFE9887949E,No,NO APPARENT INJURY,N/A,NOT DISTRACTED,MD,B1670BF7-8A4C-43A3-A9B2-58F004AF6364,FUNCTIONAL,FOUR OCLOCK,PASSENGER CAR,MOVING CONSTANT SPEED,West,35,No,No,2017,TOYOTA,CAMRY,39.05945333,-77.06213417,""(39.05945333, -77.06213417)"""
"MCP2978000Q,15049232,MONTGOMERY,Injury Crash,09/28/2015 07:07:00 PM,Maryland (State),DARNESTOWN RD,BEALLSVILLE RD,,N/A,,HEAD ON LEFT TURN,CLEAR,DRY,DUSK,TRAFFIC SIGNAL,NONE DETECTED,,E0B80169-F6B6-4BB1-97E3-96DF86C6F039,No,NO APPARENT INJURY,N/A,NOT DISTRACTED,MD,B8E00C4D-9947-465C-BB9E-FF417E13AFE8,DISABLING,TWELVE OCLOCK,PASSENGER CAR,MOVING CONSTANT SPEED,South,40,No,No,2010,TOYOTA,4S,39.179196,-77.412959,""(39.179196, -77.412959)"""
"DM8499001S,230027796,Takoma Park Police Depart,Property Damage Crash,06/09/2023 04:34:00 PM,Maryland (State),PHILADELPHIA AVE,TAKOMA AVE,,TAKOMA PARK,,SAME DIR REAR END,CLEAR,DRY,DAYLIGHT,NO CONTROLS,NONE DETECTED,,EE08E282-8B50-4043-A967-75DFF3058886,Yes,NO APPARENT INJURY,N/A,INATTENTIVE OR LOST IN THOUGHT,MD,403D6E95-274F-4259-8274-691E3AE84F0F,SUPERFICIAL,TWELVE OCLOCK,PASSENGER CAR,STOPPED IN TRAFFIC LANE,South,25,No,No,2018,TOYOTA,HIGHLANDER,38.98514579,-77.019132,""(38.98514579, -77.019132)"""
"MCP2674004J,230064598,Montgomery County Police,Property Damage Crash,11/05/2023 09:07:00 PM,Maryland (State),WOODFIELD RD,GLENDALOUGH RD,,N/A,,SINGLE VEHICLE,CLEAR,DRY,DARK LIGHTS ON,NO CONTROLS,NONE DETECTED,,59A2A81B-B4F7-4FCE-B8C4-A2EC656A177D,No,NO APPARENT INJURY,""ANIMAL, N/A"",NOT DISTRACTED,MD,3CD099CA-F5FF-4174-B184-02BCF2C89934,FUNCTIONAL,ONE OCLOCK,POLICE VEHICLE/NON EMERGENCY,MOVING CONSTANT SPEED,South,40,No,No,2019,DODGE,CHARGER,39.21174219,-77.17146065,""(39.21174219, -77.17146065)"""
"MCP32200043,230049659,Montgomery County Police,Injury Crash,08/15/2023 08:44:00 PM,County,SNOUFFERS SCHOOL RD,CENTERWAY RD,,N/A,,HEAD ON,RAINING,WET,DARK NO LIGHTS,NO CONTROLS,NONE DETECTED,,C4851A67-C9E8-49FC-8C76-DA5F80E5A3DF,No,POSSIBLE INJURY,""N/A, WET"",NOT DISTRACTED,MD,A152CFB4-D1CF-4B48-96A4-89A1242274CE,DISABLING,TWELVE OCLOCK,PASSENGER CAR,MOVING CONSTANT SPEED,North,40,No,No,2013,GMC,UT,39.16848483,-77.17554467,""(39.16848483, -77.17554467)"""
"MCP23390095,230074166,Montgomery County Police,Property Damage Crash,12/29/2023 02:19:00 PM,Municipality,E GUDE DR,TAFT ST,,ROCKVILLE,,SAME DIRECTION SIDESWIPE,CLEAR,DRY,DAYLIGHT,TRAFFIC SIGNAL,UNKNOWN,,662370D2-065E-4F6B-A91C-7E5189A4C09A,Yes,NO APPARENT INJURY,N/A,UNKNOWN,,F9B07C3B-2CA0-461E-B52F-92CD089977C8,SUPERFICIAL,TWO OCLOCK,PASSENGER CAR,MOVING CONSTANT SPEED,East,35,No,No,2017,HYUNDAI,ELANTRA,39.09307459,-77.13163664,""(39.09307459, -77.13163664)"""
"MCP136600CH,230063520,Montgomery County Police,Property Damage Crash,10/31/2023 07:08:00 AM,County,GOSHEN RD,MIDCOUNTY HWY,,N/A,,SAME DIR REAR END,CLEAR,DRY,DAWN,N/A,NONE DETECTED,,87B623ED-E310-47C1-B3D6-97F6F962483D,Yes,NO APPARENT INJURY,N/A,INATTENTIVE OR LOST IN THOUGHT,MD,085D0410-0595-4370-9DA3-F8005E6AED17,FUNCTIONAL,TWELVE OCLOCK,SCHOOL BUS,MOVING CONSTANT SPEED,South,35,No,No,2013,THOM,SB,39.159515,-77.192175,""(39.159515, -77.192175)"""
"EJ78890044,230049497,Gaithersburg Police Depar,Property Damage Crash,08/14/2023 10:10:00 PM,Municipality,FIRSTFIELD RD,QUINCE ORCHARD RD,,N/A,,OTHER,CLEAR,DRY,DARK LIGHTS ON,TRAFFIC SIGNAL,NONE DETECTED,,D757958B-7C2E-4C95-8AC3-D4C558EE542F,No,NO APPARENT INJURY,N/A,NOT DISTRACTED,MD,71C301DC-6489-463E-B74B-EA230EC403B7,SUPERFICIAL,FIVE OCLOCK,PASSENGER CAR,STOPPED IN TRAFFIC LANE,East,25,No,No,2022,TOYT,SD,39.14512226,-77.21970751,""(39.14512226, -77.21970751)"""
"MCP2456007V,230056228,Montgomery County Police,Property Damage Crash,09/22/2023 07:30:00 AM,Maryland (State),NEW HAMPSHIRE AVE,POWDER MILL RD,,N/A,,HEAD ON,CLEAR,DRY,DAYLIGHT,NO CONTROLS,NONE DETECTED,,407517ED-5FCF-4304-A525-0C27E338C03D,Yes,NO APPARENT INJURY,N/A,INATTENTIVE OR LOST IN THOUGHT,MD,1B1396B0-81E1-48D1-94B3-A49AE8CE0331,DISABLING,TWELVE OCLOCK,(SPORT) UTILITY VEHICLE,MOVING CONSTANT SPEED,North,20,No,No,2007,TOYOTA,RAV4,39.02232833,-76.97617167,""(39.02232833, -76.97617167)"""
"MCP2760004B,230061513,Montgomery County Police,Property Damage Crash,10/19/2023 07:22:00 PM,County,WATKINS MILL RD,GREENRIVER TERR,,N/A,,HEAD ON,CLEAR,DRY,DARK LIGHTS ON,NO CONTROLS,N/A,,4E2AC9A6-54E1-405E-B677-4E9FB263559B,Unknown,NO APPARENT INJURY,N/A,UNKNOWN,MD,A22F462A-8895-41F2-8890-6BDE9378296B,DISABLING,TWELVE OCLOCK,""CARGO VAN/LIGHT TRUCK 2 AXLES (OVER 10,000LBS (4,536 KG))"",MOVING CONSTANT SPEED,South,30,No,No,2023,FORD,CG,39.19039333,-77.22336167,""(39.19039333, -77.22336167)"""
"DD56100088,230049781,Rockville Police Departme,Property Damage Crash,08/16/2023 02:47:00 PM,Maryland (State),VEIRS MILL RD,ATLANTIC AVE,,ROCKVILLE,,OTHER,CLEAR,DRY,DAYLIGHT,NO CONTROLS,N/A,,6B640EF4-217B-4EDD-8CC1-05CB8512E5E4,Yes,NO APPARENT INJURY,N/A,UNKNOWN,MD,CBDC3C90-1206-4FB0-9B20-88CEC3548E37,FUNCTIONAL,ELEVEN OCLOCK,PASSENGER CAR,MAKING LEFT TURN,East,5,No,No,2007,TOYOTA,PRIUS,39.07569983,-77.11697883,""(39.07569983, -77.11697883)"""
"MCP31630063,230058588,Montgomery County Police,Property Damage Crash,10/04/2023 08:39:00 PM,County,PARKLAWN DR,RANDOLPH RD,,N/A,,SAME DIRECTION SIDESWIPE,CLEAR,N/A,DARK LIGHTS ON,TRAFFIC SIGNAL,N/A,,95A4E16A-FC35-42A6-9594-85C917A8CEBA,No,NO APPARENT INJURY,N/A,NOT DISTRACTED,MD,6D4D9F1B-F3A4-4268-BFA7-BB03AFCE3AAF,SUPERFICIAL,TWO OCLOCK,TRANSIT BUS,STOPPED IN TRAFFIC LANE,East,35,No,No,2014,NABI,TBU,39.05343433,-77.10644667,""(39.05343433, -77.10644667)"""
"MCP3330001Q,230068596,Montgomery County Police,Property Damage Crash,11/27/2023 06:55:00 PM,Maryland (State),OLNEY SANDY SPRING RD,OLD BALTIMORE RD,,N/A,,SAME DIR REAR END,N/A,DRY,DARK NO LIGHTS,TRAFFIC SIGNAL,UNKNOWN,,3759D5BF-A1E3-49D6-AF0E-418A1474752B,No,NO APPARENT INJURY,N/A,UNKNOWN,MD,CF277439-C1AF-4ABB-8DC4-3E6FFD0B3ED1,FUNCTIONAL,SIX OCLOCK,PASSENGER CAR,STOPPED IN TRAFFIC LANE,East,35,No,No,2019,SUBARU,FORESTER,39.146851,-77.05136783,""(39.146851, -77.05136783)"""
"MCP2641003C,230055554,Montgomery County Police,Property Damage Crash,09/18/2023 01:55:00 PM,Maryland (State),RIDGE RD,DAMASCUS MANOR RD,,N/A,,SINGLE VEHICLE,CLOUDY,DRY,DAYLIGHT,NO CONTROLS,NONE DETECTED,,15DE33FC-7BA2-4125-91AC-5C5B98F4F64D,Yes,NO APPARENT INJURY,N/A,BY MOVING OBJECT IN VEHICLE,MD,5F916D4A-FBA0-4BE6-A3AA-B82E214090B2,DESTROYED,ONE OCLOCK,PASSENGER CAR,MOVING CONSTANT SPEED,South,30,No,No,2007,TOYOTA,RAV-4,39.28014833,-77.21182833,""(39.28014833, -77.21182833)"""
"MCP3129007Q,230052964,Montgomery County Police,Property Damage Crash,09/03/2023 02:14:00 PM,,,,""ALLY BEHIND 13781 CONNECTICUT AVE, SILVER SPRING MD, 20906"",,,SAME DIRECTION SIDESWIPE,CLEAR,,DAYLIGHT,N/A,ALCOHOL PRESENT,,88D5802A-6A52-4DC1-803C-E3ED255B3C99,Yes,NO APPARENT INJURY,N/A,INATTENTIVE OR LOST IN THOUGHT,MD,0BB38264-6B37-463F-9A9A-FAED73C212DD,SUPERFICIAL,ELEVEN OCLOCK,PASSENGER CAR,MOVING CONSTANT SPEED,North,5,No,No,2014,ALTIMA,SD,39.07953834,-77.07844884,""(39.07953834, -77.07844884)"""
"MCP2948006K,230060892,Montgomery County Police,Property Damage Crash,10/16/2023 04:11:00 PM,Maryland (State),GEORGIA AVE,ARCOLA AVE,,N/A,,SAME DIRECTION SIDESWIPE,CLEAR,DRY,DAYLIGHT,TRAFFIC SIGNAL,NONE DETECTED,,A04A4F00-B23A-4A2F-93CA-D9D1B2ADF3DC,Yes,NO APPARENT INJURY,N/A,NOT DISTRACTED,MD,FC4D81A2-54DD-4E3B-A5E9-10FB311EA41B,NO DAMAGE,TWO OCLOCK,AMBULANCE/NON EMERGENCY,MAKING LEFT TURN,South,30,No,No,2018,FRHT,AM,39.04683667,-77.050835,""(39.04683667, -77.050835)"""
"EJ7858008J,230068862,Gaithersburg Police Depar,Property Damage Crash,11/29/2023 09:25:00 AM,Municipality,FIRSTFIELD RD,QUINCE ORCHARD BLVD,,GAITHERSBURG,,OTHER,CLEAR,DRY,DAYLIGHT,NO CONTROLS,NONE DETECTED,,2B1C4FAE-49F8-4202-9D02-BFDE9A201101,No,NO APPARENT INJURY,N/A,NOT DISTRACTED,MD,2F33CE88-51E3-4C2D-A074-7DF377456879,SUPERFICIAL,TWELVE OCLOCK,SCHOOL BUS,MOVING CONSTANT SPEED,West,25,No,No,2017,THOM,BU,39.14165028,-77.22609728,""(39.14165028, -77.22609728)"""
"MCP2908000W,15021695,Montgomery County Police,Property Damage Crash,05/07/2015 10:57:00 AM,Maryland (State),NEW HAMPSHIRE AVE,OAKVIEW DR,,N/A,,OTHER,CLEAR,DRY,DAYLIGHT,NO CONTROLS,NONE DETECTED,,23412482-B02F-4481-8E8B-16046D517531,Yes,NO APPARENT INJURY,N/A,NOT DISTRACTED,KY,449D56E4-0CAB-40FF-B23D-E56F6D8446DC,DISABLING,ONE OCLOCK,PICKUP TRUCK,MOVING CONSTANT SPEED,South,45,No,No,1999,DODGE,1500,39.01547,-76.978395,""(39.01547, -76.978395)"""
"MCP0617005N,230068476,Montgomery County Police,Property Damage Crash,11/27/2023 09:30:00 AM,,POPLAR RUN DR,NIGHT SKY DR,,N/A,,SINGLE VEHICLE,CLEAR,WET,DAYLIGHT,NO CONTROLS,NONE DETECTED,,3918E9D8-E582-487A-8D5A-198B1E459354,Yes,NO APPARENT INJURY,""N/A, WET"",NOT DISTRACTED,MD,073E4E62-7DB0-4BE6-809E-87F957ACC9F1,DISABLING,SEVEN OCLOCK,PASSENGER CAR,MOVING CONSTANT SPEED,West,30,No,No,2007,HOND,4S,39.07769333,-77.03949167,""(39.07769333, -77.03949167)"""
"DM84930029,230069466,Takoma Park Police Depart,Property Damage Crash,12/02/2023 12:06:00 PM,,,,""PARKING SPACES IN FRONT OF 1358 HOLTON LN TAKOMA PARK,MD 20912"",,,SAME DIRECTION SIDESWIPE,CLEAR,,DAYLIGHT,N/A,N/A,,B5C15B49-8CC1-408A-8FD7-416A16178C83,Yes,NO APPARENT INJURY,N/A,INATTENTIVE OR LOST IN THOUGHT,,2D9FCA6A-D4E4-4AF8-B601-DE6AC927F1B0,SUPERFICIAL,TWELVE OCLOCK,VAN,PARKING,East,15,No,No,2005,CHEVROLET,VAN CARGI,38.98565137,-76.98526592,""(38.98565137, -76.98526592)"""
"EJ7843000H,230062275,Gaithersburg Police Depar,Injury Crash,10/24/2023 10:00:00 AM,Municipality,S SUMMIT AVE,OLDE TOWNE AVE,,GAITHERSBURG,,STRAIGHT MOVEMENT ANGLE,CLEAR,DRY,DAYLIGHT,STOP SIGN,NONE DETECTED,,A77D5F65-63D3-47BB-B8A4-692BB93F7DBF,Yes,NO APPARENT INJURY,N/A,NOT DISTRACTED,VA,EE38E1B4-0FC7-48E7-BA07-681E8D2DBAEF,SUPERFICIAL,TWELVE OCLOCK,PASSENGER CAR,MAKING LEFT TURN,North,25,No,No,2008,ACURA,4D SDN,39.14058006,-77.19366973,""(39.14058006, -77.19366973)"""
"MCP3091004B,230066255,Montgomery County Police,Property Damage Crash,11/14/2023 11:57:00 AM,Maryland (State),FREDERICK RD,E GUDE DR,,N/A,,SAME DIRECTION LEFT TURN,CLEAR,DRY,DAYLIGHT,TRAFFIC SIGNAL,N/A,,BBA9F1E5-FA95-4F75-8556-3CC00D45C44A,Yes,NO APPARENT INJURY,N/A,UNKNOWN,MD,647E47A0-73D8-437C-AFFE-6FC18732C1BC,SUPERFICIAL,NINE OCLOCK,PASSENGER CAR,SLOWING OR STOPPING,North,40,No,No,2009,HONDA,ACCORD,39.10733783,-77.15862567,""(39.10733783, -77.15862567)"""