Report Number,Local Case Number,Agency Name,ACRS Report Type,Crash Date/Time,Route Type,Road Name,Cross-Street Name,Off-Road Description,Municipality,Related Non-Motorist,Collision Type,Weather,Surface Condition,Light,Traffic Control,Driver Substance Abuse,Non-Motorist Substance Abuse,Person ID,Driver At Fault,Injury Severity,Circumstance,Driver Distracted By,Drivers License State,Vehicle ID,Vehicle Damage Extent,Vehicle First Impact Location,Vehicle Body Type,Vehicle Movement,Vehicle Going Dir,Speed Limit,Driverless Vehicle,Parked Vehicle,Vehicle Year,Vehicle Make,Vehicle Model,Latitude,Longitude,Location
"MCP3305002D,230034989,Montgomery County Police,Property Damage Crash,07/23/2023 12:43:00 AM,Maryland (State),PINEY BRANCH RD,GARLAND AVE,,N/A,,SAME DIR REAR END,CLEAR,DRY,DARK LIGHTS ON,NO CONTROLS,NONE DETECTED,,C9D1B4BB-023A-460C-88B9-D6A30C3218F2,No,NO APPARENT INJURY,N/A,NOT DISTRACTED,DC,4F0B8EE9-624A-4782-8D14-BDA669F5D51D,FUNCTIONAL,SIX OCLOCK,PASSENGER CAR,MAKING LEFT TURN,South,35,No,No,2022,HONDA,CIVIC,38.9987967,-76.99879424,""(38.9987967, -76.99879424)"""
"MCP3305002M,230060908,Montgomery County Police,Property Damage Crash,10/17/2023 05:40:00 AM,Maryland (State),NEW HAMPSHIRE AVE,DILSTON RD,,N/A,,STRAIGHT MOVEMENT ANGLE,CLEAR,DRY,DARK LIGHTS ON,TRAFFIC SIGNAL,NONE DETECTED,,9B28A2C7-5469-48F5-A829-22B3FD441E02,Yes,NO APPARENT INJURY,N/A,LOOKED BUT DID NOT SEE,XX,6F3F4F81-2359-4C4A-B287-BF1A19E28A40,DISABLING,TWO OCLOCK,PASSENGER CAR,MAKING LEFT TURN,West,35,No,No,2005,CHEVY,AVEO,39.01132833,-76.979195,""(39.01132833, -76.979195)"""
"MCP20770053,230046890,Montgomery County Police,Property Damage Crash,07/29/2023 11:36:00 PM,Maryland (State),GEORGIA AVE,CAPITAL BELTWAY,,N/A,,SAME DIR REAR END,CLEAR,DRY,DARK LIGHTS ON,TRAFFIC SIGNAL,NONE DETECTED,,073461C2-9242-4F10-916A-EFDEE223F4EA,Yes,NO APPARENT INJURY,N/A,UNKNOWN,MD,794B7881-94D2-4512-B999-E3391B4850EB,UNKNOWN,TWELVE OCLOCK,PICKUP TRUCK,UNKNOWN,North,35,No,No,2008,TOYOTA,TACOMA,39.01288,-77.04166,""(39.01288, -77.04166)"""
"MCP1213008W,230071538,Montgomery County Police,Injury Crash,12/13/2023 04:35:00 PM,Maryland (State),ASHTON RD,NEW HAMPSHIRE AVE,,N/A,,HEAD ON LEFT TURN,CLEAR,DRY,DAYLIGHT,TRAFFIC SIGNAL,NONE DETECTED,,CB3AAAE5-2775-4836-8666-0B7320ABD67B,Yes,NO APPARENT INJURY,N/A,LOOKED BUT DID NOT SEE,XX,A7029F68-13B2-46C2-9B63-9FD99F6BBF5D,DESTROYED,FOUR OCLOCK,PASSENGER CAR,MAKING LEFT TURN,East,30,No,No,2011,ACUR,SD,39.14943833,-77.01226167,""(39.14943833, -77.01226167)"""
"DD5612004L,230065953,Rockville Police Departme,Property Damage Crash,11/12/2023 04:06:00 PM,Maryland (State),W MONTGOMERY AVE,RAMP 6 FR MD 28 EB TO IS 270 SB,,N/A,,SINGLE VEHICLE,CLEAR,DRY,DAYLIGHT,TRAFFIC SIGNAL,NONE DETECTED,,3CCA4661-036B-446E-AB73-EC8CC5824563,Yes,NO APPARENT INJURY,N/A,UNKNOWN,MD,831491C9-B192-4CF1-8485-53D397E27BCC,DISABLING,ONE OCLOCK,PASSENGER CAR,ACCELERATING,West,30,No,No,2019,HONDA,HR-V,39.08733477,-77.17645651,""(39.08733477, -77.17645651)"""
"DD56100088,230049781,Rockville Police Departme,Property Damage Crash,08/16/2023 02:47:00 PM,Maryland (State),VEIRS MILL RD,ATLANTIC AVE,,ROCKVILLE,,OTHER,CLEAR,DRY,DAYLIGHT,NO CONTROLS,N/A,,247BB223-FA3C-414E-AA01-4F1332154B7E,No,NO APPARENT INJURY,N/A,NOT DISTRACTED,MD,EFBCA0BC-268D-4E30-A26D-1441D701BE93,FUNCTIONAL,EIGHT OCLOCK,PASSENGER CAR,MAKING LEFT TURN,West,10,No,No,2016,TOYT,SD,39.07569983,-77.11697883,""(39.07569983, -77.11697883)"""
"MCP3245004L,23066100,Montgomery County Police,Injury Crash,11/13/2023 02:53:00 PM,Maryland (State),MUNCASTER MILL RD,MUNCASTER RD,,N/A,,SAME DIRECTION LEFT TURN,CLEAR,DRY,DAYLIGHT,TRAFFIC SIGNAL,NONE DETECTED,,BAA7C04B-2CDC-45CF-97EF-78DF3F0B541D,Yes,POSSIBLE INJURY,N/A,LOOKED BUT DID NOT SEE,MD,BE4AC906-6BF7-458F-8317-CD5918436F41,DISABLING,TWELVE OCLOCK,PASSENGER CAR,MAKING LEFT TURN,North,35,No,No,2019,KIA,OPTIMA,39.14614667,-77.144595,""(39.14614667, -77.144595)"""
"MCP20390091,230056633,Montgomery County Police,Property Damage Crash,09/24/2023 02:14:00 PM,County,BEL PRE RD,RIPPLING BROOK DR,,N/A,,SAME DIR REAR END,RAINING,WET,DAYLIGHT,PERSON,N/A,,AA05E61F-E788-46B2-B76A-A7C776D25387,Yes,NO APPARENT INJURY,""RAIN, SNOW, WET"",NOT DISTRACTED,MD,12B3E9CE-9A0A-49A2-8B5C-DA9A68DAAD82,DESTROYED,TWELVE OCLOCK,PASSENGER CAR,SLOWING OR STOPPING,West,35,No,No,2006,VOLKSWA,JETTA,39.090385,-77.05255,""(39.090385, -77.05255)"""
"MCP31680065,230069379,Montgomery County Police,Injury Crash,12/01/2023 07:27:00 PM,County,MONTROSE RD,RAMP 8 FR IS 270 SB TO MD 927 WB,,N/A,,SAME DIR REAR END,RAINING,WET,DARK LIGHTS ON,NO CONTROLS,NONE DETECTED,,2C83DB4B-F751-441E-AFD7-AF6182C982A1,Yes,POSSIBLE INJURY,""SLEET, HAIL, FREEZ. RAIN, WET"",LOOKED BUT DID NOT SEE,MD,877D7B02-0680-4FC7-B518-022C453C335E,DISABLING,TWELVE OCLOCK,PASSENGER CAR,MOVING CONSTANT SPEED,West,35,No,No,2015,VOLK,GOLF,39.05692575,-77.15775184,""(39.05692575, -77.15775184)"""
"MCP2203007W,230072570,Montgomery County Police,Property Damage Crash,12/19/2023 02:05:00 PM,County,AMHERST AVE,BLUERIDGE AVE,,N/A,,SAME DIR REAR END,CLEAR,DRY,DAYLIGHT,STOP SIGN,NONE DETECTED,,43898509-64B6-4C3D-BC7B-52A8C34BD8C8,No,NO APPARENT INJURY,N/A,NOT DISTRACTED,MD,1E1B681A-2A1A-422F-84AE-1BAD11701D1A,FUNCTIONAL,SIX OCLOCK,PASSENGER CAR,STOPPED IN TRAFFIC LANE,North,25,No,No,2006,LEXUS,IS230,39.04306167,-77.04786167,""(39.04306167, -77.04786167)"""
"MCP32330049,230067634,Montgomery County Police,Injury Crash,11/21/2023 02:31:00 PM,US (State),COLUMBIA PIKE,PRELUDE DR,,N/A,,SAME DIR REAR END,RAINING,WET,DAYLIGHT,TRAFFIC SIGNAL,NONE DETECTED,,EFB5F9CC-D841-4BF1-AFB7-E64F624494E4,Yes,NO APPARENT INJURY,""RAIN, SNOW, WET"",INATTENTIVE OR LOST IN THOUGHT,MD,AF71F928-0D5F-47FC-ACDF-DB53C24242B0,DISABLING,TWELVE OCLOCK,PASSENGER CAR,MOVING CONSTANT SPEED,South,45,No,No,2020,HYUNDAI,SONATA,39.0410895,-76.995773,""(39.0410895, -76.995773)"""
"MCP2760000G,15007928,Montgomery County Police,Property Damage Crash,02/18/2015 01:30:00 AM,Municipality,TRAVIS AVE,TANYARD HILL RD,,GAITHERSBURG,,SINGLE VEHICLE,CLEAR,DRY,DARK LIGHTS ON,STOP SIGN,ALCOHOL PRESENT,,CEA7F199-ECDB-4E6C-80ED-C17C52CA0ADE,Yes,NO APPARENT INJURY,N/A,NOT DISTRACTED,MD,14E1C9D6-455C-422B-91D3-5875CDCDBA30,DISABLING,TWELVE OCLOCK,""OTHER LIGHT TRUCKS (10,000LBS (4,536KG) OR LESS)"",ACCELERATING,East,30,No,No,1999,HONDA,CIVIC,39.1623029,-77.2167464,""(39.1623029, -77.2167464)"""
"HA24850013,23002149,Maryland-National Capital,Property Damage Crash,11/07/2023 11:08:00 AM,Government,SLIGO CREEK PKWY,DENNIS AVE,,N/A,,SINGLE VEHICLE,CLOUDY,DRY,DAYLIGHT,NO CONTROLS,NONE DETECTED,,1C28B337-33A3-4CAF-8266-26346C3793B6,Yes,NO APPARENT INJURY,N/A,UNKNOWN,MD,3D0F2D8E-30BB-4903-88F0-9B098E87A217,FUNCTIONAL,ONE OCLOCK,PASSENGER CAR,MAKING RIGHT TURN,West,25,No,No,2018,TOYT,UT,39.0240974,-77.0297465,""(39.0240974, -77.0297465)"""
"MCP2899006T,230058408,Montgomery County Police,Property Damage Crash,10/04/2023 02:29:00 AM,Ramp,RAMP 4 FR IS 270 NB TO MD 118 EB,GERMANTOWN RD,,N/A,,SINGLE VEHICLE,CLEAR,DRY,DARK LIGHTS ON,N/A,UNKNOWN,,12988703-B0B5-4A02-A096-5964DC6142CA,Yes,NO APPARENT INJURY,N/A,UNKNOWN,,8CD93BAF-F7DC-4327-9DA7-CACE92F94141,DESTROYED,TWELVE OCLOCK,PASSENGER CAR,MOVING CONSTANT SPEED,North,35,No,No,2020,HYUNDAI,ELANTRA,39.18514969,-77.25334855,""(39.18514969, -77.25334855)"""
"EJ786600D3,230065213,Gaithersburg Police Depar,Property Damage Crash,11/08/2023 05:44:00 PM,Maryland (State),GREAT SENECA HWY,LAKELANDS DR,,GAITHERSBURG,,HEAD ON LEFT TURN,CLEAR,DRY,DARK LIGHTS ON,TRAFFIC SIGNAL,NONE DETECTED,,478D25FC-9AD3-46AA-8835-053899150977,No,NO APPARENT INJURY,N/A,NOT DISTRACTED,MD,528B33C5-93B1-481F-B7B3-8551E9BBE59D,DISABLING,TWELVE OCLOCK,POLICE VEHICLE/EMERGENCY,MOVING CONSTANT SPEED,East,50,No,No,2007,FERRARI,GTB,39.12055393,-77.22535558,""(39.12055393, -77.22535558)"""
"MCP285900DV,230053967,Montgomery County Police,Injury Crash,09/09/2023 01:30:00 PM,,,,""5 MEDIMMUNE WAY, GAITHERSBURG, MD 20878"",,,SINGLE VEHICLE,CLEAR,,DAYLIGHT,NO CONTROLS,NONE DETECTED,,2DD8D25B-8FAF-4C61-88C1-37B05177F154,Yes,POSSIBLE INJURY,N/A,UNKNOWN,MD,DE483165-C6CE-493C-84D0-681CDE9326EB,DESTROYED,TWELVE OCLOCK,PASSENGER CAR,MOVING CONSTANT SPEED,East,10,No,No,2023,BMW,X5,39.12532983,-77.23191583,""(39.12532983, -77.23191583)"""
"EJ786600CF,230048254,Gaithersburg Police Depar,Injury Crash,08/07/2023 03:53:00 PM,Municipality,PERRY PKWY,W DIAMOND AVE,,N/A,,SAME DIR REND LEFT TURN,CLOUDY,DRY,DAYLIGHT,TRAFFIC SIGNAL,NONE DETECTED,,CF0E4AAC-3470-4FFD-87E1-78B98C7571A8,No,POSSIBLE INJURY,N/A,UNKNOWN,MD,D4E7A33C-59B2-47DB-8036-37A9863D61CF,SUPERFICIAL,SIX OCLOCK,PASSENGER CAR,MAKING LEFT TURN,West,30,No,No,2019,NISS,KICK,39.14019442,-77.20908365,""(39.14019442, -77.20908365)"""
"MCP32320042,230050432,Montgomery County Police,Injury Crash,08/20/2023 08:41:00 PM,County,GOOD HOPE RD,NEW HAMPSHIRE AVE,,N/A,,ANGLE MEETS LEFT HEAD ON,CLEAR,DRY,DARK LIGHTS ON,TRAFFIC SIGNAL,UNKNOWN,,79CA0B8F-4A32-424B-8A51-5D783A95C010,Yes,POSSIBLE INJURY,N/A,UNKNOWN,,9AE86EA6-0F10-44E1-8FA1-009DB51D48D0,FUNCTIONAL,TWELVE OCLOCK,,UNKNOWN,East,35,No,No,0,UNKNOWN,UNKNOWN,39.0959286,-77.00188168,""(39.0959286, -77.00188168)"""
"MCP3348001G,230064644,Montgomery County Police,Injury Crash,11/06/2023 08:28:00 AM,Maryland (State),NORBECK RD,BAUER DR,,N/A,,SAME DIR REAR END,CLEAR,DRY,DAYLIGHT,N/A,NONE DETECTED,,B8F8104D-C70A-4145-97CF-05351C72829B,No,POSSIBLE INJURY,""BACKUP DUE TO REGULAR CONGESTION, N/A"",NOT DISTRACTED,MD,AF4DEBFB-CC9D-4968-A66C-EA86A304D7D2,FUNCTIONAL,SIX OCLOCK,(SPORT) UTILITY VEHICLE,SLOWING OR STOPPING,West,40,No,No,2022,TOYT,UT,39.09623667,-77.11011667,""(39.09623667, -77.11011667)"""
"MCP31600022,190042624,Montgomery County Police,Property Damage Crash,09/06/2019 07:00:00 PM,Ramp,RAMP 6 FR CLARA BARTON PKWY TO IS 495 SB,CLARA BARTON PKWY,,N/A,,SAME DIRECTION SIDESWIPE,CLEAR,DRY,DAYLIGHT,NO CONTROLS,NONE DETECTED,,D4BEEC99-2974-44F7-9AD2-C7A651F64C3B,No,NO APPARENT INJURY,N/A,NOT DISTRACTED,MD,EF4198BE-4A13-4532-82C6-9DE0EA2FF3E3,SUPERFICIAL,FIVE OCLOCK,PASSENGER CAR,MOVING CONSTANT SPEED,West,65,No,No,2018,CHEVROLET,4D,39.02464833,-77.12690167,""(39.02464833, -77.12690167)"""
"MCP3200008W,230048573,Montgomery County Police,Property Damage Crash,08/09/2023 01:01:00 PM,,,,PARKING LOT OF 7101 DEMOCRACY BLVD,,,OTHER,CLEAR,,DAYLIGHT,NO CONTROLS,NONE DETECTED,,4039BD04-00FB-47CB-A001-F1E36D44248A,Yes,NO APPARENT INJURY,N/A,UNKNOWN,NY,C0DD726F-B14D-4614-9CAF-C9417D1B5E5C,UNKNOWN,SIX OCLOCK,(SPORT) UTILITY VEHICLE,BACKING,Unknown,5,No,No,2018,TOYOTA,RAV4,39.02433583,-77.14811413,""(39.02433583, -77.14811413)"""
"MCP2118001V,230071013,Montgomery County Police,Property Damage Crash,12/11/2023 05:00:00 AM,Interstate (State),EISENHOWER MEMORIAL HWY,RAMP 2 FR MD 109 WB TO IS 270 NB,,N/A,,SAME DIR REAR END,SNOW,SLUSH,DARK LIGHTS ON,N/A,N/A,,774354DC-9FBA-413E-9D05-404FDC7ECDB2,No,NO APPARENT INJURY,""ICY OR SNOW-COVERED, RAIN, SNOW"",NOT DISTRACTED,XX,3A4A7B3C-4DE0-4732-A23A-A91950386A2A,N/A,SEVEN OCLOCK,TRUCK TRACTOR,MOVING CONSTANT SPEED,South,55,No,No,0,UNK,UNK,39.2761725,-77.323328,""(39.2761725, -77.323328)"""
"DD55830089,230054878,Rockville Police Departme,Injury Crash,09/14/2023 04:22:00 PM,Maryland (State),HUNGERFORD DR,ENT TO BUSINESS,,N/A,,HEAD ON LEFT TURN,CLEAR,DRY,DAYLIGHT,TRAFFIC SIGNAL,NONE DETECTED,,4A2BB00F-FE26-4471-B3AD-D6B16FA03B70,No,SUSPECTED SERIOUS INJURY,N/A,NOT DISTRACTED,MD,606E04EB-29BE-42D0-8103-42C70F0FC129,DISABLING,TWELVE OCLOCK,MOTORCYCLE,MOVING CONSTANT SPEED,South,40,No,No,2022,HONDA,GOLDWING,39.08928733,-77.151436,""(39.08928733, -77.151436)"""
"MCP2923009Y,230057422,Montgomery County Police,Injury Crash,09/29/2023 07:18:00 AM,Maryland (State),CONNECTICUT AVE,RANDOLPH RD,,N/A,,SAME DIR REAR END,CLOUDY,WET,DAWN,NO CONTROLS,NONE DETECTED,,9CAF809F-96CC-4190-A325-414E3BF435A9,Yes,NO APPARENT INJURY,""N/A, WET"",NOT DISTRACTED,MD,6D942614-B596-452C-9686-6A868C7795A0,NO DAMAGE,TWELVE OCLOCK,PASSENGER CAR,SLOWING OR STOPPING,South,40,No,No,2013,FORD,FOCUS,39.05776267,-77.07324,""(39.05776267, -77.07324)"""
"MCP3289002N,230058104,Montgomery County Police,Property Damage Crash,10/01/2023 02:11:00 AM,County,COTTON TREE LA,BLACKBURN RD,,N/A,,SAME DIRECTION RIGHT TURN,CLEAR,DRY,DARK NO LIGHTS,NO CONTROLS,UNKNOWN,,75BC4D7B-ED99-4F30-B802-2647EF1EF9D6,Yes,NO APPARENT INJURY,N/A,UNKNOWN,,356069EB-4E9A-493A-9F5C-BB7DB94E50F0,SUPERFICIAL,ONE OCLOCK,PASSENGER CAR,MOVING CONSTANT SPEED,East,25,No,No,2013,TOYOTA,4S,39.10092433,-76.93177117,""(39.10092433, -76.93177117)"""
"MCP2671003K,230056367,Montgomery County Police,Property Damage Crash,09/22/2023 07:30:00 PM,Maryland (State),GEORGIA AVE,FOREST GLEN RD,,N/A,,SAME DIR REAR END,CLEAR,DRY,DARK LIGHTS ON,NO CONTROLS,NONE DETECTED,,D81F4DDA-4E8F-4F1D-9C2A-0F89D1D81129,Yes,NO APPARENT INJURY,N/A,INATTENTIVE OR LOST IN THOUGHT,MD,62D85B82-7301-4154-A826-9E4BAD7DFCB6,SUPERFICIAL,TWELVE OCLOCK,PASSENGER CAR,SLOWING OR STOPPING,South,30,No,No,2018,HONDA,CRV,39.01631748,-77.04298968,""(39.01631748, -77.04298968)"""
"MCP28570042,230063714,Montgomery County Police,Property Damage Crash,11/01/2023 01:22:00 AM,Maryland (State),MUNCASTER MILL RD,LISA DR,,N/A,,SINGLE VEHICLE,CLEAR,DRY,DARK LIGHTS ON,N/A,UNKNOWN,,27FDB88D-12AD-49A2-BAC0-CE8CE45EC8C6,Yes,NO APPARENT INJURY,N/A,OTHER DISTRACTION,MD,73644333-CA92-483C-BD69-B8CB4BBA2419,DISABLING,TWELVE OCLOCK,PASSENGER CAR,MOVING CONSTANT SPEED,West,35,No,No,2011,FORD,FUSION,39.14312656,-77.14014921,""(39.14312656, -77.14014921)"""
"MCP33680017,230034754,Montgomery County Police,Property Damage Crash,07/21/2023 01:58:00 PM,County,MUDDY BRANCH RD,DIAMONDBACK DR,,N/A,,HEAD ON LEFT TURN,CLEAR,DRY,DAYLIGHT,TRAFFIC SIGNAL,NONE DETECTED,,368ACB74-945A-485E-B2B0-7E13DB20DAE4,No,NO APPARENT INJURY,N/A,NOT DISTRACTED,MD,D1593497-AA87-43A5-9DB0-05CB9920C843,DISABLING,TWELVE OCLOCK,PASSENGER CAR,MOVING CONSTANT SPEED,North,45,No,No,2011,CADILLAC,ESCALADE,39.11524084,-77.21569404,""(39.11524084, -77.21569404)"""
"MCP3190005L,230071025,Montgomery County Police,Injury Crash,12/11/2023 07:51:00 AM,Maryland (State),NORBECK RD,WHITEHAVEN RD,,N/A,,SAME DIR REAR END,SNOW,WET,DAWN,NO CONTROLS,NONE DETECTED,,18A5FC36-2FB6-46A7-A1EE-5E9AAA3B73C4,No,NO APPARENT INJURY,""RAIN, SNOW, WET"",NOT DISTRACTED,MD,69E7DCBA-D3A5-45C7-8711-0130430DEF43,FUNCTIONAL,SIX OCLOCK,PASSENGER CAR,SLOWING OR STOPPING,West,40,No,No,2003,CHEVROLET,EXPRESS,39.12080783,-77.03858283,""(39.12080783, -77.03858283)"""
"MCP32620035,230047346,Montgomery County Police,Property Damage Crash,08/01/2023 04:29:00 PM,US (State),COLUMBIA PIKE,FAIRLAND RD,,N/A,,STRAIGHT MOVEMENT ANGLE,CLEAR,DRY,DAYLIGHT,TRAFFIC SIGNAL,NONE DETECTED,,C09959B5-18CF-4D82-9FAD-ED3B73F6B0A5,No,NO APPARENT INJURY,N/A,NOT DISTRACTED,MD,09AEB507-B175-4113-B029-D089283A60FA,FUNCTIONAL,ELEVEN OCLOCK,PICKUP TRUCK,ACCELERATING,North,50,No,No,2023,CHRYSLER,GLADIATOR,39.07321285,-76.95565873,""(39.07321285, -76.95565873)"""
"MCP21810046,210041941,Montgomery County Police,Injury Crash,10/19/2021 09:23:00 AM,County,SNOWDEN FARM PKWY,FOREMAN BLVD,,N/A,,STRAIGHT MOVEMENT ANGLE,CLEAR,DRY,DAYLIGHT,STOP SIGN,N/A,,968DD4D6-08D9-42B7-8F55-3A3D043D390C,Yes,POSSIBLE INJURY,N/A,LOOKED BUT DID NOT SEE,MD,E9E3C2E8-AD30-4181-B824-1DCF662D83F8,DISABLING,THREE OCLOCK,PASSENGER CAR,MOVING CONSTANT SPEED,North,40,No,No,2014,NISSAN,MAXIMA,39.2318,-77.25852,""(39.2318, -77.25852)"""
"EJ78860033,230034462,Gaithersburg Police Depar,Property Damage Crash,07/19/2023 09:59:00 PM,,,,""PARKING LOT AT 724 CLOPPER ROAD, GAITHERSBURG, MD"",,,SAME DIRECTION SIDESWIPE,CLEAR,,DARK LIGHTS ON,N/A,N/A,,BABC392B-398C-4C6C-90F4-7697B5458A3C,No,NO APPARENT INJURY,N/A,NOT DISTRACTED,MD,FA1A5108-36E2-482D-B4D6-F5DE0909DABA,FUNCTIONAL,NINE OCLOCK,PASSENGER CAR,MOVING CONSTANT SPEED,North,15,No,No,2021,JEEP,COMPASS,39.144961,-77.227355,""(39.144961, -77.227355)"""
"MCP0617005G,230059806,Montgomery County Police,Property Damage Crash,10/11/2023 08:28:00 AM,County,BOWIE MILL RD,CASHELL RD,,N/A,,STRAIGHT MOVEMENT ANGLE,CLEAR,DRY,DAYLIGHT,TRAFFIC SIGNAL,NONE DETECTED,,BDFF7730-9BA1-41B5-83CA-BFD750930989,Yes,NO APPARENT INJURY,N/A,NOT DISTRACTED,MD,FD0D73EA-6DF3-48E6-BB8C-14D79593CA0C,DISABLING,FOUR OCLOCK,PASSENGER CAR,MAKING LEFT TURN,West,30,No,No,2015,KIA,OPTIMA,39.15468333,-77.09504333,""(39.15468333, -77.09504333)"""
"MCP33520017,230056380,Montgomery County Police,Property Damage Crash,09/22/2023 08:10:00 PM,Maryland (State),FREDERICK RD,MONTGOMERY VILLAGE AVE,,N/A,,SAME DIRECTION SIDESWIPE,CLEAR,DRY,DARK LIGHTS ON,TRAFFIC SIGNAL,NONE DETECTED,,C6D54FF8-FFF0-4A40-8402-BB0B9B620A1A,Yes,NO APPARENT INJURY,N/A,NOT DISTRACTED,MD,ADBD392E-593F-48A4-A542-4CEE52E44A91,SUPERFICIAL,TWELVE OCLOCK,PASSENGER CAR,SLOWING OR STOPPING,South,30,No,No,2014,TOYOTA,4S,39.15286062,-77.21218934,""(39.15286062, -77.21218934)"""
"MCP94420035,230055543,Montgomery County Police,Property Damage Crash,09/18/2023 01:25:00 PM,,,,PARKING LOT 1003 STEDWICK ROAD,,,SINGLE VEHICLE,CLEAR,,DAYLIGHT,NO CONTROLS,NONE DETECTED,,61DF6040-97A3-460C-8223-B3EE918541A6,Yes,NO APPARENT INJURY,N/A,NOT DISTRACTED,MD,476A5A55-87ED-406C-AAF1-D48F1E313F64,FUNCTIONAL,TWELVE OCLOCK,PASSENGER CAR,PARKING,North,15,No,No,2010,CHEVROLET,IMPALA,39.170884,-77.20715883,""(39.170884, -77.20715883)"""
"MCP13580005,15035916,MONTGOMERY,Property Damage Crash,07/21/2015 03:37:00 PM,Maryland (State),GERMANTOWN RD,AIRCRAFT DR,,N/A,,OTHER,CLEAR,DRY,DAYLIGHT,TRAFFIC SIGNAL,N/A,,34846A5A-F49E-46C1-8B9F-88C592C299F0,Yes,NO APPARENT INJURY,N/A,BY OTHER OCCUPANTS,MD,58211D93-8CB0-4B86-95A4-F77D762CEAB3,SUPERFICIAL,TWELVE OCLOCK,PASSENGER CAR,RIGHT TURN ON RED,South,40,No,No,2011,KIA,4 DR,39.18193167,-77.26083667,""(39.18193167, -77.26083667)"""
"MCP3305002W,230073063,Montgomery County Police,Property Damage Crash,12/22/2023 04:22:00 AM,Maryland (State),PINEY BRANCH RD,KODIAK DR,,N/A,,SINGLE VEHICLE,CLEAR,DRY,DARK LIGHTS ON,NO CONTROLS,UNKNOWN,,AE1F0929-2514-4E9F-A489-30B05FCDBB90,Yes,NO APPARENT INJURY,N/A,UNKNOWN,MD,A44FAE83-902F-417A-9400-4D0436570C3B,DESTROYED,TWELVE OCLOCK,PASSENGER CAR,MOVING CONSTANT SPEED,South,35,No,No,2008,TOYOTA,PRIUS,38.99968967,-76.99196417,""(38.99968967, -76.99196417)"""
"MCP2291000Z,15002763,Montgomery County Police,Injury Crash,01/17/2015 04:09:00 PM,Maryland (State),CONNECTICUT AVE,DIRECTIONAL CROSSOVER,,N/A,,SINGLE VEHICLE,CLEAR,DRY,DAYLIGHT,NO CONTROLS,NONE DETECTED,,E673EF8B-9929-4450-A8BC-EC92398315FD,Yes,SUSPECTED MINOR INJURY,N/A,UNKNOWN,MD,37EB14C1-A1DF-4A6A-AF87-4D4525CD7B31,DISABLING,TEN OCLOCK,""OTHER LIGHT TRUCKS (10,000LBS (4,536KG) OR LESS)"",MOVING CONSTANT SPEED,South,35,No,No,1998,LINCOLN,CONTINENTAL,38.99104333,-77.076995,""(38.99104333, -77.076995)"""
"MCP2456007M,230046269,Montgomery County Police,Injury Crash,07/25/2023 06:00:00 AM,Maryland (State),UNIVERSITY BLVD E,COLESVILLE RD,,N/A,,STRAIGHT MOVEMENT ANGLE,CLEAR,DRY,DAYLIGHT,TRAFFIC SIGNAL,NONE DETECTED,,0EDD2422-A327-449E-BBDA-4FC3BF32ECCD,No,POSSIBLE INJURY,N/A,UNKNOWN,MD,9DA91EF8-3B2B-4E0F-9B6A-CB9984141067,DISABLING,FOUR OCLOCK,PASSENGER CAR,MOVING CONSTANT SPEED,East,40,No,No,2020,TOYOTA,CAMRY,39.01964333,-77.01287833,""(39.01964333, -77.01287833)"""
"MCP3238002V,230065598,Montgomery County Police,Injury Crash,11/10/2023 01:53:00 PM,Maryland (State),GEORGIA AVE,FOREST GLEN RD,,N/A,,HEAD ON LEFT TURN,RAINING,WET,DAYLIGHT,TRAFFIC SIGNAL,NONE DETECTED,,94327893-39B1-46E1-941B-4C60E9DD35B8,No,POSSIBLE INJURY,N/A,NOT DISTRACTED,MD,FE1A4AE7-2257-41BF-BC4C-D7F22E89D2D1,DESTROYED,TWELVE OCLOCK,PASSENGER CAR,MOVING CONSTANT SPEED,North,30,No,No,2014,TOYOTA,SCION,39.07004433,-77.162023,""(39.07004433, -77.162023)"""
"MCP2361002Y,230070499,Montgomery County Police,Property Damage Crash,12/07/2023 08:58:00 PM,County,MONTGOMERY VILLAGE AVE,WALKERS CHOICE RD,,N/A,,STRAIGHT MOVEMENT ANGLE,CLEAR,DRY,DARK LIGHTS ON,TRAFFIC SIGNAL,NONE DETECTED,,92F3E13C-4ED0-414A-82FC-6BAC0B4EAF50,No,NO APPARENT INJURY,N/A,NOT DISTRACTED,MD,8DB2A866-5664-40F7-A072-99AC2A94A4F5,DISABLING,TWO OCLOCK,PASSENGER CAR,MAKING LEFT TURN,West,35,No,No,2015,HONDA,CIVIC,39.16139667,-77.20219167,""(39.16139667, -77.20219167)"""
"MCP2269001G,210036624,Montgomery County Police,Property Damage Crash,09/17/2021 07:44:00 AM,Municipality,FIRSTFIELD RD,CLOPPER RD,,N/A,,SINGLE VEHICLE,RAINING,WET,DAYLIGHT,TRAFFIC SIGNAL,NONE DETECTED,,E246CBAB-E455-4056-B97E-0D11955065DB,Yes,NO APPARENT INJURY,""RAIN, SNOW, WET"",NOT DISTRACTED,MD,34ACCC4B-0CF7-41AB-9593-CFCD4583A7EC,DISABLING,TWELVE OCLOCK,PASSENGER CAR,SKIDDING,North,35,No,No,2013,HONDA,CIVIC,39.14333051,-77.2237657,""(39.14333051, -77.2237657)"""