Report Number,Local Case Number,Agency Name,ACRS Report Type,Crash Date/Time,Route Type,Road Name,Cross-Street Name,Off-Road Description,Municipality,Related Non-Motorist,Collision Type,Weather,Surface Condition,Light,Traffic Control,Driver Substance Abuse,Non-Motorist Substance Abuse,Person ID,Driver At Fault,Injury Severity,Circumstance,Driver Distracted By,Drivers License State,Vehicle ID,Vehicle Damage Extent,Vehicle First Impact Location,Vehicle Body Type,Vehicle Movement,Vehicle Going Dir,Speed Limit,Driverless Vehicle,Parked Vehicle,Vehicle Year,Vehicle Make,Vehicle Model,Latitude,Longitude,Location
"MCP2987007Z,230050770,Montgomery County Police,Property Damage Crash,08/22/2023 05:00:00 PM,Interstate (State),CAPITAL BELTWAY,RAMP 7 FR IS 495 WB TO MD 650 SB,,N/A,,SAME DIR REAR END,CLEAR,DRY,DAYLIGHT,NO CONTROLS,NONE DETECTED,,E71B5C26-DAC8-46D2-8414-B0C374A8016E,No,NO APPARENT INJURY,N/A,NOT DISTRACTED,MD,4322A940-473F-4A19-873E-15597A126ECC,SUPERFICIAL,SIX OCLOCK,PASSENGER CAR,SLOWING OR STOPPING,West,55,No,No,2009,HONDA,CIVIC,39.01960951,-76.98007886,""(39.01960951, -76.98007886)"""
"MCP003600H9,230058790,Montgomery County Police,Property Damage Crash,10/05/2023 05:00:00 PM,County,SHADY GROVE RD,CHOKE CHERRY RD,,ROCKVILLE,,SAME DIRECTION SIDESWIPE,CLEAR,DRY,DAYLIGHT,NO CONTROLS,NONE DETECTED,,37AF1F35-45E4-4392-8046-EA702FD673A2,Yes,NO APPARENT INJURY,N/A,NOT DISTRACTED,MD,806E79A2-58D3-440E-B126-39A597D72021,SUPERFICIAL,SEVEN OCLOCK,TRANSIT BUS,CHANGING LANES,North,40,No,No,2021,GILLIG,BUS,39.11387341,-77.18621252,""(39.11387341, -77.18621252)"""
"MCP3325002J,230068225,Montgomery County Police,Injury Crash,11/25/2023 03:54:00 PM,County,RANDOLPH RD,LOCKSLEY LA,,N/A,,STRAIGHT MOVEMENT ANGLE,CLEAR,DRY,DAWN,TRAFFIC SIGNAL,NONE DETECTED,,047D7755-1C45-447A-B889-BC2D7330DAC4,Unknown,POSSIBLE INJURY,N/A,NOT DISTRACTED,MD,315D2292-51AE-49FF-84EE-ACEA9CB50275,DISABLING,TWELVE OCLOCK,PASSENGER CAR,MOVING CONSTANT SPEED,West,40,No,No,2017,YOTA,CAMRY,39.0716805,-77.01117283,""(39.0716805, -77.01117283)"""
"MCP30860023,190007425,Montgomery County Police,Property Damage Crash,02/15/2019 03:00:00 PM,Maryland (State),WOODFIELD RD,LINDBERGH DR,,N/A,,SAME DIR REAR END,CLOUDY,DRY,DAYLIGHT,TRAFFIC SIGNAL,NONE DETECTED,,45033A04-39E1-4927-87DA-87ED09B6F743,Yes,NO APPARENT INJURY,N/A,LOOKED BUT DID NOT SEE,MD,6FAF3BCD-CA39-4789-A2BF-1DB5FB560548,DISABLING,TWELVE OCLOCK,PASSENGER CAR,MOVING CONSTANT SPEED,North,45,No,No,2013,SUBARU,LEGACY,39.1640995,-77.15699683,""(39.1640995, -77.15699683)"""
"MCP3256002M,230067843,Montgomery County Police,Injury Crash,11/22/2023 03:49:00 PM,County,BROADBIRCH DR,TECH RD,,N/A,,SAME DIR REAR END,CLEAR,DRY,DAYLIGHT,STOP SIGN,NONE DETECTED,,507A26F6-000B-4355-95C5-E03151F2F374,No,SUSPECTED MINOR INJURY,N/A,NOT DISTRACTED,MD,C4DCEAA7-66FF-4622-8BB7-E32798597B8C,SUPERFICIAL,SIX OCLOCK,PASSENGER CAR,STOPPED IN TRAFFIC LANE,West,30,No,No,2013,HYUNDAI,4D,39.05613633,-76.966032,""(39.05613633, -76.966032)"""
"MCP3262003R,230072104,Montgomery County Police,Property Damage Crash,12/16/2023 06:45:00 PM,US (State),COLUMBIA PIKE,BLACKBURN RD,,N/A,,SAME DIR REAR END,CLEAR,DRY,DARK LIGHTS ON,TRAFFIC SIGNAL,NONE DETECTED,,2F881C25-C7B3-4C35-8912-A11D74C44ECA,Yes,NO APPARENT INJURY,N/A,LOOKED BUT DID NOT SEE,MD,77DB7D81-EC4E-41A1-8A8B-AC2BBEF83AC1,DISABLING,TWELVE OCLOCK,PASSENGER CAR,SLOWING OR STOPPING,North,50,No,No,2019,CHEV,TK,39.10388517,-76.93324917,""(39.10388517, -76.93324917)"""
"DD56490037,230032266,Rockville Police Departme,Injury Crash,07/06/2023 06:38:00 PM,Municipality,HALPINE RD,E JEFFERSON ST,,ROCKVILLE,PEDESTRIAN,OTHER,N/A,DRY,DAYLIGHT,TRAFFIC SIGNAL,N/A,N/A,58FA6E86-751B-48BF-AE39-293EA79873C0,Yes,NO APPARENT INJURY,N/A,NOT DISTRACTED,MD,C6A71AB0-95D4-4702-A2B5-45E4261A1B6E,NO DAMAGE,TWELVE OCLOCK,(SPORT) UTILITY VEHICLE,MAKING LEFT TURN,West,20,No,No,2023,HOND,PV,39.0612988,-77.12503017,""(39.0612988, -77.12503017)"""
"MCP30910043,230054254,Montgomery County Police,Property Damage Crash,09/11/2023 01:20:00 PM,,,,IFO THE PARKING GARAGE AT FLEET STREET.,,,OTHER,CLEAR,,DAYLIGHT,OTHER,N/A,,4F486AAC-F67C-44EF-B2AF-195EE632B63E,No,NO APPARENT INJURY,N/A,NOT DISTRACTED,MD,2DAC424D-1225-436B-B185-ECD9F8EC99DB,NO DAMAGE,TWELVE OCLOCK,PICKUP TRUCK,SLOWING OR STOPPING,South,0,No,No,2016,FORD,F150,39.0818055,-77.15076433,""(39.0818055, -77.15076433)"""
"MCP209400N4,230072733,Montgomery County Police,Injury Crash,12/20/2023 11:19:00 AM,Maryland (State),KNOWLES AVE,DETRICK AVE,,KENSINGTON,PEDESTRIAN,OTHER,CLEAR,DRY,DAYLIGHT,STOP SIGN,NONE DETECTED,NONE DETECTED,B9B8658B-4C69-40F5-9245-405CC179D834,Yes,NO APPARENT INJURY,N/A,ADJUSTING AUDIO AND OR CLIMATE CONTROLS,MD,2EB508A1-77C7-4A8F-8323-43FCE7C730D2,NO DAMAGE,TWELVE OCLOCK,PASSENGER CAR,MAKING LEFT TURN,South,25,No,No,2017,HYUNDAI,ELANTRA,39.027575,-77.077805,""(39.027575, -77.077805)"""
"MCP22030079,230054255,Montgomery County Police,Injury Crash,09/11/2023 02:25:00 PM,County,ARCOLA AVE,KEMP MILL RD,,N/A,,STRAIGHT MOVEMENT ANGLE,CLEAR,DRY,DAYLIGHT,TRAFFIC SIGNAL,NONE DETECTED,,0E71F2E4-9DD7-4712-BDA5-4F8280F0AC04,No,POSSIBLE INJURY,N/A,NOT DISTRACTED,MD,93978FDD-C3CF-427C-AAEF-08EDC83F5263,DISABLING,TWELVE OCLOCK,OTHER,MOVING CONSTANT SPEED,West,35,No,No,2015,GMC,ST,39.04609633,-77.03231683,""(39.04609633, -77.03231683)"""
"MCP22980145,230051987,Montgomery County Police,Property Damage Crash,08/29/2023 01:11:00 PM,County,WATKINS MILL RD,GREENRIVER TERR,,N/A,,SINGLE VEHICLE,CLOUDY,WET,DAYLIGHT,NO CONTROLS,NONE DETECTED,,ECEDA904-3816-4751-8787-B147D61F878D,Yes,NO APPARENT INJURY,""RAIN, SNOW, WET"",NOT DISTRACTED,MD,25F122B4-A44C-4DE0-A493-EFB053AD944F,FUNCTIONAL,TEN OCLOCK,PASSENGER CAR,MOVING CONSTANT SPEED,South,40,No,No,2021,TOYOTA,CORLLA,39.18978655,-77.220277,""(39.18978655, -77.220277)"""
"HA24850011,23001903,Maryland-National Capital,Property Damage Crash,10/04/2023 11:08:00 AM,County,HARROGATE RD,GREYSWOOD RD,,N/A,,OTHER,CLEAR,DRY,DAYLIGHT,PERSON,N/A,,97340033-5605-428D-A92C-DA125198D3AF,No,NO APPARENT INJURY,N/A,NO DRIVER PRESENT,MD,7C4262B3-DD69-4870-88FB-8267E98BB137,FUNCTIONAL,TEN OCLOCK,PASSENGER CAR,PARKED,,25,No,Yes,2019,BUIC,UT,39.0180922,-77.1371686,""(39.0180922, -77.1371686)"""
"MCP2844006H,230046959,Montgomery County Police,Property Damage Crash,07/30/2023 12:45:00 PM,County,BEAVERWOOD LA,BIRCHTREE LA,,N/A,,STRAIGHT MOVEMENT ANGLE,CLEAR,DRY,DAYLIGHT,TRAFFIC SIGNAL,NONE DETECTED,,3AF95DCD-791E-43CA-B0B8-5F3159804D11,Yes,NO APPARENT INJURY,N/A,LOOKED BUT DID NOT SEE,XX,45AC2C21-9A84-44B5-8133-925E2852F395,DISABLING,NINE OCLOCK,PASSENGER CAR,ACCELERATING,Unknown,20,No,No,2017,NISSAN,ALTIMA,39.08625317,-77.06361317,""(39.08625317, -77.06361317)"""
"MCP28530071,190058686,Montgomery County Police,Property Damage Crash,12/05/2019 05:49:00 PM,Maryland (State),NEW HAMPSHIRE AVE,OAKLAWN DR,,N/A,,STRAIGHT MOVEMENT ANGLE,CLEAR,DRY,DARK LIGHTS ON,STOP SIGN,N/A,,B1DD43DC-7EFD-4374-BB29-FE43254C68A9,No,NO APPARENT INJURY,N/A,NOT DISTRACTED,MD,3F75CDE4-0639-43FC-A3F3-DA99E7723C8E,FUNCTIONAL,TWO OCLOCK,PICKUP TRUCK,MOVING CONSTANT SPEED,North,40,No,No,2001,FORD,F250,39.02666107,-76.98123606,""(39.02666107, -76.98123606)"""
"MCP3312004D,230068319,Montgomery County Police,Property Damage Crash,11/26/2023 10:45:00 AM,US (State),COLUMBIA PIKE,STEWART LA,,N/A,,SAME DIR REAR END,CLEAR,DRY,DAYLIGHT,TRAFFIC SIGNAL,NONE DETECTED,,DDBA4DEA-52E8-484B-AC69-3F56D6320119,No,NO APPARENT INJURY,N/A,NOT DISTRACTED,MD,E735C186-9F12-4129-8C64-33DC5553FB29,FUNCTIONAL,SIX OCLOCK,PASSENGER CAR,MOVING CONSTANT SPEED,South,45,No,No,2020,TOYT,4H,39.04759667,-76.98537333,""(39.04759667, -76.98537333)"""
"MCP30680056,230063434,Montgomery County Police,Property Damage Crash,10/26/2023 04:02:00 PM,County,WOODMONT AVE,RUGBY AVE,,N/A,,SAME DIR REAR END,CLEAR,DRY,DAYLIGHT,TRAFFIC SIGNAL,N/A,,6BC85751-4900-4C61-A15B-5FF3D9EA99F7,No,NO APPARENT INJURY,N/A,NOT DISTRACTED,VA,E3B16425-72CD-47AE-80F0-0BCAE376E7A6,FUNCTIONAL,SIX OCLOCK,PASSENGER CAR,STOPPED IN TRAFFIC LANE,North,25,No,No,2024,DODGE,DART,38.99150743,-77.09677036,""(38.99150743, -77.09677036)"""
"MCP292300B0,230057495,Montgomery County Police,Injury Crash,09/29/2023 02:08:00 PM,Maryland (State),UNIVERSITY BLVD W,CADDINGTON AVE,,N/A,,SAME DIRECTION RIGHT TURN,N/A,DRY,DAYLIGHT,NO CONTROLS,NONE DETECTED,,CC278D0A-A6FD-4983-9680-185B92133F48,Yes,NO APPARENT INJURY,N/A,NOT DISTRACTED,MD,D82E2191-FAA6-4861-98D4-D2B621A93107,SUPERFICIAL,TWO OCLOCK,PICKUP TRUCK,CHANGING LANES,West,30,No,No,2012,TOYOTA,TUNDRA,39.03369659,-77.02357079,""(39.03369659, -77.02357079)"""
"MCP2047004Y,230046806,Montgomery County Police,Injury Crash,07/29/2023 01:33:00 PM,County,E JEFFERSON ST,ENT TO FEDERAL PLAZA SC,,N/A,,SAME DIR REAR END,CLEAR,DRY,DAYLIGHT,NO CONTROLS,NONE DETECTED,,A682794A-EEEF-4C8B-BB07-7708F1E1BBD3,Yes,NO APPARENT INJURY,N/A,OTHER DISTRACTION,MD,0933F0C9-6972-4B1D-A8E8-1CF8E79B61FC,DISABLING,TWELVE OCLOCK,PASSENGER CAR,MOVING CONSTANT SPEED,North,35,No,No,2012,HONDA,CIVIC,39.10089665,-77.18517879,""(39.10089665, -77.18517879)"""
"MCP2286005C,230054487,Montgomery County Police,Property Damage Crash,09/12/2023 04:15:00 PM,Ramp,RAMP 9 FR IS 370 EB TO SHADY GROVE RD,SHADY GROVE RD,,N/A,,SAME DIRECTION SIDESWIPE,CLEAR,DRY,DAYLIGHT,NO CONTROLS,NONE DETECTED,,F4C8B886-C3A1-4E5E-9647-F747B22D16E0,No,NO APPARENT INJURY,N/A,NOT DISTRACTED,MD,3D896D3F-2475-438C-9F5F-FE0C6812DA92,FUNCTIONAL,SEVEN OCLOCK,PASSENGER CAR,STOPPED IN TRAFFIC LANE,East,25,No,No,2013,HOND,4S,39.12163383,-77.176867,""(39.12163383, -77.176867)"""
"MCP2395000Q,170529584,Montgomery County Police,Property Damage Crash,07/29/2017 02:30:00 PM,,,,ROAD SHOULDER,,,OTHER,CLEAR,,DAYLIGHT,N/A,N/A,,9B1BE0C2-6ADB-48A7-8539-1DA8704371F2,Yes,NO APPARENT INJURY,N/A,UNKNOWN,,21F5B1FD-7C1E-483C-9AAD-29982AAC4FBF,UNKNOWN,UNKNOWN,PASSENGER CAR,STARTING FROM PARKED,South,0,No,No,2014,TOYOTA,UNK,39.08077263,-77.3791793,""(39.08077263, -77.3791793)"""
"MCP29320071,230064095,Montgomery County Police,Property Damage Crash,11/03/2023 05:06:00 AM,US (State),COLESVILLE RD,LORAIN AVE,,N/A,,SAME DIR REAR END,CLEAR,DRY,DARK LIGHTS ON,N/A,NONE DETECTED,,1E9AE29B-3154-438F-B980-D319060DB41E,No,NO APPARENT INJURY,N/A,NOT DISTRACTED,MD,189E9A13-2648-4475-A2BD-A3FD69D5F1AE,DISABLING,SIX OCLOCK,PASSENGER CAR,SLOWING OR STOPPING,South,40,No,No,2016,TOYOTA,CAMRY,39.02410182,-77.01134455,""(39.02410182, -77.01134455)"""
"MCP33560016,230071790,Montgomery County Police,Property Damage Crash,12/14/2023 07:31:00 PM,Maryland (State),FREDERICK RD,GUNNERS BRANCH RD,,N/A,,STRAIGHT MOVEMENT ANGLE,CLEAR,DRY,DARK LIGHTS ON,NO CONTROLS,N/A,,1FB1E88E-BC4C-4B02-AF8B-A1616F5551E3,No,NO APPARENT INJURY,N/A,NOT DISTRACTED,MD,B1C8114E-AECE-4C61-A9F6-67C8DF28E433,FUNCTIONAL,TWELVE OCLOCK,PASSENGER CAR,MOVING CONSTANT SPEED,North,45,No,No,2016,DODGE,DURANGO,39.17797967,-77.238487,""(39.17797967, -77.238487)"""
"MCP2586006J,230051116,Montgomery County Police,Injury Crash,08/24/2023 03:56:00 PM,County,FATHER HURLEY BLVD,RAMP 8 FR IS270 SB TO FATHER HURLEY BLVD,,N/A,,STRAIGHT MOVEMENT ANGLE,CLEAR,DRY,DAYLIGHT,TRAFFIC SIGNAL,NONE DETECTED,,3CA6B0BA-1132-4E6E-AF09-1D8BE0779B51,No,POSSIBLE INJURY,N/A,NOT DISTRACTED,MD,48F5D83B-9DEE-4E20-B4EC-EDE1180C3556,DESTROYED,NINE OCLOCK,PASSENGER CAR,ACCELERATING,East,40,No,No,2015,HYUNDAI,SONOTA,39.19661824,-77.26553465,""(39.19661824, -77.26553465)"""
"MCP2881005W,230057482,Montgomery County Police,Property Damage Crash,09/29/2023 01:15:00 PM,,,,""IFO 20440 GERMANTOWN RD, GERMANTOWN, MD"",,,SAME DIRECTION SIDESWIPE,CLEAR,,DAYLIGHT,NO CONTROLS,NONE DETECTED,,6F735819-9BB3-40ED-8610-C3B150FD6D24,Yes,NO APPARENT INJURY,N/A,NOT DISTRACTED,MD,F0FCBC1D-21C7-448B-99C1-C73A8B58A941,DISABLING,ONE OCLOCK,PASSENGER CAR,MOVING CONSTANT SPEED,West,20,No,No,2015,HYUN,ELANTRA,39.19223,-77.24356167,""(39.19223, -77.24356167)"""
"MCP33080022,230032584,Montgomery County Police,Injury Crash,07/08/2023 05:51:00 PM,Maryland (State),VEIRS MILL RD,UNIVERSITY BLVD W,,N/A,,STRAIGHT MOVEMENT ANGLE,RAINING,WET,DAYLIGHT,TRAFFIC SIGNAL,NONE DETECTED,,8AEC6C4D-8094-4D23-949B-10ADC14C3FE2,Yes,NO APPARENT INJURY,N/A,OTHER DISTRACTION,DC,8CD01484-BDA9-40FB-AC46-0ED3F9900DC8,DISABLING,TWELVE OCLOCK,VAN,MOVING CONSTANT SPEED,North,30,No,No,2005,MAZDA,MPV,39.03996833,-77.0554725,""(39.03996833, -77.0554725)"""
"MCP2072006X,230052385,Montgomery County Police,Injury Crash,08/31/2023 09:27:00 AM,County,RIDGE RD,OBSERVATION DR,,N/A,,SAME DIR REAR END,CLEAR,DRY,DAYLIGHT,TRAFFIC SIGNAL,NONE DETECTED,,BCE605D6-0B00-4D69-BEB4-96BAE2533C7D,No,SUSPECTED MINOR INJURY,N/A,NOT DISTRACTED,MD,BE26A529-B79E-4928-8EBF-72FCBBD1B3EF,SUPERFICIAL,SIX OCLOCK,PASSENGER CAR,SLOWING OR STOPPING,South,45,No,No,2013,AUDI,TK,39.20226,-77.252825,""(39.20226, -77.252825)"""
"MCP32490057,230055122,Montgomery County Police,Property Damage Crash,09/15/2023 06:14:00 PM,Ramp,RAMP 1 FR RAMP 4 (US29)TO CHERRY HILL RD,CHERRY HILL RD,,N/A,,SAME DIR REAR END,CLEAR,DRY,DAYLIGHT,TRAFFIC SIGNAL,UNKNOWN,,93060334-F683-4A98-AE61-4149532DFA5E,Yes,NO APPARENT INJURY,N/A,UNKNOWN,,D74E98BA-E205-4703-8341-9636AB4E16CE,UNKNOWN,TWELVE OCLOCK,UNKNOWN,MAKING LEFT TURN,South,35,No,No,0,UNKNOWN,UNKNOWN,39.06255,-76.96295333,""(39.06255, -76.96295333)"""
"MCP3084006V,230028894,Montgomery County Police,Property Damage Crash,06/15/2023 09:32:00 PM,County,NICHOLSON LA,ROCKVILLE PIKE,,N/A,,HEAD ON LEFT TURN,CLEAR,DRY,DARK LIGHTS ON,TRAFFIC SIGNAL,ALCOHOL PRESENT,,BA716046-798F-4C52-9852-EA8A8C0FD086,Yes,NO APPARENT INJURY,N/A,LOOKED BUT DID NOT SEE,MD,0EF62A63-EE7E-4411-8458-DD4D0FD439E8,DISABLING,FIVE OCLOCK,RECREATIONAL VEHICLE,MAKING LEFT TURN,South,40,No,No,1998,HONDA,CIVIC,39.044865,-77.11143667,""(39.044865, -77.11143667)"""
"EJ78520080,230033886,Gaithersburg Police Depar,Property Damage Crash,07/16/2023 04:40:00 PM,Maryland (State),FREDERICK RD,MARYLAND AVE,,GAITHERSBURG,,HEAD ON LEFT TURN,N/A,DRY,DAYLIGHT,NO CONTROLS,ALCOHOL PRESENT,,AA62640D-7DB8-4F40-8BAD-198864AB831A,Yes,NO APPARENT INJURY,N/A,UNKNOWN,MD,67CEEBFD-093D-4194-89F3-6C4A0F9E125A,DISABLING,TWELVE OCLOCK,PASSENGER CAR,ACCELERATING,East,30,No,No,2011,TOYOTA,CAMRY,39.14496884,-77.20256724,""(39.14496884, -77.20256724)"""
"MCP31930053,230067486,Montgomery County Police,Property Damage Crash,11/17/2023 10:22:00 PM,Maryland (State),GEORGIA AVE,WINDHAM LA,,N/A,,SAME DIR REAR END,RAINING,WET,DARK LIGHTS ON,TRAFFIC SIGNAL,UNKNOWN,,CE8F3766-40ED-482D-A332-109F8D907267,Yes,NO APPARENT INJURY,""SLEET, HAIL, FREEZ. RAIN, WET"",UNKNOWN,,817A4205-E06D-4EA2-9C32-374EBE9D4981,UNKNOWN,UNKNOWN,,MOVING CONSTANT SPEED,South,30,No,No,0,UNKNOWN,UNKNOWN,39.03174684,-77.04829444,""(39.03174684, -77.04829444)"""
"MCP289100CR,230066871,Montgomery County Police,Injury Crash,11/17/2023 10:48:00 AM,Maryland (State),GEORGIA AVE,BALLARD ST,,N/A,,STRAIGHT MOVEMENT ANGLE,CLEAR,DRY,DAYLIGHT,N/A,NONE DETECTED,,C90F8A4F-0CBF-4FA9-B15D-BA8DAC95B7E2,Unknown,SUSPECTED MINOR INJURY,N/A,LOOKED BUT DID NOT SEE,MD,E51B24E4-A954-4320-8BCB-F2A9B12BFB14,DISABLING,ONE OCLOCK,PASSENGER CAR,MAKING LEFT TURN,North,30,No,No,2017,NISSAN,ROGUE,39.000725,-77.03358167,""(39.000725, -77.03358167)"""
"MCP235800C0,230065563,Montgomery County Police,Property Damage Crash,11/10/2023 11:00:00 AM,County,61ST ST,BROAD ST,,N/A,,OTHER,RAINING,WET,DAYLIGHT,NO CONTROLS,NONE DETECTED,,3432B9D9-1E93-4B12-8191-3C7C0A48ABF0,Yes,NO APPARENT INJURY,N/A,NOT DISTRACTED,MD,C08AD388-7047-48FB-A107-C902F00E58B9,SUPERFICIAL,TWO OCLOCK,""OTHER LIGHT TRUCKS (10,000LBS (4,536KG) OR LESS)"",MOVING CONSTANT SPEED,East,25,No,No,2017,MACK,GU712,38.94057836,-77.11942867,""(38.94057836, -77.11942867)"""
"MCP2991008T,230061794,Montgomery County Police,Property Damage Crash,10/21/2023 11:20:00 AM,Maryland (State),OLNEY LAYTONSVILLE RD,SPUR FR MD 97,,N/A,,HEAD ON LEFT TURN,CLEAR,DRY,DAYLIGHT,NO CONTROLS,NONE DETECTED,,87ABBDAC-E8AF-4D43-853A-7ACF86273600,Yes,NO APPARENT INJURY,N/A,NOT DISTRACTED,MD,19DBC758-DDBF-4047-A173-5C0DC5F2347F,SUPERFICIAL,ONE OCLOCK,PASSENGER CAR,MAKING LEFT TURN,West,20,No,No,2018,VOLV,UT,39.153625,-77.06837667,""(39.153625, -77.06837667)"""
"MCP2848004F,170508859,Montgomery County Police,Injury Crash,05/20/2017 01:14:00 PM,Maryland (State),GOLDSBORO RD,TULIP HILL TERR,,N/A,,SINGLE VEHICLE,CLOUDY,DRY,DAYLIGHT,NO CONTROLS,NONE DETECTED,,F7B7611E-F50E-4781-87CE-E2502D756317,No,NO APPARENT INJURY,N/A,NOT DISTRACTED,MD,73B445E4-7AE7-4972-9DDD-47DEDD151A31,DISABLING,TWELVE OCLOCK,PASSENGER CAR,MOVING CONSTANT SPEED,South,35,No,No,2004,INFINITI,G35,38.96978433,-77.13678033,""(38.96978433, -77.13678033)"""
"MCP3229001S,230071026,Montgomery County Police,Property Damage Crash,12/11/2023 08:15:00 AM,County,ALLAN RD,NEWPORT AVE,,N/A,,SAME DIRECTION SIDESWIPE,CLEAR,WET,DAYLIGHT,NO CONTROLS,NONE DETECTED,,73411A61-9AEE-428C-BE21-7587E3368733,Yes,NO APPARENT INJURY,""N/A, V WIPERS|W OTHER ENVIRONMENTAL"",NOT DISTRACTED,MD,E31484E4-E374-4FDD-A95F-B131491A19CB,SUPERFICIAL,FIVE OCLOCK,OTHER,MOVING CONSTANT SPEED,East,10,No,No,2019,MACK,TK,38.95429683,-77.10145583,""(38.95429683, -77.10145583)"""
"MCP3311001Z,230053490,Montgomery County Police,Property Damage Crash,09/06/2023 04:50:00 PM,Maryland (State),GEORGIA AVE,RAMP 4 FR MD 97 NB TO IS 495 EB,,N/A,,OTHER,CLEAR,DRY,DAYLIGHT,NO CONTROLS,N/A,,FD2A6314-B12C-43AE-B795-ABD6BC103760,Yes,NO APPARENT INJURY,N/A,UNKNOWN,MD,CDF3559F-070A-4E3C-8A9E-291038A36A37,DISABLING,ONE OCLOCK,PASSENGER CAR,CHANGING LANES,North,35,No,No,1999,TOYOTA,COROLLA,39.01204577,-77.04140217,""(39.01204577, -77.04140217)"""
"MCP20550039,220014049,Montgomery County Police,Property Damage Crash,04/02/2022 02:30:00 PM,,,,PARKING GARAGE OF 124 ELLINGTON BLVD,,,STRAIGHT MOVEMENT ANGLE,CLEAR,,DAYLIGHT,NO CONTROLS,NONE DETECTED,,5291952E-6073-4432-AC65-252AC89ACC17,Yes,NO APPARENT INJURY,N/A,LOOKED BUT DID NOT SEE,MD,FD3CBB64-49F4-4B7E-9E8A-8EC3B919E13A,FUNCTIONAL,FIVE OCLOCK,PASSENGER CAR,BACKING,Unknown,0,No,No,2015,TOYOTA,CAMRY,39.11507136,-77.20470503,""(39.11507136, -77.20470503)"""
"MCP3053006S,230049267,Montgomery County Police,Injury Crash,08/13/2023 03:23:00 PM,Maryland (State),VEIRS MILL RD,NEWPORT MILL RD,,N/A,,OTHER,CLEAR,DRY,DAYLIGHT,TRAFFIC SIGNAL,N/A,,793240CC-85B1-4873-985A-40358B423ACC,Yes,NO APPARENT INJURY,N/A,INATTENTIVE OR LOST IN THOUGHT,MD,C9B90066-671F-4B87-899D-469AF89F5714,DISABLING,TWELVE OCLOCK,PASSENGER CAR,MOVING CONSTANT SPEED,North,35,No,No,2022,TESL,UT,39.04515167,-77.06493667,""(39.04515167, -77.06493667)"""
"MCP32590040,230070653,Montgomery County Police,Injury Crash,12/08/2023 04:51:00 PM,County,FERNWOOD RD,MICHAELS DR,,N/A,,SAME DIR REAR END,CLEAR,DRY,DARK LIGHTS ON,NO CONTROLS,NONE DETECTED,,8CD79D8A-6BFE-460D-80B3-101CFC7B2DE2,No,SUSPECTED MINOR INJURY,N/A,NOT DISTRACTED,VA,F8EB4C69-7163-4C9A-81F9-66AC85598B3D,FUNCTIONAL,SIX OCLOCK,PASSENGER CAR,STOPPED IN TRAFFIC LANE,South,25,No,No,2013,TOYOTA,CAMRY,39.011677,-77.133194,""(39.011677, -77.133194)"""
"EJ7846004F,190055457,Gaithersburg Police Depar,Property Damage Crash,11/17/2019 11:15:00 AM,Municipality,BUREAU DR,W DIAMOND AVE,,N/A,,STRAIGHT MOVEMENT ANGLE,CLEAR,DRY,DAYLIGHT,STOP SIGN,NONE DETECTED,,E9F8F456-C35E-4A33-A5F6-31BF1AB2C826,Yes,NO APPARENT INJURY,N/A,NOT DISTRACTED,MD,F3E9436F-B15E-4980-919C-17E7E8B434D0,DISABLING,TWO OCLOCK,PASSENGER CAR,ACCELERATING,South,25,No,No,2015,ACUR,4S,39.14327,-77.21721833,""(39.14327, -77.21721833)"""
"MCP3353001V,230064777,Montgomery County Police,Injury Crash,11/06/2023 06:45:00 PM,Maryland (State),GEORGIA AVE,BEL PRE RD,,N/A,,SAME DIR REAR END,N/A,DRY,DARK LIGHTS ON,TRAFFIC SIGNAL,NONE DETECTED,,5E3C4A9B-B24F-4D84-9B4B-CB301A3F6147,No,POSSIBLE INJURY,N/A,NOT DISTRACTED,MD,F4675F0E-91B3-47B1-BDEE-CBDA744FE7DE,FUNCTIONAL,SIX OCLOCK,PASSENGER CAR,MAKING RIGHT TURN,North,45,No,No,2020,NISSAN,ROGUE,39.09308982,-77.07910251,""(39.09308982, -77.07910251)"""
"MCP2108000L,170549193,Montgomery County Police,Property Damage Crash,12/18/2017 05:10:00 AM,Maryland (State),ROCKVILLE PIKE,BOU AVE,,N/A,,STRAIGHT MOVEMENT ANGLE,CLEAR,N/A,DARK LIGHTS ON,TRAFFIC SIGNAL,N/A,,90AA06E3-FEC6-4BC9-A1D0-5FA8CF1A394E,Yes,NO APPARENT INJURY,N/A,LOOKED BUT DID NOT SEE,NY,0B26B9F4-CDD4-4FE5-AF60-23775965ED4D,DISABLING,ELEVEN OCLOCK,PASSENGER CAR,STARTING FROM LANE,West,40,No,No,2003,NISS,SENTRA,39.05652,-77.11929333,""(39.05652, -77.11929333)"""