Report Number,Local Case Number,Agency Name,ACRS Report Type,Crash Date/Time,Route Type,Road Name,Cross-Street Name,Off-Road Description,Municipality,Related Non-Motorist,Collision Type,Weather,Surface Condition,Light,Traffic Control,Driver Substance Abuse,Non-Motorist Substance Abuse,Person ID,Driver At Fault,Injury Severity,Circumstance,Driver Distracted By,Drivers License State,Vehicle ID,Vehicle Damage Extent,Vehicle First Impact Location,Vehicle Body Type,Vehicle Movement,Vehicle Going Dir,Speed Limit,Driverless Vehicle,Parked Vehicle,Vehicle Year,Vehicle Make,Vehicle Model,Latitude,Longitude,Location
"MCP209400M6,230034320,Montgomery County Police,Property Damage Crash,07/19/2023 08:04:00 AM,County,MACARTHUR BLVD,MOHICAN RD,,N/A,,SINGLE VEHICLE,CLOUDY,WET,DAYLIGHT,NO CONTROLS,NONE DETECTED,,387F3BF9-7875-45F0-BD4C-6361F3818AD0,Yes,NO APPARENT INJURY,""N/A, WET"",NOT DISTRACTED,PA,BA062BAE-0526-4CEA-9CA7-60FC781022EA,DISABLING,ROOF TOP,PASSENGER CAR,MOVING CONSTANT SPEED,North,30,No,No,2020,KIA,SOUL,38.962555,-77.13473167,""(38.962555, -77.13473167)"""
"MCP1235004Z,230057756,Montgomery County Police,Injury Crash,09/30/2023 08:27:00 PM,Maryland (State),UNIVERSITY BLVD W,BRUNETT AVE,,N/A,,SAME DIR REAR END,CLEAR,DRY,DARK LIGHTS ON,TRAFFIC SIGNAL,NONE DETECTED,,FF40E51C-8072-41F6-AD13-239DD6B1F7EA,No,POSSIBLE INJURY,N/A,NOT DISTRACTED,MD,1F1B6468-1F75-4161-BA0E-3E85BF2035B0,FUNCTIONAL,SIX OCLOCK,PASSENGER CAR,STOPPED IN TRAFFIC LANE,East,40,No,No,2016,CHEVROLET,CRUZE,39.02197561,-77.01540607,""(39.02197561, -77.01540607)"""
"MCP33670013,230051663,Montgomery County Police,Property Damage Crash,08/27/2023 03:12:00 PM,US (State),COLESVILLE RD,FENTON ST,,N/A,,SAME DIRECTION RIGHT TURN,CLEAR,DRY,DAYLIGHT,TRAFFIC SIGNAL,N/A,,FCD26CD2-C474-402D-9FE4-A4ED75782985,No,NO APPARENT INJURY,N/A,NOT DISTRACTED,MD,5756B882-50B7-474F-B90E-791BF95DD24C,FUNCTIONAL,ELEVEN OCLOCK,PASSENGER CAR,MAKING RIGHT TURN,South,20,No,No,2020,HONDA,CIVIC,38.99744933,-77.02675817,""(38.99744933, -77.02675817)"""
"MCP28950034,230065235,Montgomery County Police,Injury Crash,11/08/2023 06:00:00 PM,County,RICHTER FARM RD,GERMANTOWN RD,,N/A,PEDESTRIAN,OTHER,CLEAR,DRY,DARK LIGHTS ON,TRAFFIC SIGNAL,NONE DETECTED,NONE DETECTED,550C4E0A-CBAB-4BE0-92B9-FE0421C8C9FC,Yes,NO APPARENT INJURY,N/A,LOOKED BUT DID NOT SEE,MD,0131F152-EF22-47B1-B83E-0FCDEC7EFB81,NO DAMAGE,TWELVE OCLOCK,PASSENGER CAR,ACCELERATING,West,25,No,No,2010,TOYTA,4S,39.15420562,-77.28726558,""(39.15420562, -77.28726558)"""
"MCP3133004V,230056456,Montgomery County Police,Property Damage Crash,09/23/2023 11:24:00 AM,Maryland (State),OLNEY SANDY SPRING RD,OLD BALTIMORE RD,,N/A,,STRAIGHT MOVEMENT ANGLE,RAINING,WET,DARK LIGHTS ON,TRAFFIC SIGNAL,NONE DETECTED,,8D837C5E-EC7C-4F37-93ED-6DA7F20F7133,No,NO APPARENT INJURY,N/A,NOT DISTRACTED,MD,9CF3DC39-978B-4B18-85AC-C65D6E85E40F,DISABLING,TWELVE OCLOCK,PASSENGER CAR,STOPPED IN TRAFFIC LANE,South,5,No,No,2019,ACURA,RDX,39.14665383,-77.05055783,""(39.14665383, -77.05055783)"""
"MCP2853009F,230067475,Montgomery County Police,Property Damage Crash,11/20/2023 05:39:00 PM,County,EASTMOOR DR,LYNNMOOR DR,,N/A,,OPPOSITE DIRECTION SIDESWIPE,CLEAR,DRY,DARK LIGHTS ON,N/A,N/A,,81122803-30B6-4030-8AFA-3E5F98109C5B,Yes,NO APPARENT INJURY,N/A,NOT DISTRACTED,MD,25AC7DC6-0949-4CBB-932E-878D9C8BC262,DISABLING,ONE OCLOCK,PASSENGER CAR,SLOWING OR STOPPING,South,20,No,No,2016,HONDA,CRV,39.027095,-77.00591517,""(39.027095, -77.00591517)"""
"MCP28430024,230051669,Montgomery County Police,Property Damage Crash,08/27/2023 05:30:00 PM,,,,IFO 18273 FLOWER HILL WAY,,,OTHER,CLEAR,,DAYLIGHT,NO CONTROLS,NONE DETECTED,,1F758D8D-D55E-4CE9-A979-9D4539A4C74D,Yes,NO APPARENT INJURY,N/A,LOOKED BUT DID NOT SEE,MD,9129D99D-A008-4E08-9F7D-060FB2BF10CE,FUNCTIONAL,TWO OCLOCK,PASSENGER CAR,MAKING LEFT TURN,South,25,No,No,2018,TOYOTA,COROLLA,39.15546511,-77.1646329,""(39.15546511, -77.1646329)"""
"MCP235800BQ,230054189,Montgomery County Police,Property Damage Crash,09/11/2023 07:46:00 AM,County,MACARTHUR BLVD,MARYLAND AVE,,N/A,,SINGLE VEHICLE,CLEAR,WET,DAYLIGHT,NO CONTROLS,NONE DETECTED,,8FACC45D-4CE4-4D39-AC2A-205A209608A0,Yes,NO APPARENT INJURY,""N/A, WET"",NOT DISTRACTED,MD,D855B013-F2DD-482A-8C7E-DDDF64E7D75B,SUPERFICIAL,TWELVE OCLOCK,PASSENGER CAR,MOVING CONSTANT SPEED,South,30,No,No,2002,LEXUS,ES300,38.94595417,-77.120782,""(38.94595417, -77.120782)"""
"MCP3348001Y,230072889,Montgomery County Police,Property Damage Crash,12/21/2023 08:02:00 AM,Maryland (State),VEIRS MILL RD,GAYNOR RD,,N/A,,SAME DIR REAR END,CLEAR,DRY,DAYLIGHT,N/A,NONE DETECTED,,341DDD42-4CA3-4AF5-B566-93EBDCB51269,No,NO APPARENT INJURY,""N/A, VISION OBSTRUCTION (INCL. BLINDED BY SUN)"",NOT DISTRACTED,MD,0F66BBA5-5F04-4F77-95E2-7DB8B1DF2F5F,FUNCTIONAL,SIX OCLOCK,PASSENGER CAR,SLOWING OR STOPPING,East,35,No,No,2017,TOYT,SD,39.05968333,-77.08885667,""(39.05968333, -77.08885667)"""
"MCP2436001Q,16025261,Montgomery County Police,Property Damage Crash,05/21/2016 11:42:00 AM,County,FEATHERWOOD ST,LOFT LA,,N/A,,STRAIGHT MOVEMENT ANGLE,CLEAR,DRY,DAYLIGHT,NO CONTROLS,NONE DETECTED,,B585E6C7-7C31-40CE-84DC-E5BC99A45278,No,NO APPARENT INJURY,N/A,NOT DISTRACTED,MD,3C865FB5-6DAC-4541-9C44-5A43BB7CD8F3,DISABLING,TWO OCLOCK,(SPORT) UTILITY VEHICLE,MOVING CONSTANT SPEED,West,30,No,No,2006,TOYOTA,HIGHLANDER,39.058465,-76.97263833,""(39.058465, -76.97263833)"""
"MCP3377000M,230055326,Montgomery County Police,Property Damage Crash,09/17/2023 01:33:00 AM,Maryland (State),OLD GEORGETOWN RD,DEMOCRACY BLVD,,N/A,,HEAD ON LEFT TURN,CLEAR,DRY,DARK LIGHTS ON,FLASHING TRAFFIC SIGNAL,N/A,,6D7CF624-79A8-4784-B80D-C51A160750C1,Yes,NO APPARENT INJURY,N/A,LOOKED BUT DID NOT SEE,DE,9484DEC8-21CE-45FB-91C8-38BC618F0D90,DISABLING,TWELVE OCLOCK,PASSENGER CAR,MAKING LEFT TURN,East,35,No,No,2015,CHEVY,EQU,39.0247795,-77.12506717,""(39.0247795, -77.12506717)"""
"DD5607004Q,230070320,Rockville Police Departme,Property Damage Crash,12/07/2023 06:45:00 AM,Maryland (State),NORBECK RD,AVERY RD,,ROCKVILLE,,HEAD ON LEFT TURN,CLEAR,DRY,DAWN,TRAFFIC SIGNAL,NONE DETECTED,,9ABF8564-9815-4FAD-8F73-039D835691DE,No,NO APPARENT INJURY,N/A,NOT DISTRACTED,MD,E3CA1858-16B0-4FA0-A7A0-BB53BFD388C5,DESTROYED,ELEVEN OCLOCK,PASSENGER CAR,MOVING CONSTANT SPEED,West,45,No,No,2013,GMC,PK,39.092823,-77.12269883,""(39.092823, -77.12269883)"""
"MCP21810054,230032948,Montgomery County Police,Fatal Crash,07/11/2023 05:10:00 AM,Municipality,PICCARD DR,REDLAND BLVD,,ROCKVILLE,PEDESTRIAN,OTHER,CLEAR,DRY,DARK LIGHTS ON,NO CONTROLS,N/A,ALCOHOL PRESENT,FEDED557-DD8C-4359-B5B3-3FBB9D8EE70D,No,NO APPARENT INJURY,N/A,UNKNOWN,MD,9EF588C6-5BC6-4347-B96F-A9DF20E19801,FUNCTIONAL,UNDERSIDE,PASSENGER CAR,MOVING CONSTANT SPEED,North,30,No,No,2018,HONDA,CIVIC,39.107295,-77.18047333,""(39.107295, -77.18047333)"""
"MCP3263003R,230061862,Montgomery County Police,Property Damage Crash,10/21/2023 07:01:00 PM,County,RANDOLPH RD,NEBEL ST,,N/A,,SAME DIR REAR END,CLEAR,DRY,N/A,NO CONTROLS,NONE DETECTED,,430927F3-A840-41B6-A699-454F5E3CFF86,Yes,NO APPARENT INJURY,N/A,LOOKED BUT DID NOT SEE,CO,D8CD55B9-9D91-4165-83EE-60DC08BEDC27,DISABLING,TWELVE OCLOCK,PASSENGER CAR,MOVING CONSTANT SPEED,East,35,No,No,2007,CHEVY,MALIBU,39.05324833,-77.11261667,""(39.05324833, -77.11261667)"""
"MCP2583003H,230061164,Montgomery County Police,Injury Crash,10/17/2023 10:52:00 PM,Maryland (State),DARNESTOWN RD,MUDDY BRANCH RD,,N/A,,STRAIGHT MOVEMENT ANGLE,N/A,DRY,DARK LIGHTS ON,TRAFFIC SIGNAL,NONE DETECTED,,D19C8018-DA28-42A8-A25A-26FB6341C6EE,Yes,NO APPARENT INJURY,N/A,UNKNOWN,MD,4782AC2C-F5E5-455D-98FA-B3A51F74BB05,FUNCTIONAL,TWO OCLOCK,PASSENGER CAR,MAKING LEFT TURN,East,40,No,No,2019,TOYO,CAMRY,39.102868,-77.22108283,""(39.102868, -77.22108283)"""
"MCP2726007S,230049397,Montgomery County Police,Property Damage Crash,08/14/2023 01:36:00 PM,County,CRABBS BRANCH WAY,ENT TO MONT CO DEPT OF TRANS,,N/A,,SAME DIRECTION LEFT TURN,CLEAR,DRY,DAYLIGHT,NO CONTROLS,NONE DETECTED,,54DB64F2-5A95-4DB5-B218-9459243B4634,Yes,NO APPARENT INJURY,N/A,LOOKED BUT DID NOT SEE,MD,D532E3C7-FCC5-40F4-AFBF-297F1662FE6B,DISABLING,ELEVEN OCLOCK,PASSENGER CAR,STARTING FROM PARKED,North,35,No,No,2017,TOYOTA,RAV4,39.125292,-77.16499633,""(39.125292, -77.16499633)"""
"MCP30400060,230059901,Montgomery County Police,Property Damage Crash,10/11/2023 04:00:00 PM,County,GOLD MINE RD,JAMES CREEK CT,,N/A,,SINGLE VEHICLE,CLEAR,DRY,DAYLIGHT,NO CONTROLS,NONE DETECTED,,5BEBC452-BB04-4B62-89E2-09184369E6DF,Yes,NO APPARENT INJURY,N/A,LOOKED BUT DID NOT SEE,MD,8E697A4E-95F5-4659-8ABB-F72E928B11B7,SUPERFICIAL,FOUR OCLOCK,SCHOOL BUS,SLOWING OR STOPPING,East,25,No,No,2021,THOMAS,SB,39.17459667,-77.03383667,""(39.17459667, -77.03383667)"""
"MCP20720073,230055877,Montgomery County Police,Property Damage Crash,09/20/2023 09:08:00 AM,County,MANOR CREST LANE,PINE NEEDLE DR,,N/A,,SAME DIRECTION SIDESWIPE,CLEAR,DRY,DAYLIGHT,NO CONTROLS,NONE DETECTED,,F94132A4-6BC5-407F-808D-3971B53BC217,Yes,NO APPARENT INJURY,N/A,NOT DISTRACTED,MD,026555FE-90EC-4E9A-837E-EEEDAD07E199,SUPERFICIAL,FIVE OCLOCK,SCHOOL BUS,MOVING CONSTANT SPEED,South,10,No,No,2014,THOM,BUS,39.21705,-77.26107167,""(39.21705, -77.26107167)"""
"MCP30090073,230068071,Montgomery County Police,Property Damage Crash,11/24/2023 02:25:00 PM,County,MIDDLEBROOK RD,OBSERVATION DR,,N/A,,STRAIGHT MOVEMENT ANGLE,CLEAR,DRY,DAYLIGHT,TRAFFIC SIGNAL,N/A,,0D28F24B-861A-4F2F-B6FD-757D3BC0234E,Yes,NO APPARENT INJURY,N/A,LOOKED BUT DID NOT SEE,MD,6D585FD8-A913-4D7C-B8AD-10959DAEEE1B,DISABLING,TWELVE OCLOCK,(SPORT) UTILITY VEHICLE,MOVING CONSTANT SPEED,West,40,No,No,2017,MITSUBISHI,OUTLANDER,39.17843399,-77.24186707,""(39.17843399, -77.24186707)"""
"MCP30910044,230057851,Montgomery County Police,Property Damage Crash,10/01/2023 12:46:00 PM,County,REDLAND RD,FREDERICK RD,,N/A,,STRAIGHT MOVEMENT ANGLE,CLEAR,DRY,DAYLIGHT,TRAFFIC SIGNAL,N/A,,3FE1DC4B-F206-4DE8-9576-CCDDDAC2335B,No,NO APPARENT INJURY,N/A,NOT DISTRACTED,MD,B27AE804-33C3-455F-AC5D-5905A8733723,DISABLING,TEN OCLOCK,PASSENGER CAR,ACCELERATING,North,35,No,No,2014,HONDA,CR-V,39.11551917,-77.16634383,""(39.11551917, -77.16634383)"""
"DD5502007S,230053574,Rockville Police Departme,Property Damage Crash,09/07/2023 08:13:00 AM,Maryland (State),VEIRS MILL RD,BROADWOOD DR,,ROCKVILLE,,SAME DIRECTION SIDESWIPE,CLEAR,DRY,DAYLIGHT,NO CONTROLS,NONE DETECTED,,1663A8B6-C576-470B-B0EF-1862201CE6F8,No,NO APPARENT INJURY,N/A,NOT DISTRACTED,MD,6FA6D6CE-903B-4F27-AA1E-92ECC094DA7C,FUNCTIONAL,EIGHT OCLOCK,(SPORT) UTILITY VEHICLE,MOVING CONSTANT SPEED,West,40,No,No,2021,ACUR,UT,39.07686743,-77.12256388,""(39.07686743, -77.12256388)"""
"EJ7837007H,230069603,Gaithersburg Police Depar,Property Damage Crash,12/03/2023 10:10:00 AM,Municipality,SAYBROOKE OAKS BLVD,SAYBROOKE VIEW DR,,GAITHERSBURG,,SAME DIR REAR END,CLOUDY,DRY,DAYLIGHT,NO CONTROLS,N/A,,44218C38-C154-47D9-880E-A93939EC608B,No,NO APPARENT INJURY,N/A,NOT DISTRACTED,NY,FA5FD511-BA17-4D42-8F1A-CED62D2BAD80,SUPERFICIAL,SIX OCLOCK,PASSENGER CAR,SLOWING OR STOPPING,North,25,No,No,2013,FORD,EXPLORER,39.15006173,-77.17603742,""(39.15006173, -77.17603742)"""
"MCP3169005X,230050540,Montgomery County Police,Injury Crash,08/21/2023 02:47:00 PM,US (State),GEORGIA AVE,BURLINGTON AVE,,N/A,PEDESTRIAN,OTHER,CLEAR,DRY,DAYLIGHT,TRAFFIC SIGNAL,N/A,N/A,28C29E94-05C5-41D0-8796-8F277DAD73CC,Yes,NO APPARENT INJURY,N/A,LOOKED BUT DID NOT SEE,MD,B8B66221-E601-4443-B840-D741B50B5E36,NO DAMAGE,TWELVE OCLOCK,PASSENGER CAR,MAKING LEFT TURN,West,30,No,No,2003,FORD,TAURUS,38.987078,-77.026701,""(38.987078, -77.026701)"""
"MCP2991008F,230050838,Montgomery County Police,Property Damage Crash,08/23/2023 08:00:00 AM,Maryland (State),NEW HAMPSHIRE AVE,STONEGATE DR,,N/A,,STRAIGHT MOVEMENT ANGLE,N/A,DRY,DAYLIGHT,NO CONTROLS,NONE DETECTED,,0DD9BA0F-5619-46EA-B7BD-FCCD84C356C3,Yes,NO APPARENT INJURY,N/A,LOOKED BUT DID NOT SEE,MD,C3EF3C30-6CFE-49E3-AF61-FFCA79A4FA2D,DISABLING,TWELVE OCLOCK,PASSENGER CAR,MOVING CONSTANT SPEED,South,25,No,No,2013,ACUR,SD,39.09996787,-77.00375596,""(39.09996787, -77.00375596)"""
"DD55750032,230054914,Rockville Police Departme,Property Damage Crash,09/14/2023 06:25:00 PM,Municipality,LEWIS AVE,THORNDEN RD,,ROCKVILLE,,OTHER,CLEAR,DRY,DAYLIGHT,NO CONTROLS,NONE DETECTED,,BB3C1C85-F635-453C-83A4-945C8D232B16,Yes,NO APPARENT INJURY,N/A,UNKNOWN,MD,65045F18-2C26-46E6-9DC8-83154EB4771D,DISABLING,TWELVE OCLOCK,PASSENGER CAR,MOVING CONSTANT SPEED,South,25,No,No,2017,HONDA,CIVIC,39.0707899,-77.1296273,""(39.0707899, -77.1296273)"""
"MCP1378016N,230068046,Montgomery County Police,Injury Crash,11/24/2023 11:35:00 AM,Maryland (State),CLOPPER RD,W WATKINS MILL RD,,GAITHERSBURG,,STRAIGHT MOVEMENT ANGLE,CLOUDY,DRY,DAYLIGHT,TRAFFIC SIGNAL,NONE DETECTED,,4F987F8C-725D-4589-8C7C-B21C7B90CF2D,No,NO APPARENT INJURY,N/A,NOT DISTRACTED,MD,5A1E5480-1B0C-4AD7-AA92-3EB45E5BB89A,FUNCTIONAL,TWELVE OCLOCK,PASSENGER CAR,ACCELERATING,West,35,No,No,2010,TOYT,YARIS,39.14756501,-77.23296192,""(39.14756501, -77.23296192)"""
"MCP29910094,230073787,Montgomery County Police,Property Damage Crash,12/27/2023 09:30:00 AM,Maryland (State),NEW HAMPSHIRE AVE,MIDLAND RD,,N/A,,STRAIGHT MOVEMENT ANGLE,N/A,WET,DAYLIGHT,TRAFFIC SIGNAL,NONE DETECTED,,FE4B5BDA-517C-42D5-9FE0-398906358E25,Yes,NO APPARENT INJURY,""N/A, WET"",NOT DISTRACTED,MD,F24CC974-CE23-406F-9AA3-FAF53D08F9C5,DISABLING,THREE OCLOCK,PASSENGER CAR,SLOWING OR STOPPING,South,35,No,No,2017,KIA,FORTE,39.07691383,-77.00122983,""(39.07691383, -77.00122983)"""
"MCP33510022,230073161,Montgomery County Police,Injury Crash,12/22/2023 03:28:00 PM,County,BROADBIRCH DR,TECH RD,,N/A,,STRAIGHT MOVEMENT ANGLE,CLEAR,DRY,DAYLIGHT,NO CONTROLS,NONE DETECTED,,5BAB6D7D-602F-4065-A207-E932014B0BD3,No,POSSIBLE INJURY,N/A,NOT DISTRACTED,MD,CE6DBB13-D934-458E-A332-B609C5516B13,DISABLING,ELEVEN OCLOCK,PASSENGER CAR,MAKING LEFT TURN,East,35,No,No,2000,TOYT,4S,39.05627267,-76.96510967,""(39.05627267, -76.96510967)"""
"MCP26740044,230031736,Montgomery County Police,Property Damage Crash,07/03/2023 03:31:00 PM,Maryland (State),RIDGE RD,SWEEPSTAKES RD,,N/A,,SAME DIR REAR END,CLEAR,DRY,DAYLIGHT,TRAFFIC SIGNAL,NONE DETECTED,,5F1938DB-C573-4C06-9A39-B6D8FDB21B95,No,NO APPARENT INJURY,N/A,NOT DISTRACTED,MD,4A3ECA1F-3143-4A4F-B703-94365E595BA1,FUNCTIONAL,SIX OCLOCK,(SPORT) UTILITY VEHICLE,STOPPED IN TRAFFIC LANE,North,40,No,No,2012,FORD,EXPLORER,39.26185549,-77.22176757,""(39.26185549, -77.22176757)"""
"MCP2863002W,230046487,Montgomery County Police,Injury Crash,07/27/2023 04:40:00 PM,Maryland (State),W DIAMOND AVE,MUDDY BRANCH RD,,N/A,,SAME DIR REAR END,CLEAR,DRY,DAYLIGHT,TRAFFIC SIGNAL,NONE DETECTED,,AB03C7A5-2861-420D-B1A7-B7FA4DA43960,No,POSSIBLE INJURY,N/A,NOT DISTRACTED,MD,09202E5C-0BCC-4070-87B3-8DE9EDACA99D,SUPERFICIAL,SIX OCLOCK,VAN,SLOWING OR STOPPING,East,35,No,No,2018,HOND,PV,39.1401035,-77.20478767,""(39.1401035, -77.20478767)"""
"MCP93180038,230062586,Montgomery County Police,Property Damage Crash,10/25/2023 08:49:00 PM,Maryland (State),NEW HAMPSHIRE AVE,OAKVIEW DR,,N/A,,SAME DIRECTION RIGHT TURN,CLEAR,DRY,DARK LIGHTS ON,TRAFFIC SIGNAL,UNKNOWN,,24048F12-005D-416C-A7A4-34379EC34948,Yes,NO APPARENT INJURY,N/A,UNKNOWN,,CC8D64F6-C4B2-4B88-B8BF-7F28004C7D8D,DISABLING,TWO OCLOCK,PICKUP TRUCK,STARTING FROM LANE,South,40,No,No,2008,TOYOTA,TACOMA,39.01721581,-76.97727905,""(39.01721581, -76.97727905)"""
"MCP22980149,230056887,Montgomery County Police,Injury Crash,09/26/2023 06:36:00 AM,,,,""13100 SHAWNEE LN "
"CLARKSBURG BUS DEPOT"",,PEDESTRIAN,SINGLE VEHICLE,RAINING,,DAWN,NO CONTROLS,NONE DETECTED,NONE DETECTED,577E7BCA-8A36-493B-A497-2697ABE8438D,Unknown,NO APPARENT INJURY,""RAIN, SNOW, WET"",LOOKED BUT DID NOT SEE,WV,1CCC1D07-2DD5-44F8-B3B3-97EC0730A8A8,NO DAMAGE,TWELVE OCLOCK,SCHOOL BUS,SLOWING OR STOPPING,Unknown,5,No,No,2016,THOM,BU,39.226275,-77.27242833,""(39.226275, -77.27242833)"""
"MCP235300CM,230068649,Montgomery County Police,Property Damage Crash,11/28/2023 08:12:00 AM,Maryland (State),ROCKVILLE PIKE,ENT TO APTS,,N/A,,STRAIGHT MOVEMENT ANGLE,CLOUDY,DRY,DAYLIGHT,NO CONTROLS,NONE DETECTED,,213C0C8C-0338-4E6E-8BF2-B3FBAA0461A6,No,NO APPARENT INJURY,N/A,NOT DISTRACTED,MD,F88846DA-1C70-466B-A3CA-8E6DEF2AB435,DISABLING,TWELVE OCLOCK,(SPORT) UTILITY VEHICLE,SLOWING OR STOPPING,South,35,No,No,2013,MAZDA,CX5,39.02604583,-77.10343083,""(39.02604583, -77.10343083)"""
"EJ78580080,230054390,Gaithersburg Police Depar,Property Damage Crash,09/12/2023 09:08:00 AM,Municipality,W DEER PARK RD,FAIRBANKS BLVD,,GAITHERSBURG,,OTHER,CLEAR,DRY,DAYLIGHT,NO CONTROLS,NONE DETECTED,,989330E1-D297-43AB-B62F-458550676FE4,No,NO APPARENT INJURY,N/A,NOT DISTRACTED,MD,4DDD53D1-4762-45E3-9527-BEC6924AAD74,NO DAMAGE,TWELVE OCLOCK,PASSENGER CAR,PARKED,,25,No,Yes,2016,DODGE,VN,39.12859613,-77.19342522,""(39.12859613, -77.19342522)"""
"MCP2678004H,230060993,Montgomery County Police,Injury Crash,10/17/2023 07:47:00 AM,Maryland (State),UNIVERSITY BLVD W,CADDINGTON AVE,,N/A,PEDESTRIAN,STRAIGHT MOVEMENT ANGLE,CLEAR,DRY,DAYLIGHT,TRAFFIC SIGNAL,NONE DETECTED,NONE DETECTED,8499755B-12E4-48A0-8B23-56AEC618A3A9,No,NO APPARENT INJURY,N/A,NOT DISTRACTED,MD,372B7A42-B090-4555-908C-09ADBF715B1E,FUNCTIONAL,ONE OCLOCK,PASSENGER CAR,STARTING FROM LANE,West,35,No,No,1999,HONDA,SD,39.03368227,-77.02376056,""(39.03368227, -77.02376056)"""
"MCP913000H1,230063059,Montgomery County Police,Property Damage Crash,10/28/2023 01:12:00 PM,Maryland (State),PINEY BRANCH RD,FLOWER AVE,,N/A,,SAME DIR REAR END,CLOUDY,DRY,DAYLIGHT,NO CONTROLS,NONE DETECTED,,7CD9DD24-9BAE-4E9A-B54E-3976F8D900B2,No,NO APPARENT INJURY,N/A,NOT DISTRACTED,MD,CDE484A4-F82D-4812-8297-017EE73C1C59,FUNCTIONAL,SIX OCLOCK,PASSENGER CAR,SLOWING OR STOPPING,South,35,No,No,2022,TOYOTA,CAMRY,38.99821828,-77.00312588,""(38.99821828, -77.00312588)"""
"MCP2586006J,230051116,Montgomery County Police,Injury Crash,08/24/2023 03:56:00 PM,County,FATHER HURLEY BLVD,RAMP 8 FR IS270 SB TO FATHER HURLEY BLVD,,N/A,,STRAIGHT MOVEMENT ANGLE,CLEAR,DRY,DAYLIGHT,TRAFFIC SIGNAL,NONE DETECTED,,08CA6EB5-B05F-48F3-985D-3C1FFF44C494,Yes,POSSIBLE INJURY,N/A,NOT DISTRACTED,MD,83335D79-520A-4037-BA06-7E13E76C7855,DESTROYED,TWELVE OCLOCK,PASSENGER CAR,MOVING CONSTANT SPEED,South,40,No,No,2020,TOYOTA,CAMRY,39.19661824,-77.26553465,""(39.19661824, -77.26553465)"""
"MCP1086000H,230062615,Montgomery County Police,Property Damage Crash,10/26/2023 07:35:00 AM,,,,PARKING LOT,,,OTHER,CLEAR,,DAYLIGHT,N/A,NONE DETECTED,,DCA6F590-ACE3-4694-9BD2-C81432F92274,No,NO APPARENT INJURY,N/A,NOT DISTRACTED,MD,C1419BD0-34D2-4505-9A66-33973FE2B7C0,FUNCTIONAL,SEVEN OCLOCK,SCHOOL BUS,PARKED,,0,No,Yes,2019,THOMAS,CONV-MSDE-C-8,39.06557667,-77.03793,""(39.06557667, -77.03793)"""
"MCP2231007K,230055699,Montgomery County Police,Property Damage Crash,09/19/2023 09:13:00 AM,Municipality,CHEVY CHASE ST,BUCKSFIELD RD,,GAITHERSBURG,,OTHER,CLEAR,DRY,DAYLIGHT,NO CONTROLS,NONE DETECTED,,D4F93BB1-A5AB-498C-974D-A1C53617A78D,No,NO APPARENT INJURY,N/A,NOT DISTRACTED,MD,202259F0-ED50-4A35-B972-08E2DACA9E9A,SUPERFICIAL,FOUR OCLOCK,FIRE VEHICLE/EMERGENCY,STOPPED IN TRAFFIC LANE,West,25,No,No,2022,PIERCE,FIRE TRUCK,39.12289833,-77.23169833,""(39.12289833, -77.23169833)"""
"MCP2683005K,210024411,Montgomery County Police,Injury Crash,06/25/2021 06:21:00 PM,Municipality,ODENDHAL AVE,RUSSELL AVE,,GAITHERSBURG,,STRAIGHT MOVEMENT ANGLE,CLEAR,DRY,DAYLIGHT,STOP SIGN,NONE DETECTED,,25208F10-4C2E-4AF7-90D6-A51AD12BDD0F,Yes,NO APPARENT INJURY,N/A,NOT DISTRACTED,MD,152E13F8-26F9-4BF0-AE7C-45D4FF2A0FD9,FUNCTIONAL,ELEVEN OCLOCK,PASSENGER CAR,MAKING LEFT TURN,South,35,No,No,2021,NISSAN,ROG,39.15057667,-77.20408667,""(39.15057667, -77.20408667)"""
"MCP3377000Q,230063711,Montgomery County Police,Property Damage Crash,11/01/2023 12:11:00 AM,County,MACARTHUR BLVD,PERSIMMON TREE RD,,N/A,,SINGLE VEHICLE,CLEAR,N/A,DARK NO LIGHTS,NO CONTROLS,NONE DETECTED,,E961EAF6-F50C-43E9-904F-756F75BDB71D,Yes,NO APPARENT INJURY,N/A,UNKNOWN,MD,E781D772-951C-4CE8-B9CB-B5CBCBC04320,DISABLING,TWELVE OCLOCK,PASSENGER CAR,MOVING CONSTANT SPEED,South,30,No,No,2021,HOND,UT,38.974171,-77.17309567,""(38.974171, -77.17309567)"""
"MCP2679003M,230055081,Montgomery County Police,Property Damage Crash,09/15/2023 03:30:00 PM,,N. LEISURE WORLD BLVD.,TWIN BRANCHES DR.,,N/A,,SINGLE VEHICLE,CLEAR,DRY,DAYLIGHT,NO CONTROLS,NONE DETECTED,,61B87C26-D115-4D3A-B814-B86488DA3BAF,Yes,NO APPARENT INJURY,N/A,NOT DISTRACTED,MD,3C4768F0-94A0-44F7-A9FF-3D4236B548DD,DISABLING,TWELVE OCLOCK,PASSENGER CAR,MOVING CONSTANT SPEED,North,25,No,No,2017,BUICK,LECROSSE,39.10763333,-77.07293667,""(39.10763333, -77.07293667)"""