Report Number,Local Case Number,Agency Name,ACRS Report Type,Crash Date/Time,Route Type,Road Name,Cross-Street Name,Off-Road Description,Municipality,Related Non-Motorist,Collision Type,Weather,Surface Condition,Light,Traffic Control,Driver Substance Abuse,Non-Motorist Substance Abuse,Person ID,Driver At Fault,Injury Severity,Circumstance,Driver Distracted By,Drivers License State,Vehicle ID,Vehicle Damage Extent,Vehicle First Impact Location,Vehicle Body Type,Vehicle Movement,Vehicle Going Dir,Speed Limit,Driverless Vehicle,Parked Vehicle,Vehicle Year,Vehicle Make,Vehicle Model,Latitude,Longitude,Location
"MCP211600FZ,230035077,Montgomery County Police,Injury Crash,07/23/2023 04:32:00 PM,Maryland (State),VEIRS MILL RD,GAYNOR RD,,N/A,,STRAIGHT MOVEMENT ANGLE,CLEAR,DRY,DAYLIGHT,TRAFFIC SIGNAL,NONE DETECTED,,52EB86DE-1C70-48A2-9284-95CA6EFBB5D0,No,POSSIBLE INJURY,N/A,NOT DISTRACTED,MD,B49D343D-6849-45BF-8C7C-CB49A75ED825,DISABLING,ELEVEN OCLOCK,VAN,ACCELERATING,North,25,No,No,2012,TOYOTA,SIENNA,39.06160167,-77.09221667,""(39.06160167, -77.09221667)"""
"MCP3294001P,230052240,Montgomery County Police,Injury Crash,08/30/2023 03:15:00 PM,County,WATKINS MILL RD,STEDWICK RD,,N/A,,STRAIGHT MOVEMENT ANGLE,CLEAR,DRY,DAYLIGHT,STOP SIGN,NONE DETECTED,,B7DE0780-8370-4EA2-B77A-8BCB628AC887,Yes,NO APPARENT INJURY,N/A,LOOKED BUT DID NOT SEE,MD,C1FED034-6692-4882-A67D-61E24D110479,DISABLING,TWELVE OCLOCK,PASSENGER CAR,ACCELERATING,North,35,No,No,2002,NISS,SD,39.17591167,-77.20953667,""(39.17591167, -77.20953667)"""
"MCP3228005J,230070905,Montgomery County Police,Property Damage Crash,12/10/2023 11:30:00 AM,US (State),COLUMBIA PIKE,INDUSTRIAL PKWY,,N/A,,SAME DIR REAR END,RAINING,WET,DAYLIGHT,TRAFFIC SIGNAL,UNKNOWN,,2C85B581-9D4A-451F-A59E-51480315A68B,No,NO APPARENT INJURY,""RAIN, SNOW, WET"",NOT DISTRACTED,,DD83EAFD-22BF-45C1-AAE0-D6D2DE35F2F1,UNKNOWN,SIX OCLOCK,UNKNOWN,STOPPED IN TRAFFIC LANE,North,50,No,No,0,UNKNOWN,UNKNOWN,39.05594483,-76.971559,""(39.05594483, -76.971559)"""
"MCP3257006Q,230069579,Montgomery County Police,Property Damage Crash,12/03/2023 02:50:00 AM,Maryland (State),BRADLEY BLVD,OFFUTT LA,,N/A,,SAME DIR REAR END,RAINING,WET,DARK LIGHTS ON,NO CONTROLS,NONE DETECTED,,4BFB72E7-79D5-4F38-BB40-9A8508F6BA66,Yes,NO APPARENT INJURY,""SLEET, HAIL, FREEZ. RAIN, WET"",LOOKED BUT DID NOT SEE,MD,A799BF63-7DBF-4F78-899F-0F3DDFD7E054,DISABLING,TWELVE OCLOCK,PASSENGER CAR,MOVING CONSTANT SPEED,North,25,No,No,2014,TOYOTA,CAMRY,38.97836333,-77.09468833,""(38.97836333, -77.09468833)"""
"MCP28810060,230061191,Montgomery County Police,Property Damage Crash,10/18/2023 07:15:00 AM,Maryland (State),FREDERICK RD,BOLAND FARM RD,,N/A,,SAME DIR REAR END,CLEAR,DRY,DAWN,NO CONTROLS,NONE DETECTED,,91767299-F208-4DD6-ABAF-DD07F5900C13,Yes,NO APPARENT INJURY,N/A,NOT DISTRACTED,MD,C3831A56-2DCD-41D1-8D2E-DBEDADB16F90,DISABLING,TWELVE OCLOCK,(SPORT) UTILITY VEHICLE,MOVING CONSTANT SPEED,South,40,No,No,2008,KIA,SORENTO,39.19685,-77.24469833,""(39.19685, -77.24469833)"""
"MCP2305002X,230046739,Montgomery County Police,Property Damage Crash,07/29/2023 01:22:00 AM,County,ANNAPOLIS ROCK RD,DAMASCUS RD,,N/A,,SINGLE VEHICLE,CLEAR,DRY,DARK LIGHTS ON,STOP SIGN,N/A,,B919D6E1-BDD9-4C8B-B041-C172F85684EB,Yes,NO APPARENT INJURY,N/A,UNKNOWN,PA,F743168D-5446-420F-A7A3-FD6B740D7F16,DISABLING,TWELVE OCLOCK,PASSENGER CAR,MAKING LEFT TURN,South,40,No,No,2015,MINI,COOPER,39.26911667,-77.152185,""(39.26911667, -77.152185)"""
"MCP30800043,230070272,Montgomery County Police,Property Damage Crash,12/06/2023 06:32:00 PM,Maryland (State),CLOPPER RD,CINNAMON DR,,N/A,,SAME DIR REAR END,CLEAR,DRY,DARK LIGHTS ON,NO CONTROLS,NONE DETECTED,,7970E44A-C634-4B3B-B950-925D67F8DA3D,Yes,NO APPARENT INJURY,N/A,OTHER ELECTRONIC DEVICE (NAVIGATIONAL PALM PILOT),MD,C36B3C8A-AC70-4FD9-BE08-29C7AA09B13C,DISABLING,TWELVE OCLOCK,PASSENGER CAR,MOVING CONSTANT SPEED,North,40,No,No,2015,FORD,4S,39.15608637,-77.2644614,""(39.15608637, -77.2644614)"""
"MCP25560034,190038526,Montgomery County Police,Injury Crash,08/13/2019 11:16:00 AM,County,MILL RUN DR,SHADY GROVE RD,,N/A,,STRAIGHT MOVEMENT ANGLE,CLEAR,DRY,DAYLIGHT,TRAFFIC SIGNAL,NONE DETECTED,,D0616372-98B4-478F-9E61-5D61BEBD5D13,Yes,NO APPARENT INJURY,N/A,UNKNOWN,MD,AD1C2955-7DF3-417D-B65C-2A585DA79982,SUPERFICIAL,ONE OCLOCK,PASSENGER CAR,MAKING LEFT TURN,West,45,No,No,2000,HONDA,ODYSSEY,39.14510636,-77.15001504,""(39.14510636, -77.15001504)"""
"MCP3192000M,190061007,Montgomery County Police,Property Damage Crash,12/18/2019 05:54:00 PM,County,CHERRY HILL RD,PLUM ORCHARD DR,,N/A,,SAME DIR REAR END,CLEAR,DRY,DUSK,TRAFFIC SIGNAL,NONE DETECTED,,51C8370A-0145-407E-840D-C0A5A2FE12F0,No,NO APPARENT INJURY,N/A,NOT DISTRACTED,MD,67D867C5-A289-4725-A41F-6C4558538A6F,FUNCTIONAL,SIX OCLOCK,PASSENGER CAR,ACCELERATING,North,35,No,No,2010,FORD,4S,39.0522395,-76.95299033,""(39.0522395, -76.95299033)"""
"MCP12270021,230063063,Montgomery County Police,Fatal Crash,10/28/2023 12:15:00 PM,Ramp,RAMP 8 FR US 29 SB TO DUSTIN RD,DUSTIN RD,,N/A,,SINGLE VEHICLE,CLEAR,DRY,DAYLIGHT,YIELD SIGN,NONE DETECTED,,287FDF5B-58BB-4BED-BD4A-E4FE79661841,Yes,FATAL INJURY,N/A,UNKNOWN,MD,A1186BA2-9E54-4516-B100-F00DBE847FD5,DESTROYED,TWELVE OCLOCK,PASSENGER CAR,MOVING CONSTANT SPEED,North,30,No,No,2009,HYUNDAI,ELANTRA,39.12246766,-76.92633791,""(39.12246766, -76.92633791)"""
"MCP2923009V,230053573,Montgomery County Police,Injury Crash,09/07/2023 08:18:00 AM,County,RANDOLPH RD,GLENALLAN AVE,,N/A,,OTHER,CLEAR,N/A,DAYLIGHT,TRAFFIC SIGNAL,NONE DETECTED,,349FB92C-4D6C-4FBD-B7E6-C4A8E4EC984C,No,NO APPARENT INJURY,N/A,NOT DISTRACTED,MD,337FE51F-7ADB-4258-B131-3F1E75A660CD,FUNCTIONAL,TWO OCLOCK,PASSENGER CAR,STOPPED IN TRAFFIC LANE,West,30,No,No,2012,NISSAN,ALTIMA,39.06088213,-77.0449089,""(39.06088213, -77.0449089)"""
"EJ7851008X,220054630,Gaithersburg Police Depar,Property Damage Crash,12/10/2022 12:40:00 PM,Municipality,OLDE TOWNE AVE,S SUMMIT AVE,,GAITHERSBURG,,OPPOSITE DIRECTION SIDESWIPE,N/A,DRY,DAYLIGHT,STOP SIGN,NONE DETECTED,,0C9B08A7-4485-4838-88A4-1C814404877F,No,NO APPARENT INJURY,N/A,NOT DISTRACTED,MD,E79B75A2-E868-40B0-9D84-824D0E3C0AF5,DISABLING,ELEVEN OCLOCK,PASSENGER CAR,STOPPED IN TRAFFIC LANE,South,30,No,No,2011,TOYT,4S,39.14063285,-77.1939844,""(39.14063285, -77.1939844)"""
"EJ7781004H,230059804,Gaithersburg Police Depar,Property Damage Crash,10/11/2023 08:29:00 AM,,,,P/L OF 415 WEST SIDE DR,,,OTHER,CLEAR,,DAYLIGHT,NO CONTROLS,NONE DETECTED,,9A0A97AE-3929-4952-BE21-671CAA1623DE,Yes,NO APPARENT INJURY,N/A,NOT DISTRACTED,MD,990F323D-77EE-4485-BEC8-B21B1BBF2E08,FUNCTIONAL,SIX OCLOCK,PASSENGER CAR,BACKING,South,15,No,No,2004,TOYT,TK,39.12450217,-77.20809145,""(39.12450217, -77.20809145)"""
"MCP3325002H,230067259,Montgomery County Police,Injury Crash,11/19/2023 03:58:00 PM,US (State),COLUMBIA PIKE,STEWART LA,,N/A,,SAME DIR REAR END,CLEAR,DRY,DAWN,TRAFFIC SIGNAL,ALCOHOL PRESENT,,80C22561-09BF-40F4-BD44-32B00649D41A,Yes,NO APPARENT INJURY,N/A,LOOKED BUT DID NOT SEE,DC,984CF93E-A1E4-451F-AA75-FF661F0E867C,DISABLING,TWELVE OCLOCK,VAN,MOVING CONSTANT SPEED,North,45,No,No,2019,FORD,TRANSIT,39.04542667,-76.98848817,""(39.04542667, -76.98848817)"""
"EJ78870039,230066017,Gaithersburg Police Depar,Property Damage Crash,11/13/2023 08:50:00 AM,Ramp,RAMP 5 FR MD200A SB TO SHADY GROVE RD EB,SHADY GROVE RD,,N/A,,SAME DIRECTION LEFT TURN,CLEAR,DRY,DAYLIGHT,NO CONTROLS,NONE DETECTED,,FD14DFDC-BDCF-4DC3-B08A-021DE5BD275D,Unknown,NO APPARENT INJURY,N/A,LOOKED BUT DID NOT SEE,PA,1522C0DE-5E7D-4542-816A-485CB1EB5066,FUNCTIONAL,ELEVEN OCLOCK,PICKUP TRUCK,MOVING CONSTANT SPEED,South,55,No,No,2017,HONDA,TK,39.12049037,-77.18183193,""(39.12049037, -77.18183193)"""
"EJ786600D9,230072987,Gaithersburg Police Depar,Property Damage Crash,12/21/2023 04:30:00 PM,Municipality,KENTLANDS BLVD,TSCHIFFELY SQUARE RD,,GAITHERSBURG,,HEAD ON LEFT TURN,CLOUDY,DRY,DUSK,STOP SIGN,NONE DETECTED,,32025D90-911C-42A6-A5B9-45C228AC14CA,Yes,NO APPARENT INJURY,N/A,LOOKED BUT DID NOT SEE,NY,0EABDB16-3FC9-49F4-9CB9-EB7832FDED01,FUNCTIONAL,TWELVE OCLOCK,PASSENGER CAR,MOVING CONSTANT SPEED,South,25,No,No,2016,HONDA,ODYSSEY,39.12547085,-77.24319878,""(39.12547085, -77.24319878)"""
"EJ7858003F,190017016,Gaithersburg Police Depar,Property Damage Crash,04/12/2019 05:22:00 AM,Interstate (State),EISENHOWER MEMORIAL HWY,W DIAMOND AVE,,N/A,,SINGLE VEHICLE,CLEAR,DRY,DARK LIGHTS ON,NO CONTROLS,NONE DETECTED,,26E54B8C-D60E-44DA-8D0D-104B549054F2,No,NO APPARENT INJURY,N/A,NOT DISTRACTED,MD,3D78710E-B9DF-4B69-AC13-0DDF68EA6DF6,DISABLING,TWELVE OCLOCK,PASSENGER CAR,MOVING CONSTANT SPEED,East,35,No,No,2013,HYUN,SONATA,39.14068167,-77.21480667,""(39.14068167, -77.21480667)"""
"MCP27880037,230053187,Montgomery County Police,Property Damage Crash,09/04/2023 11:15:00 PM,Maryland (State),GEORGIA AVE,UNIVERSITY BLVD W,,N/A,,SAME DIR REAR END,CLEAR,DRY,DARK LIGHTS ON,N/A,N/A,,353AED92-5FA5-41C4-A0E3-C38DD4DFB614,No,NO APPARENT INJURY,N/A,NOT DISTRACTED,MD,B54A6D78-62AA-4629-B9DA-BB2EBED31B8A,FUNCTIONAL,SIX OCLOCK,PICKUP TRUCK,STOPPED IN TRAFFIC LANE,South,35,No,No,2021,TOYOTA,TACOMA,39.04160775,-77.05182751,""(39.04160775, -77.05182751)"""
"MCP3162001P,190004852,Montgomery County Police,Injury Crash,01/31/2019 08:50:00 AM,County,FOREST GLEN RD,WOODLAND DR,,N/A,,STRAIGHT MOVEMENT ANGLE,N/A,DRY,DAYLIGHT,N/A,NONE DETECTED,,7A38DC98-17CA-4C72-89C1-4FAC46E2A705,No,NO APPARENT INJURY,N/A,NOT DISTRACTED,WA,65C53569-336E-430D-BC40-F4799D578928,FUNCTIONAL,FOUR OCLOCK,PASSENGER CAR,MOVING CONSTANT SPEED,West,35,No,No,2014,BMW,X5,39.01564,-77.04145167,""(39.01564, -77.04145167)"""
"DM8439001L,180016098,Takoma Park Police Depart,Property Damage Crash,04/03/2018 02:49:00 PM,,,,7610 CARROLL AVE DROP OFF DRIVE THROUGH,,,OTHER,RAINING,,DAYLIGHT,NO CONTROLS,UNKNOWN,,CA8BD4AF-A7FD-4003-A037-25CF296B1F07,Unknown,NO APPARENT INJURY,N/A,UNKNOWN,XX,8630446E-C5F7-48B5-A2AB-E57E1158019D,SUPERFICIAL,TWELVE OCLOCK,PASSENGER CAR,PARKED,,10,No,Yes,2013,HONDA,4S,38.98662667,-77.00256333,""(38.98662667, -77.00256333)"""
"MCP292300B6,230067082,Montgomery County Police,Property Damage Crash,11/18/2023 12:22:00 PM,Maryland (State),VEIRS MILL RD,UNIVERSITY BLVD W,,N/A,,SAME DIR REAR END,CLEAR,DRY,DAYLIGHT,TRAFFIC SIGNAL,ALCOHOL PRESENT,,DB4F20E2-6B2A-426B-B779-9E4FF766C7BE,Yes,NO APPARENT INJURY,N/A,UNKNOWN,MD,E52C7CE1-E8F6-4B03-8C95-BAB95299FC9E,SUPERFICIAL,TWELVE OCLOCK,PASSENGER CAR,SLOWING OR STOPPING,North,30,No,No,2010,TOYOTA,COROLLA,38.99079417,-77.02638767,""(38.99079417, -77.02638767)"""
"MCP276700BC,230067084,Montgomery County Police,Property Damage Crash,11/18/2023 12:35:00 PM,Maryland (State),GEORGIA AVE,DAYTON ST,,N/A,,SAME DIR REAR END,CLEAR,DRY,DAYLIGHT,NO CONTROLS,NONE DETECTED,,B15E3F49-42E0-42E1-8B6F-365062AFDA04,Yes,NO APPARENT INJURY,N/A,LOOKED BUT DID NOT SEE,MD,A2B34B01-B21D-44D3-A609-9C49F415FAEC,FUNCTIONAL,TWELVE OCLOCK,(SPORT) UTILITY VEHICLE,SLOWING OR STOPPING,North,35,No,No,2011,NISSAN,PATHFINDER,39.02848766,-77.04712332,""(39.02848766, -77.04712332)"""
"DD55670024,230072579,Rockville Police Departme,Property Damage Crash,12/19/2023 02:44:00 PM,Maryland (State),ROCKVILLE PIKE,TALBOTT ST,,ROCKVILLE,,SAME DIR REAR END,CLEAR,DRY,DAYLIGHT,N/A,NONE DETECTED,,424A2FCF-FCD9-4056-9473-2EC3FAE6A314,No,NO APPARENT INJURY,N/A,NOT DISTRACTED,MD,1C906BAE-C330-4273-B598-14E0738417E3,SUPERFICIAL,SIX OCLOCK,TRANSIT BUS,STOPPED IN TRAFFIC LANE,South,40,No,No,2017,GILG,BU,39.07097355,-77.13209982,""(39.07097355, -77.13209982)"""
"MCP2270001Z,230048210,Montgomery County Police,Property Damage Crash,08/07/2023 12:50:00 PM,Maryland (State),WILSON LA,FAIRFAX RD,,N/A,,STRAIGHT MOVEMENT ANGLE,CLEAR,DRY,DAYLIGHT,STOP SIGN,NONE DETECTED,,0E591D7D-96E2-455B-AC3C-6623C2E1A004,No,NO APPARENT INJURY,N/A,NOT DISTRACTED,MD,1816AD16-32E6-4950-99ED-6DBD21F94B48,DISABLING,FOUR OCLOCK,PASSENGER CAR,MOVING CONSTANT SPEED,East,25,No,No,2021,TOYT,SD,38.987265,-77.105515,""(38.987265, -77.105515)"""
"MCP3079005H,230054181,Montgomery County Police,Injury Crash,09/11/2023 07:51:00 AM,Maryland (State),GERMANTOWN RD,FREDERICK RD,,N/A,,SAME DIR REAR END,N/A,WET,DAYLIGHT,TRAFFIC SIGNAL,NONE DETECTED,,2BB11A8C-D1D3-4651-941A-5AAA10573637,Yes,POSSIBLE INJURY,""N/A, WET"",NOT DISTRACTED,MD,71E3587D-0632-4D8A-9214-3B73B525640E,DESTROYED,TWELVE OCLOCK,PASSENGER CAR,MOVING CONSTANT SPEED,South,45,No,No,2002,TOYOTA,SEQUOIA,39.192229,-77.24268133,""(39.192229, -77.24268133)"""
"MCP33290024,230060738,Montgomery County Police,Property Damage Crash,10/15/2023 07:00:00 PM,County,LOCKWOOD DR,NEW HAMPSHIRE AVE,,N/A,,SAME DIRECTION SIDESWIPE,CLEAR,DRY,DARK LIGHTS ON,TRAFFIC SIGNAL,NONE DETECTED,,CC9F03E8-15F4-4CB7-8541-D92EC298AFB0,Yes,NO APPARENT INJURY,N/A,LOOKED BUT DID NOT SEE,MD,45A4F607-811B-401D-AF3D-56D69D64F664,SUPERFICIAL,ONE OCLOCK,PASSENGER CAR,ACCELERATING,West,35,No,No,2010,CHEV,UT,39.0396845,-76.99101883,""(39.0396845, -76.99101883)"""
"MCP1564007S,230072320,Montgomery County Police,Property Damage Crash,12/18/2023 08:45:00 AM,Maryland (State),GEORGIA AVE,QUEEN MARY DR,,N/A,,HEAD ON LEFT TURN,CLOUDY,WET,DAYLIGHT,NO CONTROLS,NONE DETECTED,,083FF99F-B05E-40BD-8E1E-329464109971,No,NO APPARENT INJURY,N/A,NOT DISTRACTED,MD,E393EE81-D4D6-40BD-8456-BED0EFFE4862,DISABLING,TWELVE OCLOCK,PASSENGER CAR,MOVING CONSTANT SPEED,South,30,No,No,2002,HONDA,CIVIC,39.14854117,-77.066948,""(39.14854117, -77.066948)"""
"MCP32080044,230010469,Montgomery County Police,Property Damage Crash,03/02/2023 07:02:00 PM,Maryland (State),NEW HAMPSHIRE AVE,ADELPHI RD,,N/A,,SAME DIRECTION SIDESWIPE,N/A,DRY,DARK LIGHTS ON,TRAFFIC SIGNAL,UNKNOWN,,68EC7717-9957-40E9-9C14-D2BFC40EAC1C,Yes,NO APPARENT INJURY,N/A,UNKNOWN,,295EBBC0-562B-4EE7-96CE-78B96B507EE3,SUPERFICIAL,ONE OCLOCK,PASSENGER CAR,SLOWING OR STOPPING,South,35,No,No,2008,BMW,335,39.01148105,-76.97901522,""(39.01148105, -76.97901522)"""
"MCP29460060,230062438,Montgomery County Police,Property Damage Crash,10/25/2023 08:28:00 AM,County,DUTROW DR,DUTROW CT,,N/A,,OPPOSITE DIRECTION SIDESWIPE,CLEAR,DRY,DAYLIGHT,NO CONTROLS,NONE DETECTED,,4658F7D0-E581-4F1D-BCDD-181866FBDFD2,Yes,NO APPARENT INJURY,N/A,NOT DISTRACTED,MD,B41BE3E6-4FDD-46E2-830D-3E59961AE991,FUNCTIONAL,TEN OCLOCK,PASSENGER CAR,NEGOTIATING A CURVE,East,15,No,No,2022,TESLA,Y,39.244455,-77.282471,""(39.244455, -77.282471)"""
"MCP2592003F,230070397,Montgomery County Police,Property Damage Crash,12/07/2023 12:44:00 PM,County,STEDWICK RD,MONTGOMERY VILLAGE AVE,,N/A,,ANGLE MEETS LEFT TURN,CLEAR,DRY,DAYLIGHT,NO CONTROLS,NONE DETECTED,,C28042C2-58E2-4C93-B6A4-412B87A052F6,No,NO APPARENT INJURY,N/A,NOT DISTRACTED,MD,734A469A-1F9D-4A0E-AB79-EF58529DE53E,DISABLING,THREE OCLOCK,PASSENGER CAR,MOVING CONSTANT SPEED,West,30,No,No,2011,HONDA,PILOT,39.16989843,-77.20551604,""(39.16989843, -77.20551604)"""
"MCP9365001Z,230052637,Montgomery County Police,Injury Crash,09/01/2023 01:55:00 PM,County,FAIRLAND RD,OLD COLUMBIA PIKE,,N/A,,SAME DIR REAR END,CLEAR,DRY,DAYLIGHT,TRAFFIC SIGNAL,NONE DETECTED,,8BC5EE28-5F2B-4B35-867B-1A27DFA484FF,Yes,NO APPARENT INJURY,N/A,NOT DISTRACTED,MD,C5C793FF-382D-48C1-A34C-F70AAC26B585,SUPERFICIAL,TWELVE OCLOCK,PICKUP TRUCK,MOVING CONSTANT SPEED,West,40,No,No,2020,FORD,PK,39.07639693,-76.95752421,""(39.07639693, -76.95752421)"""
"MCP32490059,230073909,Montgomery County Police,Property Damage Crash,12/27/2023 08:06:00 PM,County,BRIGGS CHANEY RD,ENT TO BRIGGS CHANEY OUTLETS,,N/A,,HEAD ON LEFT TURN,RAINING,WET,DARK LIGHTS ON,TRAFFIC SIGNAL,NONE DETECTED,,F7CB2849-C3C1-4AAC-B5DE-3552B2BACE2E,Unknown,NO APPARENT INJURY,""RAIN, SNOW, WET"",UNKNOWN,MD,A990F8FD-953E-4E00-9298-7F87928AB721,DISABLING,TWELVE OCLOCK,(SPORT) UTILITY VEHICLE,MOVING CONSTANT SPEED,West,35,No,No,2008,FORD,ESCAPE,39.0821978,-76.9473571,""(39.0821978, -76.9473571)"""
"MCP3280003T,230049917,Montgomery County Police,Property Damage Crash,08/17/2023 12:35:00 PM,County,CHERRY HILL RD,BROADBIRCH DR,,N/A,,SAME DIR REAR END,CLEAR,DRY,DAYLIGHT,TRAFFIC SIGNAL,UNKNOWN,,5576ED87-0913-48F0-9329-16DC451B706E,No,NO APPARENT INJURY,N/A,NOT DISTRACTED,,E8195740-E7FF-49A6-B4BE-CADD8F13C837,UNKNOWN,SIX OCLOCK,UNKNOWN,STOPPED IN TRAFFIC LANE,South,40,No,No,0,UNKNOWN,UNKNOWN,39.05815167,-76.95542167,""(39.05815167, -76.95542167)"""
"MCP2598004F,230052652,Montgomery County Police,Property Damage Crash,09/01/2023 02:44:00 PM,US (State),COLUMBIA PIKE,BURNT MILLS AVE,,N/A,,SAME DIR REAR END,CLEAR,DRY,DAYLIGHT,TRAFFIC SIGNAL,NONE DETECTED,,2BCE0A3D-F01F-4A41-963A-DE0F39729406,No,NO APPARENT INJURY,N/A,NOT DISTRACTED,MD,94DF41A2-6B92-458B-9DA7-434E99240B58,SUPERFICIAL,SIX OCLOCK,PASSENGER CAR,STOPPED IN TRAFFIC LANE,South,40,No,No,2019,HYUN,TK,39.03626281,-77.0002474,""(39.03626281, -77.0002474)"""
"MCP3200009K,230060490,Montgomery County Police,Injury Crash,10/14/2023 01:42:00 PM,County,MONTROSE RD,E JEFFERSON ST,,N/A,,SINGLE VEHICLE,RAINING,WET,DAYLIGHT,NO CONTROLS,NONE DETECTED,,73A9893F-89CC-478B-AB84-FA9DFEB8DAB1,Yes,POSSIBLE INJURY,""RAIN, SNOW, WET"",UNKNOWN,MD,3CFFBEC6-E7F4-4D57-8249-37559344C336,DISABLING,ONE OCLOCK,PASSENGER CAR,MOVING CONSTANT SPEED,East,30,No,No,2019,NISSAN,KICKS,39.05123917,-77.133611,""(39.05123917, -77.133611)"""
"MCP2946006C,230070410,Montgomery County Police,Property Damage Crash,12/07/2023 02:06:00 PM,Other Public Roadway,CIDER BARRELL DR,OXBRIDGE DR,,N/A,,OTHER,CLOUDY,DRY,DAYLIGHT,NO CONTROLS,NONE DETECTED,,7D169DF5-AA76-4FA0-8521-C189DAE6EF0B,Yes,NO APPARENT INJURY,N/A,DISTRACTED BY OUTSIDE PERSON OBJECT OR EVENT,MD,D6618A98-67AB-40B6-9E8B-246BEF48E46B,DISABLING,TWELVE OCLOCK,(SPORT) UTILITY VEHICLE,ACCELERATING,North,25,No,No,2015,NISSAN,ROGUE,39.18985283,-77.24399817,""(39.18985283, -77.24399817)"""
"MCP2855004M,230056511,Montgomery County Police,Injury Crash,09/23/2023 04:40:00 PM,Maryland (State),UNIVERSITY BLVD W,SUTHERLAND RD,,N/A,,SAME DIRECTION RIGHT TURN,RAINING,WET,DAYLIGHT,NO CONTROLS,N/A,,C38DD8A8-D35A-42BC-A176-B689DE4983FB,Yes,NO APPARENT INJURY,""RAIN, SNOW, WET"",UNKNOWN,,678010FD-F75F-4CBB-B39F-E24260C4AEF3,FUNCTIONAL,TWO OCLOCK,UNKNOWN,MOVING CONSTANT SPEED,West,40,No,No,0,UNKNOWN,UNKNOWN,39.02004167,-77.01289333,""(39.02004167, -77.01289333)"""
"EJ7843000D,230055547,Gaithersburg Police Depar,Property Damage Crash,09/18/2023 11:36:00 AM,,,,PARKING LOT OF 600 N FREDERICK AVE,,,OTHER,CLEAR,,DAYLIGHT,N/A,UNKNOWN,,B4C75754-67CF-4CC8-B60A-5A0132D94F83,No,NO APPARENT INJURY,N/A,UNKNOWN,,2D134DFB-A715-4BD8-925A-A8BE650781DF,FUNCTIONAL,TWELVE OCLOCK,PASSENGER CAR,UNKNOWN,North,15,No,No,2018,HONDA,HRV,39.15078222,-77.21127772,""(39.15078222, -77.21127772)"""
"EJ786600CW,230063486,Gaithersburg Police Depar,Property Damage Crash,10/30/2023 07:20:00 PM,Maryland (State),GREAT SENECA HWY,SPUR TO SAM EIG HWY,,N/A,,SAME DIR REAR END,CLOUDY,WET,DARK LIGHTS ON,TRAFFIC SIGNAL,NONE DETECTED,,0D7E5244-8E2B-44ED-97BF-3A382C448219,Yes,NO APPARENT INJURY,""N/A, WET"",UNKNOWN,MD,8D9DEA47-7554-4832-A22F-196E6838F78D,DISABLING,TWELVE OCLOCK,PASSENGER CAR,SLOWING OR STOPPING,North,50,No,No,2004,CHRY,SEBRING,39.10803392,-77.2108695,""(39.10803392, -77.2108695)"""
"MCP25280005,230052676,Montgomery County Police,Injury Crash,09/01/2023 03:35:00 PM,County,CLARKSBURG RD,WOODVIEW DR,,N/A,,HEAD ON LEFT TURN,N/A,DRY,DAYLIGHT,NO CONTROLS,NONE DETECTED,,414D3031-5AB1-444C-B5F9-5B59D711CF3C,Yes,POSSIBLE INJURY,N/A,LOOKED BUT DID NOT SEE,MD,986BB664-086C-4017-AA0D-F51EF93F1E56,FUNCTIONAL,FOUR OCLOCK,PASSENGER CAR,MAKING LEFT TURN,North,35,No,No,2021,DODGE,RAM,39.32407595,-77.22942928,""(39.32407595, -77.22942928)"""
"MCP32200045,230056536,Montgomery County Police,Property Damage Crash,09/23/2023 08:14:00 PM,County,SNOUFFERS SCHOOL RD,WOODFIELD RD,,N/A,,STRAIGHT MOVEMENT ANGLE,RAINING,WET,DUSK,FLASHING TRAFFIC SIGNAL,NONE DETECTED,,4004950F-2D42-4615-94F1-9CE3BE222F9C,Yes,NO APPARENT INJURY,""RAIN, SNOW, WET"",NOT DISTRACTED,MD,66B29538-F936-48FC-87C3-67B98681BA67,FUNCTIONAL,THREE OCLOCK,PASSENGER CAR,ACCELERATING,South,35,No,No,2014,CHEVROLET,EQUINOX,39.15873967,-77.16090233,""(39.15873967, -77.16090233)"""
"MCP32510015,230048476,Montgomery County Police,Injury Crash,08/08/2023 09:14:00 PM,Maryland (State),GERMANTOWN RD,CLOPPER RD,,N/A,,SAME DIR REAR END,CLEAR,DRY,DARK LIGHTS ON,TRAFFIC SIGNAL,NONE DETECTED,,603BBC92-C23E-4424-AB04-9B2765AEE70A,No,SUSPECTED MINOR INJURY,N/A,NOT DISTRACTED,MD,CE1B32F0-3091-4FD9-97A5-B3F0FA32D21A,SUPERFICIAL,SIX OCLOCK,PASSENGER CAR,STOPPED IN TRAFFIC LANE,North,40,No,No,2022,TOYOTA,COROLLA,39.16345667,-77.28291,""(39.16345667, -77.28291)"""