Report Number,Local Case Number,Agency Name,ACRS Report Type,Crash Date/Time,Route Type,Road Name,Cross-Street Name,Off-Road Description,Municipality,Related Non-Motorist,Collision Type,Weather,Surface Condition,Light,Traffic Control,Driver Substance Abuse,Non-Motorist Substance Abuse,Person ID,Driver At Fault,Injury Severity,Circumstance,Driver Distracted By,Drivers License State,Vehicle ID,Vehicle Damage Extent,Vehicle First Impact Location,Vehicle Body Type,Vehicle Movement,Vehicle Going Dir,Speed Limit,Driverless Vehicle,Parked Vehicle,Vehicle Year,Vehicle Make,Vehicle Model,Latitude,Longitude,Location
"DM8502000Y,230057712,Takoma Park Police Depart,Property Damage Crash,09/30/2023 03:37:00 PM,Maryland (State),UNIVERSITY BLVD E,MERRIMAC DR,,TAKOMA PARK,,STRAIGHT MOVEMENT ANGLE,N/A,DRY,DAYLIGHT,NO CONTROLS,NONE DETECTED,,DF39C608-0D1B-48AB-959B-691BD816DF86,No,NO APPARENT INJURY,N/A,NOT DISTRACTED,MD,4519EF6E-B9CD-4609-BDAB-EE80E3476E76,SUPERFICIAL,NINE OCLOCK,PASSENGER CAR,N/A,East,5,No,No,1998,HONDA,ODYSSEY,38.99273132,-76.99240448,""(38.99273132, -76.99240448)"""
"MCP26220040,230071890,Montgomery County Police,Property Damage Crash,12/15/2023 12:25:00 PM,,,,PARKING LOT OF 15618 OLD COLUMBIA PIKE,,,OTHER,CLEAR,,DAYLIGHT,N/A,NONE DETECTED,,9D7E7307-92F5-469D-973F-5C906ABAB307,No,NO APPARENT INJURY,N/A,NOT DISTRACTED,MD,494A266D-8108-4398-B993-93E35405981B,SUPERFICIAL,SEVEN OCLOCK,PASSENGER CAR,PARKED,,0,No,Yes,2013,CHEVY,VOLT,39.1126081,-76.9352536,""(39.1126081, -76.9352536)"""
"EJ7781004L,230062060,Gaithersburg Police Depar,Property Damage Crash,10/23/2023 09:00:00 AM,,,,PARKING LOT 15 SCHOOL DR,,,OTHER,CLEAR,,DAYLIGHT,NO CONTROLS,NONE DETECTED,,CAB5BCA0-F81E-40D0-AAF3-D4F05098E461,Yes,NO APPARENT INJURY,N/A,NOT DISTRACTED,MD,7B77AB2A-FB47-4BCD-A9F5-4E71C2F11B24,SUPERFICIAL,TWELVE OCLOCK,SCHOOL BUS,MAKING LEFT TURN,West,15,No,No,2014,THOM,BU,39.1191012,-77.21402238,""(39.1191012, -77.21402238)"""
"MCP2940006P,230058863,Montgomery County Police,Injury Crash,10/06/2023 07:45:00 AM,County,ROCKLEDGE DR,ROCKLEDGE BLVD,,N/A,,SINGLE VEHICLE,CLOUDY,WET,DAYLIGHT,TRAFFIC SIGNAL,NONE DETECTED,,A9CE3FD8-F9AF-4846-ACD9-DC7064F2E8D8,Yes,POSSIBLE INJURY,""N/A, WET"",NOT DISTRACTED,MD,C6015ECC-7230-4C94-BACD-9733D4C226D1,DISABLING,TWELVE OCLOCK,(SPORT) UTILITY VEHICLE,MAKING LEFT TURN,North,35,No,No,2015,FORD,ESCAPE,39.03191408,-77.13162632,""(39.03191408, -77.13162632)"""
"MCP33110014,220033814,Montgomery County Police,Property Damage Crash,08/06/2022 04:38:00 PM,,,,18 MANCHESTER PL,,,OTHER,N/A,,DAYLIGHT,N/A,N/A,,6110B423-3A59-45DC-80BF-85F45F8A70C0,Yes,NO APPARENT INJURY,N/A,UNKNOWN,MD,02B885BE-EDF7-45D1-B1D4-A50CF6ADA39C,DISABLING,ONE OCLOCK,PASSENGER CAR,MOVING CONSTANT SPEED,West,25,No,No,2004,TOYOTA,CAMRY,39.00161228,-77.00830355,""(39.00161228, -77.00830355)"""
"MCP30970030,230051941,Montgomery County Police,Property Damage Crash,08/29/2023 04:54:00 AM,US (State),COLUMBIA PIKE,FAIRLAND RD,,N/A,,SAME DIR REAR END,N/A,N/A,DARK LIGHTS ON,NO CONTROLS,NONE DETECTED,,588F31F7-8C41-4907-A603-D6553948DAD2,Yes,NO APPARENT INJURY,N/A,LOOKED BUT DID NOT SEE,MD,27A2FC9B-CB21-457E-8909-1AE34DF6E42D,FUNCTIONAL,TWELVE OCLOCK,PICKUP TRUCK,MOVING CONSTANT SPEED,South,50,No,No,2012,SUBARU,LEGACY,39.07203833,-76.95695167,""(39.07203833, -76.95695167)"""
"MCP136600CK,230070593,Montgomery County Police,Injury Crash,12/08/2023 12:31:00 PM,County,EAST VILLAGE AVE,DRY RIDGE RD,,N/A,,STRAIGHT MOVEMENT ANGLE,CLEAR,DRY,DAYLIGHT,STOP SIGN,NONE DETECTED,,D68A92FA-42F3-4555-82E5-E1D3BB054426,No,POSSIBLE INJURY,N/A,NOT DISTRACTED,MD,9E06C2EA-69C3-4BBD-9C73-638BBD8F9AE5,DISABLING,TWELVE OCLOCK,PASSENGER CAR,MOVING CONSTANT SPEED,East,30,No,No,2022,NISS,SD,39.18563333,-77.17058,""(39.18563333, -77.17058)"""
"MCP2160001Q,190057324,Montgomery County Police,Property Damage Crash,11/27/2019 03:50:00 PM,,,,""20044 GOSHEN RD, PARKING LOT OF GIANT"",,,UNKNOWN,CLEAR,,DAYLIGHT,N/A,UNKNOWN,,426BE24F-8A61-453A-833F-6F674A1C3BD8,Yes,NO APPARENT INJURY,N/A,UNKNOWN,,85F2DEC7-11A7-4DD1-A0A8-5C3D1A169B69,UNKNOWN,UNKNOWN,PICKUP TRUCK,UNKNOWN,Unknown,15,No,No,2015,DODGE,RAM,39.18649167,-77.18768833,""(39.18649167, -77.18768833)"""
"MCP1174006K,230062923,Montgomery County Police,Property Damage Crash,10/27/2023 04:26:00 PM,Maryland (State),CONNECTICUT AVE,KENSINGTON PKWY,,NORTH CHEVY CHASE,,STRAIGHT MOVEMENT ANGLE,CLEAR,DRY,DAYLIGHT,TRAFFIC SIGNAL,NONE DETECTED,,096B7219-8BFD-4C6E-81A4-08E63148FA69,Yes,NO APPARENT INJURY,N/A,NOT DISTRACTED,MD,FA6CA667-85B3-470E-8EDC-C44754B2FAB1,SUPERFICIAL,FOUR OCLOCK,PICKUP TRUCK,PASSING,West,35,No,No,2020,CHEVY,PICKUP,39.00026667,-77.07662557,""(39.00026667, -77.07662557)"""
"MCP3372001P,230061653,Montgomery County Police,Property Damage Crash,10/20/2023 03:48:00 PM,County,ARCTIC AVE,RUSSETT RD,,N/A,,SAME DIR REAR END,RAINING,WET,DAYLIGHT,STOP SIGN,NONE DETECTED,,774432BB-1AEE-4F04-8DF3-F4DFF94047DB,Yes,NO APPARENT INJURY,""N/A, WET"",LOOKED BUT DID NOT SEE,MD,96FEFE17-54F2-490C-A38B-EE163716FAD2,DISABLING,TWELVE OCLOCK,PASSENGER CAR,MOVING CONSTANT SPEED,East,25,No,No,2018,KIA,SOUL,39.07969833,-77.0973405,""(39.07969833, -77.0973405)"""
"DM8386000B,15057696,TAKOMA,Property Damage Crash,11/12/2015 09:35:00 AM,,,,Parking lot of 7700 Carroll Ave,,,SINGLE VEHICLE,RAINING,,DAYLIGHT,NO CONTROLS,NONE DETECTED,,026DB317-9C8B-4085-94C2-1DD47A10C2B6,Yes,NO APPARENT INJURY,""RAIN, SNOW, WET"",UNKNOWN,MD,DAB6949C-CE3F-4D53-8FF2-84F99978080F,SUPERFICIAL,TWELVE OCLOCK,PASSENGER CAR,PARKING,East,0,No,No,2013,HYUN,4S,39.05332,-76.92878833,""(39.05332, -76.92878833)"""
"MCP2612005H,230064060,Montgomery County Police,Property Damage Crash,11/02/2023 06:50:00 PM,County,PARKLAND DR,GRENOBLE DR,,N/A,,SAME DIRECTION SIDESWIPE,N/A,DRY,DARK LIGHTS ON,NO CONTROLS,ALCOHOL PRESENT,,DD4863A6-14BC-4A67-9388-38FCA35F90DF,Yes,NO APPARENT INJURY,N/A,UNKNOWN,XX,514289BD-2181-4432-B625-C7DFCC3F165D,FUNCTIONAL,ONE OCLOCK,PASSENGER CAR,MAKING LEFT TURN,East,20,No,No,2003,TOYOTA,CAMRY,39.06994436,-77.08771386,""(39.06994436, -77.08771386)"""
"MCP13780161,230060087,Montgomery County Police,Property Damage Crash,10/12/2023 02:27:00 PM,County,TECH RD,OLD COLUMBIA PIKE,,N/A,,SAME DIRECTION SIDESWIPE,CLEAR,DRY,DAYLIGHT,NO CONTROLS,NONE DETECTED,,47502551-1147-4442-8D4C-0579FA76D24B,No,NO APPARENT INJURY,N/A,NOT DISTRACTED,MD,9874307B-84C7-41AD-AE56-970D652C947E,SUPERFICIAL,NINE OCLOCK,SCHOOL BUS,STOPPED IN TRAFFIC LANE,North,30,No,No,2018,FRHT,BUS,39.05677683,-76.96735483,""(39.05677683, -76.96735483)"""
"MCP3174004H,230054902,Montgomery County Police,Property Damage Crash,10/09/2023 08:18:00 AM,County,WATKINS MILL RD,BEGIN BRIDGE,,N/A,,SAME DIR REAR END,CLEAR,DRY,DAYLIGHT,TRAFFIC SIGNAL,NONE DETECTED,,AA4688CC-2003-4F28-9769-A180496AC569,Yes,NO APPARENT INJURY,N/A,LOOKED BUT DID NOT SEE,PA,816F9721-BE00-436B-88C8-6A539A929815,DESTROYED,SIX OCLOCK,PASSENGER CAR,MAKING RIGHT TURN,East,35,No,No,2006,TOYOTA,SOLARA,39.15741717,-77.22291867,""(39.15741717, -77.22291867)"""
"MCP31710028,230062026,Montgomery County Police,Property Damage Crash,10/22/2023 11:00:00 PM,County,MIDDLEBROOK RD,GREAT SENECA HWY,,N/A,,SINGLE VEHICLE,CLEAR,DRY,DARK LIGHTS ON,TRAFFIC SIGNAL,NONE DETECTED,,4456C77E-6B2F-49EC-A24E-D8FE77535F48,Unknown,NO APPARENT INJURY,N/A,UNKNOWN,MD,307D570C-4D07-40D7-9AC1-9137AB71301D,DISABLING,TWELVE OCLOCK,PASSENGER CAR,MOVING CONSTANT SPEED,East,35,No,No,2018,DODG,TK,39.17503,-77.26061167,""(39.17503, -77.26061167)"""
"MCP3269002R,230059035,Montgomery County Police,Property Damage Crash,10/06/2023 08:08:00 PM,County,GRACEFIELD RD,CALVERTON BLVD,,N/A,,OTHER,CLEAR,DRY,DARK LIGHTS ON,NO CONTROLS,NONE DETECTED,,B40058B5-F027-4A7C-99FC-8F2F07F97F4C,No,NO APPARENT INJURY,N/A,NOT DISTRACTED,MD,CF10502F-A90A-460C-AEAE-D13B71398105,FUNCTIONAL,TWELVE OCLOCK,""OTHER LIGHT TRUCKS (10,000LBS (4,536KG) OR LESS)"",PASSING,North,25,No,No,2008,TOYT,TK,39.0569022,-76.95126025,""(39.0569022, -76.95126025)"""
"MCP320000B0,230067807,Montgomery County Police,Property Damage Crash,11/22/2023 11:40:00 AM,County,DEMOCRACY BLVD,WESTLAKE DR,,N/A,,STRAIGHT MOVEMENT ANGLE,CLEAR,DRY,DAYLIGHT,TRAFFIC SIGNAL,NONE DETECTED,,B93F7B4C-5DCD-4F59-B3A4-90525E0AA5F2,Unknown,NO APPARENT INJURY,N/A,UNKNOWN,MD,8F16CFA7-6571-434D-95D5-40CE4625ACD5,FUNCTIONAL,TWELVE OCLOCK,""OTHER LIGHT TRUCKS (10,000LBS (4,536KG) OR LESS)"",MOVING CONSTANT SPEED,West,30,No,No,2015,ISUZU,NPR BOX TRUCK,39.0227235,-77.15003617,""(39.0227235, -77.15003617)"""
"MCP31930055,230068950,Montgomery County Police,Injury Crash,11/29/2023 03:48:00 PM,County,RANDOLPH RD,LIVINGSTON ST,,N/A,,SAME DIRECTION SIDESWIPE,CLEAR,DRY,DAYLIGHT,TRAFFIC SIGNAL,NONE DETECTED,,A1321012-D91D-408B-83F0-A8CABED47A4D,Unknown,POSSIBLE INJURY,N/A,UNKNOWN,MD,D8AC47B4-02E3-45CA-91DB-6763DAE41DEF,DISABLING,ONE OCLOCK,PASSENGER CAR,MOVING CONSTANT SPEED,East,35,No,No,2013,INFI,PC,39.058025,-77.05491667,""(39.058025, -77.05491667)"""
"MCP2270001X,230047929,Montgomery County Police,Property Damage Crash,08/05/2023 10:25:00 AM,Maryland (State),RIVER RD,BEECH TREE RD,,N/A,,SAME DIR REAR END,CLEAR,DRY,DAYLIGHT,NO CONTROLS,NONE DETECTED,,456AA9A3-72BD-468B-9870-B7B61D4599EE,No,NO APPARENT INJURY,""N/A, ROAD UNDER CONSTRUCTION/MAINTENANCE"",NOT DISTRACTED,MD,AC9A2A0A-4903-43A1-940F-98823542CF3C,FUNCTIONAL,SIX OCLOCK,PASSENGER CAR,SLOWING OR STOPPING,West,35,No,No,2002,LNDR,UT,38.98728167,-77.14555833,""(38.98728167, -77.14555833)"""
"MCP2821002Z,230048146,Montgomery County Police,Injury Crash,08/06/2023 10:20:00 PM,County,LEWISBERRY DR,DREXEL HILL CIR,,N/A,,STRAIGHT MOVEMENT ANGLE,RAINING,WET,DARK LIGHTS ON,STOP SIGN,NONE DETECTED,,16AE97F9-1EA1-4A43-B1E0-2723BA9E3A03,No,POSSIBLE INJURY,""RAIN, SNOW, WET"",NOT DISTRACTED,MD,17C46098-36D0-4C10-9C0F-865C0FA26F7E,DISABLING,NINE OCLOCK,PASSENGER CAR,MOVING CONSTANT SPEED,North,30,No,No,2017,HYUNDAI,ACCENT,39.18329183,-77.181478,""(39.18329183, -77.181478)"""
"MCP2739002K,190045361,Montgomery County Police,Property Damage Crash,09/21/2019 11:44:00 PM,County,RUATAN ST,11TH AVE,,N/A,,SAME DIR REND RIGHT TURN,CLEAR,DRY,DARK LIGHTS ON,STOP SIGN,NONE DETECTED,,8FB7701F-3C89-4124-969B-B7BC722CB8DB,No,NO APPARENT INJURY,N/A,NOT DISTRACTED,MD,F2D932B1-106D-4340-8A0D-99AA252EBAC4,FUNCTIONAL,FIVE OCLOCK,TRANSIT BUS,MAKING RIGHT TURN,East,25,No,No,2009,GILLIG,HYBRID,38.99999333,-76.98543167,""(38.99999333, -76.98543167)"""
"EJ78980015,230055913,Gaithersburg Police Depar,Injury Crash,09/20/2023 12:25:00 PM,Municipality,WATKINS MILL RD,FREDERICK RD,,N/A,,SAME DIR REAR END,CLEAR,DRY,DAYLIGHT,TRAFFIC SIGNAL,UNKNOWN,,B4A1F768-89E1-48D3-BBFD-F36ABE354976,Yes,NO APPARENT INJURY,N/A,UNKNOWN,,55DD908E-46F0-486B-8950-ABB50EB1D725,UNKNOWN,TWELVE OCLOCK,UNKNOWN,CHANGING LANES,West,35,No,No,0,UNKNOWN,UNKNOWN,39.15987031,-77.21775217,""(39.15987031, -77.21775217)"""
"MCP2450004L,230048433,Montgomery County Police,Injury Crash,08/08/2023 04:58:00 PM,Maryland (State),QUINCE ORCHARD RD,CHEYENNE RD,,N/A,,STRAIGHT MOVEMENT ANGLE,N/A,DRY,DAYLIGHT,STOP SIGN,N/A,,C99B1235-89D0-4EED-B264-F435C21031FD,No,NO APPARENT INJURY,N/A,NOT DISTRACTED,MD,38B9775B-DA21-41C3-BE43-89E8F7BD670D,DISABLING,ELEVEN OCLOCK,PICKUP TRUCK,MOVING CONSTANT SPEED,South,35,No,No,2022,TOYOTA,TACOMA,39.12473,-77.24711333,""(39.12473, -77.24711333)"""
"MCP2456007Q,230053740,Montgomery County Police,Property Damage Crash,09/08/2023 06:45:00 AM,Maryland (State),NEW HAMPSHIRE AVE,OVERLOOK DR,,N/A,,SAME DIRECTION RIGHT TURN,CLEAR,DRY,DAYLIGHT,NO CONTROLS,UNKNOWN,,C578C6E5-2F63-4671-A0B1-72E325AD0B28,Yes,NO APPARENT INJURY,N/A,UNKNOWN,,5B4B000C-8E89-486B-9115-312B8C81F1C2,SUPERFICIAL,TWO OCLOCK,SCHOOL BUS,MOVING CONSTANT SPEED,North,40,No,No,2020,UNKNOWN,SCHOOL BUS,39.02439471,-76.97953166,""(39.02439471, -76.97953166)"""
"DM85150008,230068434,Takoma Park Police Depart,Property Damage Crash,11/27/2023 12:54:00 AM,,7000 CARROLL AVE,500 TULIP AVE,,N/A,,SINGLE VEHICLE,RAINING,WET,DARK LIGHTS ON,NO CONTROLS,N/A,,2744484C-1583-4D49-A47E-32C2516A6191,Yes,NO APPARENT INJURY,""N/A, WET"",UNKNOWN,XX,7708F487-1FA2-4AD7-8D9F-61BB60CCD346,SUPERFICIAL,TWO OCLOCK,MOTORCYCLE,MOVING CONSTANT SPEED,South,25,No,No,2015,HONDA,CB500F,38.97531,-77.00971667,""(38.97531, -77.00971667)"""
"MCP26080055,230046873,Montgomery County Police,Injury Crash,07/29/2023 09:11:00 PM,Maryland (State),NEW HAMPSHIRE AVE,ADELPHI RD,,N/A,,SAME DIR REAR END,CLEAR,DRY,DARK LIGHTS ON,TRAFFIC SIGNAL,NONE DETECTED,,D24E9971-11A9-42A8-992B-CF0B3D697B83,No,NO APPARENT INJURY,N/A,NOT DISTRACTED,MD,F0C5DBC4-FBFE-43B8-B744-CA5F596B3F52,DISABLING,SIX OCLOCK,PASSENGER CAR,SLOWING OR STOPPING,North,35,No,No,2015,TOYOTA,COROLLA,39.01119667,-76.97899333,""(39.01119667, -76.97899333)"""
"MCP27030036,230058532,Montgomery County Police,Property Damage Crash,10/04/2023 04:43:00 PM,,,,PARKING LOT OF 10001 MCKENNEY AVE,,,STRAIGHT MOVEMENT ANGLE,CLEAR,,DAYLIGHT,N/A,N/A,,9EB1B860-821E-4DDA-8C22-CB9576C82BA0,No,NO APPARENT INJURY,N/A,NOT DISTRACTED,MD,780F4413-9675-445D-8FED-0B3FABA46168,SUPERFICIAL,THREE OCLOCK,PASSENGER CAR,MOVING CONSTANT SPEED,North,0,No,No,2015,NISSAN,ROGUE,39.01500319,-77.04235342,""(39.01500319, -77.04235342)"""
"MCP3150000L,180050037,Montgomery County Police,Injury Crash,10/06/2018 04:29:00 PM,County,FAIRLAND RD,E RANDOLPH RD,,N/A,,HEAD ON LEFT TURN,N/A,DRY,DAYLIGHT,TRAFFIC SIGNAL,N/A,,9348567E-D4B2-44A7-8A74-D2CB2C7CF20A,No,SUSPECTED MINOR INJURY,N/A,UNKNOWN,MD,8E1ADA45-1F1E-456A-A6F7-4663C6347B66,DISABLING,TWELVE OCLOCK,PASSENGER CAR,MOVING CONSTANT SPEED,South,40,No,No,2004,SUBARU,IMPREZA,39.07543309,-76.99393031,""(39.07543309, -76.99393031)"""
"HA23250003,23002427,Maryland-National Capital,Property Damage Crash,12/28/2023 08:15:00 PM,,,,""VEH. LEFT ROADWAY, STRUCK 3 LARGE ROCKS"",,,SINGLE VEHICLE,N/A,,DARK NO LIGHTS,N/A,N/A,,B9C4F4F2-A02C-4435-982A-8EC76EDA8153,Yes,NO APPARENT INJURY,""N/A, WET"",NOT DISTRACTED,MD,474B7971-9DCE-4FC4-BF5B-3144281C3E51,DISABLING,ONE OCLOCK,PASSENGER CAR,MOVING CONSTANT SPEED,North,25,No,No,2021,HONDA,ACCORD,39.20637517,-77.28360217,""(39.20637517, -77.28360217)"""
"MCP2941004Q,230032042,Montgomery County Police,Property Damage Crash,08/03/2023 01:13:00 PM,,,,PARKING LOT OF 20101 SWALLOW POINT RD,,,OTHER,CLEAR,,DAYLIGHT,N/A,NONE DETECTED,,40978A98-1D83-408D-A395-75F40EA55F05,No,NO APPARENT INJURY,N/A,NOT DISTRACTED,VA,7DD13237-AF9E-453C-A7B1-39D7DAB15C7A,SUPERFICIAL,SIX OCLOCK,PASSENGER CAR,PARKED,,10,No,Yes,2003,MERZ,4D,39.1700851,-77.19439708,""(39.1700851, -77.19439708)"""
"MCP9390002K,230058133,Montgomery County Police,Property Damage Crash,10/02/2023 05:06:00 PM,,,,""PARKING LOT OF 16541 S FREDERICK AVE, GAITHERSBURG MD"",,,SAME DIR REAR END,CLEAR,,DAYLIGHT,N/A,N/A,,5BCB551A-90A7-4C29-95B1-6E378358B3CD,Yes,NO APPARENT INJURY,N/A,UNKNOWN,MD,9AD86835-B322-4BFA-9593-245B2896C8CA,FUNCTIONAL,ELEVEN OCLOCK,PASSENGER CAR,SLOWING OR STOPPING,West,0,No,No,2008,GMC,SIERRA,39.127085,-77.183965,""(39.127085, -77.183965)"""
"MCP3317001B,230058184,Montgomery County Police,Property Damage Crash,10/02/2023 09:47:00 PM,Maryland (State),PINEY BRANCH RD,NO NAME,,N/A,,OTHER,CLEAR,DRY,DARK LIGHTS ON,NO CONTROLS,NONE DETECTED,,F5084C68-617D-4611-8184-DD3BCA103079,No,NO APPARENT INJURY,N/A,NOT DISTRACTED,MD,8D1762FE-2414-4C50-BF08-DA9512D79DD5,FUNCTIONAL,NINE OCLOCK,PASSENGER CAR,STOPPED IN TRAFFIC LANE,West,15,No,No,1998,TOYT,4D,39.00135333,-76.98572,""(39.00135333, -76.98572)"""
"MCP2895002Y,230034240,Montgomery County Police,Property Damage Crash,07/18/2023 04:30:00 PM,County,AMARANTH DR,MIDDLEBROOK RD,,N/A,,SAME DIRECTION RIGHT TURN,N/A,DRY,DAYLIGHT,STOP SIGN,NONE DETECTED,,745BF56E-DD02-4351-B52F-09245682B2E6,Unknown,NO APPARENT INJURY,N/A,NOT DISTRACTED,WV,E6777A9A-7BEE-4880-8C3D-7333E22EC548,NO DAMAGE,FIVE OCLOCK,PASSENGER CAR,ACCELERATING,North,25,No,No,2009,WAB,ST,39.17490073,-77.25260184,""(39.17490073, -77.25260184)"""
"MCP3220004D,230066940,Montgomery County Police,Injury Crash,11/17/2023 05:25:00 PM,County,MUDDY BRANCH RD,HARMONY HALL RD,,N/A,,HEAD ON LEFT TURN,CLEAR,DRY,DARK LIGHTS ON,TRAFFIC SIGNAL,NONE DETECTED,,4C8B5E74-B0E0-482F-8299-58074EAD9D41,Yes,NO APPARENT INJURY,N/A,LOOKED BUT DID NOT SEE,MD,D714FDBC-9B0D-4725-A679-5C2C0BAA6166,DISABLING,TWELVE OCLOCK,PASSENGER CAR,MAKING LEFT TURN,South,40,No,No,2019,TOYOTA,HIGHLANDER,39.13689883,-77.20546983,""(39.13689883, -77.20546983)"""
"MCP3048003F,180038090,Montgomery County Police,Property Damage Crash,08/01/2018 09:36:00 AM,Maryland (State),RIVER RD,LITTLE FALLS PKWY,,N/A,,SAME DIR REAR END,CLEAR,DRY,DAYLIGHT,TRAFFIC SIGNAL,N/A,,BA952BE1-B3A9-4B7E-BA2E-E618802B73A8,No,NO APPARENT INJURY,N/A,NOT DISTRACTED,PA,ED996434-39E4-4231-9444-DE663470B93B,DISABLING,SIX OCLOCK,PASSENGER CAR,STOPPED IN TRAFFIC LANE,East,30,No,No,2006,SATURN,ION,38.96378833,-77.10230167,""(38.96378833, -77.10230167)"""
"MCP2923009M,230047739,Montgomery County Police,Property Damage Crash,08/04/2023 07:12:00 AM,Maryland (State),GEORGIA AVE,SHOREFIELD RD,,N/A,,SAME DIR REAR END,RAINING,WET,DAYLIGHT,NO CONTROLS,NONE DETECTED,,6BE7566E-5E4B-42C5-9A11-10C2719FA541,No,NO APPARENT INJURY,""N/A, RAIN, SNOW"",NOT DISTRACTED,MD,FF105334-988C-4C3D-9FB3-3ABB1DA0124D,DISABLING,SIX OCLOCK,(SPORT) UTILITY VEHICLE,SLOWING OR STOPPING,North,35,No,No,2016,HONDA,CRV,39.0531035,-77.05074633,""(39.0531035, -77.05074633)"""
"EJ7898000Z,230053963,Gaithersburg Police Depar,Property Damage Crash,09/09/2023 12:18:00 PM,Maryland (State),FREDERICK RD,ODENDHAL AVE,,GAITHERSBURG,,SAME DIR REAR END,CLEAR,N/A,DAYLIGHT,TRAFFIC SIGNAL,NONE DETECTED,,0B36427D-71E3-4587-85DE-19BAE0043EFC,No,NO APPARENT INJURY,N/A,NOT DISTRACTED,MD,4D57DD9D-49CF-4B97-A168-A9008ABEAC6C,SUPERFICIAL,SIX OCLOCK,PASSENGER CAR,MOVING CONSTANT SPEED,North,30,No,No,1998,JAGU,SD,39.14830733,-77.20676254,""(39.14830733, -77.20676254)"""
"MCP30850041,230048909,Montgomery County Police,Property Damage Crash,08/11/2023 12:50:00 PM,Maryland (State),OLD GEORGETOWN RD,CEDARWOOD DR,,N/A,,SAME DIR REAR END,CLEAR,DRY,DAYLIGHT,N/A,NONE DETECTED,,2F808864-8F1F-4AC9-913A-712A211E9ADB,No,NO APPARENT INJURY,N/A,NOT DISTRACTED,MD,086F8CB1-5CA0-41EC-9108-C8DAD5B91B94,FUNCTIONAL,SIX OCLOCK,PASSENGER CAR,STOPPED IN TRAFFIC LANE,South,35,No,No,2013,LEXUS,TK,39.03633333,-77.123465,""(39.03633333, -77.123465)"""
"MCP33470018,230059522,Montgomery County Police,Property Damage Crash,10/09/2023 05:30:00 PM,,,,PARKING LOT OF 4401 EAST WEST HWY,,,SAME DIR REAR END,CLEAR,,DAYLIGHT,NO CONTROLS,NONE DETECTED,,FCF3AC11-2F9B-4D57-AAC5-E5BB45FE1762,No,NO APPARENT INJURY,N/A,NOT DISTRACTED,MD,72C64C05-4C0E-43FB-A368-BE15406841C1,SUPERFICIAL,SIX OCLOCK,PASSENGER CAR,PARKED,,0,No,Yes,2006,HONDA,CRV,38.98619446,-77.09006384,""(38.98619446, -77.09006384)"""
"MCP2564003K,230051727,Montgomery County Police,Injury Crash,08/27/2023 09:58:00 PM,Municipality,WATKINS MILL RD,EISENHOWER MEMORIAL HWY,,N/A,,STRAIGHT MOVEMENT ANGLE,CLEAR,DRY,DARK LIGHTS ON,TRAFFIC SIGNAL,NONE DETECTED,,A37F9637-4281-4132-9B73-1194215F956D,No,POSSIBLE INJURY,N/A,NOT DISTRACTED,MD,6DA24995-CDDE-4466-8189-7A7277D9FCB7,DISABLING,TEN OCLOCK,PASSENGER CAR,MAKING LEFT TURN,North,35,No,No,2009,HONDA,CIVIC,39.15677333,-77.22451333,""(39.15677333, -77.22451333)"""
"MCP33620024,230065513,Montgomery County Police,Property Damage Crash,11/10/2023 07:08:00 AM,County,BRADDOCK RD,PAULA DR,,N/A,,OPPOSITE DIR BOTH LEFT TURN,RAINING,WET,DAWN,STOP SIGN,NONE DETECTED,,BF14EF75-9ECB-4C80-A4F8-7EECDFFD58CA,Yes,NO APPARENT INJURY,""RAIN, SNOW, WET"",NOT DISTRACTED,MD,A35DBA31-8E8C-4220-8B79-3B780BEF6261,SUPERFICIAL,SEVEN OCLOCK,PASSENGER CAR,MAKING LEFT TURN,West,25,No,No,2021,TOYT,RAV4,39.04521,-76.991295,""(39.04521, -76.991295)"""
"MCP3145003S,230049356,Montgomery County Police,Property Damage Crash,08/14/2023 10:00:00 AM,Maryland (State),UNIVERSITY BLVD E,COLESVILLE RD,,N/A,,SAME DIRECTION LEFT TURN,CLEAR,DRY,DAYLIGHT,TRAFFIC SIGNAL,NONE DETECTED,,A1906B83-706C-4EFC-BC7C-193410B1DA33,Yes,NO APPARENT INJURY,N/A,LOOKED BUT DID NOT SEE,MD,77D819CF-3F9D-4EA8-B96D-34559DC32DF3,FUNCTIONAL,SEVEN OCLOCK,POLICE VEHICLE/EMERGENCY,CHANGING LANES,West,35,No,No,2018,FORD,4S,39.02049167,-77.01300333,""(39.02049167, -77.01300333)"""
"DM8479000T,210020119,Takoma Park Police Depart,Property Damage Crash,05/27/2021 07:40:00 PM,,,,IN PARKING LOT,,,OTHER,CLEAR,,DAYLIGHT,NO CONTROLS,UNKNOWN,,E71C7734-35DE-46D3-B8ED-1AE52319434D,Unknown,NO APPARENT INJURY,N/A,UNKNOWN,,507C8AA4-646C-4AF5-9A8C-EF5405AD9960,UNKNOWN,ELEVEN OCLOCK,PASSENGER CAR,STARTING FROM PARKED,North,5,No,No,2014,TOYOTA,COROLLA,38.98765667,-76.987545,""(38.98765667, -76.987545)"""