Report Number,Local Case Number,Agency Name,ACRS Report Type,Crash Date/Time,Route Type,Road Name,Cross-Street Name,Off-Road Description,Municipality,Related Non-Motorist,Collision Type,Weather,Surface Condition,Light,Traffic Control,Driver Substance Abuse,Non-Motorist Substance Abuse,Person ID,Driver At Fault,Injury Severity,Circumstance,Driver Distracted By,Drivers License State,Vehicle ID,Vehicle Damage Extent,Vehicle First Impact Location,Vehicle Body Type,Vehicle Movement,Vehicle Going Dir,Speed Limit,Driverless Vehicle,Parked Vehicle,Vehicle Year,Vehicle Make,Vehicle Model,Latitude,Longitude,Location
"MCP3238002R,230055381,Montgomery County Police,Injury Crash,09/17/2023 01:42:00 PM,US (State),COLESVILLE RD,NOYES DR,,N/A,,HEAD ON LEFT TURN,N/A,DRY,DAYLIGHT,NO CONTROLS,NONE DETECTED,,38E4DCFA-C3CF-4D1F-9C81-727E33F337BE,Yes,NO APPARENT INJURY,N/A,NOT DISTRACTED,MD,2D1858C0-49A6-4ABC-B210-16E20F3D5966,DISABLING,TWELVE OCLOCK,PASSENGER CAR,MAKING LEFT TURN,North,35,No,No,2019,LEXS,TK,39.00010033,-77.02586867,""(39.00010033, -77.02586867)"""
"MCP295400DK,230050755,Montgomery County Police,Injury Crash,08/22/2023 06:34:00 PM,US (State),COLUMBIA PIKE,GREENCASTLE RD,,N/A,,SAME DIR REAR END,CLEAR,DRY,DAYLIGHT,TRAFFIC SIGNAL,NONE DETECTED,,112493CF-8200-432D-A758-C39EC525A2CD,No,POSSIBLE INJURY,N/A,NOT DISTRACTED,MD,A4C1CE50-FD84-4FC7-9466-043B9838491A,SUPERFICIAL,SIX OCLOCK,PASSENGER CAR,SLOWING OR STOPPING,South,40,No,No,2004,NISSAN,ALTIMA,39.09647833,-76.937705,""(39.09647833, -76.937705)"""
"MCP235800BW,230062610,Montgomery County Police,Injury Crash,10/26/2023 06:30:00 AM,County,MACARTHUR BLVD,SANGAMORE RD,,N/A,BICYCLIST,STRAIGHT MOVEMENT ANGLE,CLEAR,DRY,DARK LIGHTS ON,TRAFFIC SIGNAL,NONE DETECTED,NONE DETECTED,D24833D0-3575-4C9F-B462-59CC82FBAFB6,Yes,NO APPARENT INJURY,N/A,NOT DISTRACTED,VA,EFF778AF-15FB-4EDD-89A7-AF86B1F36286,SUPERFICIAL,TWELVE OCLOCK,PASSENGER CAR,MAKING LEFT TURN,South,35,No,No,2012,HYUNDAI,ACCENT,38.96858,-77.13904,""(38.96858, -77.13904)"""
"DM85030015,230069170,Takoma Park Police Depart,Injury Crash,11/30/2023 05:18:00 PM,Municipality,POPLAR AVE,4TH AVE,,TAKOMA PARK,,OTHER,CLEAR,DRY,DARK LIGHTS ON,N/A,N/A,,ECF1F14A-865E-41A2-BD20-A5D0BF89934B,Unknown,POSSIBLE INJURY,N/A,UNKNOWN,MD,9EDD8EA7-E05F-4C35-8004-A4F797920AE1,DESTROYED,TWELVE OCLOCK,PASSENGER CAR,MOVING CONSTANT SPEED,West,35,No,No,2018,NISSAN,VERSA,38.97095167,-77.00097,""(38.97095167, -77.00097)"""
"DD5628005M,230061055,Rockville Police Departme,Property Damage Crash,10/17/2023 12:30:00 PM,Maryland (State),ROCKVILLE PIKE,SPUR TO MD 28,,N/A,,SAME DIR REAR END,CLOUDY,DRY,DAYLIGHT,TRAFFIC SIGNAL,NONE DETECTED,,F9132AB2-C1B1-4EE1-B1FB-4D38AC4BCA44,No,NO APPARENT INJURY,N/A,NOT DISTRACTED,MD,A04F807F-7648-41A6-84C5-022B5BA46606,FUNCTIONAL,SIX OCLOCK,PASSENGER CAR,SLOWING OR STOPPING,South,30,No,No,2007,HOND,2S,39.08143572,-77.14553794,""(39.08143572, -77.14553794)"""
"MCP2656006Z,230029328,Montgomery County Police,Property Damage Crash,06/18/2023 07:30:00 PM,,,,22702 GOSNELL FARM ROAD (711),,,OTHER,CLEAR,,DAYLIGHT,N/A,N/A,,0BD7F4DA-D4FB-4381-8D94-53A0D44B5C1F,No,NO APPARENT INJURY,N/A,NOT DISTRACTED,MD,D0A69518-CB8E-4266-8967-52DEC2CD25A8,SUPERFICIAL,TWELVE OCLOCK,PASSENGER CAR,PARKED,,10,No,Yes,2022,TOYT,SD,39.22849933,-77.28992733,""(39.22849933, -77.28992733)"""
"DM8462000B,180014054,Takoma Park Police Depart,Property Damage Crash,03/21/2018 12:56:00 PM,Maryland (State),NEW HAMPSHIRE AVE,KIRKLYNN AVE,,TAKOMA PARK,,STRAIGHT MOVEMENT ANGLE,SNOW,WET,N/A,N/A,NONE DETECTED,,AF278241-20F1-4DC3-8D09-86F60DE131F8,Yes,NO APPARENT INJURY,N/A,NOT DISTRACTED,MD,FDD60FF6-2479-48C1-8AD4-F368DEC08C0D,FUNCTIONAL,ONE OCLOCK,PASSENGER CAR,MOVING CONSTANT SPEED,East,35,No,No,2006,TOYT,PRIUS,38.989621,-77.001351,""(38.989621, -77.001351)"""
"MCP31150070,230064398,Montgomery County Police,Property Damage Crash,11/04/2023 12:40:00 PM,,,,13900 BLOCK OF CASTLE BLVD,,,OTHER,CLEAR,,DAYLIGHT,N/A,N/A,,2B86092F-6D16-4758-A132-139B4C669CEF,Yes,NO APPARENT INJURY,N/A,NOT DISTRACTED,MD,51273B13-474F-4467-A51B-82424C63292A,DISABLING,TWELVE OCLOCK,VAN,MAKING LEFT TURN,North,35,No,No,2020,DODGE,VAN,39.0837085,-76.9414235,""(39.0837085, -76.9414235)"""
"MCP30910046,230062516,Montgomery County Police,Injury Crash,10/25/2023 02:00:00 PM,Maryland (State),FREDERICK RD,E GUDE DR,,N/A,,SAME DIRECTION SIDESWIPE,CLEAR,DRY,DAYLIGHT,NO CONTROLS,N/A,,44F2F5D6-0416-405F-A6F8-918EA2A28A89,Yes,NO APPARENT INJURY,N/A,UNKNOWN,MD,DE659897-0BB7-4DEC-95D0-29B3966C9ACE,SUPERFICIAL,THREE OCLOCK,PASSENGER CAR,MOVING CONSTANT SPEED,North,40,No,No,2021,KIA,FORTE,39.1055285,-77.15730833,""(39.1055285, -77.15730833)"""
"MCP2966006R,230046514,Montgomery County Police,Property Damage Crash,07/27/2023 06:23:00 PM,Interstate (State),EISENHOWER MEMORIAL HWY,MILE MARKER 20.0,,N/A,,SAME DIR REAR END,RAINING,N/A,N/A,NO CONTROLS,NONE DETECTED,,4C5C5B00-4C95-4590-9588-7C2B8289EBB1,No,NO APPARENT INJURY,""N/A, RAIN, SNOW"",NOT DISTRACTED,MD,57192CD6-B841-45D6-8D5F-DB031BBFC6FE,SUPERFICIAL,SIX OCLOCK,POLICE VEHICLE/NON EMERGENCY,SLOWING OR STOPPING,North,65,No,No,2018,CHEVROLET,SUBURBAN,39.25834546,-77.30619847,""(39.25834546, -77.30619847)"""
"MCP33290022,230059157,Montgomery County Police,Property Damage Crash,10/07/2023 05:02:00 PM,US (State),COLUMBIA PIKE,FAIRLAND RD,,N/A,,HEAD ON LEFT TURN,CLEAR,DRY,DAYLIGHT,TRAFFIC SIGNAL,NONE DETECTED,,A9E7A6C1-FEBA-4AF8-8E7A-0F37E3438EEC,No,NO APPARENT INJURY,N/A,NOT DISTRACTED,MD,68CB9BEB-95B8-4D84-AAC5-486F8F3F5A31,DISABLING,TWELVE OCLOCK,PASSENGER CAR,MOVING CONSTANT SPEED,North,55,No,No,2023,TESLA,Y,39.073161,-76.955598,""(39.073161, -76.955598)"""
"MCP28450089,230073103,Montgomery County Police,Injury Crash,12/22/2023 10:00:00 AM,Interstate (State),CAPITAL BELTWAY,EXIT #28,,N/A,,SAME DIR REAR END,CLEAR,DRY,DAYLIGHT,NO CONTROLS,NONE DETECTED,,4E7A1C20-46BD-4B77-8F02-525D0C32291B,No,SUSPECTED MINOR INJURY,N/A,NOT DISTRACTED,MD,84065C7A-5BB2-41BD-BC6C-838829C67F8A,DESTROYED,SIX OCLOCK,(SPORT) UTILITY VEHICLE,MOVING CONSTANT SPEED,West,55,No,No,2018,MAZDA,CX5,39.01840888,-76.99121145,""(39.01840888, -76.99121145)"""
"MCP3274001R,230034495,Montgomery County Police,Property Damage Crash,07/20/2023 07:36:00 AM,Maryland (State),ROCKVILLE PIKE,SECURITY LA,,N/A,,SAME DIR REAR END,N/A,DRY,DAYLIGHT,TRAFFIC SIGNAL,NONE DETECTED,,50692747-3EE1-4C56-B3B9-B519037F501D,Yes,NO APPARENT INJURY,N/A,INATTENTIVE OR LOST IN THOUGHT,PA,606436EA-960A-4379-B651-76BF07E8FA4D,DISABLING,TWELVE OCLOCK,""OTHER LIGHT TRUCKS (10,000LBS (4,536KG) OR LESS)"",MOVING CONSTANT SPEED,South,35,No,No,2019,NISS,VN,39.04171767,-77.11037917,""(39.04171767, -77.11037917)"""
"MCP94420030,230023213,Montgomery County Police,Property Damage Crash,05/15/2023 08:08:00 AM,,,,PARKING LOT OF 17701 MUNCASTER ROAD,,,OTHER,N/A,,DAYLIGHT,NO CONTROLS,NONE DETECTED,,B0E0BFC3-5061-404E-BF72-45400D8D7407,Yes,NO APPARENT INJURY,N/A,NOT DISTRACTED,MD,D602E136-42F1-4E8B-AAD9-24CF4C89FD56,SUPERFICIAL,ONE OCLOCK,PASSENGER CAR,PASSING,North,10,No,No,2006,TOYOTA,SIENNA,39.14552365,-77.14338289,""(39.14552365, -77.14338289)"""
"MCP3201004W,230064699,Montgomery County Police,Property Damage Crash,10/26/2023 07:40:00 PM,Municipality,MONROE ST,FLEET ST,,ROCKVILLE,,SAME DIR REND LEFT TURN,CLEAR,DRY,DARK LIGHTS ON,TRAFFIC SIGNAL,NONE DETECTED,,E2E25B62-5D73-4EE0-9A74-CE2A93D1FB03,No,NO APPARENT INJURY,N/A,NOT DISTRACTED,MD,0DB509A5-9DFC-443C-9DC6-C9E6FB8CA2A3,FUNCTIONAL,SIX OCLOCK,PASSENGER CAR,MAKING LEFT TURN,South,25,No,No,2013,BMW,328I,39.0811294,-77.1497183,""(39.0811294, -77.1497183)"""
"MCP913000G5,230034860,Montgomery County Police,Injury Crash,07/22/2023 06:28:00 AM,US (State),COLESVILLE RD,SOUTHWOOD AVE,,N/A,,SAME DIR REAR END,CLEAR,DRY,DAYLIGHT,NO CONTROLS,NONE DETECTED,,4A13A249-6C2E-483F-A6F6-5D632824950B,Yes,SUSPECTED MINOR INJURY,N/A,LOOKED BUT DID NOT SEE,MD,44F12629-A05B-4219-A9A3-68DE29298A35,DISABLING,TWELVE OCLOCK,PASSENGER CAR,MOVING CONSTANT SPEED,South,40,No,No,2017,TOYOTA,PRIUS,39.02691717,-77.0105285,""(39.02691717, -77.0105285)"""
"MCP3372001V,230065250,Montgomery County Police,Property Damage Crash,11/10/2023 08:24:00 PM,Maryland (State),GEORGIA AVE,MAY ST,,N/A,,SAME DIR REAR END,CLEAR,DRY,DARK LIGHTS ON,TRAFFIC SIGNAL,UNKNOWN,,EE17C35B-6F03-437D-A3B3-44B56382E57E,Yes,NO APPARENT INJURY,N/A,UNKNOWN,,928F1DA7-45EE-4AD9-B8CA-BFFC974EDD89,FUNCTIONAL,TWELVE OCLOCK,PASSENGER CAR,MOVING CONSTANT SPEED,South,35,No,No,2015,HONDA,ACCORD,39.0724598,-77.06486034,""(39.0724598, -77.06486034)"""
"MCP27610051,230069444,Montgomery County Police,Property Damage Crash,12/02/2023 09:45:00 AM,Maryland (State),CLOPPER RD,MATENEY RD,,N/A,,SAME DIR REAR END,CLOUDY,WET,DAYLIGHT,NO CONTROLS,NONE DETECTED,,FEBCB30E-B954-4A10-88D1-950D0172F557,Yes,NO APPARENT INJURY,""N/A, WET"",UNKNOWN,MD,0A29A781-8F63-4AC0-92F6-F4B248BE9FD8,SUPERFICIAL,TWELVE OCLOCK,PASSENGER CAR,MOVING CONSTANT SPEED,East,35,No,No,2021,HONDA,ACCORD,39.15673617,-77.26732333,""(39.15673617, -77.26732333)"""
"MCP1205009R,230057634,Montgomery County Police,Property Damage Crash,09/30/2023 07:11:00 AM,Maryland (State),EAST WEST HWY,ELLINGSON DR,,N/A,,STRAIGHT MOVEMENT ANGLE,CLOUDY,DRY,DAWN,STOP SIGN,NONE DETECTED,,4B08315F-D0E7-4DE1-A352-BE7F2192299E,No,NO APPARENT INJURY,N/A,NOT DISTRACTED,MD,B8A6B5C7-6A74-48FA-9272-22E6DA0CC6A1,DISABLING,ONE OCLOCK,PASSENGER CAR,MOVING CONSTANT SPEED,West,30,No,No,2018,TOYOTA,C-HR,38.99244,-77.056055,""(38.99244, -77.056055)"""
"MCP3228005J,230070905,Montgomery County Police,Property Damage Crash,12/10/2023 11:30:00 AM,US (State),COLUMBIA PIKE,INDUSTRIAL PKWY,,N/A,,SAME DIR REAR END,RAINING,WET,DAYLIGHT,TRAFFIC SIGNAL,NONE DETECTED,,EBE7AE80-3C11-4272-B92B-CFFFE07799E1,Yes,NO APPARENT INJURY,""RAIN, SNOW, WET"",LOOKED BUT DID NOT SEE,MD,97A60F1D-58BA-4BF2-B2FE-7A7EED9C4B52,DISABLING,TWELVE OCLOCK,PASSENGER CAR,SKIDDING,North,50,No,No,2005,TOYT,COROLLA S,39.05594483,-76.971559,""(39.05594483, -76.971559)"""
"HA24200001,23002031,Maryland-National Capital,Property Damage Crash,10/23/2023 06:15:00 AM,,,,""PARKING LOT, SINGLE POLICE VEHICLE"",,,SINGLE VEHICLE,N/A,,DARK NO LIGHTS,N/A,N/A,,EC6DE3AC-3963-4132-87C0-E8B459790900,Yes,NO APPARENT INJURY,""DEBRIS OR OBSTRUCTION, N/A"",NOT DISTRACTED,XX,FEDFC1E1-3394-4D4E-AA56-87CB41DED243,FUNCTIONAL,SIX OCLOCK,POLICE VEHICLE/NON EMERGENCY,PARKING,South,5,No,No,2018,CHRYS,PACIFICA,39.00351554,-77.01449935,""(39.00351554, -77.01449935)"""
"DD5612004C,230057874,Rockville Police Departme,Injury Crash,10/01/2023 02:38:00 PM,Municipality,CHAPMAN AVE,THOMPSON AVE,,ROCKVILLE,,SAME DIRECTION RIGHT TURN,CLEAR,DRY,DAYLIGHT,NO CONTROLS,NONE DETECTED,,C7CFD20C-AA55-4551-8B94-A6FDBB2C845B,Yes,POSSIBLE INJURY,N/A,LOOKED BUT DID NOT SEE,MD,ED015677-68DC-4BB7-AF45-48FD44FBCCDE,DISABLING,ELEVEN OCLOCK,MOTORCYCLE,MOVING CONSTANT SPEED,South,25,No,No,2023,YAMA,SP,39.06018355,-77.12023571,""(39.06018355, -77.12023571)"""
"MCP2780007H,230071164,Montgomery County Police,Injury Crash,12/11/2023 06:30:00 PM,,,,""PARKING LOT OF 20900 FREDERICK ROAD GERMANTOWN, MARYLAND 20876 (MILESTONE SHOPPING CENTER)"",,,STRAIGHT MOVEMENT ANGLE,CLOUDY,,DARK LIGHTS ON,NO CONTROLS,NONE DETECTED,,50006682-A4B8-4A9E-BBDD-6809FC9439CA,Yes,POSSIBLE INJURY,N/A,LOOKED BUT DID NOT SEE,MD,BE239737-0D17-4475-BBE5-E552670376EB,FUNCTIONAL,THREE OCLOCK,(SPORT) UTILITY VEHICLE,MAKING LEFT TURN,West,15,No,No,2009,LEXUS,RX 350,39.20015717,-77.24660567,""(39.20015717, -77.24660567)"""
"MCP30900073,230051408,Montgomery County Police,Property Damage Crash,08/26/2023 02:20:00 AM,Municipality,TEACHERS WAY,GIRARD ST,,GAITHERSBURG,,HEAD ON,CLEAR,DRY,DARK LIGHTS ON,N/A,N/A,,A8F69B9C-0262-4296-B2E5-A9F5DA34ED47,Yes,NO APPARENT INJURY,N/A,INATTENTIVE OR LOST IN THOUGHT,MD,B4E9D744-725F-407C-BFDF-FB3B44C5C76C,DISABLING,TWELVE OCLOCK,PASSENGER CAR,MOVING CONSTANT SPEED,South,25,No,No,2020,TOYOTA,COROLLA,39.14313883,-77.192173,""(39.14313883, -77.192173)"""
"EJ78880050,230054114,Gaithersburg Police Depar,Property Damage Crash,09/10/2023 04:10:00 PM,Maryland (State),GREAT SENECA HWY,ORCHARD RIDGE DR,,GAITHERSBURG,,SAME DIRECTION SIDESWIPE,CLEAR,DRY,DAYLIGHT,NO CONTROLS,NONE DETECTED,,6F345AF3-8BF9-40A7-9EFE-56ABAF537FBE,No,NO APPARENT INJURY,N/A,NOT DISTRACTED,MD,BDD94D09-1BF8-42A2-91A7-A022C8710F03,FUNCTIONAL,EIGHT OCLOCK,PASSENGER CAR,MOVING CONSTANT SPEED,North,50,No,No,2020,FORD,MUSTANG,39.12200976,-77.22768849,""(39.12200976, -77.22768849)"""
"MCP3170003T,230074035,Montgomery County Police,Property Damage Crash,12/28/2023 03:01:00 PM,County,LOCBURY DR,WATERS LANDING DR,,N/A,,SAME DIR REAR END,CLEAR,DRY,DAYLIGHT,STOP SIGN,NONE DETECTED,,D0DD545C-4086-417E-8873-AEA72F1015AF,No,NO APPARENT INJURY,N/A,NOT DISTRACTED,MD,4E5B747C-E424-43B8-8E17-19CB398D277D,SUPERFICIAL,SIX OCLOCK,PASSENGER CAR,STOPPED IN TRAFFIC LANE,North,30,No,No,2007,LEXUS,RX350,39.18954202,-77.26788361,""(39.18954202, -77.26788361)"""
"MCP2871009B,230068115,Montgomery County Police,Property Damage Crash,11/24/2023 08:18:00 PM,Maryland (State),ROCKVILLE PIKE,BEGIN BRIDGE,,N/A,,SAME DIR REAR END,CLEAR,DRY,DARK LIGHTS ON,NO CONTROLS,NONE DETECTED,,3DC529E9-7B4F-433B-A459-2F0B7A53EF04,No,NO APPARENT INJURY,N/A,NOT DISTRACTED,MD,AE70FBB5-B9D3-435C-AFE1-B305539A6EE9,FUNCTIONAL,SIX OCLOCK,PASSENGER CAR,STARTING FROM LANE,South,35,No,No,2010,LEXS,HS250,39.05208,-77.11608333,""(39.05208, -77.11608333)"""
"MCP3009006V,230061811,Montgomery County Police,Injury Crash,10/21/2023 01:25:00 PM,Maryland (State),FREDERICK RD,OXBRIDGE DR,,N/A,,STRAIGHT MOVEMENT ANGLE,CLEAR,DRY,DAYLIGHT,NO CONTROLS,N/A,,170326F0-5021-40EA-AE26-A6860B4569C7,Yes,NO APPARENT INJURY,""BACKUP DUE TO REGULAR CONGESTION, N/A"",NOT DISTRACTED,MD,DA55DBE3-5D7D-4B60-BEE0-C70AF528F436,DISABLING,ONE OCLOCK,PASSENGER CAR,MAKING LEFT TURN,East,45,No,No,2013,VOLKSWAGEN,PASSAT,39.18997246,-77.24147373,""(39.18997246, -77.24147373)"""
"MCP3362001W,230056128,Montgomery County Police,Injury Crash,09/21/2023 02:56:00 PM,US (State),COLESVILLE RD,LORAIN AVE,,N/A,,SAME DIRECTION SIDESWIPE,CLEAR,DRY,DAYLIGHT,NO CONTROLS,NONE DETECTED,,8E10F5DF-48E0-44FB-B30C-3D53F997A4F3,Yes,NO APPARENT INJURY,N/A,NOT DISTRACTED,MD,0BCFE2F3-637E-4536-A89E-E3C0321BFF61,SUPERFICIAL,FIVE OCLOCK,PASSENGER CAR,CHANGING LANES,North,45,No,No,2003,TOYOTA,COROLLA,39.024535,-77.011095,""(39.024535, -77.011095)"""
"MCP3337001X,230057382,Montgomery County Police,Property Damage Crash,09/28/2023 08:03:00 PM,County,CONNECTICUT AVE,GRAND PRE RD,,N/A,,SAME DIR REAR END,CLEAR,DRY,DARK LIGHTS ON,NO CONTROLS,NONE DETECTED,,6A2FB135-90C5-478B-8804-05B329E0BD9C,Yes,NO APPARENT INJURY,N/A,NOT DISTRACTED,MD,0D34757B-DEDD-4973-BE36-3C3834EF6CB9,FUNCTIONAL,TWELVE OCLOCK,PASSENGER CAR,MOVING CONSTANT SPEED,North,30,No,No,2012,HONDA,SONATA,39.08683617,-77.07382067,""(39.08683617, -77.07382067)"""
"EJ7871004Y,210025615,Gaithersburg Police Depar,Property Damage Crash,07/04/2021 12:41:00 AM,,,,""PARKING LOT OF LA VILLA, 18701 N. FREDERICK AVE"",,,OTHER,CLEAR,,DARK LIGHTS ON,NO CONTROLS,N/A,,BF236038-D483-4A6C-9ECB-4FB9563A7698,No,NO APPARENT INJURY,N/A,NOT DISTRACTED,MD,7DC2DDE7-616F-4F5C-9570-7A48470AE989,N/A,SIX OCLOCK,PASSENGER CAR,PARKED,,0,No,Yes,2015,HYUNDAI,2D,39.14003762,-77.1955777,""(39.14003762, -77.1955777)"""
"MCP27650069,230053707,Montgomery County Police,Property Damage Crash,09/07/2023 06:07:00 PM,,,,PARKING LOT OF 10400 WINDRUSH LANE,,,OTHER,CLEAR,,DAYLIGHT,NO CONTROLS,COMBINATION CONTRIBUTED,,EA3AB6AB-BAD9-462B-87C3-317E39252ADC,Yes,NO APPARENT INJURY,N/A,UNKNOWN,MD,5F8B381C-F6A2-4012-AA96-3A2143987895,FUNCTIONAL,SIX OCLOCK,PASSENGER CAR,BACKING,South,5,No,No,2014,HONDA,PILOT,39.14842796,-77.02864716,""(39.14842796, -77.02864716)"""
"DD5567001M,230068858,Rockville Police Departme,Property Damage Crash,11/29/2023 08:39:00 AM,Municipality,ELMCROFT BLVD,REDLAND BLVD,,ROCKVILLE,,SAME DIRECTION SIDESWIPE,CLEAR,DRY,DAYLIGHT,N/A,NONE DETECTED,,728D908E-8093-4767-AC81-1EDA7C80D23C,Yes,NO APPARENT INJURY,N/A,UNKNOWN,MD,2F853057-D0B0-40ED-9C13-D3E8A5C1C71B,SUPERFICIAL,FOUR OCLOCK,SCHOOL BUS,MOVING CONSTANT SPEED,East,20,No,No,2020,THMS,BU,39.11517178,-77.16814628,""(39.11517178, -77.16814628)"""
"MCP13780150,230046261,Montgomery County Police,Property Damage Crash,07/25/2023 12:15:00 PM,County,WELLER RD,WOODEDGE RD,,N/A,,OTHER,CLEAR,DRY,DAYLIGHT,STOP SIGN,NONE DETECTED,,29DFC28C-62DA-4937-B211-E29256C8BF85,Yes,NO APPARENT INJURY,N/A,LOOKED BUT DID NOT SEE,MD,9EDB5454-F80C-4A7E-9015-C0F8D89A9E96,SUPERFICIAL,SIX OCLOCK,VAN,BACKING,South,30,No,No,2018,DODGE,PRO MASTER,39.06499133,-77.06453533,""(39.06499133, -77.06453533)"""
"MCP3337001Q,230048827,Montgomery County Police,Property Damage Crash,08/10/2023 11:14:00 PM,County,GOOD HOPE RD,TWIG RD,,N/A,,N/A,CLEAR,DRY,DARK LIGHTS ON,NO CONTROLS,UNKNOWN,,B6A5D375-5DAC-4FA0-A907-BC5DB2AA8A0D,Yes,NO APPARENT INJURY,N/A,UNKNOWN,,B19EF3EB-AD6B-4892-BCD1-FA1E61892225,FUNCTIONAL,ONE OCLOCK,PASSENGER CAR,UNKNOWN,East,25,Unknown,No,2003,YUKON,GMC,39.09026567,-76.98443633,""(39.09026567, -76.98443633)"""
"MCP2930003L,230053848,Montgomery County Police,Property Damage Crash,09/08/2023 05:05:00 PM,County,FEDERAL ST,FEDERAL CT,,N/A,,OTHER,CLEAR,DRY,DAYLIGHT,N/A,NONE DETECTED,,52A5D39E-D44C-402C-A36E-420BA645C9BC,Yes,NO APPARENT INJURY,N/A,LOOKED BUT DID NOT SEE,MD,EF7B4504-D8F8-412E-B9B7-9D40EF168E19,SUPERFICIAL,FIVE OCLOCK,SCHOOL BUS,MOVING CONSTANT SPEED,South,15,No,No,2014,THOM,BU,39.07033,-77.08642333,""(39.07033, -77.08642333)"""
"MCP33500013,230052223,Montgomery County Police,Property Damage Crash,08/30/2023 01:10:00 PM,Maryland (State),MONTGOMERY AVE,PEARL ST,,N/A,,STRAIGHT MOVEMENT ANGLE,CLEAR,DRY,DAYLIGHT,TRAFFIC SIGNAL,NONE DETECTED,,31D9D161-6A1E-48CD-94E5-19AC1AC32A6A,No,NO APPARENT INJURY,N/A,NOT DISTRACTED,MD,139206AA-9B5E-4BC6-88E2-9FDAAA539DA1,FUNCTIONAL,TWELVE OCLOCK,(SPORT) UTILITY VEHICLE,STARTING FROM LANE,North,20,No,No,2014,HOND,CR-V,38.98365,-77.09195,""(38.98365, -77.09195)"""
"MCP241100CF,230064376,Montgomery County Police,Property Damage Crash,11/04/2023 12:47:00 PM,Maryland (State),NORBECK RD,BALTIMORE RD,,N/A,,SAME DIR REAR END,CLEAR,DRY,DAYLIGHT,TRAFFIC SIGNAL,NONE DETECTED,,F2FCE570-430C-402A-8A9F-F4F6D338EFE3,No,NO APPARENT INJURY,N/A,NOT DISTRACTED,MD,F887CA4B-6420-483D-854B-9C5C14EC0FF1,FUNCTIONAL,SIX OCLOCK,PASSENGER CAR,STOPPED IN TRAFFIC LANE,East,40,No,No,2017,HYUNDAI,SUV,39.09508167,-77.11312667,""(39.09508167, -77.11312667)"""
"MCP29870082,230052677,Montgomery County Police,Injury Crash,09/01/2023 05:14:00 PM,County,BRIGGS CHANEY RD,ENT TO BRIGGS CHANEY SHOPPING CENTER,,N/A,,STRAIGHT MOVEMENT ANGLE,CLEAR,DRY,DAYLIGHT,STOP SIGN,NONE DETECTED,,F54830CE-4DF7-4D03-9A3B-855618EE16C9,No,SUSPECTED MINOR INJURY,N/A,NOT DISTRACTED,MD,4FE4250F-F321-465E-8435-7A0B7E9838F5,DESTROYED,TEN OCLOCK,PASSENGER CAR,MOVING CONSTANT SPEED,West,35,No,No,2013,HONDA,CIVIC,39.084635,-76.95154,""(39.084635, -76.95154)"""
"MCP2962008L,230069303,Montgomery County Police,Injury Crash,12/01/2023 01:35:00 PM,Maryland (State),CLOPPER RD,CINNAMON DR,,N/A,,STRAIGHT MOVEMENT ANGLE,RAINING,WET,DAYLIGHT,STOP SIGN,NONE DETECTED,,95FCFD28-4EA6-4DDB-B899-759861FBABA3,Yes,SUSPECTED MINOR INJURY,""N/A, RAIN, SNOW"",UNKNOWN,MD,BE9713E8-24BF-4409-B9DC-E791FE466C0B,DISABLING,TWELVE OCLOCK,PASSENGER CAR,STARTING FROM LANE,South,25,No,No,2018,HYUNDAI,SONATA,39.15613314,-77.26454295,""(39.15613314, -77.26454295)"""
"MCP3403000B,230070456,Montgomery County Police,Injury Crash,12/07/2023 05:40:00 PM,County,BRIGGS CHANEY RD,ENT TO SHOPPING CENTER,,N/A,PEDESTRIAN,STRAIGHT MOVEMENT ANGLE,CLEAR,DRY,DARK LIGHTS ON,TRAFFIC SIGNAL,NONE DETECTED,NONE DETECTED,26623014-EAA6-492B-A1A3-1BC2A9440089,Unknown,NO APPARENT INJURY,N/A,UNKNOWN,MD,D4E892E2-BF2B-44C7-8E8A-BFC7F6D8368D,NO DAMAGE,ONE OCLOCK,PASSENGER CAR,MAKING RIGHT TURN,South,30,No,No,2006,TOYOTA,COROLLA,39.0823322,-76.94716118,""(39.0823322, -76.94716118)"""
"EJ78730084,230055950,Gaithersburg Police Depar,Property Damage Crash,09/20/2023 02:00:00 PM,,,,""PARKING LOT OF 423 EAST DIAMOND AVE, GAITHERSBURG, MD 20877"",,,OTHER,CLEAR,,DAYLIGHT,NO CONTROLS,UNKNOWN,,01F96E08-69B5-4BEB-A18A-8915C4AB217C,Yes,NO APPARENT INJURY,N/A,NOT DISTRACTED,,D8083018-84D7-438E-9EF5-26F7ECE26AF7,UNKNOWN,SEVEN OCLOCK,PASSENGER CAR,BACKING,South,5,No,No,2021,TOYOTA,COROLLA,39.1415116,-77.18831756,""(39.1415116, -77.18831756)"""