Report Number,Local Case Number,Agency Name,ACRS Report Type,Crash Date/Time,Route Type,Road Name,Cross-Street Name,Off-Road Description,Municipality,Related Non-Motorist,Collision Type,Weather,Surface Condition,Light,Traffic Control,Driver Substance Abuse,Non-Motorist Substance Abuse,Person ID,Driver At Fault,Injury Severity,Circumstance,Driver Distracted By,Drivers License State,Vehicle ID,Vehicle Damage Extent,Vehicle First Impact Location,Vehicle Body Type,Vehicle Movement,Vehicle Going Dir,Speed Limit,Driverless Vehicle,Parked Vehicle,Vehicle Year,Vehicle Make,Vehicle Model,Latitude,Longitude,Location
"MCP2603000Z,170524955,Montgomery County Police,Injury Crash,08/15/2017 12:20:00 PM,County,MOONEY DR,BEECHCRAFT AVE,,N/A,,STRAIGHT MOVEMENT ANGLE,RAINING,WET,DAYLIGHT,NO CONTROLS,N/A,,BF750925-6C52-4F44-A475-CC9735EBABF0,No,NO APPARENT INJURY,""RAIN, SNOW, WET"",NOT DISTRACTED,MD,58AD0BA0-492A-4810-990C-FB6B6BE6ADF5,DISABLING,TWO OCLOCK,PASSENGER CAR,MOVING CONSTANT SPEED,South,25,No,No,1994,CHEV,TK,39.16404167,-77.16350167,""(39.16404167, -77.16350167)"""
"MCP3044006X,230064040,Montgomery County Police,Property Damage Crash,11/02/2023 05:48:00 PM,County,BRIGGS CHANEY RD,ENT TO BRIGGS CHANEY OUTLETS,,N/A,,SAME DIR REAR END,CLEAR,DRY,DAYLIGHT,TRAFFIC SIGNAL,NONE DETECTED,,64AD7CDB-0BF7-4C8B-B8D3-2B8E047355F3,No,NO APPARENT INJURY,N/A,NOT DISTRACTED,MD,DF60F01A-7425-40CC-9996-599956ADFE6E,FUNCTIONAL,SIX OCLOCK,PASSENGER CAR,SLOWING OR STOPPING,East,30,No,No,2023,KIA,K5,39.08208025,-76.94739791,""(39.08208025, -76.94739791)"""
"DD5660000Q,230068281,Rockville Police Departme,Injury Crash,11/26/2023 05:01:00 PM,Maryland (State),ROCKVILLE PIKE,ROLLINS AVE,,ROCKVILLE,PEDESTRIAN,OTHER,RAINING,WET,DAWN,TRAFFIC SIGNAL,NONE DETECTED,NONE DETECTED,58610891-E872-4693-BC03-A81A4AF9F58A,Yes,NO APPARENT INJURY,""N/A, WET"",LOOKED BUT DID NOT SEE,MD,59F67CD9-D775-4530-BF2D-E08013FC8EC6,NO DAMAGE,ONE OCLOCK,PASSENGER CAR,MAKING LEFT TURN,West,35,No,No,2021,TOYT,WG,39.05904737,-77.1217952,""(39.05904737, -77.1217952)"""
"MCP30800047,230072621,Montgomery County Police,Injury Crash,12/19/2023 05:18:00 PM,Maryland (State),GERMANTOWN RD,CLOPPER RD,,N/A,,STRAIGHT MOVEMENT ANGLE,CLEAR,DRY,DARK LIGHTS ON,TRAFFIC SIGNAL,NONE DETECTED,,4F5804CF-4A04-4B25-96C4-141DB7F01B96,Unknown,NO APPARENT INJURY,N/A,UNKNOWN,MD,735159F9-F6B1-4F78-89D6-FF4F9F11D5C9,FUNCTIONAL,THREE OCLOCK,PASSENGER CAR,MOVING CONSTANT SPEED,South,40,No,No,2010,TOYOTA,TK,39.16256728,-77.28275131,""(39.16256728, -77.28275131)"""
"MCP3284001S,230072138,Montgomery County Police,Property Damage Crash,12/17/2023 02:06:00 AM,US (State),COLUMBIA PIKE,RAMP 6 FR BRIGGS CHANEY RD TO US 29 SB,,N/A,,SINGLE VEHICLE,CLEAR,DRY,DARK LIGHTS ON,NO CONTROLS,NONE DETECTED,,6BE694FF-E591-43D3-926A-C3CF35F23A8B,Yes,NO APPARENT INJURY,N/A,NOT DISTRACTED,MD,A3FC6879-6CC1-47CD-8F72-1B612D302CCD,DESTROYED,TWELVE OCLOCK,PASSENGER CAR,MOVING CONSTANT SPEED,East,35,No,No,2016,HYUNDAI,SONATA,39.08421,-76.94732,""(39.08421, -76.94732)"""
"MCP3059003B,180059748,Montgomery County Police,Injury Crash,11/29/2018 07:53:00 PM,County,BEL PRE RD,HOMECREST RD,,N/A,,SAME DIR REAR END,CLEAR,DRY,DARK LIGHTS ON,OTHER,NONE DETECTED,,B3904DF6-3517-4996-B7DF-7B3E384E1F2F,Yes,NO APPARENT INJURY,N/A,UNKNOWN,MD,A03B715B-05C4-4292-B124-49E980BE689B,FUNCTIONAL,SIX OCLOCK,PASSENGER CAR,SLOWING OR STOPPING,East,35,No,No,2015,ACURA,TLX,39.09135833,-77.06622,""(39.09135833, -77.06622)"""
"MCP3256002K,230063814,Montgomery County Police,Property Damage Crash,11/01/2023 03:47:00 PM,US (State),COLUMBIA PIKE,TECH RD,,N/A,,SAME DIR REAR END,CLEAR,DRY,DAYLIGHT,TRAFFIC SIGNAL,NONE DETECTED,,0959588C-7FDF-4295-B741-40866EACF247,No,NO APPARENT INJURY,N/A,NOT DISTRACTED,MD,5E5D6EBF-994D-4C96-95F2-017053DC6EA8,SUPERFICIAL,SIX OCLOCK,PASSENGER CAR,SLOWING OR STOPPING,North,50,No,No,2007,MERC,TK,39.05737883,-76.96847037,""(39.05737883, -76.96847037)"""
"MCP3067002Q,230034846,Montgomery County Police,Property Damage Crash,07/22/2023 02:00:00 AM,Interstate (State),EISENHOWER MEMORIAL HWY,COMUS RD,,N/A,,OTHER,CLEAR,DRY,DARK LIGHTS ON,N/A,NONE DETECTED,,FE585699-AF15-485F-ABB9-33C2E07C67DB,No,NO APPARENT INJURY,N/A,NOT DISTRACTED,MD,6C37BBF1-BEB7-4681-8876-4FFCD0302DD0,FUNCTIONAL,TWELVE OCLOCK,POLICE VEHICLE/NON EMERGENCY,MOVING CONSTANT SPEED,North,55,No,No,2020,DODGE,CHARGER,39.24621429,-77.29753893,""(39.24621429, -77.29753893)"""
"MCP13780159,230048631,Montgomery County Police,Injury Crash,08/09/2023 05:33:00 PM,County,QUINCE ORCHARD RD,DUFIEF MILL RD,,N/A,,SINGLE VEHICLE,CLEAR,DRY,DAYLIGHT,NO CONTROLS,NONE DETECTED,,FA33A064-2FB9-4639-B41F-A597D67B898A,Yes,POSSIBLE INJURY,N/A,ADJUSTING AUDIO AND OR CLIMATE CONTROLS,MD,ACC30480-7B07-4AC1-8C10-D6967FD1C945,DISABLING,ONE OCLOCK,PASSENGER CAR,MOVING CONSTANT SPEED,North,35,No,No,2010,INFI,SD,39.08821496,-77.25018627,""(39.08821496, -77.25018627)"""
"DD5610003V,180015940,Rockville Police Departme,Property Damage Crash,04/02/2018 02:47:00 PM,Municipality,RIDGWAY AVE,LEMAY RD,,ROCKVILLE,,OTHER,FOGGY,DRY,DAYLIGHT,NO CONTROLS,N/A,,E3AA0ABE-7D28-449A-8CD5-A51BC1891F96,Yes,NO APPARENT INJURY,N/A,UNKNOWN,MD,639C1F17-81F0-471D-A7B4-1E7E7B8565E8,FUNCTIONAL,SEVEN OCLOCK,""OTHER LIGHT TRUCKS (10,000LBS (4,536KG) OR LESS)"",SLOWING OR STOPPING,East,25,No,No,2015,MACK,TK,39.06674667,-77.12182,""(39.06674667, -77.12182)"""
"DD5665001Q,230065045,Rockville Police Departme,Property Damage Crash,11/08/2023 07:20:00 AM,Municipality,SADDLE RIDGE LA,WATKINS CIR,,ROCKVILLE,,STRAIGHT MOVEMENT ANGLE,CLEAR,DRY,DAYLIGHT,STOP SIGN,NONE DETECTED,,7C0AAE5D-F480-4D45-9806-ACBC70B763D1,Yes,NO APPARENT INJURY,N/A,LOOKED BUT DID NOT SEE,MD,A749DA4A-929F-4264-B33A-0266650DD55C,FUNCTIONAL,TWELVE OCLOCK,PASSENGER CAR,ACCELERATING,South,25,No,No,2020,JEEP,UT,39.10881227,-77.17209494,""(39.10881227, -77.17209494)"""
"MCP3070001J,200029338,Montgomery County Police,Property Damage Crash,07/28/2020 02:30:00 PM,Maryland (State),WISCONSIN AVE,CORDELL AVE,,N/A,,SAME DIRECTION SIDESWIPE,CLEAR,DRY,DAYLIGHT,NO CONTROLS,N/A,,85B7B3AC-F3C7-4FA5-9605-39F686F95275,Yes,NO APPARENT INJURY,N/A,LOOKED BUT DID NOT SEE,MD,D784CCE4-09AA-4591-B168-FA7C94E7C907,SUPERFICIAL,ELEVEN OCLOCK,PASSENGER CAR,MOVING CONSTANT SPEED,South,25,No,No,2016,MERCEDES,4D,38.99004833,-77.09557833,""(38.99004833, -77.09557833)"""
"MCP32250047,230068361,Montgomery County Police,Injury Crash,11/26/2023 03:15:00 PM,Maryland (State),GEORGIA AVE,WENDY LA,,N/A,,SAME DIRECTION SIDESWIPE,N/A,DRY,DAYLIGHT,NO CONTROLS,NONE DETECTED,,632C1BF8-E362-449A-888A-24117FF1CEBA,Yes,NO APPARENT INJURY,N/A,UNKNOWN,MD,FD70A004-5A35-4737-B2E1-EF298A27664E,DISABLING,ELEVEN OCLOCK,PASSENGER CAR,ACCELERATING,South,35,No,No,2009,HOND,CRV,39.07901667,-77.07304717,""(39.07901667, -77.07304717)"""
"DD56120041,230049400,Rockville Police Departme,Injury Crash,08/14/2023 01:45:00 PM,Municipality,CONGRESSIONAL LA,ROCKVILLE PIKE,,N/A,,STRAIGHT MOVEMENT ANGLE,CLOUDY,DRY,DAYLIGHT,TRAFFIC SIGNAL,NONE DETECTED,,263C67B6-D0D5-4DA5-B4CC-13B412D48CB6,No,NO APPARENT INJURY,N/A,NOT DISTRACTED,VA,1EA0B42B-182E-43DB-8B39-E4D3F26D5940,DISABLING,ONE OCLOCK,PASSENGER CAR,MOVING CONSTANT SPEED,West,25,No,No,2022,AUDI,TK,39.06428,-77.12614,""(39.06428, -77.12614)"""
"MCP3148005N,230068395,Montgomery County Police,Property Damage Crash,11/26/2023 06:38:00 PM,Maryland (State),ROCKVILLE PIKE,TUCKERMAN LA,,N/A,,SAME DIR REAR END,RAINING,WET,DARK LIGHTS ON,TRAFFIC SIGNAL,NONE DETECTED,,6F0FFF9F-5028-4DC5-B8FB-305AD13CAEE6,Yes,NO APPARENT INJURY,""RAIN, SNOW, WET"",LOOKED BUT DID NOT SEE,MD,FDDD1742-814D-42A6-82C4-C6A45E478B4B,SUPERFICIAL,TWELVE OCLOCK,(SPORT) UTILITY VEHICLE,SLOWING OR STOPPING,South,45,No,No,2004,LANDROVER,DISCOVERY,39.02466833,-77.103325,""(39.02466833, -77.103325)"""
"MCP3263003T,230062573,Montgomery County Police,Property Damage Crash,10/25/2023 07:30:00 PM,Maryland (State),BRADLEY BLVD,STRATHMORE ST,,N/A,,SAME DIRECTION SIDESWIPE,CLEAR,DRY,DARK NO LIGHTS,NO CONTROLS,COMBINED SUBSTANCE PRESENT,,5220A01C-DA62-44D2-9D5F-9A276589775D,Yes,NO APPARENT INJURY,N/A,UNKNOWN,MD,1EB25273-BFCD-4B1A-814C-056352B433EE,UNKNOWN,ONE OCLOCK,PASSENGER CAR,MOVING CONSTANT SPEED,East,25,No,No,2014,FORD,FOCUS,38.978195,-77.094515,""(38.978195, -77.094515)"""
"MCP3201004K,230054369,Montgomery County Police,Injury Crash,09/12/2023 07:40:00 AM,Maryland (State),CLARKSBURG RD,RAMP 7 FR MD 121 WB TO IS 270 SB,,N/A,,STRAIGHT MOVEMENT ANGLE,CLEAR,DRY,DAYLIGHT,TRAFFIC SIGNAL,NONE DETECTED,,885F2457-3B4E-42C6-B637-30841FE190F6,Yes,NO APPARENT INJURY,N/A,LOOKED BUT DID NOT SEE,MD,B16DC946-80F8-4AD4-A778-9185CA0C0791,DISABLING,TWELVE OCLOCK,PASSENGER CAR,MAKING LEFT TURN,West,40,No,No,2022,TOYT,UT,39.23360685,-77.28276774,""(39.23360685, -77.28276774)"""
"MCP2620002P,230067847,Montgomery County Police,Injury Crash,11/22/2023 04:05:00 PM,County,ARLINGTON RD,HAMPDEN LA,,N/A,,HEAD ON,CLEAR,DRY,DAYLIGHT,NO CONTROLS,NONE DETECTED,,8176E068-90AB-4CB8-986F-1DBD4D6ECAE4,Yes,POSSIBLE INJURY,N/A,NOT DISTRACTED,MD,901D3974-91EE-4071-9203-904588F2816A,FUNCTIONAL,TWELVE OCLOCK,(SPORT) UTILITY VEHICLE,MOVING CONSTANT SPEED,North,35,No,No,2013,VOLVO,X90,38.98282267,-77.098503,""(38.98282267, -77.098503)"""
"MCP33420014,230047708,Montgomery County Police,Injury Crash,08/03/2023 09:28:00 PM,Maryland (State),GEORGIA AVE,PARKER AVE,,N/A,,SAME DIR REAR END,RAINING,WET,DARK NO LIGHTS,NO CONTROLS,NONE DETECTED,,BA8739D3-7F26-46B4-9231-991E00DA0DDB,No,POSSIBLE INJURY,""RAIN, SNOW, WET"",NOT DISTRACTED,MD,A1E8F3EA-3ADE-4E3F-B063-FC9D129B47C8,SUPERFICIAL,SIX OCLOCK,PASSENGER CAR,MOVING CONSTANT SPEED,North,25,No,No,2013,HYUNDAI,ELANTRA,39.04906367,-77.051853,""(39.04906367, -77.051853)"""
"MCP3074005X,230059733,Montgomery County Police,Property Damage Crash,10/10/2023 07:07:00 PM,,,,PARKING LOT,,,SAME DIR REAR END,CLEAR,,DARK LIGHTS ON,STOP SIGN,N/A,,EA77A7FC-62D9-4E26-8397-1231B6434A10,No,NO APPARENT INJURY,N/A,NOT DISTRACTED,XX,0F4F1C1E-B5CF-496B-A681-88A2E36FB738,FUNCTIONAL,SIX OCLOCK,PASSENGER CAR,STOPPED IN TRAFFIC LANE,South,10,No,No,2005,HONDA,SD,39.0101515,-77.04161033,""(39.0101515, -77.04161033)"""
"MCP3335002B,230058043,Montgomery County Police,Injury Crash,10/02/2023 12:00:00 PM,County,HILLWOOD DR,COLUMBIA PIKE,,N/A,PEDESTRIAN,OTHER,CLEAR,DRY,DAYLIGHT,STOP SIGN,NONE DETECTED,NONE DETECTED,9A7CC81E-BC69-4865-9C40-CF5C1A6A9A86,Yes,NO APPARENT INJURY,N/A,LOOKED BUT DID NOT SEE,MD,066EF5F8-DC3D-4299-8123-8A24D3BC7DB5,NO DAMAGE,TWELVE OCLOCK,PASSENGER CAR,MAKING RIGHT TURN,West,5,No,No,2009,ACUR,TK,39.03164233,-77.00418083,""(39.03164233, -77.00418083)"""
"MCP32300053,230073039,Montgomery County Police,Property Damage Crash,12/21/2023 12:00:00 AM,County,EDNOR RD,WOODALE DR,,N/A,,SAME DIR REAR END,CLEAR,DRY,DARK LIGHTS ON,NO CONTROLS,NONE DETECTED,,34E3B25B-1DD4-4AB0-8866-14BB9F9F0B9E,Yes,NO APPARENT INJURY,N/A,NOT DISTRACTED,MD,1427DFE3-8BDF-41CE-AC53-337D267DC065,DISABLING,TWELVE OCLOCK,PASSENGER CAR,MOVING CONSTANT SPEED,East,35,No,No,2018,HONDA,PILOT,39.13313448,-77.00754329,""(39.13313448, -77.00754329)"""
"MCP26370056,230049721,Montgomery County Police,Property Damage Crash,08/16/2023 09:57:00 AM,Maryland (State),DARNESTOWN RD,DUFIEF DR,,N/A,,STRAIGHT MOVEMENT ANGLE,CLEAR,DRY,DAYLIGHT,STOP SIGN,NONE DETECTED,,B64CECA6-7C5D-4652-93B6-FA2D1085F7A6,Yes,NO APPARENT INJURY,N/A,LOOKED BUT DID NOT SEE,MD,04605345-05CB-40CE-AD32-002F3372AB43,DISABLING,EIGHT OCLOCK,PASSENGER CAR,MAKING LEFT TURN,North,40,No,No,2014,CHEV,4S,39.10667167,-77.23406667,""(39.10667167, -77.23406667)"""
"MCP21810056,230060179,Montgomery County Police,Injury Crash,10/12/2023 07:25:00 PM,County,RANDOLPH RD,GLENMONT CIR #1,,N/A,,SINGLE VEHICLE,CLEAR,DRY,DARK LIGHTS ON,NO CONTROLS,NONE DETECTED,,C5EFD648-D66D-4F2D-A436-8064520A6748,Yes,SUSPECTED SERIOUS INJURY,N/A,UNKNOWN,MD,6EE58C3D-CB81-4D6F-BFB8-AEE6EADAAD31,DISABLING,TWO OCLOCK,MOTORCYCLE,MOVING CONSTANT SPEED,West,40,No,No,1997,SUZUKI,VS8000,39.06016333,-77.046325,""(39.06016333, -77.046325)"""
"MCP1604001M,190037447,Montgomery County Police,Property Damage Crash,08/06/2019 10:30:00 AM,County,CRABBS BRANCH WAY,REDLAND RD,,N/A,,SAME DIRECTION SIDESWIPE,CLEAR,DRY,DAYLIGHT,N/A,NONE DETECTED,,FDC7A9A9-7F74-443B-944D-D1D82C94D8F8,Unknown,NO APPARENT INJURY,N/A,NOT DISTRACTED,MD,DB7E90F8-20A7-4EF8-9E4D-230668F75367,SUPERFICIAL,FIVE OCLOCK,PASSENGER CAR,MOVING CONSTANT SPEED,North,40,No,No,2018,TOYOTA,SIENA,39.1215634,-77.15943277,""(39.1215634, -77.15943277)"""
"DD5665001N,230064393,Rockville Police Departme,Property Damage Crash,11/04/2023 01:55:00 PM,Maryland (State),HUNGERFORD DR,ENT TO FLAGSHIP SHOPPING CTR,,N/A,,STRAIGHT MOVEMENT ANGLE,CLEAR,DRY,DAYLIGHT,TRAFFIC SIGNAL,NONE DETECTED,,E04F5779-84F1-4A5E-833A-1519D811BB27,Yes,NO APPARENT INJURY,N/A,LOOKED BUT DID NOT SEE,MD,E9ED1F15-0618-4974-9A7B-1FC02838458A,DISABLING,ELEVEN OCLOCK,PASSENGER CAR,MAKING RIGHT TURN,South,40,No,No,2016,HOND,4S,39.09440693,-77.15207254,""(39.09440693, -77.15207254)"""
"MCP20590082,230066012,Montgomery County Police,Property Damage Crash,11/13/2023 07:29:00 AM,Maryland (State),CONNECTICUT AVE,JONES BRIDGE RD,,N/A,,SAME DIRECTION SIDESWIPE,CLEAR,DRY,DAYLIGHT,TRAFFIC SIGNAL,UNKNOWN,,CB1D08EB-2253-42A3-B979-A0E7204F242F,Yes,NO APPARENT INJURY,N/A,UNKNOWN,MD,3E022BAA-F30D-4E71-BC02-F25C440B963A,SUPERFICIAL,SEVEN OCLOCK,(SPORT) UTILITY VEHICLE,CHANGING LANES,South,35,No,No,2015,HONDA,TK,39.00001405,-77.07693722,""(39.00001405, -77.07693722)"""
"EJ7781004D,230051434,Gaithersburg Police Depar,Property Damage Crash,08/26/2023 09:08:00 AM,Maryland (State),DARNESTOWN RD,ENT TO POTOMAC VALLEY SHOPPING CTR,,N/A,,HEAD ON LEFT TURN,CLEAR,DRY,DAYLIGHT,TRAFFIC SIGNAL,NONE DETECTED,,3CF8FCEE-8DBE-462C-80F3-462C851F7A47,No,NO APPARENT INJURY,N/A,NOT DISTRACTED,MD,172ADA13-9F3E-4840-A20F-93E23D280C0A,DISABLING,TWELVE OCLOCK,PASSENGER CAR,ACCELERATING,West,40,No,No,2023,VOLK,UT,39.1174087,-77.25083387,""(39.1174087, -77.25083387)"""
"MCP9301001J,170524066,Montgomery County Police,Property Damage Crash,08/10/2017 10:20:00 AM,County,SAM EIG HWY,SPUR FR FIELDS RD,,N/A,,SAME DIR REAR END,N/A,DRY,DAYLIGHT,N/A,N/A,,E6A84936-82F0-4A2D-B87A-F13AC038A18D,Yes,NO APPARENT INJURY,N/A,BY OTHER OCCUPANTS,MD,F9F39B93-26C5-4D84-BCAF-3C60E91598D8,DISABLING,ELEVEN OCLOCK,PASSENGER CAR,SLOWING OR STOPPING,East,55,No,No,2015,NISS,SUV,39.11822333,-77.20520333,""(39.11822333, -77.20520333)"""
"MCP2678004J,230067931,Montgomery County Police,Property Damage Crash,11/23/2023 08:57:00 AM,Maryland (State),CONNECTICUT AVE,RANDOLPH RD,,N/A,,STRAIGHT MOVEMENT ANGLE,CLEAR,DRY,DAYLIGHT,TRAFFIC SIGNAL,N/A,,40376A34-1DBE-43C4-92B1-AB7EA47B4851,No,NO APPARENT INJURY,N/A,NOT DISTRACTED,MD,C3795153-0CF8-469D-B37E-5FFB9B0BFF93,DISABLING,TWELVE OCLOCK,PASSENGER CAR,MOVING CONSTANT SPEED,South,35,No,No,2013,TOYT,4S,39.05732467,-77.07390167,""(39.05732467, -77.07390167)"""
"MCP2966006V,230060524,Montgomery County Police,Injury Crash,10/14/2023 04:45:00 PM,County,CLARKSBURG RD,LEWISDALE RD,,N/A,,HEAD ON,RAINING,WET,N/A,NO CONTROLS,NONE DETECTED,,885E9BA0-9C6E-43D9-A818-016D63EF29FF,Yes,POSSIBLE INJURY,""N/A, RAIN, SNOW"",NOT DISTRACTED,MD,02B6F786-800D-4251-828A-8D13CEB02DCE,DISABLING,ONE OCLOCK,PASSENGER CAR,MOVING CONSTANT SPEED,North,30,No,No,2002,TOYOTA,TACOMA,39.27979667,-77.27512667,""(39.27979667, -77.27512667)"""
"MCP32390036,230058442,Montgomery County Police,Property Damage Crash,10/04/2023 08:54:00 AM,County,LOCKWOOD DR,NEW HAMPSHIRE AVE,,N/A,,SAME DIRECTION RIGHT TURN,CLEAR,DRY,DAYLIGHT,TRAFFIC SIGNAL,NONE DETECTED,,55D48652-22A1-4103-93E5-F2D1896CDFB3,Yes,NO APPARENT INJURY,N/A,LOOKED BUT DID NOT SEE,MD,FE9108B5-BFE7-4D71-B483-7A78831917C2,SUPERFICIAL,TWO OCLOCK,TRANSIT BUS,MOVING CONSTANT SPEED,South,30,No,No,2022,METRO,BUS,39.03913467,-76.9917685,""(39.03913467, -76.9917685)"""
"DD562000B7,230062249,Rockville Police Departme,Property Damage Crash,10/24/2023 07:35:00 AM,Maryland (State),E JEFFERSON ST,MARYLAND AVE,,ROCKVILLE,,STRAIGHT MOVEMENT ANGLE,CLEAR,DRY,DAYLIGHT,TRAFFIC SIGNAL,NONE DETECTED,,95B32B9A-46FB-4D82-903E-62E0224050F0,Unknown,NO APPARENT INJURY,N/A,UNKNOWN,MD,27AE6CB9-2C34-437E-993B-6023C216C773,DISABLING,TWELVE OCLOCK,PASSENGER CAR,MAKING LEFT TURN,West,30,No,No,2015,NISSAN,SENTRA,39.08286898,-77.1511339,""(39.08286898, -77.1511339)"""
"DM8352000N,230054392,Takoma Park Police Depart,Injury Crash,09/12/2023 09:08:00 AM,Maryland (State),NEW HAMPSHIRE AVE,LARCH AVE,,TAKOMA PARK,,STRAIGHT MOVEMENT ANGLE,CLEAR,DRY,DAYLIGHT,TRAFFIC SIGNAL,N/A,,42F4D90E-B5C2-44C5-A80E-AFEC9777286A,No,POSSIBLE INJURY,N/A,NOT DISTRACTED,MD,4BA81177-D724-48C4-B24C-5A85A8514C47,DISABLING,TWELVE OCLOCK,PASSENGER CAR,MOVING CONSTANT SPEED,West,25,No,No,2011,TOYOTA,COROLLA,38.97769141,-76.99190294,""(38.97769141, -76.99190294)"""
"EJ78860038,230061362,Gaithersburg Police Depar,Property Damage Crash,10/19/2023 07:22:00 AM,Municipality,W DEER PARK RD,S FREDERICK RD,,N/A,,SAME DIR REAR END,N/A,DRY,DAYLIGHT,NO CONTROLS,N/A,,53CB84BC-3C35-4A18-99EE-8C8366FA835F,No,NO APPARENT INJURY,N/A,NOT DISTRACTED,MD,C1730117-9053-4DDE-A49C-CA50C23F4926,SUPERFICIAL,SIX OCLOCK,PASSENGER CAR,STOPPED IN TRAFFIC LANE,East,25,No,No,2014,FORD,F150,39.128784,-77.19264467,""(39.128784, -77.19264467)"""
"DD5603009W,230070071,Rockville Police Departme,Injury Crash,12/05/2023 07:00:00 PM,Maryland (State),FREDERICK RD,INDIANOLA DR,,N/A,,SAME DIR REAR END,RAINING,WET,DARK LIGHTS ON,TRAFFIC SIGNAL,NONE DETECTED,,E9C7B276-5CBE-4036-AE4F-B111D862BEE4,No,SUSPECTED MINOR INJURY,N/A,NOT DISTRACTED,MD,A5CA56FD-7242-4CF8-8C42-91C2BF899E40,FUNCTIONAL,SIX OCLOCK,PASSENGER CAR,STOPPED IN TRAFFIC LANE,North,35,No,No,2015,TOYT,4S,39.11240207,-77.16176169,""(39.11240207, -77.16176169)"""
"MCP3145004F,230071785,Montgomery County Police,Property Damage Crash,12/14/2023 06:45:00 PM,Maryland (State),NEW HAMPSHIRE AVE,ELTON RD,,N/A,,SAME DIRECTION RIGHT TURN,CLEAR,DRY,N/A,NO CONTROLS,NONE DETECTED,,7BA9D292-3DDD-40F6-B53E-EABB894FDC00,Yes,NO APPARENT INJURY,N/A,LOOKED BUT DID NOT SEE,MD,547B7CD4-5130-4F05-B399-1318F0AD1470,SUPERFICIAL,TWO OCLOCK,PASSENGER CAR,CHANGING LANES,North,40,No,No,2012,MERZ,SU,39.0212805,-76.97654883,""(39.0212805, -76.97654883)"""
"MCP28440076,230071630,Montgomery County Police,Injury Crash,12/14/2023 07:50:00 AM,Maryland (State),CONNECTICUT AVE,DEAN RD,,N/A,,STRAIGHT MOVEMENT ANGLE,CLEAR,DRY,DAYLIGHT,NO CONTROLS,NONE DETECTED,,8CADE459-E3A7-4F93-994C-06E703277F3A,No,SUSPECTED MINOR INJURY,N/A,NOT DISTRACTED,MD,4A9FAD74-E3AA-4938-9F48-0F6AA4AE4F9A,DESTROYED,TEN OCLOCK,PASSENGER CAR,MOVING CONSTANT SPEED,South,35,No,No,1998,ACURA,INTEGRA,39.06905117,-77.07540333,""(39.06905117, -77.07540333)"""
"DD56630008,230061772,Rockville Police Departme,Injury Crash,10/21/2023 09:08:00 AM,Maryland (State),E JEFFERSON ST,MARYLAND AVE,,ROCKVILLE,,STRAIGHT MOVEMENT ANGLE,CLEAR,DRY,DAYLIGHT,TRAFFIC SIGNAL,NONE DETECTED,,7298A797-C460-4541-B090-E97DDE171F30,Yes,NO APPARENT INJURY,N/A,NOT DISTRACTED,MD,DEE7AD72-9AA4-4E47-9C57-C8B6EC0D1942,DISABLING,ONE OCLOCK,""OTHER LIGHT TRUCKS (10,000LBS (4,536KG) OR LESS)"",ACCELERATING,South,25,No,No,2006,FORD,BOX TRUCK,39.08280823,-77.15106942,""(39.08280823, -77.15106942)"""
"MCP2678000R,15022075,Montgomery County Police,Property Damage Crash,05/09/2015 03:09:00 AM,Maryland (State),INTERCOUNTY CONNECTOR,RAMP 8 FR MD 182 SB TO MD 200 WB,,N/A,,SAME DIR REAR END,CLEAR,DRY,DARK LIGHTS ON,TRAFFIC SIGNAL,NONE DETECTED,,BC66BA91-855A-4B0D-9DA1-5595B976301D,Yes,NO APPARENT INJURY,N/A,LOOKED BUT DID NOT SEE,MD,4EBF3BB6-E710-4A9F-8C49-5F39BEBC6BDE,DISABLING,TWELVE OCLOCK,STATION WAGON,SLOWING OR STOPPING,West,25,No,No,2006,TOYT,TK,39.100115,-77.04138167,""(39.100115, -77.04138167)"""
"DD5652003Z,230067333,Rockville Police Departme,Injury Crash,11/20/2023 06:55:00 AM,Maryland (State),VEIRS MILL RD,DODGE ST,,N/A,,SAME DIR REAR END,CLEAR,DRY,DAYLIGHT,NO CONTROLS,NONE DETECTED,,46CB4212-8883-4154-B70C-9A4A79CD26CA,No,POSSIBLE INJURY,N/A,NOT DISTRACTED,MD,850B5B02-2406-4845-8575-2208C37DD54A,SUPERFICIAL,SIX OCLOCK,PASSENGER CAR,MOVING CONSTANT SPEED,West,30,No,No,2007,CHRY,SD,39.08089339,-77.14289696,""(39.08089339, -77.14289696)"""
"MCP22690021,220030654,Montgomery County Police,Property Damage Crash,07/17/2022 06:14:00 AM,County,SHADY GROVE RD,COMPRINT CT,,N/A,,SAME DIR REAR END,CLEAR,DRY,DAYLIGHT,TRAFFIC SIGNAL,NONE DETECTED,,06327DE8-C98C-46AD-801A-8A11E4D70A65,No,NO APPARENT INJURY,N/A,NOT DISTRACTED,MD,7BB90050-50B2-454F-B5EF-A7ABFEC41136,DISABLING,SIX OCLOCK,PASSENGER CAR,STOPPED IN TRAFFIC LANE,North,35,No,No,2017,LEXS,4H,39.12412391,-77.17994169,""(39.12412391, -77.17994169)"""