Report Number,Local Case Number,Agency Name,ACRS Report Type,Crash Date/Time,Route Type,Road Name,Cross-Street Name,Off-Road Description,Municipality,Related Non-Motorist,Collision Type,Weather,Surface Condition,Light,Traffic Control,Driver Substance Abuse,Non-Motorist Substance Abuse,Person ID,Driver At Fault,Injury Severity,Circumstance,Driver Distracted By,Drivers License State,Vehicle ID,Vehicle Damage Extent,Vehicle First Impact Location,Vehicle Body Type,Vehicle Movement,Vehicle Going Dir,Speed Limit,Driverless Vehicle,Parked Vehicle,Vehicle Year,Vehicle Make,Vehicle Model,Latitude,Longitude,Location
"MCP33290025,230061702,Montgomery County Police,Property Damage Crash,10/20/2023 07:10:00 PM,Maryland (State),NEW HAMPSHIRE AVE,WOLF DR,,N/A,,HEAD ON LEFT TURN,RAINING,WET,DARK LIGHTS ON,TRAFFIC SIGNAL,NONE DETECTED,,ED199A1E-B048-4856-9672-FD6445068552,No,NO APPARENT INJURY,""RAIN, SNOW, WET"",NOT DISTRACTED,MD,6FFCDAFA-6AC4-482A-8ABC-C07827C5D644,DISABLING,ELEVEN OCLOCK,PASSENGER CAR,MOVING CONSTANT SPEED,South,40,No,No,2020,TOYT,SD,39.07314917,-77.00283017,""(39.07314917, -77.00283017)"""
"MCP3163006B,230069499,Montgomery County Police,Injury Crash,12/02/2023 03:36:00 PM,Maryland (State),ROCKVILLE PIKE,EDSON LA,,N/A,,SAME DIRECTION SIDESWIPE,CLEAR,N/A,DUSK,N/A,N/A,,265F5A2E-9B04-4CB7-BBFB-A96C401A23A0,No,NO APPARENT INJURY,N/A,NOT DISTRACTED,MD,04CDCCDB-B5A0-4838-984F-88CCE6D9E7B3,FUNCTIONAL,ONE OCLOCK,PASSENGER CAR,MOVING CONSTANT SPEED,South,35,No,No,2008,HOND,4S,39.03994167,-77.10947333,""(39.03994167, -77.10947333)"""
"MCP2641003F,230060784,Montgomery County Police,Property Damage Crash,10/16/2023 08:00:00 AM,Maryland (State),OLNEY LAYTONSVILLE RD,FIELDCREST RD,,N/A,,SAME DIR REAR END,CLEAR,DRY,DAYLIGHT,NO CONTROLS,NONE DETECTED,,54EF7410-A6C5-4EDD-942F-BC0DABE26C9D,No,NO APPARENT INJURY,N/A,NOT DISTRACTED,MD,6DFB928D-C0A1-46FE-80F3-4BA7F3684AF8,DISABLING,SIX OCLOCK,PASSENGER CAR,SLOWING OR STOPPING,West,40,No,No,2023,NISSAN,LEAF,39.18860667,-77.11981833,""(39.18860667, -77.11981833)"""
"EJ7871006K,230052322,Gaithersburg Police Depar,Injury Crash,08/30/2023 08:16:00 PM,County,MUDDY BRANCH RD,PENSACOLA DR,,GAITHERSBURG,,STRAIGHT MOVEMENT ANGLE,CLEAR,DRY,DARK LIGHTS ON,STOP SIGN,ALCOHOL PRESENT,,333A433B-9E79-4A89-9E41-40FC853A05EB,Yes,NO APPARENT INJURY,N/A,LOOKED BUT DID NOT SEE,XX,EBBB954E-4CA7-4180-B5F3-280A16FE4DBF,DISABLING,TEN OCLOCK,PASSENGER CAR,ACCELERATING,North,35,No,No,2002,ISU,TRUCK,39.13399328,-77.19509405,""(39.13399328, -77.19509405)"""
"MCP28530092,230051884,Montgomery County Police,Property Damage Crash,08/28/2023 04:48:00 PM,,,,""1702 MT. PISGAH LANE, SILVER SPRING, MD"",,,OTHER,CLOUDY,,DAYLIGHT,N/A,N/A,,2C2EC31C-531B-447D-9C77-FEF6A6035FA6,Yes,NO APPARENT INJURY,N/A,NOT DISTRACTED,XX,AB0033D3-B8A3-4A71-8038-D9B8A24A0798,UNKNOWN,TWELVE OCLOCK,PASSENGER CAR,OTHER,Unknown,15,No,No,2021,HYUNDAI,ELANTRA,39.01507333,-76.975615,""(39.01507333, -76.975615)"""
"MCP2863002Q,230024281,Montgomery County Police,Property Damage Crash,05/20/2023 09:00:00 PM,County,LOST KNIFE RD,MONTGOMERY VILLAGE AVE,,N/A,,SAME DIR REAR END,CLEAR,WET,DARK -- UNKNOWN LIGHTING,TRAFFIC SIGNAL,NONE DETECTED,,69A1D22F-1FC4-44D4-9011-840B6268C864,No,NO APPARENT INJURY,""N/A, WET"",NOT DISTRACTED,MD,788C4D09-68FD-4EE8-A251-3A691FF92C96,SUPERFICIAL,SIX OCLOCK,PASSENGER CAR,STOPPED IN TRAFFIC LANE,West,35,No,No,2019,HONDA,4D,39.15833383,-77.204658,""(39.15833383, -77.204658)"""
"MCP2438003H,230051490,Montgomery County Police,Property Damage Crash,08/26/2023 01:57:00 PM,Maryland (State),RIDGE RD,DAVIS MILL RD,,N/A,,HEAD ON LEFT TURN,CLEAR,DRY,DAYLIGHT,NO CONTROLS,NONE DETECTED,,2A0A1FB6-5CDB-4974-9161-77861ED33A57,Yes,NO APPARENT INJURY,N/A,LOOKED BUT DID NOT SEE,MD,95DA181C-AEE1-40D2-981D-48283B7FB450,FUNCTIONAL,ELEVEN OCLOCK,PASSENGER CAR,MAKING LEFT TURN,West,35,No,No,2018,CADILLAC,ESCALADE,39.24085433,-77.23492917,""(39.24085433, -77.23492917)"""
"MCP3031004Z,230064573,Montgomery County Police,Property Damage Crash,11/05/2023 05:50:00 PM,Maryland (State),OLNEY SANDY SPRING RD,MEETING HOUSE RD,,N/A,,SAME DIR REAR END,CLEAR,DRY,DARK LIGHTS ON,TRAFFIC SIGNAL,NONE DETECTED,,D186917A-30D2-40BA-A355-C8E931F74A7A,No,NO APPARENT INJURY,N/A,NOT DISTRACTED,MD,B0371E49-40D9-4565-AA78-98FB536509D3,FUNCTIONAL,SIX OCLOCK,PASSENGER CAR,STOPPED IN TRAFFIC LANE,East,35,No,No,2023,JEEP,UT,39.14947493,-77.02646745,""(39.14947493, -77.02646745)"""
"MCP2875007D,230033398,Montgomery County Police,Injury Crash,07/13/2023 03:52:00 PM,Maryland (State),MAIN ST,WOODFIELD RD,,N/A,,HEAD ON LEFT TURN,CLOUDY,DRY,DAYLIGHT,TRAFFIC SIGNAL,NONE DETECTED,,1FCEC26F-72FC-43E7-BDEF-6B29140D5B2F,No,POSSIBLE INJURY,N/A,NOT DISTRACTED,MD,213E4F46-82C2-4FDD-8981-0BF986D54C9F,DISABLING,TWELVE OCLOCK,PICKUP TRUCK,MOVING CONSTANT SPEED,West,30,No,No,2007,CHEVROLET,SILVERADO,39.28785333,-77.20202833,""(39.28785333, -77.20202833)"""
"MCP3010008F,230034738,Montgomery County Police,Property Damage Crash,07/21/2023 12:09:00 PM,Maryland (State),WISCONSIN AVE,BRADLEY LA,,N/A,,SAME DIRECTION SIDESWIPE,CLEAR,DRY,DAYLIGHT,TRAFFIC SIGNAL,N/A,,1D1A077B-016E-4C78-A819-C12AF6917E11,No,NO APPARENT INJURY,N/A,NOT DISTRACTED,VA,9B91BDF8-0E3F-4F64-B2CE-4060E77F7033,FUNCTIONAL,TEN OCLOCK,PASSENGER CAR,STOPPED IN TRAFFIC LANE,North,35,No,No,2022,DODGE,CHALLENGER,38.98099667,-77.095345,""(38.98099667, -77.095345)"""
"DD5662000K,230060764,Rockville Police Departme,Property Damage Crash,10/15/2023 10:23:00 PM,Maryland (State),FREDERICK RD,KING FARM BLVD,,ROCKVILLE,,HEAD ON LEFT TURN,CLEAR,DRY,DAWN,TRAFFIC SIGNAL,N/A,,420282D4-9014-4775-84DC-2A5CF178D346,Yes,NO APPARENT INJURY,N/A,NOT DISTRACTED,MD,D7EBDE52-F243-486D-AA9B-5526348A7F22,DESTROYED,TWO OCLOCK,PASSENGER CAR,MAKING LEFT TURN,North,35,No,No,2016,ACUR,4S,39.11729958,-77.16915275,""(39.11729958, -77.16915275)"""
"MCP2009002N,230071104,Montgomery County Police,Property Damage Crash,12/11/2023 01:50:00 PM,County,OAKMONT AVE,NO NAME,,N/A,,SAME DIRECTION LEFT TURN,CLEAR,DRY,DAYLIGHT,N/A,NONE DETECTED,,97164A3F-20A2-4E28-84D5-DD6AB2F72969,No,NO APPARENT INJURY,N/A,NOT DISTRACTED,VA,8BAAA7A5-D127-4158-99A2-D70CA9573646,FUNCTIONAL,ELEVEN OCLOCK,PASSENGER CAR,MAKING LEFT TURN,South,30,No,No,2011,TOYOTA,VENZA,38.9742345,-77.113011,""(38.9742345, -77.113011)"""
"MCP31230066,230049088,Montgomery County Police,Injury Crash,08/12/2023 12:09:00 PM,County,SHADY GROVE RD,MT PLEASANT AVE,,N/A,,STRAIGHT MOVEMENT ANGLE,CLEAR,DRY,DAYLIGHT,TRAFFIC SIGNAL,N/A,,A805BF91-B881-42F9-91F9-4B9037BDDB95,No,SUSPECTED MINOR INJURY,N/A,NOT DISTRACTED,MD,4C51C3C7-7F1E-4382-870A-02722752596D,DISABLING,TWELVE OCLOCK,PASSENGER CAR,MOVING CONSTANT SPEED,North,40,No,No,2019,SUBARU,CROSSTEK,39.12063272,-77.18002198,""(39.12063272, -77.18002198)"""
"MCP33200022,230050741,Montgomery County Police,Property Damage Crash,08/22/2023 05:20:00 PM,US (State),COLESVILLE RD,WOODSIDE PKWY,,N/A,,SAME DIRECTION LEFT TURN,CLEAR,DRY,DAYLIGHT,NO CONTROLS,NONE DETECTED,,FFA08B97-B23A-4527-A76E-70F44667054D,Yes,NO APPARENT INJURY,""BACKUP DUE TO REGULAR CONGESTION, N/A"",OTHER DISTRACTION,MD,5021F473-44A1-4019-8907-558BAA30368F,DISABLING,NINE OCLOCK,PASSENGER CAR,CHANGING LANES,North,35,No,No,1999,TOYT,SD,39.00304533,-77.024418,""(39.00304533, -77.024418)"""
"MCP2231000Y,15006759,Montgomery County Police,Property Damage Crash,02/10/2015 11:15:00 AM,,,,PARKING LOT OF 5525 DORSEY LANE,,,UNKNOWN,CLOUDY,,DAYLIGHT,N/A,UNKNOWN,,255128DE-FD26-4395-BA30-19B74F0B2231,Yes,NO APPARENT INJURY,N/A,UNKNOWN,,FB9D5F71-F54A-42F4-8D6F-80729F17585B,UNKNOWN,TWO OCLOCK,PICKUP TRUCK,PARKING,Unknown,0,No,No,2008,HONDA,RIDGELINE,38.96466447,-77.10242629,""(38.96466447, -77.10242629)"""
"MCP3339002W,230061824,Montgomery County Police,Injury Crash,10/21/2023 02:15:00 PM,County,EVERTON ST,ATHERTON DR,,N/A,,HEAD ON,CLEAR,DRY,DAYLIGHT,NO CONTROLS,NONE DETECTED,,99705EAA-AA3A-4BC3-A0F4-7EE69A2080F5,No,NO APPARENT INJURY,N/A,NOT DISTRACTED,MD,657DF917-6C01-4BC6-8FE3-C3BA2CFDB7E1,DISABLING,TWELVE OCLOCK,(SPORT) UTILITY VEHICLE,SLOWING OR STOPPING,South,25,No,No,2006,ACURA,TK,39.05826683,-77.07633367,""(39.05826683, -77.07633367)"""
"MCP2693000Z,15048879,MONTGOMERY,Property Damage Crash,09/26/2015 03:41:00 PM,,,,Parking lot - 12207 Veirs Mill Rd,,,OTHER,CLEAR,,DAYLIGHT,N/A,NONE DETECTED,,2764DD8E-D36A-41E7-9EAB-7D14EF93256B,Yes,NO APPARENT INJURY,N/A,INATTENTIVE OR LOST IN THOUGHT,MD,BA5BB866-426F-4D6B-80A1-76D17D58E2DA,FUNCTIONAL,NINE OCLOCK,PASSENGER CAR,PARKED,,15,No,Yes,2007,HONDA,CRV,39.05691833,-77.08212833,""(39.05691833, -77.08212833)"""
"MCP27230086,230070689,Montgomery County Police,Injury Crash,12/08/2023 08:12:00 PM,,,,13661 CONNECTICUT AVENUE,,PEDESTRIAN,SINGLE VEHICLE,CLEAR,,DARK LIGHTS ON,NO CONTROLS,NONE DETECTED,NONE DETECTED,22FCA07A-703D-4928-85B5-9D3B1BEA85DB,Yes,NO APPARENT INJURY,N/A,LOOKED BUT DID NOT SEE,MD,731A5F4F-4686-4F37-A17C-2395FAC5B6FF,NO DAMAGE,TWELVE OCLOCK,PASSENGER CAR,MOVING CONSTANT SPEED,North,10,No,No,2021,TOYOTA,COROLLA,39.07786491,-77.07972789,""(39.07786491, -77.07972789)"""
"MCP26080054,230035307,Montgomery County Police,Property Damage Crash,07/24/2023 09:16:00 PM,US (State),COLESVILLE RD,TIMBERWOOD AVE,,N/A,OTHER CONVEYANCE,HEAD ON,CLEAR,DRY,DARK LIGHTS ON,TRAFFIC SIGNAL,NONE DETECTED,N/A,3506970D-D016-499F-8E5F-EDF2348E919E,No,NO APPARENT INJURY,N/A,NOT DISTRACTED,MD,7909C0F6-14D6-4E8B-A0A9-6732DDD60038,NO DAMAGE,NON-COLLISION,PASSENGER CAR,MOVING CONSTANT SPEED,North,35,No,No,2000,HONDA,CRV,39.02419833,-77.011125,""(39.02419833, -77.011125)"""
"MCP285900DW,230055205,Montgomery County Police,Property Damage Crash,09/16/2023 09:30:00 AM,Maryland (State),QUINCE ORCHARD RD,EISENHOWER MEMORIAL HWY,,N/A,,SAME DIR REAR END,CLEAR,DRY,DAYLIGHT,NO CONTROLS,NONE DETECTED,,0579354F-A540-4C21-990D-1C85AB75CD0B,Yes,NO APPARENT INJURY,N/A,UNKNOWN,MD,DF53E3B7-DDB2-4BF7-B9B2-927D97FB13BB,DISABLING,TWELVE OCLOCK,PASSENGER CAR,MOVING CONSTANT SPEED,North,35,No,No,2015,HYUN,GENESIS,39.14855367,-77.21750883,""(39.14855367, -77.21750883)"""
"MCP120500B2,230066639,Montgomery County Police,Property Damage Crash,11/16/2023 08:52:00 AM,County,WOODMONT AVE,MONTGOMERY LA,,N/A,,OTHER,CLEAR,DRY,DAYLIGHT,TRAFFIC SIGNAL,NONE DETECTED,,734B3ACB-F547-4DE2-A91D-C356B0505761,Yes,NO APPARENT INJURY,N/A,NOT DISTRACTED,MD,3E5B3795-13A9-4388-8354-ECD78DD36C22,SUPERFICIAL,SEVEN OCLOCK,TRANSIT BUS,MAKING LEFT TURN,South,25,No,No,2016,GILL,BUS,38.98318667,-77.09574833,""(38.98318667, -77.09574833)"""
"DD56630009,230062941,Rockville Police Departme,Injury Crash,10/25/2023 12:25:00 PM,Maryland (State),ROCKVILLE PIKE,EDMONSTON DR,,ROCKVILLE,,SAME DIR REAR END,CLEAR,DRY,DAYLIGHT,TRAFFIC SIGNAL,NONE DETECTED,,7E7DB923-7F3D-4BF7-AE6C-D1C7B9ED59F4,No,NO APPARENT INJURY,N/A,NOT DISTRACTED,MD,49DA9CF6-0F86-4491-92B2-E97D2C774C31,SUPERFICIAL,SIX OCLOCK,PASSENGER CAR,STOPPED IN TRAFFIC LANE,North,35,No,No,2022,KIA,SOUL,39.07443186,-77.13556663,""(39.07443186, -77.13556663)"""
"EJ7885001H,210037830,Gaithersburg Police Depar,Property Damage Crash,09/23/2021 11:32:00 AM,,,,IN THE PARKING LOT OF 901 N FREDERICK AVE,,,OTHER,CLEAR,,DARK LIGHTS ON,N/A,UNKNOWN,,BEBC96CF-F8E3-4B25-9E15-CD336A7849A8,Yes,NO APPARENT INJURY,N/A,UNKNOWN,,0613E875-73FE-46E4-B0D3-0075057AFEA6,UNKNOWN,SIX OCLOCK,,BACKING,West,10,No,No,0,UNKNOWN,UNKNOWN,39.15683835,-77.21572408,""(39.15683835, -77.21572408)"""
"MCP23510055,230065072,Montgomery County Police,Injury Crash,11/08/2023 09:09:00 AM,Municipality,BALTIMORE RD,BALTIMORE RD (AHEAD),,N/A,,HEAD ON,CLEAR,DRY,DAYLIGHT,NO CONTROLS,NONE DETECTED,,5C9FB353-F768-4DD4-9680-6CB5410A7A42,No,NO APPARENT INJURY,N/A,NOT DISTRACTED,MD,D146629B-71EF-4F84-B619-76785D83FD21,FUNCTIONAL,TWELVE OCLOCK,PICKUP TRUCK,MOVING CONSTANT SPEED,East,25,No,No,2021,CHEVROLET,SILVERADO,39.08782167,-77.11569,""(39.08782167, -77.11569)"""
"MCP2894001J,15064193,MONTGOMERY,Property Damage Crash,12/14/2015 09:00:00 AM,County,BLUEBELL LA,DOWNLAND TERR,,N/A,,UNKNOWN,N/A,DRY,UNKNOWN,NO CONTROLS,UNKNOWN,,8CDED6DC-83DC-4EB0-BE58-E18947F9D6E6,Yes,NO APPARENT INJURY,N/A,UNKNOWN,,4FA2D965-5397-409A-A889-C09246619E9F,UNKNOWN,UNKNOWN,,PASSING,Unknown,25,Unknown,No,0,UNKNOWN,UNKNOWN,39.04645667,-77.112985,""(39.04645667, -77.112985)"""
"MCP3350000W,230050067,Montgomery County Police,Injury Crash,08/18/2023 08:30:00 AM,County,MONTROSE RD,TILDENWOOD DR,,ROCKVILLE,,SAME DIR REAR END,CLEAR,DRY,DAYLIGHT,N/A,NONE DETECTED,,6503E864-8B32-4B08-A491-1C1D92D833D9,Yes,POSSIBLE INJURY,N/A,OTHER DISTRACTION,MD,7AB549BF-C0FA-4834-B022-E5C70F34565E,FUNCTIONAL,TWELVE OCLOCK,PASSENGER CAR,MOVING CONSTANT SPEED,East,35,No,No,2013,HONDA,CIVIC,39.05382167,-77.13903833,""(39.05382167, -77.13903833)"""
"DD5651003W,230055767,Rockville Police Departme,Injury Crash,09/19/2023 02:40:00 PM,Maryland (State),VEIRS MILL RD,DODGE ST,,N/A,,OPPOSITE DIRECTION SIDESWIPE,CLEAR,DRY,DAYLIGHT,N/A,NONE DETECTED,,51473F7B-5E88-47BE-B0B6-67D656439871,Yes,SUSPECTED MINOR INJURY,N/A,NOT DISTRACTED,MD,850852B2-EA79-4CAC-85ED-1F16EAD16DA6,DESTROYED,ELEVEN OCLOCK,PASSENGER CAR,MOVING CONSTANT SPEED,East,30,No,No,1998,HONDA,CRV,39.08093911,-77.14383471,""(39.08093911, -77.14383471)"""
"MCP2348006F,230012796,Montgomery County Police,Fatal Crash,03/16/2023 01:28:00 PM,US (State),COLUMBIA PIKE,STEWART LA,,N/A,PEDESTRIAN,SINGLE VEHICLE,CLEAR,DRY,DAYLIGHT,TRAFFIC SIGNAL,NONE DETECTED,NONE DETECTED,31A73F78-C51A-45A3-BEAC-480408E0C59A,No,NO APPARENT INJURY,N/A,NOT DISTRACTED,MD,EA5C0C0E-556A-4C17-9396-C1A616439E73,SUPERFICIAL,TWO OCLOCK,(SPORT) UTILITY VEHICLE,MOVING CONSTANT SPEED,North,45,No,No,2002,FORD,EXPLORER,39.04653583,-76.98675402,""(39.04653583, -76.98675402)"""
"MCP2314002M,230062763,Montgomery County Police,Property Damage Crash,10/26/2023 06:01:00 PM,County,POSTOAK RD,VICTORY LA,,N/A,,STRAIGHT MOVEMENT ANGLE,CLOUDY,DRY,DAYLIGHT,STOP SIGN,NONE DETECTED,,C25DDB1B-4E1F-41E3-BBD7-2472537833F2,Unknown,NO APPARENT INJURY,N/A,NOT DISTRACTED,MD,A35E5692-C1E8-49ED-A5C7-AA96EC6C9208,FUNCTIONAL,TWELVE OCLOCK,(SPORT) UTILITY VEHICLE,STARTING FROM LANE,South,25,No,No,2015,TOYOTA,HIGHLANDER,39.05015777,-77.17801185,""(39.05015777, -77.17801185)"""
"MCP3230004T,230061407,Montgomery County Police,Property Damage Crash,10/19/2023 11:40:00 AM,Maryland (State),CONNECTICUT AVE,VEIRS MILL RD,,N/A,,SAME DIR REAR END,CLEAR,DRY,DAYLIGHT,TRAFFIC SIGNAL,UNKNOWN,,9568DEA5-B4AC-465C-8E3D-6B76D2EF10DD,Yes,NO APPARENT INJURY,N/A,NOT DISTRACTED,MD,47F9FDBA-4474-4154-A4DE-C14F08E6561D,SUPERFICIAL,TWELVE OCLOCK,PASSENGER CAR,MOVING CONSTANT SPEED,North,35,No,No,2021,TOYOTA,TACOMA,39.05104433,-77.07475017,""(39.05104433, -77.07475017)"""
"MCP1221004T,180014025,Montgomery County Police,Injury Crash,03/21/2018 08:33:00 AM,County,SHADY GROVE RD,MIDCOUNTY HWY,,N/A,,STRAIGHT MOVEMENT ANGLE,SNOW,WET,DAYLIGHT,TRAFFIC SIGNAL,NONE DETECTED,,87D56261-FEA1-494B-8FBB-AB2C05B32FF7,No,SUSPECTED MINOR INJURY,""ICY OR SNOW-COVERED, RAIN, SNOW, WET"",NOT DISTRACTED,MD,4BCC9F9E-0F25-4101-9D45-18B0676EFC3A,DISABLING,EIGHT OCLOCK,PASSENGER CAR,MAKING LEFT TURN,East,45,No,No,2011,LEXU,4S,39.14101333,-77.151915,""(39.14101333, -77.151915)"""
"MCP3259003D,230055970,Montgomery County Police,Property Damage Crash,09/20/2023 04:30:00 PM,County,SEVEN LOCKS RD,CODDLE HARBOR LA,,N/A,,SAME DIRECTION SIDESWIPE,CLEAR,DRY,DAYLIGHT,NO CONTROLS,NONE DETECTED,,AE6469C3-1E38-4A14-B379-800F3BF4934F,No,NO APPARENT INJURY,N/A,NOT DISTRACTED,MD,9823935F-4158-420E-A6E1-2528D138F387,SUPERFICIAL,TWO OCLOCK,PASSENGER CAR,SLOWING OR STOPPING,North,35,No,No,2014,CHEVROLET,TAHOE,39.04241032,-77.1595646,""(39.04241032, -77.1595646)"""
"MCP3009006H,230054175,Montgomery County Police,Injury Crash,09/11/2023 07:40:00 AM,County,WATKINS MILL RD,GREENRIVER TERR,,N/A,,SINGLE VEHICLE,RAINING,WET,DAYLIGHT,NO CONTROLS,N/A,,9484A658-F744-495A-B7DC-ED6B3BE3E8B3,Yes,POSSIBLE INJURY,""N/A, WET"",NOT DISTRACTED,MD,B68C281C-1A3F-492C-ADB0-1C37786367D9,DESTROYED,TWELVE OCLOCK,PASSENGER CAR,MOVING CONSTANT SPEED,West,35,No,No,2001,HONDA,CIVIC,39.18984833,-77.221415,""(39.18984833, -77.221415)"""
"MCP3362001H,230050243,Montgomery County Police,Property Damage Crash,08/19/2023 12:41:00 PM,County,NORTHAMPTON DR,BEACON RD,,N/A,,SAME DIRECTION SIDESWIPE,CLEAR,DRY,DAYLIGHT,NO CONTROLS,NONE DETECTED,,7622734F-F7F7-464A-A662-6142439AC41D,Yes,NO APPARENT INJURY,N/A,NOT DISTRACTED,MD,4A615F54-900E-4008-A57C-9BEB8B661496,SUPERFICIAL,FOUR OCLOCK,TRANSIT BUS,MOVING CONSTANT SPEED,South,25,No,No,2016,NEW FLYER,XN4,39.00750974,-76.98365898,""(39.00750974, -76.98365898)"""
"MCP9390002M,230066562,Montgomery County Police,Property Damage Crash,11/15/2023 06:05:00 PM,Interstate (State),EISENHOWER MEMORIAL HWY,GAME PRESERVE RD,,N/A,,SAME DIR REAR END,CLEAR,N/A,DARK LIGHTS ON,N/A,N/A,,3EAF100D-1C26-4E17-A0DE-B95FE7C392C2,Yes,NO APPARENT INJURY,N/A,NOT DISTRACTED,MD,AC5DF047-9320-42D0-9D6B-7B7CC0A7B507,FUNCTIONAL,SIX OCLOCK,PASSENGER CAR,ACCELERATING,South,55,No,No,2021,HONDA,PILOT,39.16097627,-77.23212975,""(39.16097627, -77.23212975)"""
"MCP3228005G,230068948,Montgomery County Police,Property Damage Crash,11/29/2023 03:00:00 PM,Maryland (State),UNIVERSITY BLVD E,PINEY BRANCH RD,,N/A,,SAME DIR REAR END,CLEAR,DRY,DAYLIGHT,TRAFFIC SIGNAL,NONE DETECTED,,5B34D68F-9255-4CF5-9EE8-E45CF119FBF0,No,NO APPARENT INJURY,""BACKUP DUE TO REGULAR CONGESTION, N/A"",NOT DISTRACTED,VA,1987AF40-7EB5-4A11-B5A9-0042DA016148,SUPERFICIAL,SIX OCLOCK,VAN,SLOWING OR STOPPING,West,35,No,No,2008,CHEVY,EXPRESS VAN,38.99924705,-76.99518952,""(38.99924705, -76.99518952)"""
"MCP00360049,16026386,Montgomery County Police,Property Damage Crash,05/27/2016 11:41:00 AM,,,,PARKING LOT WEIS SHOPPING CENTER 26027 RIDGE RD,,,OTHER,CLEAR,,DAYLIGHT,N/A,NONE DETECTED,,1B16F06C-BDEF-4A90-BE3A-33F419F2A114,Yes,NO APPARENT INJURY,N/A,NOT DISTRACTED,MD,E29ACEA1-C5A4-4910-827F-B82B8E488749,SUPERFICIAL,SIX OCLOCK,VAN,BACKING,South,5,No,No,2014,FORD,VAN,39.28468069,-77.20806241,""(39.28468069, -77.20806241)"""
"MCP27030033,230054895,Montgomery County Police,Property Damage Crash,09/14/2023 05:15:00 PM,US (State),GEORGIA AVE,KING ST,,N/A,,OTHER,CLEAR,DRY,DAYLIGHT,NO CONTROLS,N/A,,CD7E1085-B2B7-4F88-9F0D-D5223C2EF4C8,Yes,NO APPARENT INJURY,N/A,UNKNOWN,,D3FA4C94-9AAC-42DF-B597-BC794DFB8969,UNKNOWN,SIX OCLOCK,PASSENGER CAR,BACKING,South,35,No,No,2013,TOYOTA,CAMRY,38.98691879,-77.02664949,""(38.98691879, -77.02664949)"""
"MCP2286005D,230054490,Montgomery County Police,Property Damage Crash,09/12/2023 04:30:00 PM,County,ZETTS AVE,SHADY GROVE RD,,N/A,,ANGLE MEETS RIGHT TURN,CLEAR,DRY,DAYLIGHT,NO CONTROLS,UNKNOWN,,9506B0AE-E4FF-4290-8681-8F3E4151875B,Yes,NO APPARENT INJURY,N/A,UNKNOWN,MD,348BC7DF-9087-406F-9209-2579E4BEC491,FUNCTIONAL,THREE OCLOCK,PASSENGER CAR,PASSING,South,25,No,No,2010,HONDA,ACCORD,39.12106096,-77.17818225,""(39.12106096, -77.17818225)"""
"MCP243600H8,230051777,Montgomery County Police,Property Damage Crash,08/28/2023 09:15:00 AM,County,BEACON RD,SOUTHAMPTON DR,,N/A,,OTHER,CLEAR,DRY,DAYLIGHT,NO CONTROLS,NONE DETECTED,,F957E0B6-6D1D-4775-A36E-0166908CEFFA,No,NO APPARENT INJURY,N/A,NOT DISTRACTED,MD,B0818911-C55D-45F4-A1A6-0ABDBA828670,SUPERFICIAL,TWO OCLOCK,PASSENGER CAR,MOVING CONSTANT SPEED,North,30,No,No,2013,KIA,OPTIMA,39.0064683,-76.9844043,""(39.0064683, -76.9844043)"""
"MCP3129007P,230052800,Montgomery County Police,Property Damage Crash,09/02/2023 01:12:00 PM,Maryland (State),VEIRS MILL RD,TURKEY BRANCH PKWY,,N/A,,SAME DIR REAR END,CLEAR,DRY,DAYLIGHT,TRAFFIC SIGNAL,NONE DETECTED,,080E754C-5404-47E8-8CBC-DE0E8781551C,No,NO APPARENT INJURY,N/A,NOT DISTRACTED,MD,A3054E57-AA09-4B07-BF55-65597EAECFCD,SUPERFICIAL,SIX OCLOCK,PASSENGER CAR,SLOWING OR STOPPING,North,45,No,No,2017,KIA,UT,39.05972717,-77.08867183,""(39.05972717, -77.08867183)"""
"MCP120500B3,230068073,Montgomery County Police,Property Damage Crash,11/24/2023 02:20:00 PM,Maryland (State),EAST WEST HWY,SUNDALE DR,,N/A,,SAME DIR REAR END,CLOUDY,DRY,DAYLIGHT,TRAFFIC SIGNAL,NONE DETECTED,,FD1F4BAB-2568-4CA0-8873-99A363CD8240,Yes,NO APPARENT INJURY,N/A,NOT DISTRACTED,MD,5385F5AE-77B9-40F7-AE78-EB28B4D2170B,DISABLING,TWELVE OCLOCK,PASSENGER CAR,SLOWING OR STOPPING,West,30,No,No,2013,HYUNDAI,ELANTRA,38.995145,-77.04559333,""(38.995145, -77.04559333)"""
"MCP33620029,230069440,Montgomery County Police,Property Damage Crash,12/02/2023 09:02:00 AM,County,SOUTHAMPTON DR,PRINCE GEORGES CO/L,,N/A,,OTHER,FOGGY,WET,DAYLIGHT,NO CONTROLS,NONE DETECTED,,105DCC74-3A9D-475E-B226-BCFADE4EB35A,Yes,NO APPARENT INJURY,""V WIPERS|W OTHER ENVIRONMENTAL, WET"",NOT DISTRACTED,NY,FEE8DED3-5DBF-4614-B194-1AE41A0AF86E,DESTROYED,ELEVEN OCLOCK,PASSENGER CAR,MOVING CONSTANT SPEED,South,25,No,No,2010,MAZDA,2.0L,39.00439167,-76.98225167,""(39.00439167, -76.98225167)"""