Report Number,Local Case Number,Agency Name,ACRS Report Type,Crash Date/Time,Route Type,Road Name,Cross-Street Name,Off-Road Description,Municipality,Related Non-Motorist,Collision Type,Weather,Surface Condition,Light,Traffic Control,Driver Substance Abuse,Non-Motorist Substance Abuse,Person ID,Driver At Fault,Injury Severity,Circumstance,Driver Distracted By,Drivers License State,Vehicle ID,Vehicle Damage Extent,Vehicle First Impact Location,Vehicle Body Type,Vehicle Movement,Vehicle Going Dir,Speed Limit,Driverless Vehicle,Parked Vehicle,Vehicle Year,Vehicle Make,Vehicle Model,Latitude,Longitude,Location
"MCP136600CG,230060003,Montgomery County Police,Injury Crash,10/12/2023 07:56:00 AM,Maryland (State),GEORGIA AVE,WELLER RD,,N/A,,HEAD ON LEFT TURN,CLEAR,DRY,DAYLIGHT,STOP SIGN,NONE DETECTED,,ECC0F7D7-3930-4698-A6C5-56CDFE0B0EF0,Yes,NO APPARENT INJURY,N/A,LOOKED BUT DID NOT SEE,MD,EFAC8B2E-6F1B-4D32-B4E2-5D6D25558DC6,FUNCTIONAL,TWO OCLOCK,PASSENGER CAR,MAKING LEFT TURN,East,35,No,No,2015,FORD,HB,39.06679,-77.059595,""(39.06679, -77.059595)"""
"EJ78650064,230060598,Gaithersburg Police Depar,Property Damage Crash,10/15/2023 12:50:00 AM,,,,PARKING LOT OF 117 E DIAMOND AVE,,,SAME DIR REAR END,RAINING,,DARK LIGHTS ON,NO CONTROLS,NONE DETECTED,,072541E1-9554-4FB6-A6A6-06A7CA6025C1,No,NO APPARENT INJURY,""RAIN, SNOW, WET"",NOT DISTRACTED,MD,AD7A5BC2-9414-41C4-BB6F-C03582300580,SUPERFICIAL,TWELVE OCLOCK,PASSENGER CAR,PARKED,,10,No,Yes,2015,TOYOTA,4S,39.14168717,-77.19519537,""(39.14168717, -77.19519537)"""
"MCP33580012,230073057,Montgomery County Police,Property Damage Crash,12/22/2023 12:30:00 AM,Maryland (State),RIVER RD,GOLDSBORO RD,,N/A,,STRAIGHT MOVEMENT ANGLE,CLEAR,DRY,DARK NO LIGHTS,FLASHING TRAFFIC SIGNAL,N/A,,172DC39E-A2DE-433E-9B09-A3EB920F1FB6,Yes,NO APPARENT INJURY,N/A,LOOKED BUT DID NOT SEE,MD,EA4F4841-DC14-4F23-A4C8-D89B73BFEA70,FUNCTIONAL,TWELVE OCLOCK,PASSENGER CAR,MOVING CONSTANT SPEED,North,35,No,No,2020,HONDA,PILOT,38.97329833,-77.12188,""(38.97329833, -77.12188)"""
"MCP2914003X,16063817,Montgomery County Police,Property Damage Crash,12/12/2016 07:16:00 PM,Maryland (State),NEW HAMPSHIRE AVE,OVERLOOK DR,,N/A,,ANGLE MEETS LEFT TURN,CLEAR,N/A,DARK LIGHTS ON,STOP SIGN,N/A,,447156CC-FC17-418B-BF2D-7883445C5D7B,Yes,NO APPARENT INJURY,N/A,NOT DISTRACTED,MD,B44B057E-9EB7-402B-8DFC-29DAE4F2881D,DISABLING,FOUR OCLOCK,PASSENGER CAR,MAKING LEFT TURN,West,40,No,No,2014,TOYOTA,VENZA,39.02431667,-76.97935,""(39.02431667, -76.97935)"""
"MCP2582004Y,230073926,Montgomery County Police,Property Damage Crash,12/27/2023 11:46:00 PM,County,BONIFANT RD,BONIFIANT PARK DR,,N/A,,OPPOSITE DIRECTION SIDESWIPE,RAINING,WET,DARK LIGHTS ON,NO CONTROLS,ALCOHOL PRESENT,,02291D90-2B3B-4773-98DE-4D28D921334B,Yes,NO APPARENT INJURY,""RAIN, SNOW, WET"",UNKNOWN,MD,471C2F8A-F306-488D-B569-9C355BF2D1DD,DISABLING,TWELVE OCLOCK,PICKUP TRUCK,NEGOTIATING A CURVE,East,35,No,No,2007,TOYOTA,TUNDRA,39.09357378,-77.03885146,""(39.09357378, -77.03885146)"""
"MCP1210003Z,190043252,Montgomery County Police,Injury Crash,09/09/2019 08:35:00 PM,County,OAKMONT AVE,NO NAME,,N/A,,HEAD ON LEFT TURN,CLEAR,DRY,DARK NO LIGHTS,NO CONTROLS,NONE DETECTED,,BE9938D2-83C3-45D7-9309-EEF804A80C4C,No,SUSPECTED MINOR INJURY,N/A,UNKNOWN,MD,AF719339-5C17-445C-9749-827C31561AA8,DISABLING,TWELVE OCLOCK,MOTORCYCLE,MOVING CONSTANT SPEED,North,30,No,No,2019,DUCATI,959,39.12844833,-77.17426667,""(39.12844833, -77.17426667)"""
"MCP2052003F,230064189,Montgomery County Police,Property Damage Crash,10/28/2023 07:00:00 PM,,,,""STATION 32, 9615 DARNESTOWN RD, ROCKVILLE, MD 20850"",,,SINGLE VEHICLE,N/A,,DUSK,N/A,N/A,,0F092F48-EC45-4630-A03B-B4E9AA2E35AF,No,NO APPARENT INJURY,N/A,NOT DISTRACTED,MD,11CBBD1C-4A00-450B-93FC-4FB9344404BD,SUPERFICIAL,ROOF TOP,PICKUP TRUCK,BACKING,West,5,No,No,2023,TOYT,PK,39.09499667,-77.19714833,""(39.09499667, -77.19714833)"""
"MCP3089003Z,230054169,Montgomery County Police,Injury Crash,09/11/2023 06:48:00 AM,US (State),COLESVILLE RD,SPRING ST,,N/A,,SAME DIRECTION RIGHT TURN,RAINING,WET,DAYLIGHT,TRAFFIC SIGNAL,N/A,,EE1DDE2C-0CE7-4A82-B991-77D58410B9D5,No,SUSPECTED MINOR INJURY,N/A,NOT DISTRACTED,MD,06A86871-7992-4C1B-BF68-64A61B460616,FUNCTIONAL,ELEVEN OCLOCK,TRANSIT BUS,STOPPED IN TRAFFIC LANE,North,15,No,No,2009,GILL,BUS,38.99946,-77.02588167,""(38.99946, -77.02588167)"""
"MCP9301004V,230071048,Montgomery County Police,Property Damage Crash,12/11/2023 10:00:00 AM,County,DIAMONDBACK DR,DECOVERLY DR,,N/A,,STRAIGHT MOVEMENT ANGLE,N/A,WET,DAYLIGHT,NO CONTROLS,N/A,,64A0A752-DCE6-45BD-9C95-724FA1E2C655,No,NO APPARENT INJURY,""N/A, WET"",NOT DISTRACTED,MD,06B3AFCA-9BC5-4C4A-BF04-0CDAC4C61F84,DISABLING,TWELVE OCLOCK,PASSENGER CAR,MOVING CONSTANT SPEED,East,30,No,No,2024,TOYOTA,COROLLA,39.106865,-77.20342432,""(39.106865, -77.20342432)"""
"MCP209400N5,230073138,Montgomery County Police,Property Damage Crash,12/22/2023 01:04:00 PM,County,SEVEN LOCKS RD,DEMOCRACY BLVD,,N/A,,HEAD ON LEFT TURN,CLEAR,DRY,DAYLIGHT,TRAFFIC SIGNAL,NONE DETECTED,,AF97CEF3-914D-44B5-8CEE-10698B015B6E,Yes,NO APPARENT INJURY,N/A,UNKNOWN,MD,A3C305A8-C3ED-4F61-A3DE-3AF8F220FACD,DISABLING,ELEVEN OCLOCK,PASSENGER CAR,MOVING CONSTANT SPEED,East,45,No,No,2023,HYUNDAI,SONATA,39.023185,-77.16225167,""(39.023185, -77.16225167)"""
"MCP3330001R,230069431,Montgomery County Police,Injury Crash,12/02/2023 07:56:00 AM,Maryland (State),GEORGIA AVE,ARCOLA AVE,,N/A,,SAME DIR REAR END,FOGGY,WET,DAYLIGHT,TRAFFIC SIGNAL,NONE DETECTED,,016BBB20-68F7-45A0-A8DE-9CFBC670A0B9,No,POSSIBLE INJURY,""RAIN, SNOW, WET"",UNKNOWN,XX,59CE0B89-5120-4825-A58E-DBC7C2F51598,DISABLING,SIX OCLOCK,PASSENGER CAR,SLOWING OR STOPPING,South,35,No,No,2020,TOYT,WG,39.04740367,-77.05205933,""(39.04740367, -77.05205933)"""
"MCP31110078,230058268,Montgomery County Police,Property Damage Crash,09/19/2023 03:10:00 PM,County,WOODMONT AVE,FAIRMONT AVE,,N/A,,SAME DIRECTION SIDESWIPE,UNKNOWN,UNKNOWN,DAYLIGHT,NO CONTROLS,N/A,,7AFC7976-AD33-468D-807A-41FA40C54E76,No,NO APPARENT INJURY,N/A,NOT DISTRACTED,MD,8F661B72-6E24-4A6E-B3A8-557DC8E617D8,SUPERFICIAL,ONE OCLOCK,""OTHER LIGHT TRUCKS (10,000LBS (4,536KG) OR LESS)"",MOVING CONSTANT SPEED,South,30,No,No,2021,DODGE,RAM,38.98916208,-77.09636793,""(38.98916208, -77.09636793)"""
"EJ7885003Y,230072252,Gaithersburg Police Depar,Property Damage Crash,12/17/2023 06:41:00 PM,Maryland (State),GREAT SENECA HWY,MUDDY BRANCH RD,,N/A,,SAME DIR REAR END,RAINING,WET,DARK LIGHTS ON,NO CONTROLS,NONE DETECTED,,AC032E31-578C-4108-AC80-05D71C59310E,No,NO APPARENT INJURY,""RAIN, SNOW, WET"",NOT DISTRACTED,MD,739F5230-EAD0-4E88-ABF5-558801CB7FBB,FUNCTIONAL,SIX OCLOCK,PASSENGER CAR,MOVING CONSTANT SPEED,South,50,No,No,2020,VOLV,SD,39.11228226,-77.2215796,""(39.11228226, -77.2215796)"""
"MCP33410029,230051625,Montgomery County Police,Property Damage Crash,08/27/2023 11:00:00 AM,Maryland (State),GEORGIA AVE,BEL PRE RD,,N/A,,SAME DIR REAR END,CLEAR,DRY,DAYLIGHT,TRAFFIC SIGNAL,N/A,,DC1F0558-10D9-430A-B88A-EF1AA0BE7601,Yes,NO APPARENT INJURY,N/A,LOOKED BUT DID NOT SEE,MD,262BE2EB-26E2-4350-859A-B16F59436C45,DISABLING,ONE OCLOCK,PASSENGER CAR,MOVING CONSTANT SPEED,North,35,No,No,2011,CHEVORLET,IMPALA,39.09410767,-77.07937817,""(39.09410767, -77.07937817)"""
"MCP3003001K,170518477,Montgomery County Police,Property Damage Crash,07/11/2017 02:32:00 PM,Maryland (State),GERMANTOWN RD,ENT TO BUSINESS,,N/A,,SAME DIR REAR END,CLEAR,DRY,DAYLIGHT,NO CONTROLS,NONE DETECTED,,183832C7-B8BF-47BE-899D-31092A3FCCB2,No,NO APPARENT INJURY,N/A,NOT DISTRACTED,MD,BFBF241F-4044-4A66-9F59-C7B80F7F1BEE,SUPERFICIAL,SIX OCLOCK,PASSENGER CAR,MAKING U TURN,South,40,No,No,2013,KIA,4S,39.17329833,-77.27503333,""(39.17329833, -77.27503333)"""
"MCP12130089,230058126,Montgomery County Police,Property Damage Crash,10/02/2023 04:55:00 PM,Maryland (State),LAYHILL RD,SPUR FR NORBECK RD,,N/A,,STRAIGHT MOVEMENT ANGLE,CLEAR,DRY,DAYLIGHT,TRAFFIC SIGNAL,NONE DETECTED,,23B0B27B-602B-43B8-891F-2DA23C8B6535,No,NO APPARENT INJURY,N/A,NOT DISTRACTED,MD,69F50680-4E11-46C7-ADFF-A4500CF2166E,DISABLING,TWELVE OCLOCK,VAN,MOVING CONSTANT SPEED,North,40,No,No,2004,FORD,E250,39.12043,-77.03371167,""(39.12043, -77.03371167)"""
"MCP3271003K,230034443,Montgomery County Police,Property Damage Crash,07/19/2023 12:13:00 PM,County,ARLINGTON RD,BRADLEY BLVD,,N/A,,SAME DIRECTION SIDESWIPE,CLEAR,DRY,DAYLIGHT,N/A,NONE DETECTED,,A5E5B690-5D59-4BFD-A156-754C19E087A0,No,NO APPARENT INJURY,N/A,NOT DISTRACTED,MD,7110EE0A-E45A-4FC4-946B-99D13377DCBF,SUPERFICIAL,ONE OCLOCK,PASSENGER CAR,MOVING CONSTANT SPEED,North,35,No,No,2013,ACUR,TL,38.97865086,-77.09864952,""(38.97865086, -77.09864952)"""
"DM84940039,230058257,Takoma Park Police Depart,Property Damage Crash,10/03/2023 10:36:00 AM,Municipality,ANNE AVE,LOCKNEY AVE,,TAKOMA PARK,,STRAIGHT MOVEMENT ANGLE,CLEAR,DRY,DAYLIGHT,STOP SIGN,N/A,,DDAC02B6-C76D-458F-8E93-E2C227CD0347,No,NO APPARENT INJURY,N/A,UNKNOWN,MD,CD1A5F78-0913-47F5-8CB8-7C4487030743,DISABLING,NINE OCLOCK,PASSENGER CAR,MOVING CONSTANT SPEED,South,25,No,No,2006,PONTIAC,4S,38.98955067,-76.99198983,""(38.98955067, -76.99198983)"""
"MCP291400F8,230063461,Montgomery County Police,Property Damage Crash,10/30/2023 05:34:00 PM,US (State),COLESVILLE RD,CRESTMOOR DR,,N/A,,OTHER,RAINING,WET,DARK NO LIGHTS,NO CONTROLS,N/A,,73AB276C-BC73-4FD7-9B81-589D797F544A,Yes,NO APPARENT INJURY,N/A,NOT DISTRACTED,MD,CA63ED2E-2002-4FB3-BE25-6CE757BC9FF5,FUNCTIONAL,TWELVE OCLOCK,PASSENGER CAR,MAKING LEFT TURN,South,35,No,No,2014,JEEP,WRANGLER,39.02800244,-77.00910496,""(39.02800244, -77.00910496)"""
"MCP2420004Z,230035024,Montgomery County Police,Injury Crash,07/23/2023 09:25:00 AM,County,FAIRLAND RD,TAMARACK RD,,N/A,,SAME DIRECTION LEFT TURN,CLEAR,DRY,DAYLIGHT,NO CONTROLS,NONE DETECTED,,C1758E99-1ACD-4D86-A72E-D5781B140726,No,NO APPARENT INJURY,N/A,NOT DISTRACTED,MD,BB40290C-2AE9-49C8-A00D-EA4B2A51F243,FUNCTIONAL,TWELVE OCLOCK,PASSENGER CAR,MOVING CONSTANT SPEED,South,30,No,No,2008,HONDA,TK,39.077659,-76.97701733,""(39.077659, -76.97701733)"""
"MCP2875007T,230064977,Montgomery County Police,Property Damage Crash,11/07/2023 06:32:00 PM,Maryland (State),RIDGE RD,SWEEPSTAKES RD,,N/A,,HEAD ON LEFT TURN,CLEAR,DRY,DARK LIGHTS ON,TRAFFIC SIGNAL,NONE DETECTED,,F5B8BB85-6753-4DB6-BEC4-8951C64522BA,Yes,NO APPARENT INJURY,N/A,NOT DISTRACTED,MD,A8DC7900-B8AC-42D8-AC3B-A9FE265C6252,SUPERFICIAL,TWELVE OCLOCK,POLICE VEHICLE/NON EMERGENCY,MAKING LEFT TURN,South,40,No,No,2014,FORD,INTERCEPTOR,39.26219667,-77.22133333,""(39.26219667, -77.22133333)"""
"MCP2228001H,230056630,Montgomery County Police,Property Damage Crash,09/24/2023 01:30:00 PM,County,AIRPARK RD,CROSSOVER,,N/A,,SINGLE VEHICLE,CLOUDY,WET,DAYLIGHT,N/A,NONE DETECTED,,3FBAFA88-984B-4951-9047-B1AD7FC6CC51,Yes,NO APPARENT INJURY,""N/A, WET"",NOT DISTRACTED,DC,BB8A8E7D-1534-4864-8281-E3C8480EB44E,FUNCTIONAL,FOUR OCLOCK,PASSENGER CAR,MOVING CONSTANT SPEED,North,45,No,No,2008,SUBARU,OUTBACK,39.15446167,-77.14196833,""(39.15446167, -77.14196833)"""
"MCP2586006M,230055258,Montgomery County Police,Property Damage Crash,09/16/2023 04:50:00 PM,,,,""CENTRAL PARK CIRCLE, PARK PROPERTY."",,,SINGLE VEHICLE,CLEAR,,DAYLIGHT,N/A,NONE DETECTED,,58D600A6-AE88-45A5-9EC3-26B37CC02B78,Yes,NO APPARENT INJURY,N/A,NOT DISTRACTED,MD,94F7D5E9-5C09-4471-9744-DDD99701D3A1,DISABLING,TWELVE OCLOCK,(SPORT) UTILITY VEHICLE,NEGOTIATING A CURVE,North,15,No,No,2005,TOYOTA,RAV4,39.15062967,-77.31183,""(39.15062967, -77.31183)"""
"EJ78750040,230060927,Gaithersburg Police Depar,Property Damage Crash,10/17/2023 07:17:00 PM,Municipality,S SUMMIT AVE,OLDE TOWNE AVE,,GAITHERSBURG,,STRAIGHT MOVEMENT ANGLE,CLEAR,DRY,DARK LIGHTS ON,NO CONTROLS,N/A,,98F3A5C2-C021-47F0-9481-607B5E878A40,Yes,NO APPARENT INJURY,N/A,NOT DISTRACTED,MD,EB95971D-98DC-4C72-9506-13EB5DE04AE8,SUPERFICIAL,TWELVE OCLOCK,PASSENGER CAR,STOPPED IN TRAFFIC LANE,East,25,No,No,2016,FORD,FIESTA,39.14059202,-77.19373684,""(39.14059202, -77.19373684)"""
"MCP32950033,230048985,Montgomery County Police,Property Damage Crash,08/11/2023 06:29:00 PM,Maryland (State),SANDY SPRING RD,SPUR TO US 29A,,N/A,,OTHER,CLEAR,DRY,DAYLIGHT,TRAFFIC SIGNAL,NONE DETECTED,,4E52D691-7CEA-45E0-9FEA-34729695D7D0,Unknown,NO APPARENT INJURY,N/A,NOT DISTRACTED,MD,D9834B8D-CD4B-412F-900F-7B5DFA140B47,SUPERFICIAL,SIX OCLOCK,OTHER BUS,MAKING LEFT TURN,North,35,No,No,2014,MCI,BUS,39.11155141,-76.92866085,""(39.11155141, -76.92866085)"""
"MCP3341002T,230068650,Montgomery County Police,Property Damage Crash,11/28/2023 08:15:00 AM,County,RANDOLPH RD,TERRAPIN RD,,N/A,,SAME DIR REAR END,CLEAR,DRY,DAYLIGHT,NO CONTROLS,N/A,,C44C9CE8-63A8-48BD-8EE2-30C7EB75CE2A,No,NO APPARENT INJURY,N/A,NOT DISTRACTED,MD,E00FEA8F-4E5A-4AE5-AE78-89A882269D8E,NO DAMAGE,SIX OCLOCK,SCHOOL BUS,MAKING RIGHT TURN,West,35,No,No,2019,FRHT,BUS,39.05935617,-77.058608,""(39.05935617, -77.058608)"""
"MCP2552006G,230054880,Montgomery County Police,Property Damage Crash,09/14/2023 03:30:00 PM,County,E GUDE DR,SOUTHLAWN LA,,N/A,,SAME DIRECTION SIDESWIPE,CLEAR,DRY,DAYLIGHT,NO CONTROLS,N/A,,E49A08F7-AD82-4134-973E-AD9FB023ECC5,No,NO APPARENT INJURY,N/A,NOT DISTRACTED,MD,6AF05917-C4E7-441E-A319-C5B4A16C6BB7,SUPERFICIAL,FIVE OCLOCK,PICKUP TRUCK,STOPPED IN TRAFFIC LANE,East,35,No,No,2023,RAM,PICKUP,39.09788365,-77.13690227,""(39.09788365, -77.13690227)"""
"MCP2761004Z,230066029,Montgomery County Police,Injury Crash,11/13/2023 09:52:00 AM,Maryland (State),CLOPPER RD,ALLSPICE RD,,N/A,,SAME DIR REAR END,CLEAR,DRY,DAYLIGHT,NO CONTROLS,NONE DETECTED,,40C9DD11-CB1D-4FE9-9A8E-1CE2A928E949,No,POSSIBLE INJURY,N/A,NOT DISTRACTED,MD,4DCABFA9-4A5B-414E-9A5F-CFC27448C6FC,SUPERFICIAL,SIX OCLOCK,PASSENGER CAR,STOPPED IN TRAFFIC LANE,East,45,No,No,2010,CHRYSLER,SEBRING,39.15491083,-77.25835317,""(39.15491083, -77.25835317)"""
"DD5527004X,230056697,Rockville Police Departme,Property Damage Crash,09/25/2023 01:05:00 AM,Municipality,WOOTTON PKWY,ROCKVILLE PIKE,,N/A,,SINGLE VEHICLE,CLEAR,WET,DARK LIGHTS ON,NO CONTROLS,NONE DETECTED,,815A9A00-C0D5-4089-A860-5D372DD56612,Yes,NO APPARENT INJURY,N/A,NOT DISTRACTED,MD,5BC4A6B9-54A0-4660-8F36-534E87B582D1,DISABLING,ONE OCLOCK,PASSENGER CAR,MOVING CONSTANT SPEED,East,30,No,No,1999,HONDA,4DR,39.07569026,-77.14021651,""(39.07569026, -77.14021651)"""
"MCP94420034,230054185,Montgomery County Police,Injury Crash,09/11/2023 08:00:00 AM,Maryland (State),WOODFIELD RD,FLOWER HILL WAY,,N/A,,OTHER,RAINING,WET,DAYLIGHT,TRAFFIC SIGNAL,NONE DETECTED,,83099416-31A9-4E1E-9C02-E9B25D369B46,No,SUSPECTED MINOR INJURY,""RAIN, SNOW, WET"",NOT DISTRACTED,MD,A72DF8A0-7632-44C4-8931-3BD761E8EDC7,DISABLING,ELEVEN OCLOCK,PASSENGER CAR,STOPPED IN TRAFFIC LANE,West,35,No,No,2019,BMW,530I,39.15617283,-77.16548733,""(39.15617283, -77.16548733)"""
"MCP15000028,230061484,Montgomery County Police,Property Damage Crash,10/19/2023 03:53:00 PM,County,BRIGGS CHANEY RD,PEACH ORCHARD RD,,N/A,,SAME DIR REAR END,CLEAR,DRY,DAYLIGHT,NO CONTROLS,NONE DETECTED,,AD877993-7161-47E7-8BE5-644CFBE2CBEF,Yes,NO APPARENT INJURY,N/A,NOT DISTRACTED,MD,F7BF6D5D-C3DE-4DBD-8CFB-5C0DFB257535,DISABLING,TWELVE OCLOCK,PASSENGER CAR,SLOWING OR STOPPING,East,35,No,No,2019,HONDA,HRV,39.09537841,-76.96937269,""(39.09537841, -76.96937269)"""
"MCP2425009H,170513775,Montgomery County Police,Property Damage Crash,06/15/2017 06:51:00 AM,County,LOCKWOOD DR,NEW HAMPSHIRE AVE,,N/A,,SAME DIRECTION SIDESWIPE,CLEAR,DRY,DAYLIGHT,TRAFFIC SIGNAL,NONE DETECTED,,88EC390A-537A-4A38-BAA6-31FBB9288004,No,NO APPARENT INJURY,N/A,NOT DISTRACTED,MD,D90B433E-7BF3-4A23-AEFE-0CEEC313A642,SUPERFICIAL,ELEVEN OCLOCK,TRANSIT BUS,MAKING LEFT TURN,South,30,No,No,2000,THOMAS,BUS,39.039195,-76.99063667,""(39.039195, -76.99063667)"""
"MCP26820025,200005089,Montgomery County Police,Property Damage Crash,01/31/2020 07:20:00 AM,County,GOSHEN RD,EAST VILLAGE AVE,,N/A,,HEAD ON LEFT TURN,CLOUDY,DRY,DAWN,TRAFFIC SIGNAL,N/A,,17A9D554-6195-44C7-9B42-50C089BFACF4,Yes,NO APPARENT INJURY,N/A,UNKNOWN,MD,FE9F0CCF-CEBF-42DC-A9B3-74EF7580BAE6,DISABLING,ONE OCLOCK,""OTHER LIGHT TRUCKS (10,000LBS (4,536KG) OR LESS)"",MAKING LEFT TURN,South,35,No,No,2011,CADI,TK,39.18986167,-77.18537333,""(39.18986167, -77.18537333)"""
"MCP3130002Z,200042327,Montgomery County Police,Injury Crash,10/27/2020 08:04:00 AM,County,SHERATON ST,LIVINGSTON ST,,N/A,,SAME DIRECTION SIDESWIPE,CLOUDY,DRY,DAWN,NO CONTROLS,NONE DETECTED,,0DABEFC3-E2AA-4845-AD5A-6DB1017363EE,Yes,SUSPECTED MINOR INJURY,N/A,INATTENTIVE OR LOST IN THOUGHT,MD,49BCF342-D89D-4383-B447-FD5B28169CA4,DISABLING,ONE OCLOCK,PASSENGER CAR,MOVING CONSTANT SPEED,East,30,No,No,2018,KIA,SOUL,39.05986667,-77.0573,""(39.05986667, -77.0573)"""
"MCP3291001N,230051522,Montgomery County Police,Property Damage Crash,08/26/2023 05:00:00 PM,Maryland (State),PINEY BRANCH RD,GARLAND AVE,,N/A,,SAME DIRECTION RIGHT TURN,CLEAR,DRY,DAYLIGHT,NO CONTROLS,NONE DETECTED,,3EDB8224-5E7F-4317-AC71-53413A1FCE2B,Yes,NO APPARENT INJURY,N/A,LOOKED BUT DID NOT SEE,MD,B779ADD2-DA29-4042-A880-DC033BDF787B,NO DAMAGE,ONE OCLOCK,PASSENGER CAR,MAKING RIGHT TURN,North,30,No,No,2015,TOYT,HB,38.99855333,-76.99922833,""(38.99855333, -76.99922833)"""
"MCP2982000F,16002301,Montgomery County Police,Property Damage Crash,01/13/2016 08:56:00 AM,County,MANCHESTER RD,CROYDON CT,,N/A,,OTHER,CLEAR,DRY,DAYLIGHT,NO CONTROLS,NONE DETECTED,,54B8AB07-F36C-4C8F-A33C-183AAD24324E,Yes,NO APPARENT INJURY,N/A,DISTRACTED BY OUTSIDE PERSON OBJECT OR EVENT,MD,84985D8B-A9BE-4B64-9291-C020710FA1AB,FUNCTIONAL,ONE OCLOCK,RECREATIONAL VEHICLE,BACKING,East,30,No,No,2015,FRHT,BUS,39.00401333,-77.011835,""(39.00401333, -77.011835)"""
"MCP31260054,230073882,Montgomery County Police,Injury Crash,12/27/2023 05:20:00 PM,Maryland (State),FREDERICK RD,LITTLE SENECA PKWY,,N/A,,STRAIGHT MOVEMENT ANGLE,RAINING,WET,DARK LIGHTS ON,TRAFFIC SIGNAL,NONE DETECTED,,7C4763F0-86ED-4741-B164-149FCF8D547D,No,POSSIBLE INJURY,""RAIN, SNOW, WET"",NOT DISTRACTED,MD,4790B3C3-F9E7-4407-B3C0-D6B1F68E0857,DESTROYED,TWELVE OCLOCK,PASSENGER CAR,MOVING CONSTANT SPEED,North,40,No,No,2015,FORD,FIESTA,39.22306158,-77.26075706,""(39.22306158, -77.26075706)"""
"MCP13780152,230046516,Montgomery County Police,Property Damage Crash,07/27/2023 06:34:00 PM,Maryland (State),CONNECTICUT AVE,DEAN RD,,N/A,,SAME DIR REAR END,CLOUDY,DRY,DAYLIGHT,NO CONTROLS,NONE DETECTED,,4E21C390-E827-42C8-9B8E-4D45505A5F05,Yes,NO APPARENT INJURY,N/A,NOT DISTRACTED,MD,2CFB7F28-819B-404A-A5D4-B468593433FC,DISABLING,TWELVE OCLOCK,PASSENGER CAR,SLOWING OR STOPPING,North,35,No,No,1995,BMW,CONV,39.06942904,-77.07564654,""(39.06942904, -77.07564654)"""
"MCP2440001H,230055687,Montgomery County Police,Injury Crash,09/19/2023 08:20:00 AM,County,CLUB HOUSE RD,CENTERWAY RD,,N/A,BICYCLIST,OPPOSITE DIRECTION SIDESWIPE,CLEAR,DRY,DAYLIGHT,TRAFFIC SIGNAL,UNKNOWN,NONE DETECTED,D7F24F64-63F1-4838-A0B7-A3A41D3D9379,Yes,NO APPARENT INJURY,N/A,UNKNOWN,,91CD2BD5-B24C-42AD-82B1-C78B50180AA6,UNKNOWN,ONE OCLOCK,PICKUP TRUCK,MAKING RIGHT TURN,West,35,Unknown,No,1999,DODGE,PICKUP,39.17282733,-77.20144167,""(39.17282733, -77.20144167)"""
"MCP304800BV,230072391,Montgomery County Police,Property Damage Crash,12/18/2023 02:30:00 PM,,,,ALLEY WAY 6900 BLOCK OF CLARENDON ROAD.,,,OTHER,CLEAR,,DAYLIGHT,N/A,N/A,,1F1F9CC5-CD34-4CDA-8760-F2067D88900C,Yes,NO APPARENT INJURY,N/A,UNKNOWN,MD,0228B565-3753-4ADB-AABA-FC4A3312EC01,SUPERFICIAL,SIX OCLOCK,AMBULANCE/EMERGENCY,BACKING,East,5,No,No,2018,FRHT,TRUCK,38.97921233,-77.10042583,""(38.97921233, -77.10042583)"""
"MCP9437002F,230050571,Montgomery County Police,Injury Crash,08/21/2023 05:10:00 PM,County,WISTERIA DR,GERMANTOWN RD,,N/A,,STRAIGHT MOVEMENT ANGLE,CLEAR,DRY,DAYLIGHT,STOP SIGN,NONE DETECTED,,19FE21FB-DA1A-46ED-93CE-FB496675E306,No,NO APPARENT INJURY,N/A,NOT DISTRACTED,MD,0016F13A-F837-4028-A53C-36BEC49D0297,SUPERFICIAL,ONE OCLOCK,PASSENGER CAR,MOVING CONSTANT SPEED,West,30,No,No,2014,CHEV,CRUZ,39.17750667,-77.27119117,""(39.17750667, -77.27119117)"""
"MCP3374001N,230071205,Montgomery County Police,Injury Crash,12/12/2023 05:23:00 AM,Maryland (State),ROCKVILLE PIKE,GROSVENOR LA,,N/A,,STRAIGHT MOVEMENT ANGLE,CLEAR,DRY,DARK LIGHTS ON,TRAFFIC SIGNAL,NONE DETECTED,,34F6B965-C1EB-450D-A76B-C7D6371D8649,Yes,SUSPECTED MINOR INJURY,N/A,OTHER CELLULAR PHONE RELATED,MD,7B8E0D73-1795-4040-B682-01F166FA7D12,DESTROYED,ONE OCLOCK,PASSENGER CAR,MOVING CONSTANT SPEED,East,35,No,No,2020,CHEVY,SPARK,39.022331,-77.102963,""(39.022331, -77.102963)"""