Report Number,Local Case Number,Agency Name,ACRS Report Type,Crash Date/Time,Route Type,Road Name,Cross-Street Name,Off-Road Description,Municipality,Related Non-Motorist,Collision Type,Weather,Surface Condition,Light,Traffic Control,Driver Substance Abuse,Non-Motorist Substance Abuse,Person ID,Driver At Fault,Injury Severity,Circumstance,Driver Distracted By,Drivers License State,Vehicle ID,Vehicle Damage Extent,Vehicle First Impact Location,Vehicle Body Type,Vehicle Movement,Vehicle Going Dir,Speed Limit,Driverless Vehicle,Parked Vehicle,Vehicle Year,Vehicle Make,Vehicle Model,Latitude,Longitude,Location
"DD56120040,230048700,Rockville Police Departme,Property Damage Crash,08/10/2023 08:43:00 AM,Maryland (State),ROCKVILLE PIKE,CROSSOVER,,N/A,,STRAIGHT MOVEMENT ANGLE,CLOUDY,DRY,DAYLIGHT,NO CONTROLS,NONE DETECTED,,11508559-3C26-4CB0-AD7B-D74805ABB433,No,NO APPARENT INJURY,N/A,NOT DISTRACTED,MD,0BB5A75B-5701-41BD-B840-F0A922422FF1,DISABLING,FIVE OCLOCK,PASSENGER CAR,MAKING LEFT TURN,North,35,No,No,2016,LEXUS,SD,39.07629437,-77.13848849,""(39.07629437, -77.13848849)"""
"MCP209400MH,230048727,Montgomery County Police,Injury Crash,08/10/2023 12:48:00 PM,,,,""PARKING LOT OF "
"10508 CUNNECTICUT AVE"",,,OTHER,N/A,,DAYLIGHT,N/A,NONE DETECTED,,2E6F3C66-0E02-401C-BE8B-ABDFA379A60E,Yes,NO APPARENT INJURY,N/A,NOT DISTRACTED,MD,A354F899-7808-4EA6-8644-E27D5C8D8476,SUPERFICIAL,SIX OCLOCK,PASSENGER CAR,BACKING,Unknown,0,No,No,2013,MERZEDES,E350,39.02823667,-77.07694833,""(39.02823667, -77.07694833)"""
"MCP2761004L,230053422,Montgomery County Police,Property Damage Crash,09/06/2023 12:02:00 PM,Maryland (State),GREAT SENECA HWY,RICHTER FARM RD,,N/A,,HEAD ON LEFT TURN,CLEAR,DRY,DAYLIGHT,TRAFFIC SIGNAL,NONE DETECTED,,202E2F7C-7BA0-4EF8-9587-2E3CCE230161,Yes,NO APPARENT INJURY,N/A,UNKNOWN,DC,7B4CD6B4-A5AA-4592-9DF1-9AF172F44ED8,FUNCTIONAL,TWELVE OCLOCK,PASSENGER CAR,MOVING CONSTANT SPEED,South,35,No,No,2014,GMC,ACADIA,39.148584,-77.27678483,""(39.148584, -77.27678483)"""
"MCP3221002K,230055426,Montgomery County Police,Property Damage Crash,09/17/2023 08:38:00 PM,County,DARNESTOWN RD,GREAT SENECA HWY,,N/A,,HEAD ON LEFT TURN,RAINING,WET,DARK LIGHTS ON,TRAFFIC SIGNAL,NONE DETECTED,,9D3F23B2-774B-4451-81B0-2FE7D5B60DD0,No,NO APPARENT INJURY,""RAIN, SNOW, WET"",NOT DISTRACTED,MD,6F01E268-C8BC-4B35-9A79-D724339D23CD,DISABLING,ONE OCLOCK,PASSENGER CAR,MOVING CONSTANT SPEED,East,40,No,No,2018,TOYOTA,CAMRY,39.09675,-77.20359333,""(39.09675, -77.20359333)"""
"MCP271700Y1,230059014,Montgomery County Police,Property Damage Crash,10/06/2023 07:15:00 PM,Maryland (State),FIRST ST,ROCKVILLE PIKE,,N/A,,SAME DIRECTION RIGHT TURN,CLEAR,DRY,DARK LIGHTS ON,TRAFFIC SIGNAL,N/A,,27003B0C-3AC5-497C-8A6A-622A2FC67A5D,No,NO APPARENT INJURY,N/A,NOT DISTRACTED,MD,097BDF29-EB7F-498D-8D24-2CBD35EE3C90,FUNCTIONAL,ELEVEN OCLOCK,PASSENGER CAR,MOVING CONSTANT SPEED,East,35,No,No,2013,TOYOTA,CAMRY,39.08135167,-77.145845,""(39.08135167, -77.145845)"""
"MCP2934004D,220001471,Montgomery County Police,Property Damage Crash,01/12/2022 08:50:00 PM,County,ROCKLEDGE DR,DEMOCRACY BLVD,,N/A,,SAME DIRECTION SIDESWIPE,CLEAR,DRY,DARK LIGHTS ON,TRAFFIC SIGNAL,UNKNOWN,,68931DC3-1250-4C29-9D4A-408AB85B0CCE,Yes,NO APPARENT INJURY,N/A,UNKNOWN,,FDCF06B1-6239-4FDA-BA3D-A72DA436AA36,UNKNOWN,UNKNOWN,(SPORT) UTILITY VEHICLE,MAKING LEFT TURN,South,35,No,No,2018,SUBARU,OUTBACK,39.02302256,-77.13234921,""(39.02302256, -77.13234921)"""
"MCP3374001F,230059775,Montgomery County Police,Injury Crash,10/10/2023 10:50:00 PM,,,,""BUS DEPOT PARKING LOT AT 8710 BROOKVILLE ROAD, SILVER SPRING MD"",,,HEAD ON LEFT TURN,CLEAR,,DARK LIGHTS ON,N/A,NONE DETECTED,,51DBA09C-D26E-4613-9AA6-66E7D1AF779D,No,SUSPECTED MINOR INJURY,N/A,LOOKED BUT DID NOT SEE,MD,037F48B4-8730-49E1-9C90-D6B773432EC5,DISABLING,TEN OCLOCK,PASSENGER CAR,PARKING,Unknown,5,No,No,2019,HONDA,TK,38.99838761,-77.05938936,""(38.99838761, -77.05938936)"""
"MCP27710030,230071259,Montgomery County Police,Property Damage Crash,12/12/2023 10:49:00 AM,Maryland (State),NORBECK RD,BAILEYS LA,,N/A,,SAME DIR REAR END,CLEAR,DRY,DAYLIGHT,N/A,N/A,,8AED7080-DAAF-4FD4-AD53-7FBBE49605F2,No,NO APPARENT INJURY,N/A,NOT DISTRACTED,MD,11336788-D047-48C1-9205-38EBFFBFB1C7,SUPERFICIAL,SIX OCLOCK,PASSENGER CAR,MOVING CONSTANT SPEED,West,40,No,No,2008,TOYT,HIGHLANDER,39.11236366,-77.06136726,""(39.11236366, -77.06136726)"""
"MCP3170003K,230061299,Montgomery County Police,Property Damage Crash,10/18/2023 04:52:00 PM,,,,PARKING LOT OF 19735 GERMANTOWN RD,,,OTHER,CLEAR,,DAYLIGHT,NO CONTROLS,UNKNOWN,,4406C152-279F-4382-9C00-1570EB152E30,Yes,NO APPARENT INJURY,N/A,LOOKED BUT DID NOT SEE,,04C7FF92-8FEE-4819-8901-B6CF9511C921,UNKNOWN,UNKNOWN,PASSENGER CAR,UNKNOWN,South,0,No,No,2013,HONDA,4S,39.17922483,-77.26509367,""(39.17922483, -77.26509367)"""
"MCP2780007F,230063222,Montgomery County Police,Property Damage Crash,10/29/2023 02:45:00 PM,,,,""PARKING LOT OF 20918 FREDERICK ROAD GERMANTOWN, MD 20876"",,,SINGLE VEHICLE,N/A,,DAYLIGHT,NO CONTROLS,NONE DETECTED,,73CCAB5E-97F2-44FE-AF30-D13F233A4A53,Yes,NO APPARENT INJURY,N/A,INATTENTIVE OR LOST IN THOUGHT,MD,B1A97DEA-7449-4A6C-9F21-60E7055B977C,FUNCTIONAL,TWELVE OCLOCK,(SPORT) UTILITY VEHICLE,ACCELERATING,West,15,No,No,2016,GMC,TERRAIN,39.20161367,-77.25138617,""(39.20161367, -77.25138617)"""
"DD5567001H,230066464,Rockville Police Departme,Property Damage Crash,11/15/2023 12:25:00 PM,Municipality,ANITA CT,FIRST ST,,N/A,OTHER,SINGLE VEHICLE,CLEAR,DRY,DAYLIGHT,N/A,NONE DETECTED,NONE DETECTED,3A9DBDC6-C3D5-41FB-9253-6A88663CDC55,No,NO APPARENT INJURY,N/A,NOT DISTRACTED,MD,0D888FEE-C2DE-4540-8EB0-C1F04A1D5A3C,NO DAMAGE,SIX OCLOCK,OTHER,BACKING,East,0,No,No,2018,PETERBUILT,TRASH TRUCK,39.08364589,-77.13610201,""(39.08364589, -77.13610201)"""
"MCP31610060,230070439,Montgomery County Police,Injury Crash,12/07/2023 04:19:00 PM,Maryland (State),CONNECTICUT AVE,ADAMS DR,,N/A,,HEAD ON LEFT TURN,CLEAR,DRY,DARK LIGHTS ON,TRAFFIC SIGNAL,NONE DETECTED,,23C11A97-263C-4968-BD3C-7F96241740E5,No,POSSIBLE INJURY,N/A,NOT DISTRACTED,MD,401D958A-B420-4B1B-AB54-8914B3021706,DISABLING,TWELVE OCLOCK,PASSENGER CAR,MOVING CONSTANT SPEED,North,35,No,No,2023,ACUR,HB,39.04742767,-77.0756865,""(39.04742767, -77.0756865)"""
"MCP2536004W,230073511,Montgomery County Police,Property Damage Crash,12/25/2023 02:00:00 AM,,,,PARKING LOT OF 1230 VEIRS MILL ROAD,,,OTHER,CLEAR,,DARK LIGHTS ON,NO CONTROLS,UNKNOWN,,15B426DE-C9D3-4F9B-A103-BCF477BFEB5A,Yes,NO APPARENT INJURY,N/A,NOT DISTRACTED,MD,B70EC632-6379-4AFB-8184-C7DDA0F15307,SUPERFICIAL,TWELVE OCLOCK,PASSENGER CAR,SLOWING OR STOPPING,South,15,No,No,2008,HONDA,ACCORD,39.06329833,-77.09575,""(39.06329833, -77.09575)"""
"MCP1400001H,230056205,Montgomery County Police,Property Damage Crash,09/21/2023 10:22:00 PM,Maryland (State),NEW HAMPSHIRE AVE,BONIFANT RD,,N/A,,SAME DIR REAR END,CLOUDY,DRY,DARK LIGHTS ON,TRAFFIC SIGNAL,ALCOHOL PRESENT,,E08DD998-6DCE-41CE-953E-8F6D24782CFE,Yes,NO APPARENT INJURY,N/A,TALKING OR LISTENING TO CELLULAR PHONE,MD,59825A19-A808-4A8A-861F-84E53A429B42,DISABLING,TWELVE OCLOCK,PASSENGER CAR,SLOWING OR STOPPING,South,45,No,No,2016,HYUN,4DR,39.09590866,-77.00218486,""(39.09590866, -77.00218486)"""
"DM8494002Y,230027360,Takoma Park Police Depart,Property Damage Crash,06/07/2023 03:09:00 PM,,,,7645 NEW HAMPSHIRE AVENUE,,,OTHER,CLEAR,,DAYLIGHT,N/A,N/A,,A72FFED4-3135-4F17-AB01-13732D8C876C,Yes,NO APPARENT INJURY,N/A,UNKNOWN,,DB2E3E28-6B3B-4519-83C3-215261958802,SUPERFICIAL,SIX OCLOCK,PASSENGER CAR,STARTING FROM PARKED,Unknown,5,No,No,2019,TOYOTA,390,38.98712133,-76.9875605,""(38.98712133, -76.9875605)"""
"MCP2853009D,230066990,Montgomery County Police,Injury Crash,11/17/2023 09:08:00 PM,Maryland (State),NEW HAMPSHIRE AVE,CHALMERS RD,,N/A,,STRAIGHT MOVEMENT ANGLE,CLEAR,DRY,DARK NO LIGHTS,NO CONTROLS,N/A,,C873003A-4ED2-4F65-8AE8-18E7978FD6C2,No,SUSPECTED MINOR INJURY,N/A,NOT DISTRACTED,DC,2D3DA378-CBF4-41EF-85D0-5D68B19F984D,DESTROYED,TWELVE OCLOCK,PASSENGER CAR,MOVING CONSTANT SPEED,South,40,No,No,2019,MITSUBISHI,MIRAGE,39.03033217,-76.983957,""(39.03033217, -76.983957)"""
"MCP2405000N,220045224,Montgomery County Police,Property Damage Crash,10/15/2022 01:00:00 PM,County,MARTELLO DR,OLD COLUMBIA PIKE,,N/A,,STRAIGHT MOVEMENT ANGLE,N/A,DRY,DAYLIGHT,STOP SIGN,NONE DETECTED,,CCE4C647-954A-4A26-AFF1-7118AA82A951,Yes,NO APPARENT INJURY,N/A,NOT DISTRACTED,MD,5085EB21-5265-4FD9-8A24-C54FE86C6C66,DISABLING,ELEVEN OCLOCK,PASSENGER CAR,MAKING LEFT TURN,East,35,No,No,2020,TOYOTA,HIGHLANDER,39.08200475,-76.95394848,""(39.08200475, -76.95394848)"""
"MCP289200FP,230071960,Montgomery County Police,Injury Crash,12/15/2023 05:24:00 PM,County,PERSHING DR,CEDAR ST,,N/A,,HEAD ON,CLEAR,DRY,DARK LIGHTS ON,NO CONTROLS,ALCOHOL PRESENT,,70076033-F91D-422E-9730-BEC9F4011FD1,Yes,POSSIBLE INJURY,N/A,OTHER DISTRACTION,MD,979448A2-4A44-4EE9-82D0-5D34F398493A,DISABLING,TWELVE OCLOCK,PASSENGER CAR,MOVING CONSTANT SPEED,North,25,No,No,2022,HONDA,4S,38.99806285,-77.02302854,""(38.99806285, -77.02302854)"""
"MCP3361000X,230059128,Montgomery County Police,Property Damage Crash,10/07/2023 02:44:00 PM,Maryland (State),UNIVERSITY BLVD W,ARCOLA AVE,,N/A,,STRAIGHT MOVEMENT ANGLE,CLEAR,DRY,DAYLIGHT,TRAFFIC SIGNAL,NONE DETECTED,,CB3DF454-6A54-4D46-BDD8-4FF95D12C427,No,NO APPARENT INJURY,N/A,NOT DISTRACTED,MD,FE8277AC-BAD5-48A1-BEDE-AAE0C1762E21,DISABLING,ELEVEN OCLOCK,PASSENGER CAR,MAKING LEFT TURN,East,15,No,No,2013,KIA,4S,39.03563117,-77.025999,""(39.03563117, -77.025999)"""
"MCP3196003W,230063513,Montgomery County Police,Property Damage Crash,10/31/2023 04:02:00 AM,County,WATKINS MILL RD,WAYFARER RD,,N/A,,SINGLE VEHICLE,N/A,N/A,DARK LIGHTS ON,N/A,NONE DETECTED,,5ACF2B8A-F015-463F-8D96-73D1ADE142F1,Yes,NO APPARENT INJURY,N/A,UNKNOWN,XX,4C6B27C4-B249-478F-B05C-C4D3E3FF8BBA,DISABLING,TWELVE OCLOCK,PASSENGER CAR,UNKNOWN,North,35,No,No,2012,FORD,FOCUS,39.19043333,-77.224955,""(39.19043333, -77.224955)"""
"DD5638002J,210011820,Rockville Police Departme,Injury Crash,03/30/2021 06:45:00 AM,Maryland (State),ROCKVILLE PIKE,VEIRS MILL RD,,N/A,,STRAIGHT MOVEMENT ANGLE,CLEAR,DRY,DARK LIGHTS ON,TRAFFIC SIGNAL,N/A,,3D162086-1BF7-4A03-A6BD-ED8C2B370574,Unknown,SUSPECTED MINOR INJURY,N/A,NOT DISTRACTED,MD,CD7192F6-0D20-4227-8851-C9D5F68488F5,DISABLING,TWELVE OCLOCK,PASSENGER CAR,MOVING CONSTANT SPEED,West,30,No,No,2004,TOYT,4S,39.0815766,-77.14600493,""(39.0815766, -77.14600493)"""
"MCP3339002Z,230065524,Montgomery County Police,Injury Crash,11/10/2023 08:37:00 AM,Maryland (State),NORBECK RD,EMORY LA,,N/A,,SAME DIR REAR END,RAINING,WET,DAYLIGHT,TRAFFIC SIGNAL,NONE DETECTED,,B3EFA037-0ED5-430D-BDA9-89823BD5C621,No,NO APPARENT INJURY,N/A,NOT DISTRACTED,MD,B824B800-7E5D-491B-869C-7E93B38EA37C,FUNCTIONAL,SIX OCLOCK,PASSENGER CAR,STARTING FROM LANE,West,35,No,No,2017,HYUNDAI,4S,39.09983325,-77.09854609,""(39.09983325, -77.09854609)"""
"MCP32090043,230017913,Montgomery County Police,Property Damage Crash,04/15/2023 12:07:00 AM,County,LOCKWOOD DR,LOCKWOOD DR,,N/A,,SINGLE VEHICLE,CLEAR,DRY,DARK LIGHTS ON,NO CONTROLS,NONE DETECTED,,C3216C34-EDAF-4EFD-A600-175DC6D88C35,Yes,NO APPARENT INJURY,N/A,NOT DISTRACTED,MD,F8E7B625-CE8E-4944-B787-67FC956E1D7E,OTHER,UNDERSIDE,PASSENGER CAR,ACCELERATING,South,30,No,No,2014,HONDA,CIVIC,39.04134741,-76.98589512,""(39.04134741, -76.98589512)"""
"MCP2345000X,230056158,Montgomery County Police,Property Damage Crash,09/21/2023 05:02:00 PM,Maryland (State),FREDERICK RD,SHADY GROVE RD,,N/A,,SAME DIR REAR END,CLEAR,DRY,DAYLIGHT,N/A,NONE DETECTED,,A92BAA58-C48C-4534-853A-9387D32912AC,No,NO APPARENT INJURY,""BACKUP DUE TO NON-RECURRING INCIDENT, N/A"",NOT DISTRACTED,MD,1DA24B19-039B-4CCB-A65B-EF249A962AAC,SUPERFICIAL,SEVEN OCLOCK,(SPORT) UTILITY VEHICLE,SLOWING OR STOPPING,North,35,No,No,2015,SUBARU,OUTBACK,39.12273127,-77.17756825,""(39.12273127, -77.17756825)"""
"MCP242500J1,230066301,Montgomery County Police,Property Damage Crash,11/14/2023 03:17:00 PM,Maryland (State),CONNECTICUT AVE,ASPEN HILL RD,,N/A,,SAME DIR REAR END,CLEAR,DRY,DAYLIGHT,TRAFFIC SIGNAL,NONE DETECTED,,539ADA64-015E-4793-B4B4-2E93408CCF55,Yes,NO APPARENT INJURY,N/A,UNKNOWN,MD,D5252AFE-C71A-49B4-8F5A-AA90C5451063,SUPERFICIAL,TWELVE OCLOCK,PASSENGER CAR,SLOWING OR STOPPING,North,35,No,No,2011,HONDA,ACCORD,39.07979167,-77.08062167,""(39.07979167, -77.08062167)"""
"DD5611001J,16040699,Rockville Police Departme,Property Damage Crash,08/11/2016 11:21:00 AM,,,,""2100 VEIRS MILL RD"
"TWINBROOK MARKETPLACE"",,,OTHER,CLEAR,,DAYLIGHT,NO CONTROLS,UNKNOWN,,88EE5B0F-840F-4F33-8A5E-50AEA65E2C5A,Unknown,NO APPARENT INJURY,N/A,UNKNOWN,,B8E5709C-10FC-4FF8-897F-F2F8942AF4DB,UNKNOWN,UNKNOWN,PASSENGER CAR,BACKING,North,5,No,No,2002,MERZ,TK,39.07517267,-77.1174535,""(39.07517267, -77.1174535)"""
"MCP3362001X,230056888,Montgomery County Police,Property Damage Crash,09/26/2023 06:47:00 AM,Maryland (State),UNIVERSITY BLVD W,DENNIS AVE,,N/A,,ANGLE MEETS RIGHT TURN,RAINING,WET,DAWN,TRAFFIC SIGNAL,NONE DETECTED,,61BC4236-1AE8-41B8-8EAA-FE5B8F4FBEF2,Yes,NO APPARENT INJURY,""RAIN, SNOW, WET"",LOOKED BUT DID NOT SEE,MD,8169D4A7-A203-4DBE-8E24-E6978350EE62,DISABLING,NINE OCLOCK,PASSENGER CAR,RIGHT TURN ON RED,North,25,No,No,2010,LINC,MK7,39.02601333,-77.02022833,""(39.02601333, -77.02022833)"""
"MCP31380064,230069389,Montgomery County Police,Property Damage Crash,12/01/2023 05:50:00 PM,County,GLENALLAN AVE,HEURICH RD,,N/A,,SINGLE VEHICLE,RAINING,WET,DARK NO LIGHTS,N/A,NONE DETECTED,,565F31ED-3195-4DBF-8C8A-264FD0954EB9,Yes,NO APPARENT INJURY,""RAIN, SNOW, WET"",LOOKED BUT DID NOT SEE,MD,7B921765-E1F7-474E-844D-E67DE1720F10,DISABLING,ELEVEN OCLOCK,POLICE VEHICLE/EMERGENCY,SLOWING OR STOPPING,East,30,No,No,2015,CHEVROLET,SUBURBAN,39.06003132,-77.03912349,""(39.06003132, -77.03912349)"""
"MCP2863002X,230047325,Montgomery County Police,Property Damage Crash,08/01/2023 03:15:00 PM,County,MIDCOUNTY HWY,SAYBROOKE OAKS BLVD,,GAITHERSBURG,,SAME DIR REAR END,CLEAR,DRY,DAYLIGHT,TRAFFIC SIGNAL,NONE DETECTED,,3D20BE88-EF6E-4B1F-99B3-1D5570F10967,Yes,NO APPARENT INJURY,N/A,NOT DISTRACTED,MD,60BE0439-40E2-437E-8457-EC4469CE4213,SUPERFICIAL,TWELVE OCLOCK,(SPORT) UTILITY VEHICLE,SLOWING OR STOPPING,South,50,No,No,2018,JEEP,GRAND CHAROKEE,39.15084183,-77.17476683,""(39.15084183, -77.17476683)"""
"MCP2683006W,230061998,Montgomery County Police,Injury Crash,10/22/2023 05:27:00 PM,Maryland (State),W MONTGOMERY AVE,ADCLARE RD,,ROCKVILLE,,SAME DIRECTION SIDESWIPE,CLEAR,DRY,DAYLIGHT,NO CONTROLS,NONE DETECTED,,1BE2C1D1-713C-4CF0-9375-014FC4892122,Yes,NO APPARENT INJURY,N/A,NOT DISTRACTED,MD,C8D46A09-C6CB-4D06-A46C-649D9755BBAA,FUNCTIONAL,TEN OCLOCK,POLICE VEHICLE/NON EMERGENCY,ACCELERATING,East,35,No,No,2004,TOYT,CAMRY,39.08570167,-77.168895,""(39.08570167, -77.168895)"""
"MCP2059007Q,230052190,Montgomery County Police,Property Damage Crash,08/30/2023 11:10:00 AM,,,,""PARKING LOT OF 451 HUNGERFORD DR, ROCKVILLE, MD 20850"",,,UNKNOWN,UNKNOWN,,UNKNOWN,NO CONTROLS,UNKNOWN,,4FC277C5-8788-47E3-AD64-694F76244808,Yes,NO APPARENT INJURY,N/A,UNKNOWN,,37C9EDF2-723F-46D2-969E-A4C4BD79D297,UNKNOWN,UNKNOWN,,STARTING FROM PARKED,Unknown,10,No,No,0,UNKNOWN,UNKNOWN,39.09047768,-77.15020672,""(39.09047768, -77.15020672)"""
"DD5625004P,210002651,Rockville Police Departme,Injury Crash,01/21/2021 06:16:00 PM,Maryland (State),ROCKVILLE PIKE,ENT TO WINTERGREEN PLAZA,,N/A,,HEAD ON LEFT TURN,CLEAR,DRY,DARK LIGHTS ON,N/A,NONE DETECTED,,5C7B7577-1474-4BE6-8E5E-344E99124627,No,NO APPARENT INJURY,N/A,NOT DISTRACTED,MD,0A41B476-D492-43FE-98F4-C6AA02B65C06,DISABLING,TWELVE OCLOCK,PASSENGER CAR,STOPPED IN TRAFFIC LANE,South,40,No,No,2012,NISS,4S,39.0754788,-77.13714321,""(39.0754788, -77.13714321)"""
"MCP3230004K,230046303,Montgomery County Police,Property Damage Crash,07/26/2023 08:45:00 PM,County,BAUER DR,NORBECK RD,,N/A,,SAME DIR REAR END,CLEAR,DRY,DARK LIGHTS ON,TRAFFIC SIGNAL,NONE DETECTED,,A4C56B95-16C2-466C-828E-0B12F30F7571,Yes,NO APPARENT INJURY,N/A,NOT DISTRACTED,MD,49007EC2-69F0-4272-9616-A3F1DA12276C,DISABLING,TWELVE OCLOCK,PASSENGER CAR,MOVING CONSTANT SPEED,East,35,No,No,2019,KIA,SORENTO,39.09599683,-77.10970533,""(39.09599683, -77.10970533)"""
"MCP29410052,230068662,Montgomery County Police,Injury Crash,11/28/2023 09:15:00 AM,County,SHADY GROVE RD,MIDCOUNTY HWY,,N/A,,SAME DIRECTION SIDESWIPE,CLEAR,DRY,DAYLIGHT,N/A,NONE DETECTED,,98269075-81D5-4097-8366-0819B6568EF1,Yes,POSSIBLE INJURY,N/A,LOOKED BUT DID NOT SEE,MD,F9DDB9EE-E41A-46C5-B328-9CA769135C48,SUPERFICIAL,SEVEN OCLOCK,PASSENGER CAR,CHANGING LANES,South,35,No,No,2023,TOYT,CAMRY,39.139965,-77.15241667,""(39.139965, -77.15241667)"""
"MCP27030035,230057155,Montgomery County Police,Property Damage Crash,09/27/2023 02:49:00 PM,Maryland (State),GEORGIA AVE,FOREST GLEN RD,,N/A,,SAME DIR REAR END,CLEAR,DRY,DAYLIGHT,NO CONTROLS,N/A,,EB0B289D-3F28-4AD2-ABCC-F5B00F686B38,No,NO APPARENT INJURY,N/A,NOT DISTRACTED,MD,11D5154C-C3AD-4AE1-98D6-D5820606DACC,DISABLING,SIX OCLOCK,PASSENGER CAR,SLOWING OR STOPPING,North,35,No,No,2008,HOND,HB,39.01500319,-77.04235342,""(39.01500319, -77.04235342)"""
"MCP3010008L,230049386,Montgomery County Police,Property Damage Crash,08/14/2023 12:59:00 PM,County,PARKLAWN DR,SPUR FR RANDOLPH RD,,N/A,,SAME DIR REAR END,CLEAR,DRY,DAYLIGHT,YIELD SIGN,N/A,,E5B713BA-92B7-47E9-951E-9CA1AFD27335,Yes,NO APPARENT INJURY,N/A,NOT DISTRACTED,MD,8CE980FF-31D2-4E71-AECF-0A537503C0FA,SUPERFICIAL,TWELVE OCLOCK,PASSENGER CAR,SLOWING OR STOPPING,West,30,No,No,2014,TOYT,SW,39.05197,-77.10677667,""(39.05197, -77.10677667)"""
"MCP9386009P,230059858,Montgomery County Police,Property Damage Crash,10/11/2023 01:00:00 PM,Maryland (State),VEIRS MILL RD,ANDREW ST,,N/A,,SAME DIRECTION RIGHT TURN,CLEAR,DRY,DAYLIGHT,STOP SIGN,NONE DETECTED,,71CE14D1-B540-4573-B79B-CB46D221B80A,No,NO APPARENT INJURY,N/A,NOT DISTRACTED,MD,8A0A824B-94F2-40F7-8F89-60F0D8553187,SUPERFICIAL,ELEVEN OCLOCK,TRANSIT BUS,ACCELERATING,East,35,No,No,2020,GILLIG,BUS,39.04992667,-77.07135333,""(39.04992667, -77.07135333)"""
"MCP14330058,230048991,Montgomery County Police,Injury Crash,08/11/2023 07:20:00 PM,County,BOU AVE,CHAPMAN AVE,,N/A,OTHER CONVEYANCE,OTHER,CLEAR,DRY,DAYLIGHT,STOP SIGN,NONE DETECTED,NONE DETECTED,AC5A3A77-D8E7-42F3-B9A3-84D926AF6AE3,Yes,NO APPARENT INJURY,N/A,LOOKED BUT DID NOT SEE,MD,E6AB2F67-923C-4E1F-856D-5796F24D2C45,SUPERFICIAL,ONE OCLOCK,PASSENGER CAR,MAKING RIGHT TURN,West,30,No,No,2012,HYUN,ELANTRA,39.0574964,-77.11648071,""(39.0574964, -77.11648071)"""
"EJ7898000L,230034657,Gaithersburg Police Depar,Property Damage Crash,07/20/2023 09:38:00 PM,Maryland (State),MONTGOMERY VILLAGE AVE,RUSSELL AVE,,GAITHERSBURG,,STRAIGHT MOVEMENT ANGLE,CLEAR,N/A,DARK LIGHTS ON,TRAFFIC SIGNAL,NONE DETECTED,,6329A40E-BE6F-4168-A51C-6D1B3F358623,No,NO APPARENT INJURY,N/A,NOT DISTRACTED,MD,408B39AA-F0D0-47DF-9F20-509CF495D9F4,DISABLING,ELEVEN OCLOCK,PASSENGER CAR,MOVING CONSTANT SPEED,North,35,No,No,2008,CHEV,TK,39.15437715,-77.20926953,""(39.15437715, -77.20926953)"""
"MCP2941004L,230028168,Montgomery County Police,Property Damage Crash,06/12/2023 06:33:00 AM,County,SHADY GROVE RD,MIDCOUNTY HWY,,N/A,,SAME DIR BOTH LEFT TURN,CLEAR,DRY,DAYLIGHT,TRAFFIC SIGNAL,NONE DETECTED,,256E004E-BEAD-4432-885F-0A12936B20BE,No,NO APPARENT INJURY,N/A,NOT DISTRACTED,MD,C3F18D75-B865-470D-AE7A-6B64CB656E24,SUPERFICIAL,TWO OCLOCK,TRANSIT BUS,MAKING LEFT TURN,North,35,No,No,2019,GILG BU,BUS,39.14139667,-77.152245,""(39.14139667, -77.152245)"""
"MCP31910047,230061666,Montgomery County Police,Property Damage Crash,10/20/2023 03:45:00 PM,County,QUINCE ORCHARD RD,QUINCE VALLEY DR,,N/A,,SAME DIR REAR END,RAINING,WET,DAYLIGHT,NO CONTROLS,NONE DETECTED,,3D468728-0306-4A96-AD73-76D13CB56497,Unknown,NO APPARENT INJURY,""RAIN, SNOW, WET"",NOT DISTRACTED,MD,67B3613B-BD03-407B-839C-D4598681F214,FUNCTIONAL,TWELVE OCLOCK,PASSENGER CAR,MOVING CONSTANT SPEED,North,30,No,No,2018,NISSAN,LEAF,39.10737113,-77.25208052,""(39.10737113, -77.25208052)"""
"DD5610008D,230056332,Rockville Police Departme,Property Damage Crash,09/22/2023 03:35:00 PM,Municipality,DENHAM RD,TEMPLAR CT,,ROCKVILLE,,SINGLE VEHICLE,CLEAR,DRY,DAYLIGHT,N/A,UNKNOWN,,2D678D72-7110-4C67-8FE8-797A8A6CFD25,Yes,NO APPARENT INJURY,N/A,UNKNOWN,,DDB8E350-66E0-45B4-BF10-C99361234417,N/A,UNKNOWN,PASSENGER CAR,UNKNOWN,Unknown,5,No,No,2016,HONDA,VAN,39.08546017,-77.13433483,""(39.08546017, -77.13433483)"""