Report Number,Local Case Number,Agency Name,ACRS Report Type,Crash Date/Time,Route Type,Road Name,Cross-Street Name,Off-Road Description,Municipality,Related Non-Motorist,Collision Type,Weather,Surface Condition,Light,Traffic Control,Driver Substance Abuse,Non-Motorist Substance Abuse,Person ID,Driver At Fault,Injury Severity,Circumstance,Driver Distracted By,Drivers License State,Vehicle ID,Vehicle Damage Extent,Vehicle First Impact Location,Vehicle Body Type,Vehicle Movement,Vehicle Going Dir,Speed Limit,Driverless Vehicle,Parked Vehicle,Vehicle Year,Vehicle Make,Vehicle Model,Latitude,Longitude,Location
"MCP3256002S,230074164,Montgomery County Police,Property Damage Crash,12/29/2023 02:53:00 PM,County,BROADBIRCH DR,PLUM ORCHARD DR,,N/A,,SAME DIRECTION SIDESWIPE,CLEAR,DRY,DAYLIGHT,NO CONTROLS,NONE DETECTED,,EDC5A5B4-6879-49E2-B7FE-9CBCA6DF5027,Yes,NO APPARENT INJURY,N/A,LOOKED BUT DID NOT SEE,MD,7367FE30-81D8-4CB5-8056-1D23CA78D352,SUPERFICIAL,ELEVEN OCLOCK,(SPORT) UTILITY VEHICLE,CHANGING LANES,East,35,No,No,2016,FORD,TRANSIT,39.05551653,-76.95693135,""(39.05551653, -76.95693135)"""
"MCP263900GB,230071249,Montgomery County Police,Property Damage Crash,12/12/2023 10:29:00 AM,County,WARING STATION RD,LEATHERBARK DR,,N/A,,SAME DIR REAR END,CLEAR,ICE,DAYLIGHT,NO CONTROLS,NONE DETECTED,,E20A5820-B407-48DC-A5FA-591E68AC9517,Yes,NO APPARENT INJURY,""ICY OR SNOW-COVERED, V WIPERS|W OTHER ENVIRONMENTAL"",NOT DISTRACTED,MD,5E6DF46A-978F-4336-ABF7-67D213727AB3,DISABLING,TWELVE OCLOCK,PICKUP TRUCK,MAKING LEFT TURN,East,30,No,No,2003,DODGE,RAM 1500,39.16944533,-77.24839667,""(39.16944533, -77.24839667)"""
"MCP3140002D,230049045,Montgomery County Police,Property Damage Crash,08/12/2023 03:26:00 AM,Maryland (State),WISCONSIN AVE,LELAND ST,,N/A,,SINGLE VEHICLE,CLEAR,DRY,DARK LIGHTS ON,FLASHING TRAFFIC SIGNAL,NONE DETECTED,,36FFD74A-2C22-4F76-AD3D-CC8A0B7B204D,Yes,NO APPARENT INJURY,N/A,LOOKED BUT DID NOT SEE,MD,BC609981-0E7F-40FD-852B-BB159FEFE7AA,DISABLING,TWELVE OCLOCK,PASSENGER CAR,MAKING LEFT TURN,South,25,No,No,2015,FIAT,500,38.97988333,-77.09206833,""(38.97988333, -77.09206833)"""
"MCP20470056,230065789,Montgomery County Police,Injury Crash,11/11/2023 01:58:00 PM,Maryland (State),FREDERICK RD,WATKINS POND BLVD,,ROCKVILLE,,SAME DIR REAR END,CLEAR,DRY,DAYLIGHT,TRAFFIC SIGNAL,NONE DETECTED,,448922A9-39F1-452E-90D3-368151D525FD,No,NO APPARENT INJURY,N/A,NOT DISTRACTED,MD,6958D283-9A17-4F2D-87D7-DB43B1984E54,SUPERFICIAL,SIX OCLOCK,RECREATIONAL VEHICLE,STOPPED IN TRAFFIC LANE,South,40,No,No,2022,JEEP,OMPASS,39.10663917,-77.16909783,""(39.10663917, -77.16909783)"""
"EJ78760063,230049837,Gaithersburg Police Depar,Property Damage Crash,08/16/2023 09:00:00 PM,Maryland (State),CLOPPER RD,SULLNICK WAY,,N/A,,OTHER,CLEAR,DRY,DARK LIGHTS ON,NO CONTROLS,NONE DETECTED,,8DDF4F20-D3B6-4B0C-BFE7-1FB826CEBA29,No,NO APPARENT INJURY,N/A,NOT DISTRACTED,MD,BA020E19-EC6C-458A-BE05-543A49882BFD,DISABLING,TWELVE OCLOCK,PASSENGER CAR,MOVING CONSTANT SPEED,West,35,No,No,2017,HONDA,ACCORD,39.14842797,-77.23710963,""(39.14842797, -77.23710963)"""
"MCP2895002Z,230047373,Montgomery County Police,Property Damage Crash,08/01/2023 08:09:00 PM,County,WARING STATION RD,FOREST BROOK RD,,N/A,,HEAD ON LEFT TURN,CLEAR,DRY,DAYLIGHT,STOP SIGN,NONE DETECTED,,3526AB5E-6014-44CD-97E3-80729AAC803B,No,NO APPARENT INJURY,N/A,NOT DISTRACTED,MD,37389307-6CD4-49C2-88C9-7E206B4E17A0,DISABLING,ONE OCLOCK,PASSENGER CAR,MOVING CONSTANT SPEED,South,30,No,No,2018,LEXUS,IS350,39.16992667,-77.24923,""(39.16992667, -77.24923)"""
"MCP242500HS,230034209,Montgomery County Police,Property Damage Crash,07/18/2023 03:07:00 PM,Maryland (State),WISCONSIN AVE,S PARK AVE,,FRIENDSHIP HEIGHTS,,SAME DIRECTION SIDESWIPE,CLEAR,DRY,DAYLIGHT,TRAFFIC SIGNAL,NONE DETECTED,,6BF7DBCC-49C3-45D0-9201-2CEE7D008353,Yes,NO APPARENT INJURY,N/A,NOT DISTRACTED,MD,F15079FF-DA4F-458F-B4C1-B10663CA1953,NO DAMAGE,TWO OCLOCK,PICKUP TRUCK,MOVING CONSTANT SPEED,North,30,No,No,2016,FORD,F150,38.96343167,-77.08710167,""(38.96343167, -77.08710167)"""
"MCP9419004S,230052916,Montgomery County Police,Injury Crash,09/03/2023 09:35:00 AM,County,REDLAND RD,CRABBS BRANCH WAY,,N/A,,STRAIGHT MOVEMENT ANGLE,CLEAR,DRY,DAYLIGHT,TRAFFIC SIGNAL,NONE DETECTED,,9B956B83-E777-4B40-B553-9DE9C7C6DFC0,No,NO APPARENT INJURY,N/A,NOT DISTRACTED,MD,31E29086-8643-4F3C-83EE-E14F2225C042,DISABLING,ONE OCLOCK,PASSENGER CAR,MOVING CONSTANT SPEED,East,40,No,No,2012,HONDA,CIVIC,39.121035,-77.15827167,""(39.121035, -77.15827167)"""
"MCP2620002P,230067847,Montgomery County Police,Injury Crash,11/22/2023 04:05:00 PM,County,ARLINGTON RD,HAMPDEN LA,,N/A,,HEAD ON,CLEAR,DRY,DAYLIGHT,NO CONTROLS,NONE DETECTED,,4633CFF8-87CC-4B2C-A4FC-A3B41C4AD87A,No,SUSPECTED MINOR INJURY,N/A,NOT DISTRACTED,MD,EFFE56AF-F2C6-4DBF-A579-C828C6828136,DISABLING,TWELVE OCLOCK,(SPORT) UTILITY VEHICLE,MOVING CONSTANT SPEED,South,35,No,No,2023,MERZ,UT,38.98282267,-77.098503,""(38.98282267, -77.098503)"""
"MCP32850022,230035147,Montgomery County Police,Property Damage Crash,07/24/2023 05:22:00 AM,County,WALDORF DR,WISTERIA DR,,N/A,,SAME DIRECTION SIDESWIPE,RAINING,WET,DAWN,NO CONTROLS,NONE DETECTED,,20DFACA7-B446-42B0-BD71-C22E1DFAAA60,Yes,NO APPARENT INJURY,""RAIN, SNOW, WET"",UNKNOWN,MD,6B4D703A-9AB1-40D2-80D0-D98F4FA49C1D,DISABLING,TWELVE OCLOCK,PASSENGER CAR,MOVING CONSTANT SPEED,North,25,No,No,2014,HONDA,ACCORD,39.18306167,-77.27631667,""(39.18306167, -77.27631667)"""
"MCP3292001X,230064016,Montgomery County Police,Property Damage Crash,11/02/2023 04:00:00 PM,Municipality,W GUDE DR,RESEARCH BLVD,,ROCKVILLE,,SAME DIRECTION RIGHT TURN,CLEAR,DRY,DAYLIGHT,NO CONTROLS,NONE DETECTED,,33205803-07B8-4824-AF61-6C6173DE1951,No,NO APPARENT INJURY,N/A,NOT DISTRACTED,MD,DE02FCDA-EF7D-4D6C-AE0F-D4C81B4504BF,SUPERFICIAL,SEVEN OCLOCK,PASSENGER CAR,MOVING CONSTANT SPEED,West,35,No,No,2015,ACURA,TK,39.10068796,-77.18078635,""(39.10068796, -77.18078635)"""
"MCP3190005K,230068894,Montgomery County Police,Property Damage Crash,11/29/2023 11:25:00 AM,Maryland (State),OLNEY SANDY SPRING RD,VILLAGE CENTER DR,,N/A,,STRAIGHT MOVEMENT ANGLE,CLEAR,DRY,DAYLIGHT,FLASHING TRAFFIC SIGNAL,NONE DETECTED,,94B2BFB6-831E-4016-BDB3-25BCB5A28974,No,NO APPARENT INJURY,N/A,NOT DISTRACTED,MD,21178316-1C8C-4584-ADDA-69DAC9E82BF0,DISABLING,TWELVE OCLOCK,PASSENGER CAR,MOVING CONSTANT SPEED,East,30,No,No,2005,KIA,NEW SPORTAGE,39.14974674,-77.05788602,""(39.14974674, -77.05788602)"""
"MCP263900G0,230046232,Montgomery County Police,Injury Crash,07/25/2023 12:51:00 PM,Maryland (State),GEORGIA AVE,ENT TO BUSINESS,,N/A,,HEAD ON LEFT TURN,CLEAR,DRY,DAYLIGHT,NO CONTROLS,NONE DETECTED,,279EFF1D-BD45-409B-B336-E7C5B9BA2846,No,POSSIBLE INJURY,""BACKUP DUE TO REGULAR CONGESTION, N/A"",NOT DISTRACTED,MD,40C8249A-CC29-45E2-90AB-B2C3C98989FD,DISABLING,TWELVE OCLOCK,PASSENGER CAR,MOVING CONSTANT SPEED,South,45,No,No,1999,LEXUS,ES300,39.0851605,-77.0787055,""(39.0851605, -77.0787055)"""
"MCP003600H5,230053293,Montgomery County Police,Injury Crash,09/05/2023 03:06:00 PM,Maryland (State),FREDERICK RD,CROGHAN RD,,N/A,,SAME DIR REAR END,CLEAR,DRY,DAYLIGHT,NO CONTROLS,NONE DETECTED,,C90E2219-2625-42EB-99E6-47A8A5607BE0,No,POSSIBLE INJURY,N/A,NOT DISTRACTED,MD,B9168562-1A14-4B39-89E2-8267587F2CF4,FUNCTIONAL,SIX OCLOCK,PICKUP TRUCK,STOPPED IN TRAFFIC LANE,North,40,No,No,2012,TOYOTA,TUNDRA,39.27574417,-77.3118685,""(39.27574417, -77.3118685)"""
"MCP3071002C,230051570,Montgomery County Police,Property Damage Crash,08/26/2023 10:39:00 PM,Maryland (State),FREDERICK RD,RIDGE RD,,N/A,,STRAIGHT MOVEMENT ANGLE,CLEAR,DRY,DARK LIGHTS ON,TRAFFIC SIGNAL,N/A,,3FE9AAA1-06A1-4BF0-84E5-0F8733236019,No,NO APPARENT INJURY,N/A,NOT DISTRACTED,MD,FB329141-3ADC-47E1-B4C2-A91B270C9BA1,DISABLING,TWELVE OCLOCK,PASSENGER CAR,MOVING CONSTANT SPEED,West,45,No,No,2009,TOYT,HB,39.20456982,-77.2461137,""(39.20456982, -77.2461137)"""
"MCP2752005S,230055256,Montgomery County Police,Property Damage Crash,09/16/2023 05:00:00 PM,County,CHARLESTON DR,SEVEN LOCKS RD,,N/A,,STRAIGHT MOVEMENT ANGLE,CLEAR,DRY,DAYLIGHT,STOP SIGN,NONE DETECTED,,DAF7B6A8-11B5-43ED-86DC-CB444E24D146,No,NO APPARENT INJURY,N/A,NOT DISTRACTED,MD,F629DA7E-2349-4BA4-9E3B-68BB1A5BAFDF,DISABLING,TWELVE OCLOCK,PASSENGER CAR,MOVING CONSTANT SPEED,South,35,No,No,2020,MERCEDES,C300,39.01683,-77.1607,""(39.01683, -77.1607)"""
"MCP2679003N,230058541,Montgomery County Police,Injury Crash,10/04/2023 05:00:00 PM,County,BEL PRE RD,HOMECREST RD,,N/A,,HEAD ON LEFT TURN,CLEAR,DRY,DAYLIGHT,TRAFFIC SIGNAL,NONE DETECTED,,75C6FB88-D0EF-4A1E-B27D-20BF15B14610,Yes,SUSPECTED MINOR INJURY,N/A,NOT DISTRACTED,MD,6879B772-0199-4A9F-B7D3-232DA10CD073,DISABLING,TWELVE OCLOCK,PASSENGER CAR,MOVING CONSTANT SPEED,West,30,No,No,2018,HONDA,CRV,39.09135187,-77.06282555,""(39.09135187, -77.06282555)"""
"MCP3294001P,230052240,Montgomery County Police,Injury Crash,08/30/2023 03:15:00 PM,County,WATKINS MILL RD,STEDWICK RD,,N/A,,STRAIGHT MOVEMENT ANGLE,CLEAR,DRY,DAYLIGHT,STOP SIGN,NONE DETECTED,,A8FB5750-B923-431C-8B17-F1BF4C9F2239,No,SUSPECTED MINOR INJURY,N/A,NOT DISTRACTED,MD,FCEA76B1-2251-4D31-8440-6A4B0BF0554C,FUNCTIONAL,TWELVE OCLOCK,PASSENGER CAR,MOVING CONSTANT SPEED,West,35,No,No,2018,TOYOTA,CAMRY,39.17591167,-77.20953667,""(39.17591167, -77.20953667)"""
"DD559500F8,230065535,Rockville Police Departme,Property Damage Crash,11/10/2023 09:00:00 AM,Municipality,MASON DR,SOUTHLAWN LA,,ROCKVILLE,,OTHER,CLOUDY,DRY,DAYLIGHT,NO CONTROLS,UNKNOWN,,4632B08E-9DF7-47C2-9AE6-4F6A1AFEA631,Yes,NO APPARENT INJURY,N/A,UNKNOWN,,28B365FB-6693-4E7A-A95E-A99F12D4DD70,UNKNOWN,TEN OCLOCK,PASSENGER CAR,MOVING CONSTANT SPEED,North,20,No,No,2022,FORD,F250,39.0937759,-77.1427478,""(39.0937759, -77.1427478)"""
"MCP3176002C,230064091,Montgomery County Police,Property Damage Crash,11/03/2023 12:50:00 AM,County,CEDAR ST,WAYNE AVE,,N/A,,HEAD ON,CLEAR,DRY,DARK LIGHTS ON,TRAFFIC SIGNAL,NONE DETECTED,,F8FC5DB8-26F0-4053-9612-89F5448E5FBB,Yes,NO APPARENT INJURY,N/A,TALKING OR LISTENING TO CELLULAR PHONE,MD,A1966192-C3E1-4EA6-AC59-3564B5170886,DISABLING,EIGHT OCLOCK,PASSENGER CAR,MAKING RIGHT TURN,South,20,No,No,2012,CHEVROLET,VOLT,38.99696167,-77.02168643,""(38.99696167, -77.02168643)"""
"MCP2948006P,230073382,Montgomery County Police,Property Damage Crash,12/23/2023 08:10:00 PM,County,RANDOLPH RD,MIDDLEVALE LA,,N/A,,ANGLE MEETS LEFT TURN,CLEAR,DRY,DARK -- UNKNOWN LIGHTING,TRAFFIC SIGNAL,NONE DETECTED,,1798AAB9-619F-4E96-9A1B-BA1EF7AA2335,Unknown,NO APPARENT INJURY,N/A,NOT DISTRACTED,MD,5ECC3913-1F7F-4597-A990-83DE9B787124,SUPERFICIAL,SEVEN OCLOCK,(SPORT) UTILITY VEHICLE,UNKNOWN,East,40,No,No,2021,FORD,EXPEDITION,39.05804467,-77.05770579,""(39.05804467, -77.05770579)"""
"MCP33090023,230067999,Montgomery County Police,Property Damage Crash,11/24/2023 12:33:00 AM,County,BLUHILL RD,DALEWOOD DR,,N/A,,OPPOSITE DIRECTION SIDESWIPE,N/A,DRY,DARK LIGHTS ON,NO CONTROLS,UNKNOWN,,AE454D05-CDAB-44B8-8464-AFC924016EF4,Yes,NO APPARENT INJURY,N/A,UNKNOWN,,1948771C-E3A6-41B2-92B4-D904F658DDD7,DISABLING,TWELVE OCLOCK,PASSENGER CAR,MAKING RIGHT TURN,East,25,No,No,2018,VOLK,GOLF,39.05187702,-77.07258005,""(39.05187702, -77.07258005)"""
"DD56510040,230065344,Rockville Police Departme,Property Damage Crash,11/09/2023 11:55:00 AM,Municipality,REDLAND BLVD,RESERVE CHAMPION DR,,N/A,,SAME DIRECTION SIDESWIPE,CLEAR,DRY,DAYLIGHT,STOP SIGN,NONE DETECTED,,952A49FC-D815-4D0F-BB63-09922281DF4B,Yes,NO APPARENT INJURY,N/A,LOOKED BUT DID NOT SEE,MD,56544A59-C5D5-4635-AF77-EB7C6D875DAE,DISABLING,ONE OCLOCK,PASSENGER CAR,MAKING LEFT TURN,South,30,No,No,2021,LEXS,UT,39.11150869,-77.17232363,""(39.11150869, -77.17232363)"""
"MCP3109008F,230059865,Montgomery County Police,Property Damage Crash,10/11/2023 01:35:00 PM,Maryland (State),UNIVERSITY BLVD E,COLESVILLE RD,,N/A,,SAME DIR REAR END,CLEAR,DRY,DAYLIGHT,TRAFFIC SIGNAL,NONE DETECTED,,7955E432-6EF1-4F61-9774-F45F87CB5B3E,Yes,NO APPARENT INJURY,N/A,NOT DISTRACTED,MD,7FECF6C0-E61D-4C4F-B329-0DC3FC33D7E1,DISABLING,TWELVE OCLOCK,PASSENGER CAR,STARTING FROM LANE,East,35,No,No,2017,HONDA,ACCORD,39.02008883,-77.01374767,""(39.02008883, -77.01374767)"""
"MCP33740013,230047805,Montgomery County Police,Injury Crash,08/04/2023 02:55:00 PM,,,,PARKING LOT ENTRANCE RANDOLPH RD/  LAUDERDALE DR.,,,STRAIGHT MOVEMENT ANGLE,CLEAR,,DAYLIGHT,NO CONTROLS,NONE DETECTED,,0A7A26DD-9D09-46CE-93DE-38E7EABBB6C6,Yes,NO APPARENT INJURY,N/A,OTHER CELLULAR PHONE RELATED,MD,3673FD60-7403-45E0-BAE3-8EC71EF2546D,SUPERFICIAL,TWELVE OCLOCK,PASSENGER CAR,MOVING CONSTANT SPEED,Unknown,10,No,No,2016,TOYOTA,4S,39.05302447,-77.10431221,""(39.05302447, -77.10431221)"""
"MCP33070026,230055614,Montgomery County Police,Property Damage Crash,09/18/2023 06:45:00 PM,County,ARCOLA AVE,AMHERST AVE,,N/A,,SAME DIR REAR END,CLEAR,DRY,DAYLIGHT,N/A,NONE DETECTED,,3F8797EE-8D87-425B-B104-6BE068150E9B,Yes,NO APPARENT INJURY,""N/A, VISION OBSTRUCTION (INCL. BLINDED BY SUN)"",OTHER DISTRACTION,MD,3EC4D63D-890F-49AF-A7C2-752E67F74483,NO DAMAGE,TWELVE OCLOCK,PASSENGER CAR,SLOWING OR STOPPING,West,30,No,No,1989,TOYOTA,SUPRA,39.0471845,-77.04995933,""(39.0471845, -77.04995933)"""
"MCP3256002C,230050556,Montgomery County Police,Property Damage Crash,08/21/2023 02:00:00 PM,County,OMEGA DR,RESEARCH BLVD,,N/A,,SAME DIRECTION SIDESWIPE,CLEAR,DRY,DAYLIGHT,NO CONTROLS,NONE DETECTED,,E13D2050-F82E-493C-8AC4-F61BE8BF1BCD,Yes,NO APPARENT INJURY,N/A,LOOKED BUT DID NOT SEE,,F1E7A886-8FAD-41DC-9755-6BA56321C849,SUPERFICIAL,THREE OCLOCK,PASSENGER CAR,MOVING CONSTANT SPEED,South,35,No,No,2020,HYUNDAI,TK,39.10726834,-77.19501322,""(39.10726834, -77.19501322)"""
"MCP3130006M,230050367,Montgomery County Police,Injury Crash,08/20/2023 12:39:00 PM,Maryland (State),NORBECK RD,CARROLTON RD,,N/A,,STRAIGHT MOVEMENT ANGLE,CLEAR,DRY,DAYLIGHT,STOP SIGN,NONE DETECTED,,FB46CDDD-6357-40BB-B773-07BF64FDD7A5,No,SUSPECTED MINOR INJURY,N/A,NOT DISTRACTED,MD,E9F5C2A3-7A3B-450B-9D56-2D9BB7B286AD,DESTROYED,TWELVE OCLOCK,PASSENGER CAR,MOVING CONSTANT SPEED,East,30,No,No,1997,TOYOTA,DX,39.14212333,-77.06744667,""(39.14212333, -77.06744667)"""
"MCP3264003Z,230048072,Montgomery County Police,Property Damage Crash,08/06/2023 01:00:00 PM,Maryland (State),COLESVILLE RD,R/R CSX & METRO - STRUC OVERHEAD,,N/A,,SAME DIRECTION LEFT TURN,CLEAR,DRY,DAYLIGHT,TRAFFIC SIGNAL,NONE DETECTED,,CD12B2DE-527D-4687-844F-8CFF8C3A6372,Yes,NO APPARENT INJURY,N/A,LOOKED BUT DID NOT SEE,MD,F10014D0-6422-4F12-B59A-76730DAB7B1C,FUNCTIONAL,ELEVEN OCLOCK,PASSENGER CAR,CHANGING LANES,South,35,No,No,2019,TOYOTA,RAV 4,38.99442515,-77.03095968,""(38.99442515, -77.03095968)"""
"MCP3245004L,23066100,Montgomery County Police,Injury Crash,11/13/2023 02:53:00 PM,Maryland (State),MUNCASTER MILL RD,MUNCASTER RD,,N/A,,SAME DIRECTION LEFT TURN,CLEAR,DRY,DAYLIGHT,TRAFFIC SIGNAL,NONE DETECTED,,574340C5-81A6-4DAE-8FD2-96D8CE22CB62,Yes,NO APPARENT INJURY,N/A,LOOKED BUT DID NOT SEE,MD,08175923-6094-4D56-BFF7-A67AF77A3BA8,DISABLING,ONE OCLOCK,PASSENGER CAR,MOVING CONSTANT SPEED,East,35,No,No,2010,TOYOTA,SIENNA,39.14614667,-77.144595,""(39.14614667, -77.144595)"""
"MCP9379004Z,230064339,Montgomery County Police,Injury Crash,11/04/2023 09:00:00 AM,Maryland (State),VEIRS MILL RD,ROCKVILLE PIKE,,N/A,,SAME DIR REAR END,CLEAR,DRY,DAYLIGHT,TRAFFIC SIGNAL,NONE DETECTED,,BA3B1A82-9ACF-4799-8281-9AE0791E35B9,Yes,NO APPARENT INJURY,N/A,NOT DISTRACTED,MD,6218FF18-E34F-4358-92EF-8F3313EC6E84,FUNCTIONAL,TWELVE OCLOCK,POLICE VEHICLE/NON EMERGENCY,MOVING CONSTANT SPEED,East,35,No,No,2021,FORD,INTERCEPTOR,39.08017567,-77.14417183,""(39.08017567, -77.14417183)"""
"MCP2973001W,16034909,Montgomery County Police,Property Damage Crash,07/10/2016 10:39:00 AM,Maryland (State),NORBECK RD,BALTIMORE RD,,N/A,,SAME DIR REAR END,CLEAR,DRY,DAYLIGHT,NO CONTROLS,NONE DETECTED,,61B8420A-0F99-48C8-8C93-33C4B5018D77,Yes,NO APPARENT INJURY,N/A,LOOKED BUT DID NOT SEE,MD,D86803AE-1AE0-42C0-ACF0-0B34FB4CE34A,DISABLING,TWELVE OCLOCK,PASSENGER CAR,SLOWING OR STOPPING,West,45,No,No,2015,VOLKSWAGEN,4S,39.09557159,-77.11167991,""(39.09557159, -77.11167991)"""
"EJ78760065,230052253,Gaithersburg Police Depar,Property Damage Crash,08/30/2023 03:45:00 PM,Maryland (State),MONTGOMERY VILLAGE AVE,SPUR FR MD 124 TO MD 124,,N/A,,SAME DIR REAR END,CLEAR,DRY,DAYLIGHT,NO CONTROLS,NONE DETECTED,,42AC2BA3-A003-4B38-9131-24A5FE8427C8,No,NO APPARENT INJURY,N/A,NOT DISTRACTED,NY,55BB29D9-4FD6-41C5-A1B5-32227DF85735,SUPERFICIAL,TWELVE OCLOCK,PASSENGER CAR,SLOWING OR STOPPING,North,35,No,No,2014,HONDA,ACCORD,39.1584699,-77.20376025,""(39.1584699, -77.20376025)"""
"MCP235800BP,230047748,Montgomery County Police,Injury Crash,08/04/2023 09:00:00 AM,Maryland (State),RIVER RD,OGDEN RD,,N/A,,STRAIGHT MOVEMENT ANGLE,CLEAR,DRY,DAYLIGHT,STOP SIGN,NONE DETECTED,,E8B0DFB8-695D-4D5E-8CFE-A3CB713AB3B0,Yes,NO APPARENT INJURY,N/A,NOT DISTRACTED,MD,6B8C264D-9862-4A10-A762-0170D4431A62,FUNCTIONAL,TWELVE OCLOCK,PASSENGER CAR,MOVING CONSTANT SPEED,North,35,No,No,2023,MERCEDES,BENZ,38.97053952,-77.11622437,""(38.97053952, -77.11622437)"""
"MCP3256002Q,230073160,Montgomery County Police,Property Damage Crash,12/22/2023 03:00:00 PM,US (State),COLUMBIA PIKE,STEWART LA,,N/A,,HEAD ON LEFT TURN,CLEAR,DRY,DAYLIGHT,TRAFFIC SIGNAL,NONE DETECTED,,1680B1E6-F217-4268-871A-0E571F95A7EA,No,NO APPARENT INJURY,N/A,NOT DISTRACTED,FL,B9B7FE79-FAAA-4165-9E32-098E6A3A63DB,DISABLING,TWELVE OCLOCK,PASSENGER CAR,MOVING CONSTANT SPEED,South,50,No,No,2020,ACURA,SUV,39.04668567,-76.98631133,""(39.04668567, -76.98631133)"""
"MCP32310010,230056551,Montgomery County Police,Injury Crash,09/23/2023 10:43:00 PM,Other Public Roadway,MONTROSE PKWY,MONTROSE RD,,N/A,,SINGLE VEHICLE,RAINING,WET,DARK LIGHTS ON,OTHER,NONE DETECTED,,7098DF50-5E3A-4FFE-9840-C078AFF194AD,Unknown,POSSIBLE INJURY,""RAIN, SNOW, WET"",NOT DISTRACTED,MD,59B7D074-9BFF-4AC7-89F8-2A19200F1D8F,DISABLING,TWELVE OCLOCK,PASSENGER CAR,MOVING CONSTANT SPEED,East,30,No,No,2009,TOYOTA,COROLLA,39.05124733,-77.13372633,""(39.05124733, -77.13372633)"""
"MCP2266000J,210000148,Montgomery County Police,Property Damage Crash,01/02/2021 01:07:00 PM,,,,DRIVEWAY OF 110 / 112 CHESTNUT ST,,,OTHER,UNKNOWN,,UNKNOWN,N/A,UNKNOWN,,2054E939-BEC5-4927-8261-6799D9EE2349,Yes,NO APPARENT INJURY,N/A,UNKNOWN,,7D0893DE-0401-45EA-930C-C7BF8A17FDDD,SUPERFICIAL,SEVEN OCLOCK,PASSENGER CAR,BACKING,West,5,No,No,2017,TOYOTA,4D,39.14075,-77.20456,""(39.14075, -77.20456)"""
"MCP28670018,15021929,Montgomery County Police,Property Damage Crash,05/08/2015 11:56:00 AM,,,,HILLANDALE SHOPPING CENTER IN AREA OF 1640 ELTON ROAD,,,OTHER,CLEAR,,N/A,NO CONTROLS,N/A,,9DA039D3-80D8-4174-A583-8E65AEC69429,Yes,NO APPARENT INJURY,N/A,UNKNOWN,,79555CA9-4344-4DB1-BBF1-A21F7FD7479E,UNKNOWN,UNKNOWN,PICKUP TRUCK,PARKING,East,0,No,No,2005,FORD,TRUCK,39.02021,-76.975938,""(39.02021, -76.975938)"""
"DD5633008H,230069896,Rockville Police Departme,Property Damage Crash,12/05/2023 12:00:00 AM,,,,1201 FIRST ST PARKING LOT.,,,SAME DIRECTION SIDESWIPE,CLEAR,,DARK LIGHTS ON,N/A,UNKNOWN,,E96EEDFC-CB0B-49F8-A3EB-E1F706B1362D,Yes,NO APPARENT INJURY,N/A,NOT DISTRACTED,,F19B2C1E-5157-4E40-81A6-2F0C816F0852,SUPERFICIAL,ONE OCLOCK,PASSENGER CAR,STARTING FROM PARKED,South,5,No,No,2022,KIA,SPORTAGE,39.09496611,-77.13472025,""(39.09496611, -77.13472025)"""
"MCP3222002M,230069140,Montgomery County Police,Injury Crash,11/30/2023 03:41:00 PM,Maryland (State),BRADLEY BLVD,ENT TO SCHOOL,,N/A,,SAME DIR REAR END,CLEAR,DRY,DAYLIGHT,NO CONTROLS,NONE DETECTED,,8533DF45-DCEF-4831-BD47-47B7ED920180,No,POSSIBLE INJURY,N/A,NOT DISTRACTED,MD,E4552654-0255-41FF-BDD2-994A93589AB0,SUPERFICIAL,SIX OCLOCK,PASSENGER CAR,STOPPED IN TRAFFIC LANE,South,35,No,No,2009,INFINITI,GX90,39.01193683,-77.155767,""(39.01193683, -77.155767)"""
"MCP3230004T,230061407,Montgomery County Police,Property Damage Crash,10/19/2023 11:40:00 AM,Maryland (State),CONNECTICUT AVE,VEIRS MILL RD,,N/A,,SAME DIR REAR END,CLEAR,DRY,DAYLIGHT,TRAFFIC SIGNAL,NONE DETECTED,,D973DB3D-F709-47DC-8C88-B4BAB357DC5B,No,NO APPARENT INJURY,N/A,NOT DISTRACTED,MD,4BF46E87-75A9-42D9-B73E-093D714C5078,SUPERFICIAL,SIX OCLOCK,PASSENGER CAR,STOPPED IN TRAFFIC LANE,North,35,No,No,2019,CHEVY,SILVERADO,39.05104433,-77.07475017,""(39.05104433, -77.07475017)"""
"MCP3010008Y,230058939,Montgomery County Police,Property Damage Crash,10/01/2023 01:00:00 PM,,,,PARKING LOT OF 911 ROSE AVE,,,SAME DIR REAR END,CLEAR,,DAYLIGHT,OTHER,N/A,,93468842-EEB6-44E1-915E-CC933F36685F,No,NO APPARENT INJURY,""BACKUP DUE TO REGULAR CONGESTION, N/A"",NOT DISTRACTED,MD,41B1D2B4-05B0-4D51-B564-014F6F96D7E4,SUPERFICIAL,TWELVE OCLOCK,PASSENGER CAR,STOPPED IN TRAFFIC LANE,East,20,No,No,2023,NISSAN,ARIYA,39.05028767,-77.11669189,""(39.05028767, -77.11669189)"""