Report Number,Local Case Number,Agency Name,ACRS Report Type,Crash Date/Time,Route Type,Road Name,Cross-Street Name,Off-Road Description,Municipality,Related Non-Motorist,Collision Type,Weather,Surface Condition,Light,Traffic Control,Driver Substance Abuse,Non-Motorist Substance Abuse,Person ID,Driver At Fault,Injury Severity,Circumstance,Driver Distracted By,Drivers License State,Vehicle ID,Vehicle Damage Extent,Vehicle First Impact Location,Vehicle Body Type,Vehicle Movement,Vehicle Going Dir,Speed Limit,Driverless Vehicle,Parked Vehicle,Vehicle Year,Vehicle Make,Vehicle Model,Latitude,Longitude,Location
"MCP2875007D,230033398,Montgomery County Police,Injury Crash,07/13/2023 03:52:00 PM,Maryland (State),MAIN ST,WOODFIELD RD,,N/A,,HEAD ON LEFT TURN,CLOUDY,DRY,DAYLIGHT,TRAFFIC SIGNAL,NONE DETECTED,,76B9AF87-FC1D-4A4B-A442-426239BE7D07,Yes,NO APPARENT INJURY,N/A,LOOKED BUT DID NOT SEE,XX,5479209D-413D-4A94-988D-3BD24255EF74,DESTROYED,TWELVE OCLOCK,PASSENGER CAR,MAKING LEFT TURN,West,30,No,No,2012,NISSAN,ALTIMA,39.28785333,-77.20202833,""(39.28785333, -77.20202833)"""
"MCP22700026,230053284,Montgomery County Police,Property Damage Crash,09/05/2023 02:30:00 PM,,,,PARKING LOT,,,OTHER,CLEAR,,DAYLIGHT,NO CONTROLS,NONE DETECTED,,B3681AAE-9A3B-4F07-947C-57FC93752F28,No,NO APPARENT INJURY,N/A,NOT DISTRACTED,MD,F6910518-3367-48F0-94FA-DFC396845457,FUNCTIONAL,SEVEN OCLOCK,PASSENGER CAR,PARKED,,15,No,Yes,2022,CADI,ESCAL,39.01796167,-77.20845833,""(39.01796167, -77.20845833)"""
"MCP3160002W,200029029,Montgomery County Police,Property Damage Crash,07/26/2020 07:15:00 PM,Maryland (State),ROCKVILLE PIKE,POOKS HILL RD,,N/A,,SAME DIR REAR END,CLEAR,DRY,DAYLIGHT,TRAFFIC SIGNAL,NONE DETECTED,,B1E3683B-E779-4406-8518-F264E7BECD95,No,NO APPARENT INJURY,N/A,NOT DISTRACTED,TX,DB28F551-4872-4507-BCEC-65221E6B9E9B,DISABLING,TWELVE OCLOCK,PASSENGER CAR,MOVING CONSTANT SPEED,North,35,No,No,2016,MAZDA,3,39.01466,-77.099485,""(39.01466, -77.099485)"""
"MCP2641003P,230067626,Montgomery County Police,Property Damage Crash,11/21/2023 01:55:00 PM,Interstate (State),EISENHOWER MEMORIAL HWY,EXIT #11,,N/A,,SAME DIR REAR END,RAINING,WET,DAYLIGHT,N/A,NONE DETECTED,,1B1B6C0C-FFE6-4E2D-B75A-C10089DEF867,Yes,NO APPARENT INJURY,""RAIN, SNOW, WET"",UNKNOWN,VA,C66E9DDA-BA6A-4753-BF2A-1313093B51F1,DISABLING,TWELVE OCLOCK,POLICE VEHICLE/NON EMERGENCY,SLOWING OR STOPPING,North,55,No,No,2000,BENTLEY,ARNAGE,39.155305,-77.22376833,""(39.155305, -77.22376833)"""
"MCP3136006R,230070922,Montgomery County Police,Injury Crash,12/10/2023 01:17:00 PM,US (State),COLESVILLE RD,SOUTHWOOD AVE,,N/A,,SAME DIR REAR END,RAINING,WET,DAYLIGHT,TRAFFIC SIGNAL,NONE DETECTED,,94265BFE-D93A-4B51-95B0-139BC5519346,Yes,NO APPARENT INJURY,""RAIN, SNOW, WET"",NOT DISTRACTED,DC,EFE23BD9-8994-4A56-8601-E7002EC40753,SUPERFICIAL,TWELVE OCLOCK,(SPORT) UTILITY VEHICLE,SLOWING OR STOPPING,South,35,No,No,2021,LEXUS,GX460,39.02604458,-77.01083227,""(39.02604458, -77.01083227)"""
"MCP1477000L,230068615,Montgomery County Police,Property Damage Crash,11/16/2023 06:22:00 AM,US (State),COLUMBIA PIKE,GREENCASTLE RD,,N/A,,SAME DIR REAR END,CLEAR,DRY,DUSK,NO CONTROLS,N/A,,158B8706-89B5-4B72-ABA6-724587A9BEDE,Yes,NO APPARENT INJURY,N/A,NOT DISTRACTED,,9DACD86D-BBB3-4ADE-880E-BC5DE6A818DB,N/A,TWELVE OCLOCK,PASSENGER CAR,MOVING CONSTANT SPEED,North,55,No,No,2012,TOYOTA,RAV4,39.09550023,-76.9379823,""(39.09550023, -76.9379823)"""
"MCP2228001J,230074366,Montgomery County Police,Injury Crash,12/31/2023 11:00:00 AM,Maryland (State),MONTGOMERY VILLAGE AVE,SPUR TO CHRISTOPHER AVE,,N/A,,SAME DIR REAR END,CLEAR,DRY,DAYLIGHT,YIELD SIGN,NONE DETECTED,,14B8FDE8-25BF-4EBC-92D6-22855B65C701,Yes,NO APPARENT INJURY,N/A,LOOKED BUT DID NOT SEE,MD,CA316C1F-7A4D-420B-8355-C8B629A9A2A7,SUPERFICIAL,TWELVE OCLOCK,PASSENGER CAR,STARTING FROM LANE,South,30,No,No,2011,TOYOTA,SIENNA,39.158415,-77.20471833,""(39.158415, -77.20471833)"""
"MCP3192004C,230064594,Montgomery County Police,Property Damage Crash,11/05/2023 08:22:00 PM,,,,PARKING LOT OF 12021 GEORGIA AVE,,,OTHER,CLEAR,,DARK LIGHTS ON,NO CONTROLS,UNKNOWN,,960E3FDF-73BF-4D03-849D-31CCB9D571FF,Yes,NO APPARENT INJURY,N/A,UNKNOWN,,75127B60-2D2C-40E4-BE38-4403E1ADC01F,SUPERFICIAL,UNKNOWN,PASSENGER CAR,STARTING FROM PARKED,South,15,No,No,2010,CHEV,MALIBU,39.05263181,-77.04965155,""(39.05263181, -77.04965155)"""
"MCP1425001H,230065818,Montgomery County Police,Injury Crash,11/11/2023 05:33:00 PM,County,SEVEN LOCKS RD,INSPECTION HOUSE RD,,N/A,,SAME DIR REAR END,CLEAR,DRY,DUSK,NO CONTROLS,NONE DETECTED,,13D9B631-CD92-41C8-83A7-8C99BDB6B45A,No,NO APPARENT INJURY,N/A,NOT DISTRACTED,MD,6BAD7048-F77D-45F5-BB7B-ABD4044255D5,FUNCTIONAL,SIX OCLOCK,PASSENGER CAR,SLOWING OR STOPPING,South,30,No,No,2022,TOYOTA,CAMRY,39.05399558,-77.16319989,""(39.05399558, -77.16319989)"""
"MCP29460068,230069989,Montgomery County Police,Property Damage Crash,12/05/2023 01:01:00 PM,County,WINGED ELM DR,CYPRESS SPRING RD,,N/A,,OPPOSITE DIRECTION SIDESWIPE,CLEAR,DRY,DAYLIGHT,N/A,NONE DETECTED,,85F416A6-5BF0-4149-A2C6-242852ABF142,Yes,NO APPARENT INJURY,""N/A, V EXHAUST SYSTEM|R OTHER ROAD"",NOT DISTRACTED,MD,99EFCF9C-7396-46E2-ADF4-3C67B5077E54,SUPERFICIAL,TEN OCLOCK,""CARGO VAN/LIGHT TRUCK 2 AXLES (OVER 10,000LBS (4,536 KG))"",STARTING FROM LANE,West,25,No,No,2014,INTL,TK,39.23384117,-77.2528525,""(39.23384117, -77.2528525)"""
"EJ7885003K,230057360,Gaithersburg Police Depar,Injury Crash,09/28/2023 06:17:00 PM,,,,IN THE PARKING GARAGE OF 10121 WASHINGTONIAN BLVD,,PEDESTRIAN,OTHER,CLEAR,,DAYLIGHT,NO CONTROLS,UNKNOWN,NONE DETECTED,E8034AB9-A8CC-456B-9C62-2F741F539894,Yes,NO APPARENT INJURY,N/A,UNKNOWN,,95464E38-99F3-4B9A-B408-4EF70E80F5C6,NO DAMAGE,SIX OCLOCK,PASSENGER CAR,BACKING,Unknown,5,No,No,0,TESLA,MODEL X,39.1202178,-77.2044607,""(39.1202178, -77.2044607)"""
"MCP3256002S,230074164,Montgomery County Police,Property Damage Crash,12/29/2023 02:53:00 PM,County,BROADBIRCH DR,PLUM ORCHARD DR,,N/A,,SAME DIRECTION SIDESWIPE,CLEAR,DRY,DAYLIGHT,NO CONTROLS,NONE DETECTED,,79D16C9A-29D3-4789-BEC1-0B427866CB5C,No,NO APPARENT INJURY,N/A,NOT DISTRACTED,MD,8F378403-FBF5-4534-B71F-33112F41FEE0,SUPERFICIAL,ONE OCLOCK,PASSENGER CAR,MOVING CONSTANT SPEED,East,35,No,No,2021,TOYOTA,4D,39.05551653,-76.95693135,""(39.05551653, -76.95693135)"""
"MCP12020048,190060703,Montgomery County Police,Property Damage Crash,12/17/2019 09:54:00 AM,County,HARWICK RD,OSCEOLA RD,,N/A,,OTHER,CLOUDY,WET,DAYLIGHT,NO CONTROLS,NONE DETECTED,,F3DB20F8-51F2-46B5-9EA6-378925419190,Yes,NO APPARENT INJURY,N/A,NOT DISTRACTED,MD,4F3FAC58-CA83-4B8A-9876-4534351A949B,FUNCTIONAL,FIVE OCLOCK,SCHOOL BUS,SLOWING OR STOPPING,North,25,No,No,2015,FRHT,BUS,38.9662,-77.122,""(38.9662, -77.122)"""
"MCP22700025,230052366,Montgomery County Police,Injury Crash,08/31/2023 08:00:00 AM,County,MONTROSE RD,TILDENWOOD DR,,ROCKVILLE,,SAME DIR REAR END,CLEAR,DRY,DAYLIGHT,NO CONTROLS,NONE DETECTED,,D347E290-6614-4DE1-845E-398BE8A0915A,Yes,NO APPARENT INJURY,""N/A, VISION OBSTRUCTION (INCL. BLINDED BY SUN)"",INATTENTIVE OR LOST IN THOUGHT,MD,C14E3C2B-C652-4422-8F33-05D81BC9B233,DISABLING,TWELVE OCLOCK,PASSENGER CAR,MOVING CONSTANT SPEED,East,40,No,No,2014,JEEP,TK,39.05438333,-77.14111167,""(39.05438333, -77.14111167)"""
"MCP2767003P,170540990,Montgomery County Police,Property Damage Crash,11/04/2017 09:44:00 PM,Maryland (State),GEORGIA AVE,RANDOLPH RD,,N/A,,SAME DIR REAR END,RAINING,WET,DARK LIGHTS ON,TRAFFIC SIGNAL,ALCOHOL PRESENT,,0DC88DA0-1CFE-4304-B22D-7EFF640905CA,Yes,NO APPARENT INJURY,""RAIN, SNOW, WET"",UNKNOWN,MD,67FE6B7A-6DB4-461C-9E65-D2903D39CFD6,SUPERFICIAL,TWELVE OCLOCK,(SPORT) UTILITY VEHICLE,ACCELERATING,North,35,No,No,2008,ACUR,MDX,39.05774,-77.04980167,""(39.05774, -77.04980167)"""
"DD5652003G,230034756,Rockville Police Departme,Injury Crash,07/21/2023 02:26:00 PM,Maryland (State),NORBECK RD,AVERY RD,,ROCKVILLE,,SAME DIR REAR END,CLEAR,DRY,DAYLIGHT,TRAFFIC SIGNAL,NONE DETECTED,,F7E34A4E-6CF8-4EAF-9FE0-BEECB625BFA4,No,NO APPARENT INJURY,N/A,NOT DISTRACTED,MD,78F2D10D-AC69-4125-A929-C2AB8469F4A5,SUPERFICIAL,SIX OCLOCK,PASSENGER CAR,SLOWING OR STOPPING,West,50,No,No,2018,HOND,TK,39.09322594,-77.12211346,""(39.09322594, -77.12211346)"""
"MCP3277003C,230072658,Montgomery County Police,Property Damage Crash,12/19/2023 09:40:00 PM,Maryland (State),W DIAMOND AVE,QUINCE ORCHARD RD,,N/A,,STRAIGHT MOVEMENT ANGLE,CLEAR,DRY,DARK LIGHTS ON,TRAFFIC SIGNAL,NONE DETECTED,,9A23B01E-F793-480F-9C91-20DC1C1FDF59,No,NO APPARENT INJURY,N/A,NOT DISTRACTED,MD,1847F288-A22C-42B9-BE74-9FF25A9DEAD5,DISABLING,ONE OCLOCK,PASSENGER CAR,ACCELERATING,East,35,No,No,2015,TOYOTA,RAV4,39.14274033,-77.22082733,""(39.14274033, -77.22082733)"""
"EJ7781004F,230052743,Gaithersburg Police Depar,Property Damage Crash,09/02/2023 04:45:00 AM,Municipality,LOWER COUNTRY DR,GRANGE HALL DR,,GAITHERSBURG,,OTHER,CLEAR,DRY,DARK NO LIGHTS,NO CONTROLS,UNKNOWN,,45BCCDFA-A5D8-479C-BCAC-88C756A85034,Yes,NO APPARENT INJURY,N/A,UNKNOWN,,C5DDCAEF-3C8D-4452-9E3E-2CBD23B33275,DISABLING,ELEVEN OCLOCK,PASSENGER CAR,MOVING CONSTANT SPEED,East,15,No,No,2022,MERZ,UT,39.1524703,-77.17862425,""(39.1524703, -77.17862425)"""
"MCP3339002V,230061802,Montgomery County Police,Property Damage Crash,10/21/2023 12:31:00 PM,County,BEL PRE RD,PARKER FARM WAY,,N/A,,STRAIGHT MOVEMENT ANGLE,CLEAR,DRY,DAYLIGHT,N/A,NONE DETECTED,,C8CF1755-DBDB-4A8C-A16E-9803DA1C6C24,Yes,NO APPARENT INJURY,N/A,LOOKED BUT DID NOT SEE,MD,B59B98EF-1139-49D7-AEFE-E23425C1053F,SUPERFICIAL,ONE OCLOCK,PASSENGER CAR,MAKING RIGHT TURN,South,35,No,No,2017,HYUNDAI,ELANTRA,39.090826,-77.04607767,""(39.090826, -77.04607767)"""
"MCP2177002T,170547139,Montgomery County Police,Property Damage Crash,11/08/2017 12:00:00 AM,Municipality,CASE ST,FIELDS RD,,N/A,,SINGLE VEHICLE,UNKNOWN,UNKNOWN,UNKNOWN,NO CONTROLS,UNKNOWN,,0ECAD885-06F7-486D-A7AF-C0F82FEB24E3,Yes,NO APPARENT INJURY,N/A,UNKNOWN,,77CF9160-5D2E-4D0E-9019-D5A2D8BEADE2,UNKNOWN,UNKNOWN,,UNKNOWN,Unknown,25,No,No,0,UNKNOWN,UNKNOWN,39.1122379,-77.19495445,""(39.1122379, -77.19495445)"""
"MCP2765004X,180049676,Montgomery County Police,Property Damage Crash,10/04/2018 05:45:00 PM,County,DARNESTOWN RD,TRAVILLE  GATEWAY DR,,N/A,,SAME DIR REAR END,CLEAR,DRY,DAYLIGHT,NO CONTROLS,NONE DETECTED,,4577D214-9F24-4A83-8778-4F44D808D5BA,No,NO APPARENT INJURY,N/A,NOT DISTRACTED,MD,D57C325E-9901-4B9B-9F3B-9A8489202D0B,DISABLING,SIX OCLOCK,PASSENGER CAR,SLOWING OR STOPPING,East,35,No,No,2017,VOLK,TK,39.09602167,-77.20115333,""(39.09602167, -77.20115333)"""
"MCP30970031,230055181,Montgomery County Police,Property Damage Crash,09/16/2023 02:59:00 AM,County,FAIRLAND RD,MARLOW FARM TERR,,N/A,,SINGLE VEHICLE,CLEAR,DRY,DARK LIGHTS ON,N/A,UNKNOWN,,B61DCEBD-5EAD-4B05-8D31-6675327DEAF6,Yes,NO APPARENT INJURY,N/A,UNKNOWN,,76220565-3BA3-482B-B84D-1798CE88434C,DISABLING,TWELVE OCLOCK,PASSENGER CAR,UNKNOWN,Unknown,35,No,No,2016,HYUNDAI,ELANTRA,39.070755,-76.95349333,""(39.070755, -76.95349333)"""
"MCP1400001H,230056205,Montgomery County Police,Property Damage Crash,09/21/2023 10:22:00 PM,Maryland (State),NEW HAMPSHIRE AVE,BONIFANT RD,,N/A,,SAME DIR REAR END,CLOUDY,DRY,DARK LIGHTS ON,TRAFFIC SIGNAL,NONE DETECTED,,A127C195-927B-4AF5-BF9C-B7A02C1F541F,No,NO APPARENT INJURY,N/A,NOT DISTRACTED,MD,ABBFCBDA-61DC-4A0E-9327-B3FE0383F70A,FUNCTIONAL,SIX OCLOCK,PASSENGER CAR,STOPPED IN TRAFFIC LANE,South,45,No,No,2018,TOYT,SD,39.09590866,-77.00218486,""(39.09590866, -77.00218486)"""
"MCP3174004S,230073545,Montgomery County Police,Injury Crash,12/25/2023 01:44:00 PM,Maryland (State),W DIAMOND AVE,RAMP 6 FR MD 117 EB TO IS 270 SB,,N/A,,HEAD ON LEFT TURN,CLEAR,DRY,DAYLIGHT,NO CONTROLS,NONE DETECTED,,57C2C519-0708-480A-B86E-90D042AAA74E,No,NO APPARENT INJURY,N/A,NOT DISTRACTED,MD,05CC3B00-9BC5-45C0-B40C-7FE9DEE61827,DISABLING,TWELVE OCLOCK,PASSENGER CAR,MOVING CONSTANT SPEED,East,35,No,No,2019,NISS,SD,39.14065667,-77.21444783,""(39.14065667, -77.21444783)"""
"MCP32700029,230065855,Montgomery County Police,Injury Crash,11/11/2023 11:25:00 PM,Maryland (State),PINEY BRANCH RD,UNIVERSITY BLVD E,,N/A,,SAME DIR REAR END,CLEAR,DRY,DARK LIGHTS ON,TRAFFIC SIGNAL,NONE DETECTED,,751720D8-2633-4DA4-84B6-4925783B5625,No,NO APPARENT INJURY,N/A,NOT DISTRACTED,MD,61CC2CCB-0352-4A17-B150-1198F86B5200,FUNCTIONAL,TWELVE OCLOCK,PASSENGER CAR,STOPPED IN TRAFFIC LANE,North,35,No,No,2016,TOYT,COROLLA,38.99954336,-76.99578963,""(38.99954336, -76.99578963)"""
"MCP33190026,230067558,Montgomery County Police,Injury Crash,11/21/2023 08:49:00 AM,Maryland (State),EAST WEST HWY,COLESVILLE RD,,N/A,,HEAD ON LEFT TURN,RAINING,WET,DAYLIGHT,N/A,N/A,,BF9CEF5F-4E80-4E58-B15F-34B0E454B3D1,Yes,NO APPARENT INJURY,""N/A, RAIN, SNOW"",LOOKED BUT DID NOT SEE,MD,C239E78B-77F2-4F46-9AF5-819587B66112,FUNCTIONAL,FOUR OCLOCK,PASSENGER CAR,MAKING LEFT TURN,East,30,No,No,2014,SUBA,UT,38.99234167,-77.03097167,""(38.99234167, -77.03097167)"""
"MCP13540021,230070944,Montgomery County Police,Injury Crash,12/10/2023 03:51:00 PM,Maryland (State),BRADLEY BLVD,RAYBURN RD,,N/A,,STRAIGHT MOVEMENT ANGLE,RAINING,WET,DUSK,STOP SIGN,NONE DETECTED,,E917293C-1022-42DB-915B-65A287A24635,No,NO APPARENT INJURY,""N/A, RAIN, SNOW"",NOT DISTRACTED,MD,190CA9A0-E743-4203-83F8-D55A1A6529D5,FUNCTIONAL,TWELVE OCLOCK,PASSENGER CAR,MOVING CONSTANT SPEED,West,35,No,No,2019,BMW,740I,38.99317333,-77.12074667,""(38.99317333, -77.12074667)"""
"MCP33480019,230057067,Montgomery County Police,Property Damage Crash,09/27/2023 05:33:00 AM,Maryland (State),LAYHILL RD,BEL PRE RD,,N/A,,STRAIGHT MOVEMENT ANGLE,CLEAR,DRY,DARK LIGHTS ON,TRAFFIC SIGNAL,NONE DETECTED,,C4B53359-87E5-4742-A196-250977342293,Yes,NO APPARENT INJURY,N/A,LOOKED BUT DID NOT SEE,DC,6D6FB43A-3839-460A-9EBB-57AD8BF12613,DISABLING,THREE OCLOCK,PASSENGER CAR,MAKING LEFT TURN,North,40,No,No,2012,TOYT,SD,39.09064167,-77.04510667,""(39.09064167, -77.04510667)"""
"MCP3044005C,220021014,Montgomery County Police,Property Damage Crash,05/16/2022 05:58:00 PM,,,,PARKING LOT OF 3101 AUTOMOBILE BLVD,,,SAME DIRECTION SIDESWIPE,CLEAR,,DAYLIGHT,NO CONTROLS,UNKNOWN,,59F89907-4448-40D5-AEC9-8F0F8351E3BF,Yes,NO APPARENT INJURY,N/A,UNKNOWN,,3B770D37-8F94-43DF-8CE2-290E44CF66EB,UNKNOWN,UNKNOWN,OTHER,OTHER,Unknown,0,No,No,2018,RAM,TOW TRUCK,39.08115452,-76.9478498,""(39.08115452, -76.9478498)"""
"MCP2437005D,230063453,Montgomery County Police,Injury Crash,10/30/2023 05:10:00 PM,County,MONTROSE RD,E JEFFERSON ST,,N/A,,SAME DIR BOTH LEFT TURN,RAINING,WET,DAYLIGHT,TRAFFIC SIGNAL,NONE DETECTED,,240CA87E-9FB4-43BD-B24A-993CD1FE97EA,Yes,NO APPARENT INJURY,N/A,BY OTHER OCCUPANTS,MD,40E166A1-9AD5-40B5-9C0E-FC01C1CB61A7,SUPERFICIAL,ELEVEN OCLOCK,PASSENGER CAR,MAKING LEFT TURN,East,35,No,No,2020,FORD,ECO SPORT,39.0526905,-77.12629217,""(39.0526905, -77.12629217)"""
"MCP292300BD,230071515,Montgomery County Police,Property Damage Crash,12/13/2023 03:06:00 PM,County,WINDHAM LA,GEORGIA AVE,,N/A,,OTHER,CLEAR,DRY,DAYLIGHT,NO CONTROLS,NONE DETECTED,,B632B815-781F-4EE3-996D-9DCC5C5CB0FF,No,NO APPARENT INJURY,N/A,NOT DISTRACTED,MD,7795424A-581A-4307-BCFD-F11912D590B6,SUPERFICIAL,FOUR OCLOCK,PASSENGER CAR,STOPPED IN TRAFFIC LANE,South,35,No,No,2014,BMW,428,39.1842335,-77.26373167,""(39.1842335, -77.26373167)"""
"MCP3267001T,230047054,Montgomery County Police,Property Damage Crash,07/31/2023 04:30:00 AM,Maryland (State),NORBECK RD,WOODS CENTER RD,,N/A,,SINGLE VEHICLE,CLEAR,WET,DARK NO LIGHTS,N/A,NONE DETECTED,,04F5B8FA-B564-404B-A7DE-7943B24953D2,Yes,NO APPARENT INJURY,N/A,NOT DISTRACTED,MD,B145C9B5-DCCA-4807-9CBC-4E85732467FB,FUNCTIONAL,TWELVE OCLOCK,PASSENGER CAR,MOVING CONSTANT SPEED,West,35,No,No,2009,ACURA,TL,39.11932667,-77.04613167,""(39.11932667, -77.04613167)"""
"MCP2699001R,230035327,Montgomery County Police,Property Damage Crash,07/25/2023 01:42:00 AM,County,TWINBROOK PKWY,ARDENNES AVE,,N/A,,SINGLE VEHICLE,CLEAR,DRY,DARK LIGHTS ON,FLASHING TRAFFIC SIGNAL,UNKNOWN,,ABCCC136-969B-4FEA-AD14-CF3F2F3F5821,Yes,NO APPARENT INJURY,N/A,UNKNOWN,,D1CB51D3-5B47-4D80-B611-215786777778,DISABLING,TWELVE OCLOCK,PASSENGER CAR,MAKING LEFT TURN,North,35,No,No,2001,BMW,325,39.06379833,-77.11594167,""(39.06379833, -77.11594167)"""
"MCP30370059,230052079,Montgomery County Police,Injury Crash,08/29/2023 08:09:00 PM,County,FATHER HURLEY BLVD,WATERS LANDING DR,,N/A,,HEAD ON LEFT TURN,CLEAR,DRY,DARK LIGHTS ON,TRAFFIC SIGNAL,NONE DETECTED,,C4F8E277-9C8A-40E0-81AD-6F47C33061FB,Yes,POSSIBLE INJURY,N/A,UNKNOWN,MD,80998321-C7AB-48A1-9959-1A913536024A,DESTROYED,TEN OCLOCK,PASSENGER CAR,ACCELERATING,South,35,No,No,2019,BMW,B58,39.1919,-77.27187167,""(39.1919, -77.27187167)"""
"MCP30210072,230068909,Montgomery County Police,Property Damage Crash,11/29/2023 12:35:00 PM,County,CHERRY HILL RD,BROADBIRCH DR,,N/A,,SAME DIR REAR END,CLEAR,N/A,DAYLIGHT,NO CONTROLS,NONE DETECTED,,74E065E0-1F4F-4EC5-8C47-44ABA07D7146,Yes,NO APPARENT INJURY,N/A,INATTENTIVE OR LOST IN THOUGHT,MD,BEF4FBD0-84B5-4F1E-B479-7D0D44370CAF,DISABLING,TWELVE OCLOCK,VAN,SLOWING OR STOPPING,East,35,No,No,2013,NISS,CG,39.05778,-76.955175,""(39.05778, -76.955175)"""
"MCP23760019,230035142,Montgomery County Police,Property Damage Crash,07/24/2023 01:14:00 AM,Maryland (State),MONTGOMERY AVE,WISCONSIN AVE,,N/A,,STRAIGHT MOVEMENT ANGLE,CLEAR,DRY,DARK LIGHTS ON,TRAFFIC SIGNAL,NONE DETECTED,,E28E6CF1-C9DA-4850-9826-B161D6B02D80,Yes,NO APPARENT INJURY,N/A,OTHER DISTRACTION,FL,ABA0251F-332B-46F9-8EAA-4426FBACA3E8,FUNCTIONAL,TWELVE OCLOCK,PASSENGER CAR,MOVING CONSTANT SPEED,South,25,No,No,2022,TESLA,3,39.031425,-77.16083833,""(39.031425, -77.16083833)"""
"MCP27830050,230047322,Montgomery County Police,Property Damage Crash,08/01/2023 03:07:00 PM,County,FAIRLAND RD,TAMARACK RD,,N/A,,STRAIGHT MOVEMENT ANGLE,CLEAR,DRY,DAYLIGHT,TRAFFIC SIGNAL,NONE DETECTED,,6D18F762-C0B5-48C6-B604-533007EBB7BD,No,NO APPARENT INJURY,N/A,NOT DISTRACTED,MD,94F76241-0038-480C-8F64-11FB8C2DE51B,FUNCTIONAL,TWELVE OCLOCK,PASSENGER CAR,MAKING LEFT TURN,East,30,No,No,2007,MERC,4S,39.07802833,-76.97919333,""(39.07802833, -76.97919333)"""
"MCP2052003D,230056442,Montgomery County Police,Property Damage Crash,09/23/2023 07:59:00 AM,Interstate (State),EISENHOWER MEMORIAL HWY,BEGIN BRIDGE,,N/A,,SINGLE VEHICLE,RAINING,WET,DAYLIGHT,NO CONTROLS,UNKNOWN,,B6040C12-284D-430A-B3C0-D7A5C4294972,Yes,NO APPARENT INJURY,""RAIN, SNOW, WET"",UNKNOWN,,2947DD40-728A-4133-961E-1DB7548D7736,DISABLING,EIGHT OCLOCK,PASSENGER CAR,UNKNOWN,South,55,No,No,2022,KIA,STINGER 4D,39.120145,-77.19914,""(39.120145, -77.19914)"""
"MCP20390098,230061734,Montgomery County Police,Injury Crash,10/20/2023 10:21:00 PM,Maryland (State),VEIRS MILL RD,TURKEY BRANCH PKWY,,N/A,,SAME DIR REAR END,RAINING,WET,DARK LIGHTS ON,NO CONTROLS,ALCOHOL PRESENT,,EE857DD6-3151-46EA-A6B9-B9BEDB412158,Yes,POSSIBLE INJURY,""RAIN, SNOW, WET"",BY OTHER OCCUPANTS,MD,E45982FA-BC65-48E1-9350-0A419D453A8C,DISABLING,TWELVE OCLOCK,PASSENGER CAR,MOVING CONSTANT SPEED,West,35,No,No,2020,HONDA,CIVIC,39.06016937,-77.08944142,""(39.06016937, -77.08944142)"""
"MCP271700Y8,230066916,Montgomery County Police,Property Damage Crash,11/17/2023 02:50:00 PM,Maryland (State),NEW HAMPSHIRE AVE,RANDOLPH RD,,N/A,,OTHER,CLEAR,DRY,DAYLIGHT,TRAFFIC SIGNAL,NONE DETECTED,,78A115B9-BA7A-4D22-AB6D-0A19AC3C80DF,Yes,NO APPARENT INJURY,N/A,UNKNOWN,MD,1FAB5571-3E93-4878-B03C-92FA8D73B5FE,DISABLING,THREE OCLOCK,(SPORT) UTILITY VEHICLE,MAKING LEFT TURN,North,40,No,No,2020,HONDA,PILOT,38.99700833,-77.03159,""(38.99700833, -77.03159)"""
"MCP25150021,190032310,Montgomery County Police,Property Damage Crash,07/07/2019 05:00:00 PM,Maryland (State),FREDERICK RD,GERMANTOWN RD,,N/A,,SAME DIR REAR END,CLEAR,DRY,DAYLIGHT,TRAFFIC SIGNAL,NONE DETECTED,,DF8EEAE7-B068-471F-9999-AD72BBB52D88,Yes,NO APPARENT INJURY,N/A,INATTENTIVE OR LOST IN THOUGHT,MD,FDE10813-5529-44B1-A266-29723D8AAC62,DISABLING,TWELVE OCLOCK,PASSENGER CAR,STARTING FROM LANE,South,40,No,No,2016,HOND,VN,39.19279833,-77.24298,""(39.19279833, -77.24298)"""
"MCP3074005Y,230065645,Montgomery County Police,Property Damage Crash,11/10/2023 04:26:00 PM,County,SECOND AVE,SPRING ST,,N/A,,STRAIGHT MOVEMENT ANGLE,CLEAR,WET,DAYLIGHT,TRAFFIC SIGNAL,N/A,,354AF111-3810-4944-A891-535A55FCE044,No,NO APPARENT INJURY,N/A,NOT DISTRACTED,MD,F1655DB5-7FB2-4AE8-854B-D31CF2C28045,SUPERFICIAL,ELEVEN OCLOCK,SCHOOL BUS,STOPPED IN TRAFFIC LANE,North,25,No,No,2024,THOMAS,PUSH-MSDE-D-12,38.99813433,-77.03405733,""(38.99813433, -77.03405733)"""