Report Number,Local Case Number,Agency Name,ACRS Report Type,Crash Date/Time,Route Type,Road Name,Cross-Street Name,Off-Road Description,Municipality,Related Non-Motorist,Collision Type,Weather,Surface Condition,Light,Traffic Control,Driver Substance Abuse,Non-Motorist Substance Abuse,Person ID,Driver At Fault,Injury Severity,Circumstance,Driver Distracted By,Drivers License State,Vehicle ID,Vehicle Damage Extent,Vehicle First Impact Location,Vehicle Body Type,Vehicle Movement,Vehicle Going Dir,Speed Limit,Driverless Vehicle,Parked Vehicle,Vehicle Year,Vehicle Make,Vehicle Model,Latitude,Longitude,Location
"MCP1143000F,230054663,Montgomery County Police,Property Damage Crash,09/13/2023 04:41:00 PM,Maryland (State),VEIRS MILL RD,UNIVERSITY BLVD W,,N/A,,SAME DIRECTION LEFT TURN,CLEAR,DRY,DAYLIGHT,N/A,NONE DETECTED,,FA262497-61C0-4F2E-B3EF-DB02BBD4E637,No,NO APPARENT INJURY,N/A,NOT DISTRACTED,MD,2E2AED3A-D760-41B7-BCA4-E84B313906B6,SUPERFICIAL,TWELVE OCLOCK,TRANSIT BUS,MOVING CONSTANT SPEED,North,35,No,No,2013,TBU,BUS,39.04119667,-77.0572915,""(39.04119667, -77.0572915)"""
"MCP291700CT,230067947,Montgomery County Police,Injury Crash,11/23/2023 11:45:00 AM,County,AMHERST AVE,ARCOLA AVE,,N/A,,OPPOSITE DIRECTION SIDESWIPE,CLEAR,DRY,DAYLIGHT,TRAFFIC SIGNAL,NONE DETECTED,,86364F84-0480-4B7D-A571-1AAF6C1CA524,Unknown,NO APPARENT INJURY,N/A,NOT DISTRACTED,MD,07D30CA9-9D7C-4F8D-AA62-9AB320C4EFB3,SUPERFICIAL,ELEVEN OCLOCK,PASSENGER CAR,BACKING,North,35,No,No,2013,ACURA,RDX,39.04692533,-77.048587,""(39.04692533, -77.048587)"""
"MCP29680052,230055395,Montgomery County Police,Injury Crash,09/17/2023 03:36:00 PM,Maryland (State),FREDERICK RD,REDLAND BLVD,,ROCKVILLE,,HEAD ON LEFT TURN,CLEAR,DRY,DAYLIGHT,TRAFFIC SIGNAL,N/A,,3AFD8862-8326-4B62-8DD2-6B20E688A419,No,SUSPECTED MINOR INJURY,N/A,NOT DISTRACTED,MD,392373A6-82D0-47BD-9C72-70BAAA85AB20,DISABLING,TWELVE OCLOCK,PASSENGER CAR,MOVING CONSTANT SPEED,South,35,No,No,2013,ACUR,SW,39.11560667,-77.166145,""(39.11560667, -77.166145)"""
"MCP30800046,230071955,Montgomery County Police,Injury Crash,12/15/2023 05:26:00 PM,County,WISTERIA DR,CIRCLE GATE DR,,N/A,BICYCLIST,OTHER,CLEAR,DRY,DARK LIGHTS ON,N/A,NONE DETECTED,NONE DETECTED,7F583BAB-4F39-4BA3-B268-DB701E160636,Unknown,NO APPARENT INJURY,N/A,UNKNOWN,MD,87E62076-2223-4539-B643-00C5B05E6E52,SUPERFICIAL,FOUR OCLOCK,PASSENGER CAR,SLOWING OR STOPPING,North,35,No,No,2015,ACURA,SUV,39.17235282,-77.26425105,""(39.17235282, -77.26425105)"""
"MCP31480052,230035265,Montgomery County Police,Property Damage Crash,07/21/2023 11:30:00 AM,,,,PARKING LOT OF 3711 PLYERS MILL RD,,,OTHER,CLEAR,,DAYLIGHT,N/A,UNKNOWN,,DEF901F3-6D11-44DC-8EC5-1377837A5EB5,Yes,NO APPARENT INJURY,N/A,LOOKED BUT DID NOT SEE,MD,1A0ED7E0-E83D-4502-8BEB-0CDE5672E9D2,SUPERFICIAL,THREE OCLOCK,VAN,PARKING,Unknown,15,No,No,1999,CHEVROLET,ASTRO,39.02999495,-77.07473032,""(39.02999495, -77.07473032)"""
"MCP3145004L,230074187,Montgomery County Police,Property Damage Crash,12/29/2023 05:00:00 PM,Maryland (State),UNIVERSITY BLVD W,DENNIS AVE,,N/A,,STRAIGHT MOVEMENT ANGLE,CLEAR,DRY,DARK LIGHTS ON,TRAFFIC SIGNAL,NONE DETECTED,,9FDCC502-0E21-4E9E-8DE2-A82370133959,Yes,NO APPARENT INJURY,N/A,INATTENTIVE OR LOST IN THOUGHT,XX,2FE4B78F-EC90-41FA-B67E-9A9B519010EE,FUNCTIONAL,TWELVE OCLOCK,PASSENGER CAR,MAKING LEFT TURN,South,35,No,No,2006,HONDA,CIVIC,39.0261865,-77.020099,""(39.0261865, -77.020099)"""
"MCP2683006T,230047668,Montgomery County Police,Property Damage Crash,08/03/2023 05:54:00 PM,County,CRABBS BRANCH WAY,E GUDE DR,,N/A,,SAME DIRECTION LEFT TURN,RAINING,WET,DAYLIGHT,TRAFFIC SIGNAL,NONE DETECTED,,C8E52BDD-E37C-488E-AD41-C2495CEFAAF4,No,NO APPARENT INJURY,N/A,NOT DISTRACTED,MD,1DB5746F-2415-4A8F-AA54-D9A2C4F8A556,FUNCTIONAL,EIGHT OCLOCK,PASSENGER CAR,MAKING LEFT TURN,South,35,No,No,2011,FORD,F150,39.10693979,-77.15228473,""(39.10693979, -77.15228473)"""
"MCP3290002B,230047784,Montgomery County Police,Property Damage Crash,08/04/2023 11:48:00 AM,Maryland (State),GEORGIA AVE,RAMP 4 FR MD 97 NB TO IS 495 EB,,N/A,,SAME DIRECTION SIDESWIPE,CLEAR,DRY,DAYLIGHT,TRAFFIC SIGNAL,UNKNOWN,,166369E9-A6EE-4DFD-8DA3-90B6C5861F8A,Yes,NO APPARENT INJURY,N/A,UNKNOWN,,C7D8ED1D-67A3-49FD-BC75-EA6B142D8663,FUNCTIONAL,TEN OCLOCK,PASSENGER CAR,MAKING U TURN,North,35,No,No,2010,TOYOTA,PRIUS,39.01218918,-77.04145008,""(39.01218918, -77.04145008)"""
"MCP31290084,230063761,Montgomery County Police,Property Damage Crash,11/01/2023 10:03:00 AM,County,ASPEN HILL RD,BALTIC AVE,,N/A,,SAME DIRECTION SIDESWIPE,CLEAR,DRY,DAYLIGHT,N/A,NONE DETECTED,,2279978B-91F9-41B0-B20B-A070767B9B8F,No,NO APPARENT INJURY,N/A,LOOKED BUT DID NOT SEE,MD,B8DEA412-62B2-44A7-AA30-4C5454D7BB22,SUPERFICIAL,EIGHT OCLOCK,TRANSIT BUS,STARTING FROM LANE,South,30,No,No,2020,GILG,BU,39.0710825,-77.1019165,""(39.0710825, -77.1019165)"""
"MCP2641003B,230055354,Montgomery County Police,Property Damage Crash,09/17/2023 10:25:00 AM,County,RIDGE RD,OBSERVATION DR,,N/A,,SAME DIR REAR END,RAINING,WET,DAYLIGHT,TRAFFIC SIGNAL,NONE DETECTED,,54521B36-2D17-4BDA-8097-ABB13251949D,No,NO APPARENT INJURY,""RAIN, SNOW, WET"",NOT DISTRACTED,MD,FE0E8DBB-CDF0-47E8-BCF1-A5D59BAF66D4,FUNCTIONAL,SIX OCLOCK,PASSENGER CAR,STOPPED IN TRAFFIC LANE,South,45,No,No,2011,TOYT,HIGHLANDER,39.20224333,-77.25329167,""(39.20224333, -77.25329167)"""
"MCP235300CN,230070177,Montgomery County Police,Injury Crash,12/06/2023 10:56:00 AM,County,ARLINGTON RD,BETHESDA AVE,,N/A,PEDESTRIAN,STRAIGHT MOVEMENT ANGLE,CLOUDY,DRY,DAYLIGHT,TRAFFIC SIGNAL,NONE DETECTED,NONE DETECTED,A86CB3D8-7737-4DA8-8F52-3A9030BD6EF1,Yes,POSSIBLE INJURY,N/A,UNKNOWN,MD,360C854F-5467-4E8C-9F26-7CB893C66B6F,DISABLING,TWELVE OCLOCK,STATION WAGON,MAKING LEFT TURN,North,35,No,No,2013,VOLVO,XC70,38.98077833,-77.09855,""(38.98077833, -77.09855)"""
"MCP3351001R,230065441,Montgomery County Police,Injury Crash,11/09/2023 06:43:00 PM,County,BROADBIRCH DR,PLUM ORCHARD DR,,N/A,,STRAIGHT MOVEMENT ANGLE,CLEAR,DRY,DARK LIGHTS ON,TRAFFIC SIGNAL,NONE DETECTED,,FF8177BB-27F9-4B99-BB2A-3D290D7A5E24,Yes,SUSPECTED MINOR INJURY,N/A,LOOKED BUT DID NOT SEE,MD,D99A2C69-F623-4652-A150-A9C57D3A728F,DISABLING,TWO OCLOCK,PASSENGER CAR,MAKING LEFT TURN,East,30,No,No,2021,MNNI,HB,39.05564689,-76.95733421,""(39.05564689, -76.95733421)"""
"MCP33500022,230065601,Montgomery County Police,Property Damage Crash,11/10/2023 01:45:00 PM,County,NICHOLSON LA,NEBEL ST,,N/A,,STRAIGHT MOVEMENT ANGLE,CLOUDY,N/A,DUSK,NO CONTROLS,NONE DETECTED,,3FD769F1-A57A-478E-AB72-9A9F77CE3126,Yes,NO APPARENT INJURY,N/A,INATTENTIVE OR LOST IN THOUGHT,MD,89091374-AED6-430E-BF20-D81EFB6D0C53,FUNCTIONAL,TWELVE OCLOCK,PASSENGER CAR,MAKING LEFT TURN,South,25,No,No,2016,HOND,ACCORDSTATE,39.04578445,-77.10448699,""(39.04578445, -77.10448699)"""
"MCP2298014H,230061290,Montgomery County Police,Property Damage Crash,10/18/2023 05:21:00 PM,,,,23120 RIDGE ROAD,,,SINGLE VEHICLE,CLOUDY,,DUSK,NO CONTROLS,ALCOHOL PRESENT,,FC5598FA-520A-4BB0-AF89-ADAFEAA80EC5,Yes,NO APPARENT INJURY,N/A,OTHER DISTRACTION,MD,91D64C1A-D3C4-4C3E-87DE-C91BD9BBAADC,DESTROYED,TWELVE OCLOCK,PASSENGER CAR,ACCELERATING,North,50,No,No,2016,VOLKS,GTI,39.23607167,-77.23683833,""(39.23607167, -77.23683833)"""
"MCP3052002G,200029908,Montgomery County Police,Injury Crash,08/01/2020 08:50:00 PM,Maryland (State),W DIAMOND AVE,PERRY PKWY,,GAITHERSBURG,,SAME DIR REAR END,N/A,DRY,DUSK,TRAFFIC SIGNAL,NONE DETECTED,,21A1E6DD-2526-4DEE-80F2-812019DD8274,No,NO APPARENT INJURY,N/A,NOT DISTRACTED,MD,CB8405AC-E41B-49CB-B8A1-E3D652F963A3,SUPERFICIAL,SIX OCLOCK,PASSENGER CAR,STOPPED IN TRAFFIC LANE,West,35,No,No,2014,FORD,FIESTA,39.1403312,-77.21027281,""(39.1403312, -77.21027281)"""
"MCP115100D7,230046290,Montgomery County Police,Property Damage Crash,07/25/2023 08:00:00 AM,US (State),COLESVILLE RD,GEORGIA AVE,,N/A,,SAME DIRECTION LEFT TURN,CLEAR,DRY,DAYLIGHT,OTHER,NONE DETECTED,,E6134F03-7EB7-4F39-937F-F99D06BC14F2,Unknown,NO APPARENT INJURY,N/A,NOT DISTRACTED,MD,12F4C48C-4684-428C-B698-8F7A7A71E6EC,SUPERFICIAL,THREE OCLOCK,(SPORT) UTILITY VEHICLE,MOVING CONSTANT SPEED,South,30,No,No,2014,JEEP,WRANGLER,38.99662,-77.02769667,""(38.99662, -77.02769667)"""
"EJ78520085,230046713,Gaithersburg Police Depar,Property Damage Crash,07/28/2023 07:48:00 PM,County,SAM EIG HWY,RAMP 1 FR IS 270 NB TO IS 370 WB,,N/A,,SINGLE VEHICLE,N/A,WET,DAYLIGHT,N/A,NONE DETECTED,,1CDEC89B-DAC5-4DED-A658-E0AB9159D2F1,Yes,NO APPARENT INJURY,N/A,UNKNOWN,MD,3888CA89-A1C0-41EB-80BD-BB28B787DDB5,FUNCTIONAL,ELEVEN OCLOCK,PASSENGER CAR,MOVING CONSTANT SPEED,West,55,No,No,2019,TOYOTA,COROLLA,39.12075712,-77.18200952,""(39.12075712, -77.18200952)"""
"MCP25130039,230060428,Montgomery County Police,Injury Crash,10/15/2023 03:11:00 AM,US (State),COLUMBIA PIKE,TECH RD,,N/A,,STRAIGHT MOVEMENT ANGLE,CLEAR,DRY,DARK LIGHTS ON,TRAFFIC SIGNAL,NONE DETECTED,,2F60F1FD-1002-4671-90F2-694D5275B68C,Yes,NO APPARENT INJURY,N/A,OTHER DISTRACTION,MD,A0A2B1C3-2B60-4C28-B2EE-32F67D8AED60,DISABLING,TWELVE OCLOCK,OTHER,MOVING CONSTANT SPEED,South,50,No,No,2022,INTEL,TOW TRUCK,39.05794775,-76.96851025,""(39.05794775, -76.96851025)"""
"MCP11130057,230056954,Montgomery County Police,Injury Crash,09/26/2023 12:21:00 PM,Maryland (State),RIDGE RD,BETHESDA CHURCH RD,,N/A,,STRAIGHT MOVEMENT ANGLE,CLOUDY,WET,DAYLIGHT,NO CONTROLS,NONE DETECTED,,A611D5C0-48FD-4573-8F10-85B6CC2C9544,Yes,POSSIBLE INJURY,N/A,LOOKED BUT DID NOT SEE,MD,926A6BF8-05CD-4B8F-9A80-EB694977C064,DISABLING,TWELVE OCLOCK,(SPORT) UTILITY VEHICLE,MAKING LEFT TURN,West,30,No,No,2018,NISS,KICKS,39.28681,-77.20815167,""(39.28681, -77.20815167)"""
"EJ78750046,230065639,Gaithersburg Police Depar,Property Damage Crash,11/10/2023 04:19:00 PM,Maryland (State),MONTGOMERY VILLAGE AVE,RUSSELL AVE,,GAITHERSBURG,,ANGLE MEETS LEFT TURN,CLEAR,N/A,DAYLIGHT,NO CONTROLS,N/A,,A2817EF6-17D3-463E-86BC-6511DD5FC3FE,Yes,NO APPARENT INJURY,N/A,NOT DISTRACTED,MD,45763375-5AEE-40A5-91E9-2EF0D62CFBBA,FUNCTIONAL,TWELVE OCLOCK,PASSENGER CAR,MOVING CONSTANT SPEED,South,35,No,No,2005,NISS,4S,39.15365221,-77.21074038,""(39.15365221, -77.21074038)"""
"MCP263900G5,230058316,Montgomery County Police,Property Damage Crash,10/03/2023 03:55:00 PM,Maryland (State),GEORGIA AVE,RAMP 2 FR RP 7 (FR MD200 WB) TO MD 97 NB,,N/A,,SAME DIR REAR END,CLEAR,DRY,DAYLIGHT,NO CONTROLS,NONE DETECTED,,C01F27CE-F1B9-4CCA-8DDB-BD96EA758968,No,NO APPARENT INJURY,""BACKUP DUE TO REGULAR CONGESTION, N/A"",NOT DISTRACTED,MD,D98174C8-68B5-4C37-818C-A5BAF0A858E4,SUPERFICIAL,SIX OCLOCK,PASSENGER CAR,SLOWING OR STOPPING,North,45,No,No,2006,CHEVROLET,3500,39.12095286,-77.07396751,""(39.12095286, -77.07396751)"""
"EJ7888004V,230051170,Gaithersburg Police Depar,Property Damage Crash,08/24/2023 07:15:00 PM,,,,""PARKING LOT OF 705 PROGRESS WAY GAITHERSBURG, MD 20878"",,,OTHER,CLEAR,,DAYLIGHT,NO CONTROLS,N/A,,62B26AF6-E272-4B8E-80B4-39797B4CAC38,Yes,NO APPARENT INJURY,N/A,LOOKED BUT DID NOT SEE,,97EDED7B-66E6-437A-95AB-342EE6BA2975,FUNCTIONAL,ONE OCLOCK,PASSENGER CAR,PARKING,Unknown,25,No,No,2020,TOYOTA,COROLLA,39.15278348,-77.2131328,""(39.15278348, -77.2131328)"""
"MCP3350001S,230062679,Montgomery County Police,Property Damage Crash,10/26/2023 12:21:00 PM,Maryland (State),ROCKVILLE PIKE,EDSON LA,,N/A,,STRAIGHT MOVEMENT ANGLE,CLEAR,DRY,DAYLIGHT,TRAFFIC SIGNAL,NONE DETECTED,,2D2FAC28-6DDC-4A1B-AE29-8876E248031C,Yes,NO APPARENT INJURY,N/A,LOOKED BUT DID NOT SEE,MD,56EBC81F-8272-4BF9-9EA7-F74ED3A60C9B,DISABLING,FIVE OCLOCK,(SPORT) UTILITY VEHICLE,MOVING CONSTANT SPEED,South,40,No,No,2022,FORD,ECO SPORT,39.04024167,-77.10962667,""(39.04024167, -77.10962667)"""
"MCP3232004D,230060397,Montgomery County Police,Property Damage Crash,10/13/2023 09:23:00 PM,Maryland (State),ASHTON RD,NEW HAMPSHIRE AVE,,N/A,,HEAD ON LEFT TURN,CLEAR,DRY,DARK LIGHTS ON,TRAFFIC SIGNAL,NONE DETECTED,,404E9A26-7017-4801-85BC-985EBE3045D9,No,NO APPARENT INJURY,N/A,NOT DISTRACTED,MD,7F686D36-6697-43BB-9BED-3C67EC5FBAEE,DISABLING,TWELVE OCLOCK,PASSENGER CAR,MOVING CONSTANT SPEED,West,35,No,No,2016,LEXUS,RC,39.14936417,-77.0124295,""(39.14936417, -77.0124295)"""
"MCP1099002B,190008904,Montgomery County Police,Property Damage Crash,02/25/2019 07:04:00 AM,Maryland (State),MUNCASTER MILL RD,BOWIE MILL RD,,N/A,,SINGLE VEHICLE,CLEAR,ICE,DAWN,N/A,N/A,,5EBEB0BF-0521-4981-A2AF-F2535A32ACE3,Unknown,NO APPARENT INJURY,""ICY OR SNOW-COVERED, N/A, WET"",NOT DISTRACTED,MD,B0816598-9AED-4619-B22D-B7C6ED67129B,DISABLING,TWO OCLOCK,PASSENGER CAR,MOVING CONSTANT SPEED,West,35,No,No,2002,JEEP,TK,39.13747667,-77.12932667,""(39.13747667, -77.12932667)"""
"MCP3372001F,230058567,Montgomery County Police,Property Damage Crash,10/04/2023 07:14:00 PM,Maryland (State),LAYHILL RD,GLENALLAN AVE,,N/A,,SAME DIRECTION SIDESWIPE,CLEAR,DRY,DARK LIGHTS ON,TRAFFIC SIGNAL,NONE DETECTED,,9FC24D88-7361-4071-8E06-8BECD7B24988,Unknown,NO APPARENT INJURY,N/A,UNKNOWN,MD,5614799A-91C4-4B97-9F60-04000DF9BC2F,DISABLING,TEN OCLOCK,PASSENGER CAR,RIGHT TURN ON RED,North,35,No,No,2008,MITS,SD,39.06335509,-77.05032972,""(39.06335509, -77.05032972)"""
"MCP2898004D,230074210,Montgomery County Police,Injury Crash,12/29/2023 07:59:00 PM,Maryland (State),GERMANTOWN RD,FREDERICK RD,,N/A,,SAME DIR REAR END,CLEAR,DRY,DARK LIGHTS ON,TRAFFIC SIGNAL,N/A,,5434C82C-AB1F-46F8-9B62-25EDB840774E,No,POSSIBLE INJURY,N/A,NOT DISTRACTED,MD,D4457A1F-F1BC-4DD8-93FD-A11FD6165FD3,DISABLING,SIX OCLOCK,PASSENGER CAR,STOPPED IN TRAFFIC LANE,North,40,No,No,2017,HONDA,SUV,39.191775,-77.24395167,""(39.191775, -77.24395167)"""
"MCP3299002T,230035045,Montgomery County Police,Property Damage Crash,07/23/2023 01:13:00 PM,Maryland (State),OLNEY LAYTONSVILLE RD,OLNEY MILL RD,,N/A,,SAME DIR REAR END,CLEAR,DRY,DAYLIGHT,TRAFFIC SIGNAL,NONE DETECTED,,14B01865-3015-44BC-9379-95193A76FE81,No,NO APPARENT INJURY,N/A,NOT DISTRACTED,MD,A6355772-20A6-4A54-88FD-84921C3B953D,DISABLING,SIX OCLOCK,PASSENGER CAR,STOPPED IN TRAFFIC LANE,West,40,No,No,2023,TOYOTA,TACOMA,39.1651,-77.083795,""(39.1651, -77.083795)"""
"MCP2840001B,170534790,Montgomery County Police,Property Damage Crash,10/04/2017 08:30:00 PM,County,OLD COLUMBIA PIKE,MUSGROVE RD,,N/A,,SAME DIR REAR END,CLEAR,DRY,DARK LIGHTS ON,NO CONTROLS,N/A,,E7CF7619-1C46-4683-BFCB-FC2B920AD451,Yes,NO APPARENT INJURY,N/A,LOOKED BUT DID NOT SEE,MD,1B96B5EC-3253-4CCA-8229-36B36C1EED17,DESTROYED,TWELVE OCLOCK,PASSENGER CAR,SLOWING OR STOPPING,North,35,No,No,1998,SATURN,4S,39.067875,-76.96251667,""(39.067875, -76.96251667)"""
"MCP3313001W,230073596,Montgomery County Police,Property Damage Crash,12/25/2023 09:57:00 PM,County,MAY ST,OLYMPIC ST,,N/A,,HEAD ON,CLEAR,DRY,DARK LIGHTS ON,NO CONTROLS,UNKNOWN,,BD2ADA53-6FDA-4525-95F0-1200DFFD2C60,Yes,NO APPARENT INJURY,N/A,UNKNOWN,MD,67B0F5E8-BDDB-46C1-ACC8-728826322EA3,DESTROYED,TWELVE OCLOCK,PASSENGER CAR,MOVING CONSTANT SPEED,West,25,No,No,2012,HONDA,CIVIC,39.07256842,-77.07151357,""(39.07256842, -77.07151357)"""
"MCP30970033,230059218,Montgomery County Police,Injury Crash,10/08/2023 01:18:00 AM,Maryland (State),GEORGIA AVE,RAMP 4 FR MD 97 NB TO IS 495 EB,,N/A,,SAME DIR REAR END,CLEAR,N/A,DARK LIGHTS ON,TRAFFIC SIGNAL,NONE DETECTED,,417FF583-0CCD-4434-91D6-FFE8224B602B,No,POSSIBLE INJURY,N/A,NOT DISTRACTED,MD,FD3EDC42-AC85-41BE-BEB4-C6FE224919FB,DISABLING,SIX OCLOCK,PASSENGER CAR,STOPPED IN TRAFFIC LANE,North,40,No,No,2018,CHEVROLE,EQUINX,39.01214,-77.04133,""(39.01214, -77.04133)"""
"MCP21070049,230055911,Montgomery County Police,Property Damage Crash,09/20/2023 11:53:00 AM,County,SNOWDEN FARM PKWY,CLARKSBURG SQUARE RD,,N/A,,OTHER,CLEAR,DRY,DAYLIGHT,STOP SIGN,NONE DETECTED,,D0E17D71-0085-4065-9AE8-B131DCFD03A5,Yes,NO APPARENT INJURY,N/A,LOOKED BUT DID NOT SEE,MD,3433A558-2F90-4E58-8264-42FDAFE4D97A,NO DAMAGE,SIX OCLOCK,PASSENGER CAR,BACKING,West,30,No,No,2023,FORD,CG,39.24341617,-77.27471183,""(39.24341617, -77.27471183)"""
"MCP2437005C,230063118,Montgomery County Police,Property Damage Crash,10/28/2023 08:07:00 PM,Maryland (State),DARNESTOWN RD,TSCHIFFELY SQUARE RD,,GAITHERSBURG,,SAME DIR REAR END,CLOUDY,DRY,DARK NO LIGHTS,TRAFFIC SIGNAL,NONE DETECTED,,3098C25C-102D-4081-8EE1-554AA597DCC7,No,NO APPARENT INJURY,N/A,NOT DISTRACTED,MD,F1BCE240-2D61-407A-8F99-922A4F985C5A,DISABLING,TWELVE OCLOCK,(SPORT) UTILITY VEHICLE,MOVING CONSTANT SPEED,West,40,No,No,2021,HONDA,CRV,39.116037,-77.24683983,""(39.116037, -77.24683983)"""
"MCP3079005B,230034363,Montgomery County Police,Property Damage Crash,07/19/2023 11:41:00 AM,Maryland (State),RIDGE RD,HAWKES RD,,N/A,,HEAD ON LEFT TURN,CLEAR,DRY,DAYLIGHT,STOP SIGN,NONE DETECTED,,8B31E6D3-BE96-49A6-809B-2D8200C928C6,No,NO APPARENT INJURY,N/A,NOT DISTRACTED,MD,40A05C12-E436-4BD6-AE21-3181754DE416,SUPERFICIAL,EIGHT OCLOCK,PICKUP TRUCK,MAKING LEFT TURN,North,40,No,No,2004,FORD,F250,39.24689556,-77.23412702,""(39.24689556, -77.23412702)"""
"MCP3348001J,230066014,Montgomery County Police,Injury Crash,11/13/2023 08:23:00 AM,County,NORTH GATE DR,NORTH GATE LA,,N/A,,STRAIGHT MOVEMENT ANGLE,CLEAR,DRY,DAYLIGHT,N/A,NONE DETECTED,,B5BEF361-566D-4771-A804-F8E2B4E7B8B6,Yes,POSSIBLE INJURY,N/A,LOOKED BUT DID NOT SEE,MD,AD231F9B-0E87-4671-ADF5-B4DE2FE35E19,DISABLING,ONE OCLOCK,(SPORT) UTILITY VEHICLE,MAKING LEFT TURN,South,20,No,No,2020,HOND,CRV,39.08255167,-77.04876333,""(39.08255167, -77.04876333)"""
"MCP3021005G,200044631,Montgomery County Police,Property Damage Crash,11/06/2020 11:00:00 AM,County,GRACEFIELD RD,CALVERTON BLVD,,N/A,,SAME DIRECTION RIGHT TURN,N/A,DRY,DAYLIGHT,PERSON,UNKNOWN,,68A4B03D-A4FB-454E-A2D2-9591E3C643E8,Yes,NO APPARENT INJURY,N/A,NOT DISTRACTED,,50ECE4F9-5752-4E44-A35A-A74200CC1F8C,SUPERFICIAL,FIVE OCLOCK,PASSENGER CAR,MOVING CONSTANT SPEED,North,25,No,No,9999,BUICK,UNK,39.05722655,-76.95136995,""(39.05722655, -76.95136995)"""
"EJ7837007B,230068062,Gaithersburg Police Depar,Property Damage Crash,11/24/2023 12:10:00 PM,Municipality,N SUMMIT AVE,E DIAMOND AVE,,GAITHERSBURG,,SAME DIR REAR END,CLEAR,DRY,DAYLIGHT,TRAFFIC SIGNAL,N/A,,02DBDA8D-8812-4EF8-9815-A8AB771A6A84,No,NO APPARENT INJURY,N/A,NOT DISTRACTED,MD,99C85835-1CD7-46B1-A4FE-D18AE9668E6B,FUNCTIONAL,SIX OCLOCK,PASSENGER CAR,STOPPED IN TRAFFIC LANE,North,25,No,No,2010,KIA,2S,39.14222069,-77.19333879,""(39.14222069, -77.19333879)"""
"MCP32400035,230056564,Montgomery County Police,Property Damage Crash,09/24/2023 02:12:00 AM,Maryland (State),CLOPPER RD,WARING STATION RD,,N/A,,SINGLE VEHICLE,RAINING,WET,DARK LIGHTS ON,NO CONTROLS,UNKNOWN,,6E9D2633-CC0F-44A3-9072-3E27F0907D8C,Yes,NO APPARENT INJURY,""RAIN, SNOW, WET"",UNKNOWN,,0CA064C0-6812-4D75-B55B-2E8085980D32,DISABLING,TWELVE OCLOCK,PASSENGER CAR,MOVING CONSTANT SPEED,West,35,No,No,2017,TOYOTA,RAV4,39.15399367,-77.25028317,""(39.15399367, -77.25028317)"""
"MCP3074005Z,230065659,Montgomery County Police,Property Damage Crash,11/10/2023 05:37:00 PM,County,HILDAROSE DR,MCKENNEY AVE,,N/A,,STRAIGHT MOVEMENT ANGLE,CLEAR,DRY,DARK LIGHTS ON,STOP SIGN,N/A,,383241DA-C495-4651-9EBA-098B1A138053,No,NO APPARENT INJURY,N/A,NOT DISTRACTED,MD,CDDF145E-4805-41E4-9472-82C6EAFF6B12,FUNCTIONAL,ONE OCLOCK,PASSENGER CAR,MOVING CONSTANT SPEED,East,25,No,No,2010,HONDA,CIVIC,39.020224,-77.04639917,""(39.020224, -77.04639917)"""
"MCP33350024,230051081,Montgomery County Police,Property Damage Crash,08/24/2023 01:15:00 PM,US (State),COLUMBIA PIKE,BURNT MILLS AVE,,N/A,,STRAIGHT MOVEMENT ANGLE,RAINING,WET,DAYLIGHT,TRAFFIC SIGNAL,NONE DETECTED,,C95C715F-9BE6-4A61-A055-36CE27FEB014,Yes,NO APPARENT INJURY,""RAIN, SNOW, WET"",LOOKED BUT DID NOT SEE,MD,54E698B9-4D78-4E31-BBBB-837C25A4F4CF,DISABLING,TWO OCLOCK,PASSENGER CAR,MAKING LEFT TURN,North,35,No,No,2016,HOND,TK,39.036017,-77.00046433,""(39.036017, -77.00046433)"""
"MCP913000G5,230034860,Montgomery County Police,Injury Crash,07/22/2023 06:28:00 AM,US (State),COLESVILLE RD,SOUTHWOOD AVE,,N/A,,SAME DIR REAR END,CLEAR,DRY,DAYLIGHT,NO CONTROLS,NONE DETECTED,,A5311D29-5A97-4B3F-B4CF-FFAAA1E9122A,No,NO APPARENT INJURY,N/A,NOT DISTRACTED,MD,AEA0C9D2-0D30-48BE-B452-A7C8E52B16ED,FUNCTIONAL,SIX OCLOCK,(SPORT) UTILITY VEHICLE,STOPPED IN TRAFFIC LANE,South,40,No,No,2015,CHEVROLET,EQUINOX,39.02691717,-77.0105285,""(39.02691717, -77.0105285)"""
"MCP3145001Q,190035436,Montgomery County Police,Property Damage Crash,07/25/2019 06:00:00 PM,Maryland (State),NEW HAMPSHIRE AVE,BRIGGS CHANEY RD,,N/A,,STRAIGHT MOVEMENT ANGLE,CLEAR,DRY,DAYLIGHT,TRAFFIC SIGNAL,N/A,,C71C8ECE-CB96-4EAE-A7C2-3E2802F1EAF7,No,NO APPARENT INJURY,N/A,NOT DISTRACTED,MD,4F59C32F-1497-4AD0-979E-C4F3788E15AC,DISABLING,TWELVE OCLOCK,PASSENGER CAR,MOVING CONSTANT SPEED,North,45,No,No,2015,VOLKSWAGON,4D,39.10848167,-76.99768,""(39.10848167, -76.99768)"""