Report Number,Local Case Number,Agency Name,ACRS Report Type,Crash Date/Time,Route Type,Road Name,Cross-Street Name,Off-Road Description,Municipality,Related Non-Motorist,Collision Type,Weather,Surface Condition,Light,Traffic Control,Driver Substance Abuse,Non-Motorist Substance Abuse,Person ID,Driver At Fault,Injury Severity,Circumstance,Driver Distracted By,Drivers License State,Vehicle ID,Vehicle Damage Extent,Vehicle First Impact Location,Vehicle Body Type,Vehicle Movement,Vehicle Going Dir,Speed Limit,Driverless Vehicle,Parked Vehicle,Vehicle Year,Vehicle Make,Vehicle Model,Latitude,Longitude,Location
"MCP27610053,230070753,Montgomery County Police,Property Damage Crash,12/09/2023 10:28:00 AM,Maryland (State),CLOPPER RD,WARING STATION RD,,N/A,,SAME DIR REAR END,N/A,DRY,DAYLIGHT,NO CONTROLS,NONE DETECTED,,2106BE6C-6123-4A93-8C5D-D3209D460DC5,Yes,NO APPARENT INJURY,N/A,UNKNOWN,MD,73EC6395-8D23-42A9-B030-CBDCD00CFDB7,DISABLING,TWELVE OCLOCK,PASSENGER CAR,MOVING CONSTANT SPEED,West,35,No,No,2014,TOYT,4S,39.15411417,-77.25372367,""(39.15411417, -77.25372367)"""
"MCP2764002Y,230072566,Montgomery County Police,Injury Crash,12/19/2023 02:00:00 PM,County,GRANDVIEW AVE,MASON ST,,N/A,,STRAIGHT MOVEMENT ANGLE,N/A,DRY,DAYLIGHT,STOP SIGN,N/A,,109F2529-4308-44D5-8271-6B9F6858C0E3,Yes,NO APPARENT INJURY,N/A,NOT DISTRACTED,MD,B2579D9A-20A9-4137-B1EA-A20E9EA9E142,DISABLING,ONE OCLOCK,PASSENGER CAR,MOVING CONSTANT SPEED,East,15,No,No,2020,TOYOTA,COROLLA,39.05559833,-77.05154167,""(39.05559833, -77.05154167)"""
"MCP2895002Y,230034240,Montgomery County Police,Property Damage Crash,07/18/2023 04:30:00 PM,County,AMARANTH DR,MIDDLEBROOK RD,,N/A,,SAME DIRECTION RIGHT TURN,N/A,DRY,DAYLIGHT,STOP SIGN,NONE DETECTED,,FFCEFB5E-0F97-4634-A2F8-F4ADE48F5917,Unknown,NO APPARENT INJURY,N/A,NOT DISTRACTED,MD,2EE3D722-19E9-414E-80C2-34F39CA88F53,FUNCTIONAL,TWELVE OCLOCK,PASSENGER CAR,ACCELERATING,North,25,No,No,2021,HONDA,CRV,39.17490073,-77.25260184,""(39.17490073, -77.25260184)"""
"MCP27230087,230072596,Montgomery County Police,Injury Crash,12/19/2023 04:00:00 PM,Maryland (State),GEORGIA AVE,NORBECK RD,,N/A,,STRAIGHT MOVEMENT ANGLE,CLEAR,DRY,DAYLIGHT,TRAFFIC SIGNAL,NONE DETECTED,,40465CCB-26E3-450C-9679-46491532FBEF,Yes,SUSPECTED MINOR INJURY,N/A,NOT DISTRACTED,MD,473FFC44-3ED5-4EDC-9E65-7D73459B0111,DISABLING,THREE OCLOCK,PASSENGER CAR,MAKING LEFT TURN,East,35,No,No,2006,CHEVY,MALIBU,39.10932762,-77.07573559,""(39.10932762, -77.07573559)"""
"MCP2286005F,230054709,Montgomery County Police,Injury Crash,09/13/2023 06:30:00 PM,County,E GUDE DR,CECIL ST,,N/A,,HEAD ON LEFT TURN,CLEAR,DRY,DAYLIGHT,TRAFFIC SIGNAL,UNKNOWN,,00159848-8296-4C0E-839A-BAAD5B62B120,Unknown,SUSPECTED SERIOUS INJURY,N/A,UNKNOWN,MD,3473E258-546D-447E-ACF4-7FAA128538A8,FUNCTIONAL,TWELVE OCLOCK,MOTORCYCLE,MOVING CONSTANT SPEED,East,40,No,No,2023,UU,UU,39.10635686,-77.15228824,""(39.10635686, -77.15228824)"""
"MCP302600BF,230047764,Montgomery County Police,Injury Crash,08/04/2023 07:50:00 AM,County,HARRISON ST,WASH DC LINE,,N/A,,SAME DIR REAR END,CLEAR,WET,DAYLIGHT,NO CONTROLS,NONE DETECTED,,6A9CDE65-97DA-41F4-BCCE-F156454594D6,No,SUSPECTED MINOR INJURY,""RAIN, SNOW, WET"",NOT DISTRACTED,MD,34D796D5-9A04-42ED-9E5B-7C3532AFC152,DISABLING,SIX OCLOCK,PASSENGER CAR,SLOWING OR STOPPING,South,25,No,No,2007,DODGE,CARAVAN,38.95717717,-77.09070617,""(38.95717717, -77.09070617)"""
"MCP3279002W,230065167,Montgomery County Police,Property Damage Crash,11/08/2023 02:50:00 PM,County,RANDOLPH RD,GLENALLAN AVE,,N/A,,STRAIGHT MOVEMENT ANGLE,N/A,DRY,DAYLIGHT,TRAFFIC SIGNAL,N/A,,62C7DF29-69E4-487C-95C2-CFC12EB45523,Yes,NO APPARENT INJURY,N/A,NOT DISTRACTED,MD,D716464B-D101-4652-BC7E-5A02358D703F,SUPERFICIAL,FOUR OCLOCK,PASSENGER CAR,CHANGING LANES,East,40,No,No,2016,FORD,F250,39.06048814,-77.04483823,""(39.06048814, -77.04483823)"""
"MCP29650080,230072069,Montgomery County Police,Property Damage Crash,12/16/2023 01:30:00 PM,Maryland (State),GEORGIA AVE,INTERNATIONAL DR,,N/A,,SAME DIR REAR END,CLEAR,DRY,DAYLIGHT,TRAFFIC SIGNAL,UNKNOWN,,E4E6F248-F2EB-42FD-93DA-C112BA81EB39,Yes,NO APPARENT INJURY,N/A,UNKNOWN,MD,9C49490B-901B-419E-B1CA-52D8CD8147C5,FUNCTIONAL,TWELVE OCLOCK,PASSENGER CAR,SLOWING OR STOPPING,North,35,No,No,2002,CHEVROLET,VENTURE,39.103765,-77.07648281,""(39.103765, -77.07648281)"""
"MCP2799007K,230071778,Montgomery County Police,Property Damage Crash,12/14/2023 06:30:00 PM,US (State),COLESVILLE RD,N NOYES DR,,N/A,,SAME DIRECTION LEFT TURN,CLEAR,DRY,DARK LIGHTS ON,NO CONTROLS,NONE DETECTED,,7BAC8DE7-D1D2-4FB4-B34C-9D42E318D22D,Yes,NO APPARENT INJURY,N/A,LOOKED BUT DID NOT SEE,MD,4C8B4F34-6754-4A02-AC9E-9A50D29CB12A,DISABLING,TEN OCLOCK,PASSENGER CAR,MAKING LEFT TURN,West,35,No,No,2018,TOYT,COROLLA,39.00171733,-77.025143,""(39.00171733, -77.025143)"""
"MCP26860038,190024121,Montgomery County Police,Property Damage Crash,05/21/2019 04:03:00 PM,,,,""18842 HARMONY WOODS LANE, GERMANTOWN MD 20874"",,,OTHER,CLEAR,,DAYLIGHT,N/A,NONE DETECTED,,B7AE7F48-9644-4F53-B591-507EF28C393B,Yes,NO APPARENT INJURY,N/A,UNKNOWN,MD,5C1533D5-DE93-4604-BB1F-D5F465B2B7FD,SUPERFICIAL,SIX OCLOCK,PASSENGER CAR,BACKING,Unknown,5,No,No,2008,TOYT,YARIS,39.16314,-77.27159833,""(39.16314, -77.27159833)"""
"MCP2932006L,230057793,Montgomery County Police,Injury Crash,10/01/2023 01:32:00 AM,Maryland (State),NEW HAMPSHIRE AVE,OAKVIEW DR,,N/A,,HEAD ON LEFT TURN,CLEAR,DRY,DARK LIGHTS ON,TRAFFIC SIGNAL,NONE DETECTED,,1DFA10CE-3947-4649-9665-4B4F8EB04CEB,Yes,SUSPECTED MINOR INJURY,N/A,NOT DISTRACTED,MD,5B74A766-615D-43FB-8F9A-A4759639EA02,DESTROYED,TWELVE OCLOCK,PASSENGER CAR,MOVING CONSTANT SPEED,North,35,No,No,2013,INFINITI,G37X,39.01534154,-76.97775138,""(39.01534154, -76.97775138)"""
"MCP23510059,230071232,Montgomery County Police,Injury Crash,12/12/2023 09:36:00 AM,County,AVERY RD,SOUTHLAWN LA,,N/A,,OTHER,OTHER,ICE,DAYLIGHT,STOP SIGN,NONE DETECTED,,7F690E45-5F05-4A82-AA62-A5DDA43B5E88,No,NO APPARENT INJURY,""ICY OR SNOW-COVERED, V WIPERS|W OTHER ENVIRONMENTAL"",NOT DISTRACTED,DC,D536D21A-68AE-4ADC-A179-FB88DC7E00BB,UNKNOWN,UNKNOWN,PASSENGER CAR,MOVING CONSTANT SPEED,East,30,No,No,2003,ACURA,TL,39.10672667,-77.12094667,""(39.10672667, -77.12094667)"""
"EJ7888004T,230051121,Gaithersburg Police Depar,Injury Crash,08/24/2023 04:30:00 PM,Maryland (State),FREDERICK RD,MONTGOMERY AVE,,GAITHERSBURG,,HEAD ON LEFT TURN,CLEAR,DRY,DAYLIGHT,STOP SIGN,NONE DETECTED,,38ADB43D-3C12-4949-947A-D52B05548586,No,SUSPECTED MINOR INJURY,N/A,NOT DISTRACTED,MD,A12F818B-975A-4A39-A9B1-983DE8D3CB66,DISABLING,TWELVE OCLOCK,(SPORT) UTILITY VEHICLE,MOVING CONSTANT SPEED,North,35,No,No,2017,HYUNDAI,TK,39.1461273,-77.2040884,""(39.1461273, -77.2040884)"""
"MCP3208004T,230063715,Montgomery County Police,Property Damage Crash,11/01/2023 01:53:00 AM,US (State),COLESVILLE RD,CRESTMOOR DR,,N/A,,OTHER,CLEAR,DRY,DARK LIGHTS ON,NO CONTROLS,NONE DETECTED,,72CD4EE3-D07A-49A0-944A-5E90B9A971A5,No,NO APPARENT INJURY,N/A,NOT DISTRACTED,MD,5F49B073-BBE0-420E-9B5A-E525F0BB34DF,FUNCTIONAL,TWELVE OCLOCK,POLICE VEHICLE/NON EMERGENCY,MOVING CONSTANT SPEED,South,40,No,No,2012,FORD,EXPEDITION,39.02824905,-77.00904684,""(39.02824905, -77.00904684)"""
"MCP1048000Y,15050773,MONTGOMERY,Property Damage Crash,10/07/2015 09:09:00 AM,,,,parking lot of 16630 CRABBS BRANCH WAY,,,OTHER,N/A,,DAYLIGHT,N/A,N/A,,134729EB-3E96-44E6-B8A5-EC8FF40180CD,Yes,NO APPARENT INJURY,N/A,NOT DISTRACTED,MD,26741A03-FED0-4E5D-AD91-349B55F69304,SUPERFICIAL,SEVEN OCLOCK,SCHOOL BUS,BACKING,West,0,No,No,2012,THOMAS,BUS,39.126385,-77.1627,""(39.126385, -77.1627)"""
"MCP235800C2,23066631,Montgomery County Police,Injury Crash,11/16/2023 08:30:00 AM,Maryland (State),RIVER RD,CAPITAL BELTWAY,,N/A,,STRAIGHT MOVEMENT ANGLE,CLEAR,DRY,DAYLIGHT,TRAFFIC SIGNAL,NONE DETECTED,,F8254AA6-840C-4399-BDA4-D03F0E0BD799,No,SUSPECTED MINOR INJURY,N/A,NOT DISTRACTED,MD,8D68234E-4EF9-4A16-B59B-0FD37CD96A2A,DISABLING,TWELVE OCLOCK,PASSENGER CAR,MOVING CONSTANT SPEED,North,35,No,No,2016,NISSAN,ROGUE,38.99106347,-77.15720857,""(38.99106347, -77.15720857)"""
"MCP3130006T,230061080,Montgomery County Police,Property Damage Crash,10/17/2023 02:00:00 PM,,,,PARKING LOT OUTSIDE OF UNIQUE THRIFT LOCATED AT 12211 VEIRS MILL ROAD SILVER SPRING MD 20906,,,OTHER,CLEAR,,DAYLIGHT,N/A,UNKNOWN,,9DCBAF24-D275-4E76-96D6-C9A6AA1E8594,Yes,NO APPARENT INJURY,N/A,UNKNOWN,,CB843514-983B-4F17-B22A-BDD6E64FE5AB,SUPERFICIAL,TWELVE OCLOCK,PASSENGER CAR,ACCELERATING,South,5,No,No,2007,HONDA,PILOT,39.057806,-77.0829925,""(39.057806, -77.0829925)"""
"MCP32700012,21003048,Montgomery County Police,Injury Crash,08/05/2021 05:23:00 PM,County,BLAIR RD,JUNIPER ST,,N/A,,STRAIGHT MOVEMENT ANGLE,CLEAR,DRY,DAYLIGHT,STOP SIGN,NONE DETECTED,,DA5007A3-D55B-405D-909B-E3595CB5D2FB,Yes,NO APPARENT INJURY,N/A,LOOKED BUT DID NOT SEE,MD,31A93632-D4AB-4676-9EA0-022C2F03A01A,SUPERFICIAL,ELEVEN OCLOCK,POLICE VEHICLE/EMERGENCY,MAKING LEFT TURN,South,30,No,No,2012,BMW,4S,38.98285167,-77.02251333,""(38.98285167, -77.02251333)"""
"MCP25970034,230062041,Montgomery County Police,Injury Crash,10/23/2023 06:55:00 AM,Maryland (State),NEW HAMPSHIRE AVE,NORWOOD RD,,N/A,,STRAIGHT MOVEMENT ANGLE,CLEAR,DRY,DAWN,TRAFFIC SIGNAL,NONE DETECTED,,EBF29C08-3E95-42DE-81A1-8A0CFD166332,No,NO APPARENT INJURY,N/A,NOT DISTRACTED,MD,5C08DA1B-37FD-4034-B4F1-B8545FD83E18,SUPERFICIAL,TWELVE OCLOCK,PASSENGER CAR,STOPPED IN TRAFFIC LANE,East,40,No,No,2016,KIA,SORENTO,39.10624,-77.00171667,""(39.10624, -77.00171667)"""
"MCP285900FM,230071650,Montgomery County Police,Injury Crash,12/14/2023 09:30:00 AM,Municipality,FIRSTFIELD RD,QUINCE ORCHARD BLVD,,GAITHERSBURG,,HEAD ON LEFT TURN,CLEAR,DRY,DAYLIGHT,NO CONTROLS,NONE DETECTED,,75D9943C-18EA-40B8-ACE9-02B2EA019901,No,POSSIBLE INJURY,N/A,NOT DISTRACTED,MD,67149E05-B0EE-4A9B-8BA9-43CBA874516A,DESTROYED,NINE OCLOCK,PASSENGER CAR,MOVING CONSTANT SPEED,South,30,No,No,2017,INFI,SUV,39.14186133,-77.22459967,""(39.14186133, -77.22459967)"""
"MCP291400F8,230063461,Montgomery County Police,Property Damage Crash,10/30/2023 05:34:00 PM,US (State),COLESVILLE RD,CRESTMOOR DR,,N/A,,OTHER,RAINING,WET,DARK NO LIGHTS,NO CONTROLS,N/A,,0837F937-15AC-4FFC-922D-ED48CC40FC67,No,NO APPARENT INJURY,N/A,NOT DISTRACTED,MD,5B7B0E02-2233-4E72-B8AA-1D3C87DC6E42,SUPERFICIAL,TWELVE OCLOCK,SCHOOL BUS,STOPPED IN TRAFFIC LANE,North,35,No,No,2015,THOMAS,CONV MSDE-C-8,39.02800244,-77.00910496,""(39.02800244, -77.00910496)"""
"DD56630003,20055692,Rockville Police Departme,Property Damage Crash,09/19/2023 08:40:00 AM,Municipality,RESEARCH BLVD,W MONTGOMERY AVE,,N/A,,SAME DIR REAR END,CLEAR,DRY,DAYLIGHT,N/A,NONE DETECTED,,A1EEE227-9831-4205-AA91-4E5281F09202,No,NO APPARENT INJURY,N/A,NOT DISTRACTED,FL,6B9FB0E8-8384-4480-9340-26E90F722726,FUNCTIONAL,SIX OCLOCK,PASSENGER CAR,STOPPED IN TRAFFIC LANE,South,35,No,No,2016,SUBA,CROSSTREK,39.09480027,-77.18032516,""(39.09480027, -77.18032516)"""
"MCP3245004P,230068554,Montgomery County Police,Property Damage Crash,11/27/2023 03:38:00 PM,,,,PARKING LOT OF 3 STAR CONVENIENCE 18524 WOODFIELD RD,,,OTHER,CLEAR,,DAYLIGHT,NO CONTROLS,NONE DETECTED,,21F9EC59-9025-4FF1-A319-D170BA75B4D8,No,NO APPARENT INJURY,N/A,NOT DISTRACTED,MD,8D842FC6-1E6A-4920-9F42-90CCA099493E,FUNCTIONAL,EIGHT OCLOCK,""OTHER LIGHT TRUCKS (10,000LBS (4,536KG) OR LESS)"",PARKED,,0,No,Yes,2017,FORD,TK,39.16100167,-77.159435,""(39.16100167, -77.159435)"""
"MCP2552006Q,230068981,Montgomery County Police,Property Damage Crash,11/29/2023 05:47:00 PM,County,SHADY GROVE RD,CAVANAUGH DR,,N/A,,HEAD ON LEFT TURN,CLEAR,DRY,DARK LIGHTS ON,TRAFFIC SIGNAL,N/A,,AF8F4E46-6AD8-4677-9AFB-B97CE988464C,Yes,NO APPARENT INJURY,N/A,NOT DISTRACTED,MD,A5916CE1-28A6-45D5-A7DF-CA1699EB1FDD,DISABLING,TWELVE OCLOCK,PASSENGER CAR,ACCELERATING,South,35,No,No,2018,HONDA,ACCORD,39.12275833,-77.17773167,""(39.12275833, -77.17773167)"""
"MCP3060004F,230056435,Montgomery County Police,Injury Crash,09/23/2023 07:29:00 AM,Maryland (State),UNIVERSITY BLVD W,GEORGIA AVE,,N/A,,STRAIGHT MOVEMENT ANGLE,RAINING,WET,DAYLIGHT,TRAFFIC SIGNAL,NONE DETECTED,,A05D8C1E-D43C-480F-9DFF-2E24CB8A72D8,No,SUSPECTED MINOR INJURY,""RAIN, SNOW, WET"",NOT DISTRACTED,MD,2ECE9352-FB3A-4535-83A7-06B5299F2A68,DISABLING,TWO OCLOCK,PASSENGER CAR,MOVING CONSTANT SPEED,East,35,No,No,2003,HONDA,CRV,39.04123333,-77.051595,""(39.04123333, -77.051595)"""
"MCP26560071,230034631,Montgomery County Police,Injury Crash,07/20/2023 06:45:00 PM,County,MATENY RD,MATENY RD (BACK),,N/A,,OTHER,CLEAR,N/A,DAYLIGHT,NO CONTROLS,N/A,,9C34A627-D4B8-42CF-B53D-2B4EC53AF8DE,No,NO APPARENT INJURY,N/A,NOT DISTRACTED,MD,DD7BB91B-9E70-465E-B174-3255AD05BA29,DISABLING,ONE OCLOCK,PASSENGER CAR,MOVING CONSTANT SPEED,West,35,No,No,2014,CHEVROLET,CAMARO,39.1473355,-77.27187267,""(39.1473355, -77.27187267)"""
"MCP235800C2,23066631,Montgomery County Police,Injury Crash,11/16/2023 08:30:00 AM,Maryland (State),RIVER RD,CAPITAL BELTWAY,,N/A,,STRAIGHT MOVEMENT ANGLE,CLEAR,DRY,DAYLIGHT,TRAFFIC SIGNAL,NONE DETECTED,,FA8EDBD1-6AFE-49C9-BE45-CA8B7B6EAC1A,No,NO APPARENT INJURY,N/A,NOT DISTRACTED,MD,C2A1C297-0985-4B5A-903D-6B319263A954,SUPERFICIAL,TWELVE OCLOCK,PASSENGER CAR,MOVING CONSTANT SPEED,North,35,No,No,2016,TOYOTA,TUNDRA,38.99106347,-77.15720857,""(38.99106347, -77.15720857)"""
"MCP2592003J,230074268,Montgomery County Police,Injury Crash,12/30/2023 11:43:00 AM,,STEWARTOWN RD,GREEN VILLAGE DR,,N/A,,HEAD ON LEFT TURN,CLEAR,DRY,DAYLIGHT,N/A,NONE DETECTED,,332862C1-C129-4246-96B1-E420C36493C5,Yes,POSSIBLE INJURY,N/A,LOOKED BUT DID NOT SEE,MD,491266EA-E5C2-4DDF-860E-274F037EC5EA,DISABLING,TWELVE OCLOCK,PASSENGER CAR,MAKING LEFT TURN,North,25,No,No,2016,TOYOTA,CAMRY,39.17848917,-77.19946766,""(39.17848917, -77.19946766)"""
"MCP3230004V,230061406,Montgomery County Police,Property Damage Crash,10/19/2023 11:39:00 AM,Maryland (State),GEORGIA AVE,HICKERSON DR,,N/A,,SAME DIRECTION SIDESWIPE,CLEAR,DRY,DAYLIGHT,NO CONTROLS,NONE DETECTED,,33256EE6-6AF3-4F22-9A5D-6D71B07B7DD1,No,NO APPARENT INJURY,N/A,NOT DISTRACTED,MD,18E71215-CB6C-4BC7-93CF-731D8131AF4C,SUPERFICIAL,TEN OCLOCK,PASSENGER CAR,MOVING CONSTANT SPEED,South,35,No,No,2022,TOYOTA,CAMRY,39.04831426,-77.05197666,""(39.04831426, -77.05197666)"""
"DM8472002C,230048284,Takoma Park Police Depart,Injury Crash,08/07/2023 05:26:00 PM,Maryland (State),PHILADELPHIA AVE,TAKOMA AVE,,TAKOMA PARK,,OTHER,RAINING,WET,DAYLIGHT,NO CONTROLS,N/A,,76B0D978-6F90-4F8A-87C3-9B53593F5FBC,No,NO APPARENT INJURY,""RAIN, SNOW, WET"",DISTRACTED BY OUTSIDE PERSON OBJECT OR EVENT,MD,FBD54D9E-9FCF-4630-A29D-23C83A6D6992,FUNCTIONAL,TWELVE OCLOCK,TRANSIT BUS,MOVING CONSTANT SPEED,North,30,No,No,2016,NEW,BUS,38.984445,-77.01784333,""(38.984445, -77.01784333)"""
"MCP32620037,230050279,Montgomery County Police,Property Damage Crash,08/19/2023 07:10:00 PM,Maryland (State),DUSTIN RD,COLUMBIA PIKE,,N/A,,SINGLE VEHICLE,CLEAR,DRY,DAYLIGHT,NO CONTROLS,NONE DETECTED,,A57CDCB4-C241-4D04-B56B-D68C0C9B0403,Yes,NO APPARENT INJURY,N/A,UNKNOWN,MD,1E30F736-C445-48E7-9D96-356B8006A895,DISABLING,ELEVEN OCLOCK,PASSENGER CAR,NEGOTIATING A CURVE,West,15,No,No,2011,NISSIAN,ALTIMA,39.12925467,-76.9348205,""(39.12925467, -76.9348205)"""
"MCP2837005S,230067060,Montgomery County Police,Property Damage Crash,11/18/2023 10:07:00 AM,Maryland (State),DARNESTOWN RD,BERRYVILLE RD,,N/A,,SAME DIR REAR END,CLEAR,DRY,DAYLIGHT,NO CONTROLS,NONE DETECTED,,38516842-97E3-4844-B8CC-0D54C8B500EB,No,NO APPARENT INJURY,N/A,NOT DISTRACTED,MD,B0B83940-3E08-4534-8E12-2842305E02B6,DISABLING,SIX OCLOCK,PASSENGER CAR,STOPPED IN TRAFFIC LANE,West,40,No,No,2019,FORD,F150,39.11571,-77.31215333,""(39.11571, -77.31215333)"""
"MCP1151005Y,17011048,Montgomery County Police,Injury Crash,03/02/2017 07:40:00 AM,Maryland (State),OLNEY LAYTONSVILLE RD,BROOKEVILLE RD,,N/A,,OPPOSITE DIRECTION SIDESWIPE,CLEAR,DRY,DAYLIGHT,N/A,NONE DETECTED,,85C5556D-4D29-4577-BAA0-6BB2B14ECAE6,No,SUSPECTED MINOR INJURY,N/A,NOT DISTRACTED,MD,2C613D05-2995-4B86-A540-5475EB59EAEA,DISABLING,ELEVEN OCLOCK,PICKUP TRUCK,SLOWING OR STOPPING,West,50,No,No,2008,FORD,F150,39.18282333,-77.11006333,""(39.18282333, -77.11006333)"""
"MCP30530074,230073195,Montgomery County Police,Property Damage Crash,12/22/2023 05:29:00 PM,Maryland (State),VEIRS MILL RD,FERRARA AVE,,N/A,,OTHER,CLEAR,DRY,DARK LIGHTS ON,N/A,N/A,,50C0D4AC-08EE-4624-98B8-0D5747ABFFBF,No,NO APPARENT INJURY,N/A,NOT DISTRACTED,MD,24A7655B-8647-48BB-AF33-3695C873835B,DISABLING,TWO OCLOCK,PASSENGER CAR,MOVING CONSTANT SPEED,West,30,No,No,2012,TOYOTA,CAMERY,39.05318167,-77.07702833,""(39.05318167, -77.07702833)"""
"MCP285900DJ,230048335,Montgomery County Police,Injury Crash,08/08/2023 08:15:00 AM,County,SHADY GROVE RD,RAMP 7 FR SHADY GROVE RD WB TO IS 270 SB,,N/A,,SAME DIR REAR END,CLOUDY,DRY,DAYLIGHT,NO CONTROLS,NONE DETECTED,,1BBFEFB6-C776-4C52-9E3A-917ACA7A6F0B,Yes,POSSIBLE INJURY,N/A,UNKNOWN,MD,692AC198-A482-479C-BCCD-D18B2373853B,DISABLING,TWELVE OCLOCK,PASSENGER CAR,MOVING CONSTANT SPEED,North,30,No,No,2020,NISS,SUV,39.11026633,-77.18790917,""(39.11026633, -77.18790917)"""
"MCP93110044,230056901,Montgomery County Police,Injury Crash,09/26/2023 07:50:00 AM,County,DEMOCRACY BLVD,GAINSBOROUGH RD,,N/A,,HEAD ON LEFT TURN,RAINING,WET,DAWN,TRAFFIC SIGNAL,NONE DETECTED,,2C14531A-EC51-467A-A73F-B5A0E7073341,Yes,NO APPARENT INJURY,""RAIN, SNOW, WET"",LOOKED BUT DID NOT SEE,MD,B6AB8918-25EB-4646-899B-16456AA9380B,DISABLING,ONE OCLOCK,PASSENGER CAR,MAKING LEFT TURN,East,45,No,No,2017,MERCEDES,UT,39.02234517,-77.16765891,""(39.02234517, -77.16765891)"""
"MCP3268000P,200046362,Montgomery County Police,Property Damage Crash,11/23/2020 11:00:00 PM,,,,8530 CAMERON STREET GARAGE,,,N/A,CLEAR,,OTHER,N/A,N/A,,5C0C8E12-6F2C-4C72-9D1C-95442935CE48,No,NO APPARENT INJURY,N/A,NOT DISTRACTED,MD,9B18DC0B-BA95-49B0-BF80-01F14CF9D702,SUPERFICIAL,EIGHT OCLOCK,PASSENGER CAR,PARKED,,0,No,Yes,2020,HONDA,CIVIC,38.99687583,-77.03110867,""(38.99687583, -77.03110867)"""
"MCP2608005F,230067451,Montgomery County Police,Property Damage Crash,11/20/2023 03:28:00 PM,County,OSAGE ST,CHICKASAW DR,,N/A,,STRAIGHT MOVEMENT ANGLE,CLEAR,DRY,DAYLIGHT,STOP SIGN,NONE DETECTED,,10C96545-E52A-4D6D-8DBE-6E0B75FD9B25,No,NO APPARENT INJURY,N/A,NOT DISTRACTED,MD,64BE015B-BF8E-48AA-BFD1-5827AE259804,DISABLING,ELEVEN OCLOCK,PASSENGER CAR,MOVING CONSTANT SPEED,East,30,No,No,2013,NISSAN,SENTRA,38.99636963,-76.98985377,""(38.99636963, -76.98985377)"""
"MCP3233000M,200016286,Montgomery County Police,Property Damage Crash,04/17/2020 01:15:00 PM,County,CODY DR,FOREST GROVE DR,,N/A,,SAME DIRECTION RIGHT TURN,CLEAR,DRY,DAYLIGHT,NO CONTROLS,NONE DETECTED,,0F96D7A6-DEB5-4FFE-8F22-800AF8996E9C,Yes,NO APPARENT INJURY,N/A,INATTENTIVE OR LOST IN THOUGHT,MD,B6C65130-A659-4269-B140-BA24320F6570,SUPERFICIAL,ONE OCLOCK,OTHER,MOVING CONSTANT SPEED,North,20,No,No,2018,FORD,TK,39.021575,-77.03843167,""(39.021575, -77.03843167)"""
"MCP32010056,230071016,Montgomery County Police,Injury Crash,12/11/2023 06:30:00 AM,County,RIDGE RD,OBSERVATION DR,,N/A,,SAME DIR REAR END,CLOUDY,WET,DARK LIGHTS ON,TRAFFIC SIGNAL,NONE DETECTED,,9FB33AB6-B999-417D-AFC2-0ACF75918905,No,NO APPARENT INJURY,""ICY OR SNOW-COVERED, RAIN, SNOW, WET"",NOT DISTRACTED,MD,AA41799D-2B1F-42CB-9D43-83F4D2123243,DISABLING,TWELVE OCLOCK,VAN,MOVING CONSTANT SPEED,South,40,No,No,2017,FORD,TK,39.2015495,-77.2544,""(39.2015495, -77.2544)"""
"MCP33620026,230066897,Montgomery County Police,Property Damage Crash,11/17/2023 01:01:00 PM,,BARITONE CT,SONATA WAY,,N/A,,HEAD ON LEFT TURN,CLEAR,DRY,DAYLIGHT,NO CONTROLS,NONE DETECTED,,2D6E376A-4BEE-412B-AA98-21AFAA07F2F8,No,NO APPARENT INJURY,N/A,NO DRIVER PRESENT,MD,0831056E-0D46-4345-9502-A20ED40B0131,FUNCTIONAL,ELEVEN OCLOCK,VAN,PARKED,,25,No,Yes,2000,FORD,MAIL TRUCK,39.04312333,-76.994665,""(39.04312333, -76.994665)"""
"HA24850012,23001933,Maryland-National Capital,Property Damage Crash,10/09/2023 09:51:00 AM,Ramp,RAMP 1 FR RAMP 4 (FR IS270) TO MD 189 WB,FALLS RD,,N/A,,OTHER,N/A,DRY,DAYLIGHT,NO CONTROLS,NONE DETECTED,,0DEFF920-8B3F-4DF9-8D4D-C0484B324A28,Unknown,NO APPARENT INJURY,N/A,NOT DISTRACTED,MD,3552FAD7-4BA7-46B2-A536-ECA15B3EDAB5,FUNCTIONAL,TWO OCLOCK,PASSENGER CAR,MOVING CONSTANT SPEED,South,55,No,No,2019,VOLK,4S,39.0758181,-77.1674759,""(39.0758181, -77.1674759)"""
"MCP2450004V,230067471,Montgomery County Police,Property Damage Crash,11/20/2023 05:30:00 PM,County,AIRPARK RD,CHENNAULT WAY,,N/A,,ANGLE MEETS LEFT HEAD ON,N/A,DRY,DARK NO LIGHTS,STOP SIGN,NONE DETECTED,,A4779278-E32C-45C5-A18D-770B8305D6BC,Yes,NO APPARENT INJURY,N/A,NOT DISTRACTED,MD,0D8C01E1-BC69-41A9-8CBD-BF1235FFB123,SUPERFICIAL,TWELVE OCLOCK,PASSENGER CAR,MAKING LEFT TURN,North,30,No,No,2009,LINCOLN,MKX,39.17059167,-77.15662333,""(39.17059167, -77.15662333)"""