Report Number,Local Case Number,Agency Name,ACRS Report Type,Crash Date/Time,Route Type,Road Name,Cross-Street Name,Off-Road Description,Municipality,Related Non-Motorist,Collision Type,Weather,Surface Condition,Light,Traffic Control,Driver Substance Abuse,Non-Motorist Substance Abuse,Person ID,Driver At Fault,Injury Severity,Circumstance,Driver Distracted By,Drivers License State,Vehicle ID,Vehicle Damage Extent,Vehicle First Impact Location,Vehicle Body Type,Vehicle Movement,Vehicle Going Dir,Speed Limit,Driverless Vehicle,Parked Vehicle,Vehicle Year,Vehicle Make,Vehicle Model,Latitude,Longitude,Location
"MCP24640031,230064084,Montgomery County Police,Property Damage Crash,11/02/2023 11:00:00 PM,Maryland (State),NEW HAMPSHIRE AVE,OVERLOOK DR,,N/A,,OTHER,CLEAR,DRY,DARK LIGHTS ON,NO CONTROLS,NONE DETECTED,,66BC416D-3945-4536-9063-1D5F91731015,No,NO APPARENT INJURY,""ANIMAL, N/A"",NOT DISTRACTED,MD,85830109-4364-47BD-9258-34723B3953D2,DISABLING,TWELVE OCLOCK,POLICE VEHICLE/NON EMERGENCY,MOVING CONSTANT SPEED,South,35,No,No,2014,DODGE,CHARGER,39.02640883,-76.98140983,""(39.02640883, -76.98140983)"""
"MCP3021006Q,230029137,Montgomery County Police,Property Damage Crash,06/17/2023 12:50:00 PM,US (State),COLUMBIA PIKE,STEWART LA,,N/A,,HEAD ON LEFT TURN,CLEAR,DRY,DAYLIGHT,TRAFFIC SIGNAL,NONE DETECTED,,214E846E-EA3F-4531-9B22-97BE9BB01315,Yes,NO APPARENT INJURY,N/A,LOOKED BUT DID NOT SEE,MD,00699403-1BC9-4373-A8C0-C325728ECB8B,FUNCTIONAL,FIVE OCLOCK,PASSENGER CAR,MAKING LEFT TURN,North,50,No,No,1991,LEX,4D,39.04682667,-76.98703167,""(39.04682667, -76.98703167)"""
"MCP33350027,230053273,Montgomery County Police,Property Damage Crash,09/05/2023 01:28:00 PM,County,LORAIN AVE,LANARK WAY,,N/A,,HEAD ON,CLEAR,DRY,DAYLIGHT,N/A,NONE DETECTED,,9709E23E-9954-4F08-8AFA-090BB6EE39B5,Yes,NO APPARENT INJURY,""N/A, V WIPERS|W OTHER ENVIRONMENTAL"",OTHER DISTRACTION,MD,822DD674-6602-4BC2-9607-5940E3B26C6E,FUNCTIONAL,ELEVEN OCLOCK,PASSENGER CAR,MOVING CONSTANT SPEED,North,25,No,No,2019,HOND,ODYSSEY,39.0193205,-77.01756933,""(39.0193205, -77.01756933)"""
"MCP2622003V,230058430,Montgomery County Police,Injury Crash,10/04/2023 07:52:00 AM,County,BRIGGS CHANEY RD,FAIRDALE RD,,N/A,,SAME DIR REAR END,CLEAR,DRY,DAYLIGHT,NO CONTROLS,NONE DETECTED,,7D4C0EF9-344D-4B8F-9A96-79A3AAC81030,No,POSSIBLE INJURY,N/A,NOT DISTRACTED,MD,CA1B18DA-9A04-4649-9542-AC36C44F7A35,FUNCTIONAL,SIX OCLOCK,(SPORT) UTILITY VEHICLE,SLOWING OR STOPPING,East,35,No,No,2014,TOYOTA,SEQUOIA,39.0869218,-76.9595363,""(39.0869218, -76.9595363)"""
"MCP2039009C,230064099,Montgomery County Police,Property Damage Crash,11/03/2023 05:51:00 AM,Maryland (State),OLNEY LAYTONSVILLE RD,SPUR FR MD 97,,N/A,,SINGLE VEHICLE,CLEAR,DRY,DUSK,TRAFFIC SIGNAL,N/A,,1F541DCF-3250-4084-8C3D-D06D1DDA10B7,Yes,NO APPARENT INJURY,N/A,LOOKED BUT DID NOT SEE,MD,0A2E8DEF-56E0-41D2-B623-F50384A7E34D,DISABLING,TWELVE OCLOCK,PASSENGER CAR,MOVING CONSTANT SPEED,West,35,No,No,2017,NISSAN,ALTIMA,39.15352167,-77.067815,""(39.15352167, -77.067815)"""
"MCP23940054,230062228,Montgomery County Police,Injury Crash,10/23/2023 11:08:00 PM,County,FAIRDALE RD,BRADSHAW DR,,N/A,,HEAD ON,CLEAR,DRY,DARK LIGHTS ON,NO CONTROLS,UNKNOWN,,B5CC73FF-4BF3-4053-B4C1-542855CC6298,Yes,POSSIBLE INJURY,N/A,NOT DISTRACTED,MD,D19885B1-3C9C-49EF-8E7C-D6F276C54FC3,DESTROYED,TWELVE OCLOCK,PASSENGER CAR,MOVING CONSTANT SPEED,South,25,No,No,2017,MERZ,CLA,39.08925501,-76.95810866,""(39.08925501, -76.95810866)"""
"MCP120500B0,230066626,Montgomery County Police,Injury Crash,11/16/2023 08:06:00 AM,,,,""PARKING LOT OF 4920 STRATHMORE AVE."
"KENSINGTON, MD 20895"",,PEDESTRIAN,OTHER,CLEAR,,DAYLIGHT,NO CONTROLS,NONE DETECTED,NONE DETECTED,B55A5D98-CF2D-4F28-9D99-7E6CD65B1774,Yes,NO APPARENT INJURY,""N/A, VISION OBSTRUCTION (INCL. BLINDED BY SUN)"",LOOKED BUT DID NOT SEE,MD,9454ADA1-B4B5-401A-80FD-05AF1A607E23,SUPERFICIAL,ONE OCLOCK,PASSENGER CAR,MOVING CONSTANT SPEED,North,10,No,No,2019,INFI,UT,39.031155,-77.10003167,""(39.031155, -77.10003167)"""
"MCP33480017,230056721,Montgomery County Police,Property Damage Crash,09/25/2023 07:47:00 AM,Maryland (State),LAYHILL RD,CHESTER MILL RD,,N/A,,SAME DIR REAR END,CLEAR,DRY,DAYLIGHT,NO CONTROLS,NONE DETECTED,,67F95181-5559-4453-BCE2-C91CB37F5FF1,No,NO APPARENT INJURY,N/A,NOT DISTRACTED,MD,00D4FB69-0E06-45F1-A44B-B8A36FD9DCBD,FUNCTIONAL,SIX OCLOCK,PASSENGER CAR,SLOWING OR STOPPING,North,35,No,No,2015,TOYT,SD,39.11787333,-77.03638,""(39.11787333, -77.03638)"""
"MCP3130006Y,230070775,Montgomery County Police,Injury Crash,12/09/2023 01:50:00 PM,County,PARKLAND DR,INDEPENDENCE ST,,N/A,,STRAIGHT MOVEMENT ANGLE,CLOUDY,DRY,N/A,STOP SIGN,NONE DETECTED,,00ADACC9-47F2-4FD7-BF53-CDD258C0665F,Yes,SUSPECTED MINOR INJURY,N/A,LOOKED BUT DID NOT SEE,MD,3B0D78AD-77C8-47C0-81E5-77A80A83F816,DISABLING,TWELVE OCLOCK,PASSENGER CAR,ACCELERATING,East,30,No,No,2012,JEEP,LATITUDE,39.072791,-77.08672783,""(39.072791, -77.08672783)"""
"MCP3263003M,230051846,Montgomery County Police,Property Damage Crash,08/28/2023 02:32:00 PM,Maryland (State),EAST WEST HWY,BROOKVILLE RD,,N/A,,STRAIGHT MOVEMENT ANGLE,CLOUDY,DRY,DAYLIGHT,STOP SIGN,NONE DETECTED,,B2401F34-EFCC-4C39-B3A4-0AFCDA704F57,Yes,NO APPARENT INJURY,N/A,LOOKED BUT DID NOT SEE,MD,A4D5BB9C-9454-4637-9024-5B929B79D2FE,FUNCTIONAL,ONE OCLOCK,PASSENGER CAR,MAKING LEFT TURN,North,35,No,No,2023,TESL,MODEL 3,38.98960333,-77.07053167,""(38.98960333, -77.07053167)"""
"MCP3161005Q,230056657,Montgomery County Police,Property Damage Crash,09/24/2023 04:50:00 PM,Maryland (State),CONNECTICUT AVE,MONTROSE DR,,N/A,,SAME DIR REAR END,RAINING,WET,DAYLIGHT,NO CONTROLS,NONE DETECTED,,2EB8ABB9-9FB0-439D-A17D-E4BC73D25CDE,Yes,NO APPARENT INJURY,""N/A, WET"",UNKNOWN,MD,71038355-E4CB-45A3-9ED3-BDED37867D1B,DISABLING,TWELVE OCLOCK,PASSENGER CAR,SLOWING OR STOPPING,North,35,No,No,2001,TOYT,AVALON,39.00294733,-77.07719917,""(39.00294733, -77.07719917)"""
"MCP26410035,230034315,Montgomery County Police,Property Damage Crash,07/19/2023 07:50:00 AM,Maryland (State),RIDGE RD,SWEEPSTAKES RD,,N/A,,SAME DIR REAR END,CLOUDY,WET,DAYLIGHT,TRAFFIC SIGNAL,NONE DETECTED,,737243FF-F5B2-4E5F-A8C6-1EBDE503C8ED,No,NO APPARENT INJURY,N/A,NOT DISTRACTED,MD,EF437509-D290-4239-BA16-7C0AB098414D,SUPERFICIAL,SIX OCLOCK,POLICE VEHICLE/NON EMERGENCY,STOPPED IN TRAFFIC LANE,North,40,No,No,2020,CHEVROLET,TAHOE,39.26226333,-77.221665,""(39.26226333, -77.221665)"""
"MCP2314002H,230051175,Montgomery County Police,Injury Crash,08/24/2023 07:30:00 PM,Maryland (State),KEY WEST AVE,OMEGA DR,,N/A,,SAME DIR REAR END,CLOUDY,DRY,DAYLIGHT,TRAFFIC SIGNAL,NONE DETECTED,,E4E091CC-E5E6-4CC1-96F9-6AEF6156713B,Yes,POSSIBLE INJURY,N/A,NOT DISTRACTED,MD,8015A20B-1D9E-48CB-A6D4-E09B3E549989,DISABLING,TWELVE OCLOCK,PASSENGER CAR,SLOWING OR STOPPING,West,40,No,No,2009,MITSUBISHI,LANCER,39.10538967,-77.19593283,""(39.10538967, -77.19593283)"""
"MCP33220021,230061184,Montgomery County Police,Injury Crash,10/18/2023 04:41:00 AM,County,GRIDLEY RD,SELFRIDGE RD,,N/A,,STRAIGHT MOVEMENT ANGLE,CLEAR,DRY,DARK LIGHTS ON,STOP SIGN,N/A,,2F5EE272-9A4F-49D0-A92B-171992D55954,No,POSSIBLE INJURY,N/A,NOT DISTRACTED,MD,743D5DBA-264A-44D6-BA1E-C59AA2949A79,FUNCTIONAL,THREE OCLOCK,PASSENGER CAR,MAKING LEFT TURN,South,25,No,No,2013,CHEV,SD,39.05661765,-77.08526533,""(39.05661765, -77.08526533)"""
"MCP3038006G,230057912,Montgomery County Police,Property Damage Crash,10/01/2023 06:14:00 PM,County,NEWELL ST,EAST WEST HWY,,N/A,,OTHER,CLEAR,DRY,DAYLIGHT,TRAFFIC SIGNAL,NONE DETECTED,,540CC4D7-8DCF-4C51-88F6-14729B529190,No,NO APPARENT INJURY,N/A,NOT DISTRACTED,MD,A6552521-E195-4575-BE04-4B8EB76E195F,DISABLING,ELEVEN OCLOCK,PASSENGER CAR,STOPPED IN TRAFFIC LANE,North,25,No,No,2014,HONDA,CIVIC,38.989845,-77.02916667,""(38.989845, -77.02916667)"""
"MCP289200F4,230051690,Montgomery County Police,Injury Crash,08/27/2023 05:42:00 PM,County,SECOND AVE,GRACE CHURCH RD,,N/A,,STRAIGHT MOVEMENT ANGLE,CLEAR,DRY,DAYLIGHT,STOP SIGN,NONE DETECTED,,BBB0381E-C971-4A47-B8EC-0009AA6D14E3,Yes,POSSIBLE INJURY,N/A,OTHER DISTRACTION,MD,F1A88141-0F4B-495F-AF2B-22573B08E5EF,DESTROYED,TWELVE OCLOCK,PASSENGER CAR,MOVING CONSTANT SPEED,West,25,No,No,2017,TOYT,4S,39.00412667,-77.04087167,""(39.00412667, -77.04087167)"""
"MCP33670016,230053988,Montgomery County Police,Property Damage Crash,09/09/2023 03:15:00 PM,Maryland (State),GEORGIA AVE,CAMERON ST,,N/A,,HEAD ON LEFT TURN,RAINING,WET,DAYLIGHT,TRAFFIC SIGNAL,N/A,,5828D562-AD89-445B-85A7-AB8B8C2617FC,No,NO APPARENT INJURY,""RAIN, SNOW, WET"",NOT DISTRACTED,MD,BE07BF77-208A-413F-9A0B-DB9B74FE7FFF,SUPERFICIAL,ELEVEN OCLOCK,PASSENGER CAR,SLOWING OR STOPPING,North,35,No,No,2012,JEEP,TK,38.99801046,-77.03024697,""(38.99801046, -77.03024697)"""
"MCP27030030,230054497,Montgomery County Police,Property Damage Crash,09/12/2023 05:02:00 PM,Maryland (State),GEORGIA AVE,CORWIN DR,,N/A,,SAME DIR BOTH LEFT TURN,CLEAR,N/A,DAYLIGHT,TRAFFIC SIGNAL,UNKNOWN,,ACD40F83-632A-49E8-93BA-3344F7B00617,Yes,NO APPARENT INJURY,N/A,UNKNOWN,,6368AB29-754F-4DE0-98D0-09A9BABAF093,SUPERFICIAL,TEN OCLOCK,PASSENGER CAR,MOVING CONSTANT SPEED,North,30,No,No,2015,TOYOTA,TK,39.00798708,-77.03982534,""(39.00798708, -77.03982534)"""
"DD5643003B,230072634,Rockville Police Departme,Injury Crash,12/19/2023 06:09:00 PM,Maryland (State),FREDERICK RD,REDLAND BLVD,,ROCKVILLE,,HEAD ON LEFT TURN,N/A,DRY,DARK LIGHTS ON,TRAFFIC SIGNAL,NONE DETECTED,,F36DB70F-995D-4BEA-85A4-9705F16CC96C,No,POSSIBLE INJURY,N/A,NOT DISTRACTED,MD,2C5DD64C-3434-4CC4-854A-588849716235,DESTROYED,TWELVE OCLOCK,PASSENGER CAR,MOVING CONSTANT SPEED,South,35,No,No,2018,ACURA,TLX,39.11554459,-77.16610267,""(39.11554459, -77.16610267)"""
"MCP2231007J,230054769,Montgomery County Police,Injury Crash,09/14/2023 08:18:00 AM,Maryland (State),QUINCE ORCHARD RD,SPUR TO MD 117,,N/A,,SAME DIR REAR END,CLEAR,DRY,DAYLIGHT,YIELD SIGN,NONE DETECTED,,CA29397B-EEFE-41D9-8B69-57073379C966,Yes,NO APPARENT INJURY,N/A,UNKNOWN,MD,394540FE-8B6E-4157-9248-6DB2CE2A712D,SUPERFICIAL,TWELVE OCLOCK,PASSENGER CAR,STARTING FROM LANE,North,35,No,No,2018,LEXSUS,RX350,39.14236667,-77.220755,""(39.14236667, -77.220755)"""
"EJ78700069,230050623,Gaithersburg Police Depar,Injury Crash,08/22/2023 12:30:00 AM,Maryland (State),W DIAMOND AVE,BUREAU DR,,GAITHERSBURG,,HEAD ON LEFT TURN,CLEAR,DRY,DARK LIGHTS ON,TRAFFIC SIGNAL,NONE DETECTED,,4EE4AC13-135E-4CF1-B4EE-A281983D8F16,Yes,SUSPECTED MINOR INJURY,N/A,DISTRACTED BY OUTSIDE PERSON OBJECT OR EVENT,MD,0712428F-19B5-4752-8995-D9CF670D7AD0,DISABLING,ONE OCLOCK,POLICE VEHICLE/EMERGENCY,MAKING U TURN,East,35,No,No,2020,FORD,EXPLORER,39.14197443,-77.21776793,""(39.14197443, -77.21776793)"""
"MCP1213008F,230059383,Montgomery County Police,Property Damage Crash,10/08/2023 11:45:00 PM,Maryland (State),SPENCERVILLE RD,THOMPSON RD,,N/A,,SINGLE VEHICLE,CLEAR,DRY,DARK LIGHTS ON,NO CONTROLS,NONE DETECTED,,2FEF39B8-76BF-4667-A143-ADE1CC7BBBB4,No,NO APPARENT INJURY,N/A,NOT DISTRACTED,MD,37774C41-46E1-4392-B459-18399F909D85,FUNCTIONAL,TWELVE OCLOCK,PASSENGER CAR,MOVING CONSTANT SPEED,East,40,No,No,2011,TOYT,SD,39.11752833,-76.970075,""(39.11752833, -76.970075)"""
"MCP3150000D,180024114,Montgomery County Police,Property Damage Crash,05/16/2018 06:45:00 PM,County,FENTON ST,THAYER AVE,,N/A,,OTHER,RAINING,WET,DAYLIGHT,NO CONTROLS,UNKNOWN,,E1DC91CA-6205-4CAE-B939-DFD10956F7BF,Yes,NO APPARENT INJURY,""N/A, WET"",UNKNOWN,,045A1DD7-D49E-45F2-89FA-ACCCD1CF890D,SUPERFICIAL,ONE OCLOCK,PASSENGER CAR,MOVING CONSTANT SPEED,East,25,No,No,2005,CHRYSLER,300,38.99378167,-77.02375833,""(38.99378167, -77.02375833)"""
"MCP2203003B,180043244,Montgomery County Police,Injury Crash,08/30/2018 12:15:00 PM,County,RANDOLPH RD,LINDELL ST,,N/A,,SAME DIRECTION SIDESWIPE,CLEAR,DRY,DAYLIGHT,NO CONTROLS,NONE DETECTED,,F8611EEE-E753-411C-AC59-C1C58BF24FC1,Yes,POSSIBLE INJURY,N/A,NOT DISTRACTED,MD,0915106D-3ABF-42C5-BF56-4B4143F598C2,DISABLING,ELEVEN OCLOCK,PASSENGER CAR,MOVING CONSTANT SPEED,West,35,No,No,2014,MERZ,CLA250,39.05908,-77.06210333,""(39.05908, -77.06210333)"""
"MCP2399007H,230069332,Montgomery County Police,Property Damage Crash,12/01/2023 02:30:00 PM,,,,""PARKING LOT OF 10301 WATKINS MILL RD"
"( WATKINS MILL HS)"",,,OTHER,RAINING,,DAYLIGHT,N/A,NONE DETECTED,,209FA017-D028-47A5-9DF4-CF1C4889FED8,No,NO APPARENT INJURY,""N/A, SLEET, HAIL, FREEZ. RAIN"",NOT DISTRACTED,MD,900C57C1-D32A-4AED-B53F-20B0E96B383D,NO DAMAGE,NINE OCLOCK,SCHOOL BUS,STOPPED IN TRAFFIC LANE,South,5,No,No,2024,THMS,SB,39.1831371,-77.2157308,""(39.1831371, -77.2157308)"""
"MCP2965007G,230051474,Montgomery County Police,Injury Crash,08/26/2023 01:15:00 PM,Maryland (State),LAYHILL RD,NORVALE RD,,N/A,,SAME DIR REAR END,CLEAR,DRY,DAYLIGHT,TRAFFIC SIGNAL,NONE DETECTED,,5D495159-8DDA-4196-8DB5-DD9C5037B76D,Yes,SUSPECTED MINOR INJURY,N/A,DISTRACTED BY OUTSIDE PERSON OBJECT OR EVENT,MD,2C3D1E4F-2E03-4E66-8252-9BFADAFA6EE8,DESTROYED,TWELVE OCLOCK,PASSENGER CAR,SLOWING OR STOPPING,North,40,No,No,2014,CHEV,SUV,39.09543,-77.04444,""(39.09543, -77.04444)"""
"MCP24560081,230066634,Montgomery County Police,Property Damage Crash,11/16/2023 08:50:00 AM,US (State),COLESVILLE RD,DALE DR,,N/A,,SAME DIR REAR END,CLEAR,DRY,DAYLIGHT,NO CONTROLS,NONE DETECTED,,11892076-9F0D-484B-8911-803058D929B1,Yes,NO APPARENT INJURY,N/A,UNKNOWN,MD,8C5999D1-F8EF-4B73-A1B5-16AB00E28076,DISABLING,TWELVE OCLOCK,PASSENGER CAR,MOVING CONSTANT SPEED,North,40,No,No,2014,JEEP,TK,39.00557643,-77.02252,""(39.00557643, -77.02252)"""
"EJ7869003F,230032124,Gaithersburg Police Depar,Injury Crash,07/05/2023 11:25:00 PM,Maryland (State),CLOPPER RD,STRUC #15093 GREAT SENECA CREEK,,N/A,,SINGLE VEHICLE,CLEAR,DRY,DARK -- UNKNOWN LIGHTING,NO CONTROLS,ALCOHOL PRESENT,,6247C8F6-297F-4E71-B653-B69CBB22804E,Yes,SUSPECTED MINOR INJURY,N/A,UNKNOWN,MD,5D60FF00-F6AB-4774-9A87-6D7C62856972,DESTROYED,TWELVE OCLOCK,PASSENGER CAR,MOVING CONSTANT SPEED,North,35,No,No,2013,BMW,328I,39.15402111,-77.24973229,""(39.15402111, -77.24973229)"""
"MCP3243001Q,230054628,Montgomery County Police,Property Damage Crash,09/13/2023 02:25:00 PM,Maryland (State),ROCKVILLE PIKE,ENT TO SHOPPING CENTER,,N/A,,SAME DIR REAR END,CLEAR,DRY,DAYLIGHT,NO CONTROLS,NONE DETECTED,,AAB32533-1BE3-4830-A869-C8459B2F270E,No,NO APPARENT INJURY,N/A,NOT DISTRACTED,DC,D16A87C0-0ACA-4F6F-AD44-E29CC392DCFC,SUPERFICIAL,SIX OCLOCK,VAN,STOPPED IN TRAFFIC LANE,South,35,No,No,2016,DODGE,PV,39.04676317,-77.112752,""(39.04676317, -77.112752)"""
"MCP29910092,230070326,Montgomery County Police,Property Damage Crash,12/07/2023 07:45:00 AM,County,NORWOOD RD,BRYANTS NURSERY RD,,N/A,,N/A,N/A,DRY,DAYLIGHT,NO CONTROLS,NONE DETECTED,,DE0B30A9-FBB8-44C9-B324-DBC5C25F0879,Yes,NO APPARENT INJURY,N/A,NOT DISTRACTED,MD,7DA08B16-24A2-494D-9677-30935C93EB8D,DISABLING,ELEVEN OCLOCK,PASSENGER CAR,MOVING CONSTANT SPEED,West,20,No,No,1999,TOYO,AVALON,39.10962141,-77.0069364,""(39.10962141, -77.0069364)"""
"MCP1378015C,230049442,Montgomery County Police,Injury Crash,08/14/2023 04:49:00 PM,Maryland (State),RIDGE RD,SALEM U.M.C. OF CEDAR GROVE,,N/A,,SAME DIR REAR END,RAINING,WET,DAYLIGHT,NO CONTROLS,NONE DETECTED,,333246EC-EECF-45C0-A734-2B5052B438F9,No,NO APPARENT INJURY,""RAIN, SNOW, WET"",NOT DISTRACTED,MD,ABF4F0CC-1903-4B3E-9584-E270E844EBDD,FUNCTIONAL,SIX OCLOCK,PASSENGER CAR,SLOWING OR STOPPING,South,40,No,No,2008,HOND,ACCORD,39.24464017,-77.2345555,""(39.24464017, -77.2345555)"""
"MCP1378016P,230069813,Montgomery County Police,Property Damage Crash,12/04/2023 03:11:00 PM,County,BROADMORE RD,BROADMORE CIR,,N/A,,SAME DIRECTION SIDESWIPE,CLOUDY,DRY,DAYLIGHT,NO CONTROLS,NONE DETECTED,,77732EBD-08A6-4DDF-85B1-96A1401A39B1,Yes,NO APPARENT INJURY,N/A,NOT DISTRACTED,MD,3B5B880A-F3FD-4B94-899F-482377B743DB,SUPERFICIAL,FOUR OCLOCK,SCHOOL BUS,NEGOTIATING A CURVE,South,25,No,No,2020,THMS,BUS,39.0712952,-76.99017735,""(39.0712952, -76.99017735)"""
"MCP2722004Z,230063091,Montgomery County Police,Injury Crash,10/28/2023 05:04:00 PM,,,,PARKING LOT OF 2904 N LEISURE WORLD BLVD,,PEDESTRIAN,SINGLE VEHICLE,CLEAR,,DAYLIGHT,NO CONTROLS,NONE DETECTED,NONE DETECTED,9D693512-F6E8-49E6-A405-D4A10CFE4D5D,Yes,NO APPARENT INJURY,""N/A, VISION OBSTRUCTION (INCL. BLINDED BY SUN)"",LOOKED BUT DID NOT SEE,MD,B2E82224-8A12-4AB7-98EE-50ECD829C5F4,NO DAMAGE,TWELVE OCLOCK,PASSENGER CAR,MOVING CONSTANT SPEED,West,15,No,No,2016,BUICK,4S,39.104894,-77.05995717,""(39.104894, -77.05995717)"""
"MCP3130006N,230054098,Montgomery County Police,Property Damage Crash,09/10/2023 12:20:00 PM,,,,COSTCO PARKING LOT LOCATED AT 11160 VEIRS MILL RD. WHEATON MD 20902,,,OTHER,CLEAR,,DAYLIGHT,NO CONTROLS,N/A,,F1A05ACD-1E87-47EA-BB7F-AF0776705953,Yes,NO APPARENT INJURY,N/A,UNKNOWN,,4149D6A2-AF63-436A-A84E-4EA2551B70F7,UNKNOWN,SEVEN OCLOCK,PASSENGER CAR,PARKING,South,5,No,No,2017,ACURA,TLX,39.05794167,-77.048435,""(39.05794167, -77.048435)"""
"MCP11740065,230020970,Montgomery County Police,Property Damage Crash,05/02/2023 02:29:00 PM,Maryland (State),EAST WEST HWY (W/B COUPLET),PEARL ST,,N/A,,SAME DIR REAR END,CLEAR,DRY,DAYLIGHT,TRAFFIC SIGNAL,NONE DETECTED,,96068181-F7FF-4619-845E-6C94651511D6,Yes,NO APPARENT INJURY,N/A,NOT DISTRACTED,MD,309BA6A4-1A04-40B2-8BEF-FCD4D96C7341,NO DAMAGE,TWELVE OCLOCK,TRANSIT BUS,STARTING FROM LANE,West,25,No,No,2021,NEW FLYER,BUS,38.98520732,-77.09061294,""(38.98520732, -77.09061294)"""
"MCP2641003R,230073886,Montgomery County Police,Property Damage Crash,12/27/2023 05:15:00 PM,Other Public Roadway,PARKER FARM WAY,RED EAGLE LA,,N/A,,SINGLE VEHICLE,RAINING,WET,DARK LIGHTS ON,N/A,NONE DETECTED,,315608CA-2CF9-4B36-82FD-E7BECDBB86CB,Yes,NO APPARENT INJURY,""RAIN, SNOW, WET"",NOT DISTRACTED,MD,19D0B99F-1C74-49A7-9BAF-AEA34B3910A1,DISABLING,TWELVE OCLOCK,PASSENGER CAR,SKIDDING,North,25,No,No,2007,BMW,530I,39.08895,-77.04725833,""(39.08895, -77.04725833)"""
"MCP241100C3,230054993,Montgomery County Police,Injury Crash,09/15/2023 08:24:00 AM,County,PARKLAWN DR,BRAXFIELD CT,,N/A,,SAME DIR REAR END,CLEAR,DRY,DAYLIGHT,NO CONTROLS,NONE DETECTED,,B00EDFF3-89CB-46D7-B0B2-AC7D7AF781DB,Yes,NO APPARENT INJURY,N/A,NOT DISTRACTED,MD,9B9E632B-0CEE-438E-8684-626FD59BEDAE,FUNCTIONAL,TWELVE OCLOCK,PASSENGER CAR,SLOWING OR STOPPING,East,30,No,No,2019,CHEVROLET,VAN,39.05658833,-77.10823333,""(39.05658833, -77.10823333)"""
"MCP304800BR,230063380,Montgomery County Police,Property Damage Crash,10/30/2023 12:00:00 PM,Maryland (State),ROCKVILLE PIKE,POOKS HILL RD,,N/A,,OPPOSITE DIR BOTH LEFT TURN,CLEAR,DRY,DAYLIGHT,TRAFFIC SIGNAL,N/A,,E8D8E6E7-076E-40C0-B215-07FC4A659C74,No,NO APPARENT INJURY,N/A,NOT DISTRACTED,MD,0C3D2A74-5B8C-42AD-9E05-3612305F4253,FUNCTIONAL,FOUR OCLOCK,PASSENGER CAR,MAKING LEFT TURN,North,25,No,No,2015,TOYOTA,RAV4,39.01473467,-77.09977217,""(39.01473467, -77.09977217)"""
"MCP2780007G,230069184,Montgomery County Police,Property Damage Crash,11/30/2023 06:12:00 PM,Maryland (State),GERMANTOWN RD,SENECA MEADOWS PKWY,,N/A,,SINGLE VEHICLE,CLOUDY,DRY,DARK LIGHTS ON,TRAFFIC SIGNAL,NONE DETECTED,,520A9D38-A463-47C3-A077-3A4029E9B49F,Yes,NO APPARENT INJURY,N/A,NOT DISTRACTED,VA,169F6ACD-77B0-4156-B7AD-165CCF51B6FA,FUNCTIONAL,TEN OCLOCK,PASSENGER CAR,MOVING CONSTANT SPEED,East,45,No,No,2008,CHEV,IMPALA,39.18821633,-77.25194183,""(39.18821633, -77.25194183)"""
"MCP2730003C,230048369,Montgomery County Police,Property Damage Crash,08/08/2023 11:30:00 AM,,,,PARKING LOT OF SENECA VALLEY HIGH SCHOOL @ 19401 CRYSTAL ROCK DRIVE,,,OTHER,CLEAR,,DAYLIGHT,NO CONTROLS,N/A,,33C2CC80-0109-4116-9E48-331AF01930C8,Yes,NO APPARENT INJURY,N/A,UNKNOWN,MD,DD9F1226-C30C-436B-B5F8-5E5DF3CF5AFD,SUPERFICIAL,SIX OCLOCK,PASSENGER CAR,BACKING,North,0,No,No,2011,CHEVY,4DOOR,39.17488736,-77.26533824,""(39.17488736, -77.26533824)"""
"MCP3268003L,230072312,Montgomery County Police,Injury Crash,12/18/2023 07:54:00 AM,County,E RANDOLPH RD,LAURIE DR,,N/A,,HEAD ON,RAINING,WET,DAWN,N/A,NONE DETECTED,,93BB878E-89AE-47D7-9943-513C8479F2A4,No,NO APPARENT INJURY,""N/A, WET"",NOT DISTRACTED,MD,A1FE54E7-5DB5-400A-AB90-A73A112F8168,DISABLING,TWELVE OCLOCK,(SPORT) UTILITY VEHICLE,MOVING CONSTANT SPEED,East,35,No,No,2022,FORD,TRANSIT CONNECT,39.06530783,-76.97868583,""(39.06530783, -76.97868583)"""