Report Number,Local Case Number,Agency Name,ACRS Report Type,Crash Date/Time,Route Type,Road Name,Cross-Street Name,Off-Road Description,Municipality,Related Non-Motorist,Collision Type,Weather,Surface Condition,Light,Traffic Control,Driver Substance Abuse,Non-Motorist Substance Abuse,Person ID,Driver At Fault,Injury Severity,Circumstance,Driver Distracted By,Drivers License State,Vehicle ID,Vehicle Damage Extent,Vehicle First Impact Location,Vehicle Body Type,Vehicle Movement,Vehicle Going Dir,Speed Limit,Driverless Vehicle,Parked Vehicle,Vehicle Year,Vehicle Make,Vehicle Model,Latitude,Longitude,Location
"DM8505000X,230073311,Takoma Park Police Depart,Property Damage Crash,12/23/2023 12:00:00 PM,,,,PARKING LOT OF 1101 UNIVERSITY BLVD E,,,OTHER,CLEAR,,DAYLIGHT,NO CONTROLS,N/A,,460EA258-EE3D-425B-AE0A-44D3F4A52A71,Yes,NO APPARENT INJURY,N/A,LOOKED BUT DID NOT SEE,,633EF492-ACC3-43DB-AE1B-A8D8BC9D4009,SUPERFICIAL,SIX OCLOCK,PICKUP TRUCK,PARKING,East,10,No,No,2011,FORD,F-150,38.98976978,-76.98950454,""(38.98976978, -76.98950454)"""
"MCP3330001N,230066719,Montgomery County Police,Property Damage Crash,11/16/2023 02:27:00 PM,Maryland (State),GEORGIA AVE,RANDOLPH RD,,N/A,,SAME DIR REAR END,CLEAR,DRY,DAYLIGHT,TRAFFIC SIGNAL,NONE DETECTED,,A23DA793-D7A3-4A38-8AB7-398EA3E6793E,No,NO APPARENT INJURY,N/A,NOT DISTRACTED,MD,403E546B-205D-4346-888D-FDF0D4538861,NO DAMAGE,SIX OCLOCK,SCHOOL BUS,STOPPED IN TRAFFIC LANE,North,35,No,No,2021,FORD,E350,39.057209,-77.04988233,""(39.057209, -77.04988233)"""
"MCP9390002L,230066528,Montgomery County Police,Property Damage Crash,11/15/2023 03:44:00 PM,County,SHADY GROVE RD,EPSILON DR,,N/A,,SINGLE VEHICLE,CLEAR,DRY,DAYLIGHT,TRAFFIC SIGNAL,N/A,,F709FA38-8446-45EB-9535-75D0959DB380,Yes,NO APPARENT INJURY,N/A,LOOKED BUT DID NOT SEE,MD,26EBCD70-3302-4584-BBA6-847FE67E3905,FUNCTIONAL,TWELVE OCLOCK,PASSENGER CAR,MOVING CONSTANT SPEED,South,45,No,No,2017,CHEV,UT,39.1383101,-77.15380685,""(39.1383101, -77.15380685)"""
"EJ7833007X,230067754,Gaithersburg Police Depar,Property Damage Crash,11/22/2023 07:15:00 AM,Maryland (State),DARNESTOWN RD,ARGOSY DR,,GAITHERSBURG,,STRAIGHT MOVEMENT ANGLE,CLOUDY,WET,DAYLIGHT,STOP SIGN,NONE DETECTED,,27B69336-70E2-4225-AC03-A7E34B09EAE2,Yes,NO APPARENT INJURY,""N/A, WET"",NOT DISTRACTED,MD,B2EC03D4-9F41-48F8-98FC-FBE68A2F4E26,DISABLING,FOUR OCLOCK,PASSENGER CAR,MAKING LEFT TURN,West,40,No,No,2020,JEEP,GRAND CHEROKEE,39.10332818,-77.22445595,""(39.10332818, -77.22445595)"""
"MCP31610064,230073360,Montgomery County Police,Injury Crash,12/23/2023 05:31:00 PM,Maryland (State),CONNECTICUT AVE,DECATUR AVE,,N/A,,SAME DIRECTION SIDESWIPE,CLEAR,DRY,DARK LIGHTS ON,NO CONTROLS,NONE DETECTED,,619F01EC-971C-48D4-BDEC-523AAE56B99D,No,POSSIBLE INJURY,N/A,NOT DISTRACTED,MD,4EB1B9DA-821A-4DEE-8B34-B65109A7C15C,FUNCTIONAL,TEN OCLOCK,PASSENGER CAR,MOVING CONSTANT SPEED,South,35,No,No,2017,HONDA,ACCORD,39.03378567,-77.07509433,""(39.03378567, -77.07509433)"""
"MCP3165004X,230061944,Montgomery County Police,Property Damage Crash,10/22/2023 12:00:00 AM,,,,PARKING LOT OF 14116 CASTLE BLVD,,,OTHER,UNKNOWN,,UNKNOWN,NO CONTROLS,N/A,,62B2E25B-350B-4C42-80BE-A496B2969356,Yes,NO APPARENT INJURY,N/A,UNKNOWN,,A5E18780-829B-48FB-A331-2DEA9B2E7759,DISABLING,TEN OCLOCK,PASSENGER CAR,MOVING CONSTANT SPEED,West,20,No,No,2012,HYUN,SONATA,39.0875355,-76.94176767,""(39.0875355, -76.94176767)"""
"MCP2776004X,230064054,Montgomery County Police,Property Damage Crash,11/02/2023 06:41:00 PM,County,PRINCE PHILIP DR,OLNEY SANDY SPRING RD,,N/A,,HEAD ON LEFT TURN,CLEAR,DRY,DARK LIGHTS ON,NO CONTROLS,N/A,,68D33D49-EC23-4903-A870-7A180BA738C8,No,NO APPARENT INJURY,N/A,NOT DISTRACTED,MD,FB02A5EC-161C-47FB-BD34-0CCD6EFF1D07,DISABLING,TWELVE OCLOCK,(SPORT) UTILITY VEHICLE,MOVING CONSTANT SPEED,North,30,No,No,2020,TOYT,UT,39.15283667,-77.05671167,""(39.15283667, -77.05671167)"""
"MCP295200F4,230073332,Montgomery County Police,Property Damage Crash,12/23/2023 02:49:00 PM,US (State),COLESVILLE RD,DALE DR,,N/A,,SAME DIR REND LEFT TURN,CLOUDY,DRY,DAYLIGHT,TRAFFIC SIGNAL,NONE DETECTED,,F5BDE0D1-56B4-45BB-ACE3-C4DE93C90858,Yes,NO APPARENT INJURY,N/A,NOT DISTRACTED,MD,BC47A0A5-3AD5-42EE-B10D-043C8E9A3EA0,FUNCTIONAL,ELEVEN OCLOCK,PASSENGER CAR,MOVING CONSTANT SPEED,North,35,No,No,2015,BMW,X1,39.00512706,-77.02295105,""(39.00512706, -77.02295105)"""
"MCP1205009M,230054191,Montgomery County Police,Property Damage Crash,09/11/2023 07:28:00 AM,Maryland (State),EAST WEST HWY,CONNECTICUT AVE,,N/A,,SAME DIRECTION SIDESWIPE,CLOUDY,WET,DAYLIGHT,TRAFFIC SIGNAL,UNKNOWN,,F5F9B5AD-6097-4396-AFB8-90DBF069102D,Yes,NO APPARENT INJURY,N/A,UNKNOWN,MD,335987D0-5338-4F70-AB92-3436B28730B3,SUPERFICIAL,TEN OCLOCK,PASSENGER CAR,CHANGING LANES,East,30,No,No,2019,HYUNDAI,ELANTRA,38.9881741,-77.07564465,""(38.9881741, -77.07564465)"""
"MCP3160004V,230057381,Montgomery County Police,Injury Crash,09/28/2023 07:50:00 PM,County,PARKLAWN DR,BOILING BROOK PKWY,,N/A,,HEAD ON LEFT TURN,CLEAR,DRY,DARK LIGHTS ON,NO CONTROLS,NONE DETECTED,,4468D8E7-C4AC-4BF9-B568-1982E7C6C394,No,POSSIBLE INJURY,N/A,NOT DISTRACTED,MD,9DACD293-E3A6-45B7-9EEF-2082254C99CD,DISABLING,THREE OCLOCK,PASSENGER CAR,MOVING CONSTANT SPEED,West,35,No,No,1984,NISSAN,300ZX,39.04765633,-77.10216033,""(39.04765633, -77.10216033)"""
"MCP3254003D,230057131,Montgomery County Police,Property Damage Crash,09/25/2023 10:38:00 AM,,,,""PARKING LOT OF 9601 BLACKWELL RD DERWOOD MD, 20850"",,,OPPOSITE DIRECTION SIDESWIPE,CLEAR,,DAYLIGHT,N/A,UNKNOWN,,7AF0FF57-7866-4F2E-B1E8-3AD225FBE5CA,Yes,NO APPARENT INJURY,N/A,UNKNOWN,MD,81FF629B-556B-40E8-A5DA-B6131EC4E3DE,FUNCTIONAL,TWELVE OCLOCK,VAN,PARKING,Unknown,0,No,No,2014,DODGE,RAM,39.101098,-77.192095,""(39.101098, -77.192095)"""
"MCP32090049,230058619,Montgomery County Police,Injury Crash,10/05/2023 01:44:00 AM,County,CHERRY HILL RD,GRACEFIELD RD,,N/A,,SINGLE VEHICLE,CLEAR,DRY,DARK LIGHTS ON,FLASHING TRAFFIC SIGNAL,UNKNOWN,,CA298017-0C7F-4636-9CA2-6BA049A5B569,Yes,POSSIBLE INJURY,N/A,UNKNOWN,MD,3836D422-1F54-46EF-8EE5-8D1D239736AE,DISABLING,TEN OCLOCK,PASSENGER CAR,MOVING CONSTANT SPEED,West,35,No,No,2019,MAZDA,3,39.0464125,-76.9521225,""(39.0464125, -76.9521225)"""
"MCP33520017,230056380,Montgomery County Police,Property Damage Crash,09/22/2023 08:10:00 PM,Maryland (State),FREDERICK RD,MONTGOMERY VILLAGE AVE,,N/A,,SAME DIRECTION SIDESWIPE,CLEAR,DRY,DARK LIGHTS ON,TRAFFIC SIGNAL,NONE DETECTED,,3E71BADA-1EDF-40D4-AAA9-906B7FE97A96,No,NO APPARENT INJURY,N/A,NOT DISTRACTED,MD,774F0776-87D3-4861-8CAA-8DA97863D196,SUPERFICIAL,THREE OCLOCK,PASSENGER CAR,SLOWING OR STOPPING,North,30,No,No,2022,KIA,SD,39.15286062,-77.21218934,""(39.15286062, -77.21218934)"""
"MCP3348000W,230049369,Montgomery County Police,Injury Crash,08/14/2023 11:09:00 AM,County,ARCTIC AVE,BEL PRE RD,,N/A,,SAME DIR REAR END,CLEAR,DRY,DAYLIGHT,N/A,NONE DETECTED,,7C8919F9-29BF-44EE-8480-DAE6D9EC6636,Yes,SUSPECTED MINOR INJURY,N/A,UNKNOWN,MD,14FA9202-4610-4C5B-81C6-B1E3AE62AD62,DISABLING,TWELVE OCLOCK,PASSENGER CAR,MOVING CONSTANT SPEED,South,25,No,No,2017,HONDA,CIVIC,39.094585,-77.091485,""(39.094585, -77.091485)"""
"MCP32310012,230059060,Montgomery County Police,Property Damage Crash,10/06/2023 10:30:00 PM,Maryland (State),UNIVERSITY BLVD E,WILLIAMSBURG DR,,N/A,,SAME DIR REAR END,UNKNOWN,UNKNOWN,DARK LIGHTS ON,UNKNOWN,NONE DETECTED,,973750DF-A9AE-4959-BE3F-D320E73326FD,No,NO APPARENT INJURY,N/A,NOT DISTRACTED,MD,5A82938E-DFE6-4AA0-8BD6-B3F7E13E568E,SUPERFICIAL,SIX OCLOCK,""OTHER LIGHT TRUCKS (10,000LBS (4,536KG) OR LESS)"",MOVING CONSTANT SPEED,East,35,No,No,2022,FORD,F250,39.0176473,-77.00692303,""(39.0176473, -77.00692303)"""
"MCP30800040,230066964,Montgomery County Police,Injury Crash,11/17/2023 07:06:00 PM,Maryland (State),GREAT SENECA HWY,GROTTO LA,,N/A,,SAME DIR REAR END,CLEAR,DRY,DARK LIGHTS ON,NO CONTROLS,N/A,,C768B21A-8ACA-4024-BDFB-553C16E4D3F5,Yes,NO APPARENT INJURY,N/A,UNKNOWN,MD,581CD8B1-DEBE-48DA-B13A-C62A6F731B69,DISABLING,TWELVE OCLOCK,PASSENGER CAR,MOVING CONSTANT SPEED,South,45,No,No,2013,HOND,SD,39.16783073,-77.26762097,""(39.16783073, -77.26762097)"""
"MCP29710060,230073854,Montgomery County Police,Injury Crash,12/27/2023 02:46:00 PM,County,CLUB HOUSE RD,RIDGELINE DR,,N/A,,STRAIGHT MOVEMENT ANGLE,RAINING,WET,DAYLIGHT,STOP SIGN,NONE DETECTED,,7CEC2B24-10D4-43FF-82EC-C0FF96502AAE,No,POSSIBLE INJURY,""RAIN, SNOW, WET"",NOT DISTRACTED,MD,BB3D36E7-422D-462E-BBF3-F2E1AA539A29,DISABLING,TWELVE OCLOCK,(SPORT) UTILITY VEHICLE,MOVING CONSTANT SPEED,West,30,No,No,2004,GMC,YUKON,39.17444167,-77.20547667,""(39.17444167, -77.20547667)"""
"MCP33510017,230046803,Montgomery County Police,Property Damage Crash,07/29/2023 01:27:00 PM,Maryland (State),UNIVERSITY BLVD E,MERRIMAC DR,,TAKOMA PARK,,SAME DIR REAR END,CLEAR,DRY,DAYLIGHT,N/A,NONE DETECTED,,89606B20-83D7-414F-9374-A7AC6F0045F7,No,NO APPARENT INJURY,N/A,NOT DISTRACTED,MD,F4A11F22-1720-41D9-8370-F2938B152883,SUPERFICIAL,SIX OCLOCK,TRANSIT BUS,STOPPED IN TRAFFIC LANE,East,30,No,No,2013,NWFL,XDE,38.99306483,-76.99201283,""(38.99306483, -76.99201283)"""
"MCP3165003C,210052632,Montgomery County Police,Property Damage Crash,12/26/2021 06:45:00 AM,,,,PARKING LOT OF 15212 DINO DR,,,OTHER,CLEAR,,DUSK,N/A,UNKNOWN,,03AFEA77-11B9-4991-9225-203F8A1D66C2,Yes,NO APPARENT INJURY,N/A,UNKNOWN,,5296E49A-DE16-426A-849C-613AB3AB6209,FUNCTIONAL,TWELVE OCLOCK,,OTHER,North,25,No,No,0,UNKNOWN,UNKNOWN,39.1090405,-76.92704783,""(39.1090405, -76.92704783)"""
"MCP003600HD,230063444,Montgomery County Police,Injury Crash,10/30/2023 04:30:00 PM,Maryland (State),FREDERICK RD,GUNNERS BRANCH RD,,N/A,,STRAIGHT MOVEMENT ANGLE,RAINING,WET,DAYLIGHT,TRAFFIC SIGNAL,NONE DETECTED,,9D534716-BF57-4E04-A5E8-71F64A4758D5,Yes,POSSIBLE INJURY,N/A,UNKNOWN,XX,80B481CA-1964-4F2E-AC40-D0D9684B149C,DISABLING,TWELVE OCLOCK,PASSENGER CAR,MAKING LEFT TURN,North,35,No,No,2018,TOYOTA,COROLLA,39.17843617,-77.23861783,""(39.17843617, -77.23861783)"""
"DD5662000J,230056178,Rockville Police Departme,Property Damage Crash,09/21/2023 06:38:00 PM,Municipality,TWINBROOK PKWY,MARSHALL AVE,,ROCKVILLE,,SAME DIRECTION SIDESWIPE,CLEAR,DRY,DAYLIGHT,UNKNOWN,UNKNOWN,,561A69F7-66D1-4344-B9F5-C7B109E39F2C,Yes,NO APPARENT INJURY,N/A,UNKNOWN,,45D9D319-3D2D-41C1-84FE-9786D86E7741,UNKNOWN,UNKNOWN,UNKNOWN,PASSING,South,25,No,No,0,UNKNOWN,UNKNOWN,39.07014057,-77.13130218,""(39.07014057, -77.13130218)"""
"MCP913000GH,230052434,Montgomery County Police,Property Damage Crash,08/31/2023 12:47:00 PM,US (State),COLESVILLE RD,CRESTMOOR DR,,N/A,,SAME DIRECTION LEFT TURN,CLEAR,DRY,DAYLIGHT,NO CONTROLS,NONE DETECTED,,BAAA8E59-ECCF-418B-AA55-425F3FF49EAD,Yes,NO APPARENT INJURY,N/A,NOT DISTRACTED,MD,7966ED70-D07B-4598-885B-AF9ADBA462DD,FUNCTIONAL,TWO OCLOCK,PASSENGER CAR,MOVING CONSTANT SPEED,North,40,No,No,2010,HONDA,FIT,39.02804408,-77.00904753,""(39.02804408, -77.00904753)"""
"MCP1213008W,230071538,Montgomery County Police,Injury Crash,12/13/2023 04:35:00 PM,Maryland (State),ASHTON RD,NEW HAMPSHIRE AVE,,N/A,,HEAD ON LEFT TURN,CLEAR,DRY,DAYLIGHT,TRAFFIC SIGNAL,NONE DETECTED,,AE2B7DF5-CCD2-45F6-A2EA-6BB949705796,No,SUSPECTED MINOR INJURY,N/A,NOT DISTRACTED,MD,335416EF-C7D9-421E-A647-04344DA15195,DESTROYED,TWELVE OCLOCK,(SPORT) UTILITY VEHICLE,MOVING CONSTANT SPEED,West,30,No,No,2009,NISS,TK,39.14943833,-77.01226167,""(39.14943833, -77.01226167)"""
"MCP30630028,200002186,Montgomery County Police,Property Damage Crash,01/13/2020 06:13:00 PM,,,,""P/L  OF 11941 BOURNEFIELD WAY SILVER SPRING, MD 20904"",,,SINGLE VEHICLE,CLEAR,,DARK LIGHTS ON,N/A,NONE DETECTED,,BE198B79-7FDD-4075-A261-D98A41B337A9,Yes,NO APPARENT INJURY,N/A,LOOKED BUT DID NOT SEE,MD,F81428AA-4ADA-4C45-AB74-F2F688668DEA,SUPERFICIAL,SIX OCLOCK,POLICE VEHICLE/NON EMERGENCY,BACKING,Unknown,0,No,No,2014,DODGE,CHARGER,39.05073167,-76.96087833,""(39.05073167, -76.96087833)"""
"MCP32250042,230049435,Montgomery County Police,Property Damage Crash,08/14/2023 04:45:00 PM,County,BEL PRE RD,GEORGIA AVE,,N/A,,SAME DIR REAR END,RAINING,WET,DAYLIGHT,TRAFFIC SIGNAL,UNKNOWN,,A7890C2A-04C1-41AC-A229-B2FF1EE30E67,Yes,NO APPARENT INJURY,N/A,UNKNOWN,,31446CFB-2F4E-4803-9A5D-FA12E798E59E,UNKNOWN,TWELVE OCLOCK,PASSENGER CAR,UNKNOWN,East,35,No,No,2004,TOYOTA,4S,39.09300033,-77.07999733,""(39.09300033, -77.07999733)"""
"MCP289200F3,230050599,Montgomery County Police,Property Damage Crash,08/21/2023 07:24:00 PM,,,,""PARKING LOT"
"9450 GEORGIA AVENUE SILVER SPRING, MD 20910"",,,OTHER,CLEAR,,DAYLIGHT,N/A,UNKNOWN,,2BEE2E3C-B8A6-4370-8943-634B3296D505,Yes,NO APPARENT INJURY,N/A,UNKNOWN,,288F6C1B-4E98-430F-8EB5-20A62094E43E,UNKNOWN,SIX OCLOCK,PASSENGER CAR,BACKING,Unknown,5,No,No,2004,HONDA,TK,39.01027333,-77.04200333,""(39.01027333, -77.04200333)"""
"MCP2237000G,16051988,Montgomery County Police,Injury Crash,10/08/2016 08:00:00 PM,Maryland (State),NEW HAMPSHIRE AVE,NORTHAMPTON DR,,N/A,,SAME DIR REAR END,RAINING,WET,UNKNOWN,TRAFFIC SIGNAL,N/A,,D8FE68FE-C0D4-4C65-8A69-C662B98B7094,No,NO APPARENT INJURY,N/A,NOT DISTRACTED,MD,F0EA43CC-D54F-4BA0-9D5A-4BC887A8D9C2,SUPERFICIAL,SIX OCLOCK,PASSENGER CAR,STOPPED IN TRAFFIC LANE,North,40,No,No,2011,TOYOTA,COROLLA,39.00668542,-76.98020607,""(39.00668542, -76.98020607)"""
"MCP2608005G,230071933,Montgomery County Police,Property Damage Crash,12/15/2023 04:18:00 PM,County,FLOWER AVE,PINEY BRANCH RD,,N/A,,SAME DIRECTION SIDESWIPE,CLEAR,DRY,DAYLIGHT,TRAFFIC SIGNAL,NONE DETECTED,,6FDA5762-5223-4709-9969-9D61527BE3E1,Yes,NO APPARENT INJURY,N/A,NOT DISTRACTED,MD,DF8EBDCE-4DDA-4D33-B23B-63355D5925EC,FUNCTIONAL,TWO OCLOCK,PASSENGER CAR,CHANGING LANES,North,25,No,No,2012,TOYOTA,PRIUS,38.99805711,-77.00350675,""(38.99805711, -77.00350675)"""
"MCP2231007N,230072706,Montgomery County Police,Property Damage Crash,12/20/2023 08:51:00 AM,Maryland (State),QUINCE ORCHARD RD,CHEYENNE RD,,N/A,,STRAIGHT MOVEMENT ANGLE,CLEAR,DRY,DAYLIGHT,STOP SIGN,NONE DETECTED,,2019372C-5996-4732-88D2-9852A6C67C34,Yes,NO APPARENT INJURY,N/A,LOOKED BUT DID NOT SEE,MD,083E1AD2-C57D-40F4-8A37-148C760DCAF6,DISABLING,TEN OCLOCK,PASSENGER CAR,MAKING LEFT TURN,East,40,No,No,2017,TOYOTA,RAV4,39.12477,-77.24711,""(39.12477, -77.24711)"""
"MCP291700CW,230071030,Montgomery County Police,Property Damage Crash,12/11/2023 08:50:00 AM,Maryland (State),VEIRS MILL RD,NEWPORT MILL RD,,N/A,,SAME DIR REAR END,SNOW,WET,DAYLIGHT,TRAFFIC SIGNAL,NONE DETECTED,,00F7E0F0-5670-4B03-99EB-CEA4B4FA9716,Yes,NO APPARENT INJURY,""RAIN, SNOW, WET"",LOOKED BUT DID NOT SEE,MD,3F1F8C15-A85B-4301-8A68-1D5A2ABAD21C,DISABLING,TWELVE OCLOCK,PICKUP TRUCK,MOVING CONSTANT SPEED,North,40,No,No,2022,CHEV,PK,39.04523633,-77.06520533,""(39.04523633, -77.06520533)"""
"DD56310057,230053000,Rockville Police Departme,Injury Crash,09/03/2023 07:06:00 PM,Municipality,WOOTTON PKWY,W EDMONSTON DR,,ROCKVILLE,,SINGLE VEHICLE,CLEAR,DRY,DAYLIGHT,NO CONTROLS,NONE DETECTED,,F5594FE8-51FB-41A3-A99C-F3AABFD3D225,No,NO APPARENT INJURY,N/A,LOOKED BUT DID NOT SEE,MD,B05EE7DB-5D48-44BD-BBEE-8A397E642353,DISABLING,TWELVE OCLOCK,PASSENGER CAR,MOVING CONSTANT SPEED,East,35,No,No,2007,FORD,TK,39.06945383,-77.144622,""(39.06945383, -77.144622)"""
"MCP3208001N,210016964,Montgomery County Police,Property Damage Crash,05/06/2021 01:30:00 AM,,,,""PARKING LOT AT 12257 TECH RD, SILVER SPRING, MD"",,,OTHER,CLEAR,,DARK LIGHTS ON,N/A,N/A,,1253E549-9B3D-4DCE-956E-3B25F3DF2097,Unknown,NO APPARENT INJURY,N/A,UNKNOWN,,0BF38286-9CE7-47B7-B25B-D14B3A749FC2,UNKNOWN,SIX OCLOCK,""OTHER LIGHT TRUCKS (10,000LBS (4,536KG) OR LESS)"",BACKING,North,10,No,No,2016,TOYOTA,TK,39.05646984,-76.96547377,""(39.05646984, -76.96547377)"""
"DD5539001Q,170527432,Rockville Police Departme,Property Damage Crash,08/28/2017 08:13:00 PM,,,,PARKING LOT OF 823 HUNGERFORD DRIVE,,,OTHER,CLEAR,,DARK LIGHTS ON,N/A,UNKNOWN,,92757CEB-4081-4885-8DF3-593FC07ACE7A,Yes,NO APPARENT INJURY,N/A,UNKNOWN,,0D59B8B9-843F-4CFF-A762-F3FEA9130DB4,FUNCTIONAL,SEVEN OCLOCK,(SPORT) UTILITY VEHICLE,BACKING,West,15,No,No,2006,MERCURY,MARINER,39.09515,-77.15288833,""(39.09515, -77.15288833)"""
"MCP2771002L,230053689,Montgomery County Police,Injury Crash,09/07/2023 05:46:00 PM,County,RANDOLPH RD,KEMP MILL RD,,N/A,,SAME DIR REAR END,RAINING,WATER(STANDING/MOVING),OTHER,N/A,N/A,,F1546566-13C8-482E-9E85-F9DAF8960952,Yes,NO APPARENT INJURY,""DEBRIS OR OBSTRUCTION, RAIN, SNOW, SLEET, HAIL, FREEZ. RAIN, VISION OBSTRUCTION (INCL. BLINDED BY SUN), WET"",NOT DISTRACTED,MD,30DBC8C5-283B-4F1F-A943-1ADFCB32F117,SUPERFICIAL,TWELVE OCLOCK,PASSENGER CAR,MOVING CONSTANT SPEED,East,40,No,No,2018,FORD,EXPLORER,39.065815,-77.02446,""(39.065815, -77.02446)"""
"MCP31430056,230062472,Montgomery County Police,Property Damage Crash,10/25/2023 09:51:00 AM,County,MAYBROOK PL,PLYERS MILL RD,,N/A,,SAME DIRECTION SIDESWIPE,N/A,DRY,DAYLIGHT,N/A,ALCOHOL PRESENT,,9173F1A6-DB94-4E5A-95C6-CF5AFC788FE4,Yes,NO APPARENT INJURY,N/A,OTHER CELLULAR PHONE RELATED,MD,F28CBC79-31B0-4C0A-A1C5-EEB7AA798FCA,DISABLING,ONE OCLOCK,PASSENGER CAR,MOVING CONSTANT SPEED,North,25,No,No,2021,TOYOTA,COROLLA,39.02954136,-77.06034009,""(39.02954136, -77.06034009)"""
"MCP3374001B,230051058,Montgomery County Police,Property Damage Crash,08/24/2023 11:46:00 AM,Municipality,EVERETT ST,SUMMIT AVE,,CHEVY CHASE VIEW,,SAME DIR REAR END,CLOUDY,DRY,DAYLIGHT,NO CONTROLS,NONE DETECTED,,F92500EB-E9F7-4F93-BB44-392B3D665A88,No,NO APPARENT INJURY,N/A,NOT DISTRACTED,MD,5C264BB2-F347-4833-8D5F-4549B74C80BF,SUPERFICIAL,TWO OCLOCK,PASSENGER CAR,MOVING CONSTANT SPEED,West,20,No,No,2005,CHEV,COLORADO,39.01950763,-77.07569294,""(39.01950763, -77.07569294)"""
"MCP3245004D,230052874,Montgomery County Police,Property Damage Crash,09/03/2023 02:05:00 AM,County,SHADY GROVE RD,COMPRINT CT,,N/A,,OTHER,CLEAR,DRY,DARK LIGHTS ON,N/A,NONE DETECTED,,FFE6AFC3-8EDE-4850-B872-A3736BE7B41D,Yes,NO APPARENT INJURY,N/A,LOOKED BUT DID NOT SEE,MD,E638911C-4915-4BDF-9678-E5319A2BC0F4,SUPERFICIAL,SIX OCLOCK,PASSENGER CAR,STARTING FROM PARKED,North,15,No,No,2021,CADILLAC,CTS,39.11825493,-77.18473684,""(39.11825493, -77.18473684)"""
"MCP3240002N,210051263,Montgomery County Police,Property Damage Crash,12/16/2021 08:02:00 PM,County,AIRCRAFT DR,GERMANTOWN RD,,N/A,,SAME DIRECTION RIGHT TURN,CLEAR,DRY,DARK LIGHTS ON,OTHER,NONE DETECTED,,A3566120-F340-4D1D-8B75-0D3846D18449,Yes,NO APPARENT INJURY,N/A,NOT DISTRACTED,MD,F0BBCE29-C787-4A32-AF55-F5F92FB6E2CF,FUNCTIONAL,ELEVEN OCLOCK,PASSENGER CAR,MOVING CONSTANT SPEED,South,25,No,No,2016,HONDA,CIVIC,39.18373972,-77.26153195,""(39.18373972, -77.26153195)"""
"DD559500F7,230064841,Rockville Police Departme,Injury Crash,11/07/2023 08:50:00 AM,Maryland (State),NORBECK RD,E GUDE DR,,ROCKVILLE,,SAME DIR REAR END,CLOUDY,DRY,DAYLIGHT,TRAFFIC SIGNAL,NONE DETECTED,,E4B53B94-D190-456B-AD80-524F6E8D34BD,No,SUSPECTED MINOR INJURY,N/A,NOT DISTRACTED,MD,A7895C0B-C36A-47F9-983B-2738C4658D1A,SUPERFICIAL,SIX OCLOCK,PASSENGER CAR,STOPPED IN TRAFFIC LANE,West,40,No,No,2023,TOYOTA,4D,39.0904635,-77.12828783,""(39.0904635, -77.12828783)"""
"MCP33290027,230071363,Montgomery County Police,Injury Crash,12/12/2023 06:59:00 PM,County,CHERRY HILL RD,CALVERTON BLVD,,N/A,,HEAD ON LEFT TURN,CLEAR,DRY,DARK LIGHTS ON,TRAFFIC SIGNAL,NONE DETECTED,,C358A26B-4C1E-4F9E-A6AB-5750E88D6310,Unknown,POSSIBLE INJURY,N/A,UNKNOWN,MD,0B9BCBF9-82B1-4ED4-BCA5-937A9BB025BD,DISABLING,TWELVE OCLOCK,PASSENGER CAR,MAKING LEFT TURN,North,40,No,No,2016,TOYOTA,HIGHLANDER,39.056085,-76.9542885,""(39.056085, -76.9542885)"""
"MCP25280005,230052676,Montgomery County Police,Injury Crash,09/01/2023 03:35:00 PM,County,CLARKSBURG RD,WOODVIEW DR,,N/A,,HEAD ON LEFT TURN,N/A,DRY,DAYLIGHT,NO CONTROLS,NONE DETECTED,,2E79DFDE-2048-4E4D-BF46-5F6EA24B6E8A,No,NO APPARENT INJURY,N/A,NOT DISTRACTED,MD,891874E4-6702-4841-8EA4-DB23E3CFA799,FUNCTIONAL,TWELVE OCLOCK,PASSENGER CAR,MOVING CONSTANT SPEED,North,35,No,No,2017,KIA,SW,39.32407595,-77.22942928,""(39.32407595, -77.22942928)"""
"MCP2840000Y,17001859,Montgomery County Police,Injury Crash,01/11/2017 05:00:00 PM,Other Public Roadway,CALVERTON BLVD,BROADBIRCH DR,,N/A,,SAME DIR REAR END,RAINING,WET,DARK -- UNKNOWN LIGHTING,NO CONTROLS,NONE DETECTED,,8A62245E-5ACB-4B20-B13E-76A68B7D5848,No,NO APPARENT INJURY,""RAIN, SNOW, WET"",NOT DISTRACTED,MD,6F4C489A-C013-42A1-A55D-1227ACCEFB22,SUPERFICIAL,SIX OCLOCK,STATION WAGON,MOVING CONSTANT SPEED,West,30,No,No,2012,CHEV,TK,39.05633,-76.953145,""(39.05633, -76.953145)"""
"MCP2946005S,230048860,Montgomery County Police,Property Damage Crash,08/11/2023 07:55:00 AM,,,,PARKING LOT OF 19721 FREDERICK ROAD,,,SAME DIRECTION SIDESWIPE,CLEAR,,DAYLIGHT,N/A,N/A,,E1A81A72-6081-404B-93A0-7C2D4CE1D989,No,NO APPARENT INJURY,N/A,NOT DISTRACTED,FL,855A5B4C-0E0C-43FA-A73C-9276FA7954DB,SUPERFICIAL,ONE OCLOCK,POLICE VEHICLE/NON EMERGENCY,SLOWING OR STOPPING,East,0,No,No,2019,DODGE,CHARGER,39.17872987,-77.23765727,""(39.17872987, -77.23765727)"""