Report Number,Local Case Number,Agency Name,ACRS Report Type,Crash Date/Time,Route Type,Road Name,Cross-Street Name,Off-Road Description,Municipality,Related Non-Motorist,Collision Type,Weather,Surface Condition,Light,Traffic Control,Driver Substance Abuse,Non-Motorist Substance Abuse,Person ID,Driver At Fault,Injury Severity,Circumstance,Driver Distracted By,Drivers License State,Vehicle ID,Vehicle Damage Extent,Vehicle First Impact Location,Vehicle Body Type,Vehicle Movement,Vehicle Going Dir,Speed Limit,Driverless Vehicle,Parked Vehicle,Vehicle Year,Vehicle Make,Vehicle Model,Latitude,Longitude,Location
"MCP31680063,230069182,Montgomery County Police,Injury Crash,11/30/2023 06:13:00 PM,County,SHADY GROVE RD,BRIARDALE RD,,N/A,OTHER,SAME DIRECTION SIDESWIPE,CLEAR,DRY,DARK LIGHTS ON,TRAFFIC SIGNAL,NONE DETECTED,N/A,C876A283-6F57-4A09-963B-5D957A027461,Yes,NO APPARENT INJURY,N/A,LOOKED BUT DID NOT SEE,MD,0B72270F-9CA4-4ED0-916B-55EC5EA9865A,DISABLING,TEN OCLOCK,PASSENGER CAR,MOVING CONSTANT SPEED,East,35,No,No,2008,VOLK,RABBIT,39.13361819,-77.15808041,""(39.13361819, -77.15808041)"""
"EJ7894003J,230057875,Gaithersburg Police Depar,Property Damage Crash,10/01/2023 02:52:00 PM,Municipality,MONTGOMERY AVE,FREDERICK RD,,N/A,,SAME DIR REAR END,CLEAR,DRY,DAYLIGHT,TRAFFIC SIGNAL,NONE DETECTED,,28EDAE84-A947-4A14-9F02-946D7B688193,Yes,NO APPARENT INJURY,N/A,LOOKED BUT DID NOT SEE,VA,47B6083C-4FAC-440E-B11A-E528BBD222B5,DISABLING,TWELVE OCLOCK,PASSENGER CAR,SLOWING OR STOPPING,East,35,No,No,2001,TOYOTA,SOLARA,39.15300328,-77.21125403,""(39.15300328, -77.21125403)"""
"MCP3328002Z,230069325,Montgomery County Police,Property Damage Crash,12/01/2023 02:34:00 PM,County,ARCOLA AVE,KERSEY RD,,N/A,,SAME DIR REAR END,RAINING,WET,DAYLIGHT,NO CONTROLS,ALCOHOL PRESENT,,1D23734F-5483-4494-BA9D-0080E730869C,Yes,NO APPARENT INJURY,""RAIN, SNOW, WET"",UNKNOWN,MD,FA98ACFC-05E1-408B-9351-A221ECFBD2AE,SUPERFICIAL,TWELVE OCLOCK,PASSENGER CAR,SLOWING OR STOPPING,South,30,No,No,2017,HONDA,CIVIC,39.04367483,-77.03068005,""(39.04367483, -77.03068005)"""
"MCP30210072,230068909,Montgomery County Police,Property Damage Crash,11/29/2023 12:35:00 PM,County,CHERRY HILL RD,BROADBIRCH DR,,N/A,,SAME DIR REAR END,CLEAR,N/A,DAYLIGHT,NO CONTROLS,NONE DETECTED,,5CE2E2C8-5D80-4F52-80E6-7642C3107F12,No,NO APPARENT INJURY,N/A,NOT DISTRACTED,MD,9D846F24-1013-4DE0-AD99-C21E51BE15CC,DISABLING,SIX OCLOCK,PASSENGER CAR,SLOWING OR STOPPING,East,35,No,No,2017,SUBA,SW,39.05778,-76.955175,""(39.05778, -76.955175)"""
"MCP3052003H,230053893,Montgomery County Police,Property Damage Crash,09/08/2023 11:42:00 PM,Ramp,RAMP 1 FR IS 270 NB TO IS 370 WB,RAMP 5 FR IS 270 SB TO IS 370 EB,,N/A,,SAME DIRECTION SIDESWIPE,CLEAR,DRY,DARK LIGHTS ON,NO CONTROLS,NONE DETECTED,,FBA1CF32-27B7-4DCC-9784-AA6BA2BA6593,No,NO APPARENT INJURY,N/A,NOT DISTRACTED,MD,70A17542-1ED7-464E-9C3A-C540A3A2964B,SUPERFICIAL,EIGHT OCLOCK,PASSENGER CAR,MOVING CONSTANT SPEED,North,55,No,No,2020,TOYOTA,COROLLA,39.12822831,-77.20321341,""(39.12822831, -77.20321341)"""
"MCP2348006H,230023986,Montgomery County Police,Injury Crash,05/19/2023 07:38:00 AM,County,EAST VILLAGE AVE,PLUM CREEK DR,,N/A,,STRAIGHT MOVEMENT ANGLE,CLEAR,DRY,DAYLIGHT,NO CONTROLS,NONE DETECTED,,FDA16385-63E6-4758-9EAA-619D1E40F0A3,Yes,SUSPECTED SERIOUS INJURY,N/A,UNKNOWN,MD,B9A56233-6839-4664-8AF6-943B1E4A0009,DESTROYED,TWELVE OCLOCK,PASSENGER CAR,MOVING CONSTANT SPEED,West,30,No,No,2008,BMW,328XI,39.18801841,-77.1644895,""(39.18801841, -77.1644895)"""
"DD5664000X,230053746,Rockville Police Departme,Injury Crash,09/08/2023 07:06:00 AM,Maryland (State),NORBECK RD,AVERY RD,,ROCKVILLE,,OTHER,N/A,DRY,DAYLIGHT,TRAFFIC SIGNAL,NONE DETECTED,,1B240A27-4A4D-46DD-8269-CD21881759A4,No,POSSIBLE INJURY,N/A,NOT DISTRACTED,MD,15F9CDFA-B34B-46D2-8799-B00DB4D5539A,DISABLING,TEN OCLOCK,PASSENGER CAR,STOPPED IN TRAFFIC LANE,South,25,No,No,2015,TOYT,SU,39.09317568,-77.12281141,""(39.09317568, -77.12281141)"""
"MCP1021000X,230069027,Montgomery County Police,Property Damage Crash,11/30/2023 03:16:00 AM,County,RIDGE RD,RAMP 4 FR IS 270 NB TO RIDGE RD EB,,N/A,,SINGLE VEHICLE,CLEAR,DRY,DARK NO LIGHTS,NO CONTROLS,UNKNOWN,,7A7E445A-0EDE-4442-8576-11140516A1ED,Yes,NO APPARENT INJURY,N/A,NO DRIVER PRESENT,,BF49CE7E-26FA-4B52-A899-407888CF792F,DISABLING,ONE OCLOCK,PASSENGER CAR,MOVING CONSTANT SPEED,North,45,No,No,2019,JEEP,GRAND CHEROKEE,39.20014333,-77.25834833,""(39.20014333, -77.25834833)"""
"MCP27520060,230070664,Montgomery County Police,Property Damage Crash,12/08/2023 04:40:00 PM,County,GREAT ARBOR DR,CROSSING CREEK RD,,N/A,,STRAIGHT MOVEMENT ANGLE,CLEAR,DRY,DAYLIGHT,STOP SIGN,NONE DETECTED,,96FD3011-370B-4918-9377-F5B0F4872BFF,Yes,NO APPARENT INJURY,N/A,BY OTHER OCCUPANTS,MD,2A5A9B47-2D97-4FBB-95FE-6B74532C2C05,SUPERFICIAL,EIGHT OCLOCK,SCHOOL BUS,MAKING LEFT TURN,South,25,No,No,2016,THOMAS,BUS,39.0263,-77.181715,""(39.0263, -77.181715)"""
"MCP285900FM,230071650,Montgomery County Police,Injury Crash,12/14/2023 09:30:00 AM,Municipality,FIRSTFIELD RD,QUINCE ORCHARD BLVD,,GAITHERSBURG,,HEAD ON LEFT TURN,CLEAR,DRY,DAYLIGHT,NO CONTROLS,NONE DETECTED,,5600CF9F-B2FC-4EBE-B270-BD8DFA64891B,Yes,NO APPARENT INJURY,N/A,OTHER DISTRACTION,MD,3415CC45-6340-429A-BA0A-9B43D2E2DD38,FUNCTIONAL,TWELVE OCLOCK,PASSENGER CAR,MAKING LEFT TURN,North,30,No,No,2011,JEEP,WRANGLER,39.14186133,-77.22459967,""(39.14186133, -77.22459967)"""
"MCP30890043,230059864,Montgomery County Police,Property Damage Crash,10/11/2023 01:25:00 PM,Maryland (State),GEORGIA AVE,SEMINARY RD,,N/A,,SAME DIR BOTH LEFT TURN,CLEAR,DRY,DAYLIGHT,TRAFFIC SIGNAL,N/A,,F1B33194-2259-48F4-9EDD-AA12EE70FEB4,Unknown,NO APPARENT INJURY,N/A,LOOKED BUT DID NOT SEE,MD,447EBBD0-5AAB-4ECF-876B-2B23FC7CAF81,FUNCTIONAL,EIGHT OCLOCK,TRANSIT BUS,ACCELERATING,North,10,No,No,2016,GILL,BUS,39.009895,-77.040485,""(39.009895, -77.040485)"""
"EJ7891001H,230067540,Gaithersburg Police Depar,Property Damage Crash,11/21/2023 06:01:00 AM,Maryland (State),MONTGOMERY VILLAGE AVE,RUSSELL AVE,,GAITHERSBURG,,HEAD ON LEFT TURN,CLEAR,DRY,DAWN,TRAFFIC SIGNAL,NONE DETECTED,,26E5A008-62D6-4777-A5FC-6DA774006E87,No,NO APPARENT INJURY,N/A,NOT DISTRACTED,MD,3745DBA8-31BA-4EDB-9009-EA28FBB8A885,DISABLING,TWELVE OCLOCK,PASSENGER CAR,MOVING CONSTANT SPEED,East,35,No,No,2017,FORD,EXPLORER,39.15435005,-77.20935145,""(39.15435005, -77.20935145)"""
"MCP2064000V,230057858,Montgomery County Police,Injury Crash,10/01/2023 01:44:00 PM,County,SENECA RD,RIVER RD,,N/A,,SINGLE VEHICLE,CLEAR,DRY,DAYLIGHT,N/A,NONE DETECTED,,B9961598-06ED-4A97-9B52-175633DF5454,Yes,SUSPECTED MINOR INJURY,N/A,UNKNOWN,VA,99B2D788-6CCE-454A-B9BA-A5D1E4B91E7A,DISABLING,ONE OCLOCK,PASSENGER CAR,MOVING CONSTANT SPEED,East,40,No,No,2023,TOYOTA,RAV4,39.07882,-77.32937167,""(39.07882, -77.32937167)"""
"MCP32260048,230049975,Montgomery County Police,Property Damage Crash,08/17/2023 06:20:00 PM,Maryland (State),SPENCERVILLE RD,BATSON RD,,N/A,,SAME DIR REAR END,CLEAR,DRY,DAYLIGHT,NO CONTROLS,NONE DETECTED,,216CC32F-242F-4AFC-8D7A-333FC1104FF0,No,NO APPARENT INJURY,N/A,NOT DISTRACTED,MD,180B599E-A093-495A-B06C-2D52956EDEBE,FUNCTIONAL,SIX OCLOCK,(SPORT) UTILITY VEHICLE,SLOWING OR STOPPING,West,40,No,No,2017,MINI,SW,39.11660533,-76.96545083,""(39.11660533, -76.96545083)"""
"MCP3148005C,230057532,Montgomery County Police,Property Damage Crash,09/29/2023 04:05:00 PM,,,,PARKING LOT OF 11431 ROCKVILLE PIKE.,,,OTHER,CLEAR,,DAYLIGHT,N/A,NONE DETECTED,,1CC74A56-94EF-457C-BE0C-0561F1C14F00,Yes,NO APPARENT INJURY,N/A,UNKNOWN,MD,ECDBA9D3-53D2-4BAD-ABC8-F83456DAE363,SUPERFICIAL,TWO OCLOCK,PASSENGER CAR,MAKING LEFT TURN,South,15,No,No,2007,FORD,ECONOLINE,39.04434833,-77.11054833,""(39.04434833, -77.11054833)"""
"MCP3197003M,230060960,Montgomery County Police,Property Damage Crash,10/16/2023 07:53:00 PM,Maryland (State),VEIRS MILL RD,ASPEN HILL RD,,N/A,,SAME DIR REAR END,CLEAR,DRY,DARK LIGHTS ON,TRAFFIC SIGNAL,NONE DETECTED,,907308DC-3F52-478C-B3BF-3E3FE4516C66,No,NO APPARENT INJURY,N/A,NOT DISTRACTED,MD,ECBA3742-6DCC-409F-BCA8-62E2776B7BE7,DISABLING,SIX OCLOCK,PASSENGER CAR,STOPPED IN TRAFFIC LANE,North,0,No,No,2004,FORD,F150,39.06894333,-77.10410167,""(39.06894333, -77.10410167)"""
"MCP2564003Q,230059020,Montgomery County Police,Injury Crash,10/06/2023 08:40:00 PM,County,SHADY GROVE RD,ENT TO MONT CO TRANSFER STATION,,N/A,,SAME DIR REAR END,CLEAR,DRY,DARK LIGHTS ON,TRAFFIC SIGNAL,NONE DETECTED,,DAF9E585-730B-4063-B19C-64ADAB95F5AD,No,SUSPECTED MINOR INJURY,N/A,NOT DISTRACTED,MD,DC48F4CD-35A8-412D-B051-C96CCABDA07B,SUPERFICIAL,SIX OCLOCK,PICKUP TRUCK,STOPPED IN TRAFFIC LANE,North,40,No,No,2003,FORD,F-150,39.12534267,-77.1749965,""(39.12534267, -77.1749965)"""
"MCP21020048,230052137,Montgomery County Police,Property Damage Crash,08/30/2023 07:12:00 AM,Maryland (State),DAMASCUS RD,NO NAME,,N/A,,SAME DIRECTION SIDESWIPE,CLEAR,DRY,DAYLIGHT,OTHER,NONE DETECTED,,AC3C8A16-B18A-400C-9E7B-EC9AE0906069,Yes,NO APPARENT INJURY,N/A,NOT DISTRACTED,MD,E43AD416-9971-41A2-AA73-35AFFB4849E2,SUPERFICIAL,TWO OCLOCK,PASSENGER CAR,PASSING,North,50,No,No,2009,HONDA,CIVIC 4S,39.26199333,-77.14966667,""(39.26199333, -77.14966667)"""
"MCP1550004Y,230071023,Montgomery County Police,Property Damage Crash,12/11/2023 07:19:00 AM,County,LYTTONSVILLE RD,LYTTONSVILLE PL,,N/A,,STRAIGHT MOVEMENT ANGLE,CLOUDY,WET,DAYLIGHT,NO CONTROLS,NONE DETECTED,,938118E5-CFF7-404A-A279-8A6AC715A9E0,Yes,NO APPARENT INJURY,N/A,NOT DISTRACTED,TX,8AB9E067-2212-46D5-8512-AD3287FB9BBC,DISABLING,TWELVE OCLOCK,(SPORT) UTILITY VEHICLE,MAKING LEFT TURN,North,25,No,No,2017,JEEP,GRAND CHEROKEE,38.998898,-77.0523395,""(38.998898, -77.0523395)"""
"DM83740025,180055693,Takoma Park Police Depart,Property Damage Crash,11/06/2018 03:35:00 PM,,,,1175 UNIVERSITY BLVD E ( PARKING LOT),,,OTHER,RAINING,,DAYLIGHT,N/A,UNKNOWN,,506FC809-9024-42B9-9EA2-9AFC56265FB0,Yes,NO APPARENT INJURY,N/A,UNKNOWN,,2CF192DF-E9B9-409F-8BED-CC754F16CC06,UNKNOWN,UNKNOWN,PASSENGER CAR,BACKING,Unknown,5,No,No,2008,CHEVY,EQUINOX,38.989105,-76.98891667,""(38.989105, -76.98891667)"""
"MCP2016007D,230063989,Montgomery County Police,Property Damage Crash,11/02/2023 02:24:00 PM,County,TWINBROOK PKWY,VEIRS MILL RD,,N/A,,STRAIGHT MOVEMENT ANGLE,CLEAR,DRY,DAYLIGHT,TRAFFIC SIGNAL,NONE DETECTED,,1DEE77E7-3387-4D3E-AAD8-7633B84100E9,No,NO APPARENT INJURY,N/A,NOT DISTRACTED,MD,923CCAF6-CABF-400F-A62E-7324DCC8F1C4,DISABLING,TWELVE OCLOCK,PASSENGER CAR,MOVING CONSTANT SPEED,North,40,No,No,2023,MAZD,CX5,39.07353,-77.11182833,""(39.07353, -77.11182833)"""
"MCP1378011V,220036270,Montgomery County Police,Property Damage Crash,08/22/2022 04:33:00 PM,Maryland (State),BRADLEY BLVD,SEVEN LOCKS RD,,N/A,,STRAIGHT MOVEMENT ANGLE,CLOUDY,DRY,DAYLIGHT,NO CONTROLS,NONE DETECTED,,D296EA3B-AB54-47D0-B5B4-3667DB9F896A,No,NO APPARENT INJURY,N/A,NOT DISTRACTED,MD,4834971E-D882-4BD3-A55C-DD7BE7C17772,FUNCTIONAL,TWELVE OCLOCK,(SPORT) UTILITY VEHICLE,SLOWING OR STOPPING,North,35,No,No,2010,HONDA,PILOT,39.0124154,-77.156629,""(39.0124154, -77.156629)"""
"MCP3168000B,190014416,Montgomery County Police,Injury Crash,03/28/2019 04:58:00 PM,Maryland (State),WILSON LA,EXETER RD,,N/A,,STRAIGHT MOVEMENT ANGLE,CLEAR,DRY,DAYLIGHT,STOP SIGN,NONE DETECTED,,313092D8-5CA2-4981-88EE-FF37F94ED3C6,No,NO APPARENT INJURY,N/A,NOT DISTRACTED,MD,BFE6CCF6-3E4F-47D6-8937-8E843B36F97A,DISABLING,TWELVE OCLOCK,(SPORT) UTILITY VEHICLE,MOVING CONSTANT SPEED,East,30,No,No,2015,LAND ROVER,RANGE ROVER,38.98718685,-77.10336864,""(38.98718685, -77.10336864)"""
"MCP913000H8,230067340,Montgomery County Police,Property Damage Crash,11/20/2023 07:48:00 AM,Maryland (State),PINEY BRANCH RD,ENT TO APTS,,N/A,,STRAIGHT MOVEMENT ANGLE,CLEAR,DRY,DAYLIGHT,NO CONTROLS,NONE DETECTED,,60B61B77-B3B9-4DA0-8BA1-9B0A60DD9F7A,Yes,NO APPARENT INJURY,N/A,LOOKED BUT DID NOT SEE,MD,364EFC85-F44E-421E-BEBB-A10C377A5353,DISABLING,ELEVEN OCLOCK,(SPORT) UTILITY VEHICLE,MAKING LEFT TURN,East,35,No,No,2021,HONDA,CRV,38.99974903,-76.99223411,""(38.99974903, -76.99223411)"""
"MCP3113005L,230066707,Montgomery County Police,Property Damage Crash,11/16/2023 02:00:00 PM,Maryland (State),NEW HAMPSHIRE AVE,WOLF DR,,N/A,,SAME DIR REAR END,CLEAR,DRY,DAYLIGHT,TRAFFIC SIGNAL,N/A,,9AC8595C-7B42-4521-858B-C2E3FCA83B15,Yes,NO APPARENT INJURY,""N/A, VISION OBSTRUCTION (INCL. BLINDED BY SUN)"",OTHER DISTRACTION,MD,D21C94FC-207B-46B4-AC1B-DD3C5D15ECA3,FUNCTIONAL,TWELVE OCLOCK,VAN,MOVING CONSTANT SPEED,South,40,No,No,2020,TOYOTA,SIENNA,39.07307692,-77.00285176,""(39.07307692, -77.00285176)"""
"MCP3377000M,230055326,Montgomery County Police,Property Damage Crash,09/17/2023 01:33:00 AM,Maryland (State),OLD GEORGETOWN RD,DEMOCRACY BLVD,,N/A,,HEAD ON LEFT TURN,CLEAR,DRY,DARK LIGHTS ON,FLASHING TRAFFIC SIGNAL,N/A,,22C7D349-960D-4CEB-AB01-54EF4BDF17EE,No,NO APPARENT INJURY,N/A,NOT DISTRACTED,MD,3BDFC79D-E0B1-4F04-B62D-CBD36FB02D01,DISABLING,TWELVE OCLOCK,PASSENGER CAR,MOVING CONSTANT SPEED,North,35,No,No,2017,VOLK,TAOS,39.0247795,-77.12506717,""(39.0247795, -77.12506717)"""
"MCP3289002L,230057108,Montgomery County Police,Property Damage Crash,09/27/2023 10:47:00 AM,Maryland (State),GEORGIA AVE,FOREST GLEN RD,,N/A,,SAME DIRECTION LEFT TURN,CLEAR,DRY,DAYLIGHT,TRAFFIC SIGNAL,NONE DETECTED,,878ACDB7-CDA1-4846-82BE-6F8B63650E10,Yes,NO APPARENT INJURY,N/A,NOT DISTRACTED,MD,4828A269-5EB5-4B10-B483-E00F527D8A41,SUPERFICIAL,TEN OCLOCK,PASSENGER CAR,CHANGING LANES,South,35,No,No,2004,HOND,SD,39.01579078,-77.04274619,""(39.01579078, -77.04274619)"""
"MCP32010053,230068458,Montgomery County Police,Property Damage Crash,11/27/2023 07:50:00 AM,County,ASHLEIGH GREENE RD,ASHMEADE RD,,N/A,,SAME DIR REAR END,CLEAR,WET,DAYLIGHT,NO CONTROLS,NONE DETECTED,,EEEB79BB-E052-4412-9A23-85682E1B9756,Yes,NO APPARENT INJURY,""VISION OBSTRUCTION (INCL. BLINDED BY SUN), WET"",DISTRACTED BY OUTSIDE PERSON OBJECT OR EVENT,MD,239B40A6-8A68-4F18-B980-EACF4B5E0FAD,DISABLING,TWELVE OCLOCK,PASSENGER CAR,MOVING CONSTANT SPEED,East,25,No,No,2018,NISS,UT,39.16015283,-77.29961117,""(39.16015283, -77.29961117)"""
"MCP3223001X,230023949,Montgomery County Police,Property Damage Crash,05/18/2023 09:58:00 PM,US (State),GEORGIA AVE,SILVER SPRING AVE,,N/A,,SAME DIRECTION SIDESWIPE,CLEAR,DRY,DARK LIGHTS ON,TRAFFIC SIGNAL,UNKNOWN,,F8AD403F-87D6-4141-98B9-8EAC4F9CA1E5,Yes,NO APPARENT INJURY,N/A,UNKNOWN,,285C2BC6-F20B-4076-A562-4C3AA270B3BE,SUPERFICIAL,TEN OCLOCK,PASSENGER CAR,MOVING CONSTANT SPEED,North,35,No,No,2014,DODGE,CHALLENGER,38.99154268,-77.02646883,""(38.99154268, -77.02646883)"""
"MCP9419004J,230046182,Montgomery County Police,Property Damage Crash,07/26/2023 11:33:00 AM,County,E GUDE DR,DOVER RD,,N/A,,HEAD ON LEFT TURN,CLEAR,DRY,DAYLIGHT,NO CONTROLS,NONE DETECTED,,35D9E889-880E-4DE2-A777-7D8C1776BA80,No,NO APPARENT INJURY,N/A,NOT DISTRACTED,MD,7E6DBB66-1D97-426F-9B1E-82017615D862,DISABLING,TWELVE OCLOCK,(SPORT) UTILITY VEHICLE,MOVING CONSTANT SPEED,West,40,No,No,2006,TOYT,TK,39.10246667,-77.14194833,""(39.10246667, -77.14194833)"""
"DD56360011,190055772,Rockville Police Departme,Property Damage Crash,11/19/2019 07:55:00 AM,,,,PARKING LOT OF 718 ROCKVILLE PIKE,,,OTHER,CLEAR,,DAYLIGHT,N/A,NONE DETECTED,,87751984-95FC-4ACE-993B-20DA59B77126,No,NO APPARENT INJURY,N/A,NOT DISTRACTED,MD,F7B90061-0AAE-4045-A42C-49A6651C36F8,SUPERFICIAL,TWO OCLOCK,VAN,PARKED,,0,No,Yes,2009,FORD,VN,39.0798884,-77.14274297,""(39.0798884, -77.14274297)"""
"MCP2974004T,230052781,Montgomery County Police,Injury Crash,09/02/2023 11:40:00 AM,US (State),COLUMBIA PIKE,FAIRLAND RD,,N/A,,SAME DIR REAR END,CLEAR,DRY,DAYLIGHT,TRAFFIC SIGNAL,NONE DETECTED,,1F6C5BDB-C05B-46EA-9CB4-B08308A1A119,No,POSSIBLE INJURY,N/A,NOT DISTRACTED,MD,E9B2D8BD-3A07-4C72-ABC0-D47B431CB7B5,DISABLING,SIX OCLOCK,PASSENGER CAR,STOPPED IN TRAFFIC LANE,North,55,No,No,2020,HYUNDAI,ELANTRA,39.07188,-76.95650483,""(39.07188, -76.95650483)"""
"MCP31070027,230070709,Montgomery County Police,Property Damage Crash,12/08/2023 11:17:00 PM,County,NEEDWOOD RD,EQUESTRIAN LA,,N/A,,SINGLE VEHICLE,N/A,DRY,DARK LIGHTS ON,NO CONTROLS,NONE DETECTED,,8EDF49B1-E491-4128-A98A-87E0CD892B7A,Yes,NO APPARENT INJURY,N/A,NOT DISTRACTED,MD,CC92CCD2-9DA2-4655-99B8-68C4850F1E56,DESTROYED,TWELVE OCLOCK,PASSENGER CAR,MOVING CONSTANT SPEED,East,25,No,No,2015,BMW,435I,39.1242304,-77.13450447,""(39.1242304, -77.13450447)"""
"DM8494003P,230074062,Takoma Park Police Depart,Property Damage Crash,12/28/2023 07:40:00 PM,Maryland (State),MONTROSE RD,TOWER OAKS BLVD,,ROCKVILLE,,STRAIGHT MOVEMENT ANGLE,CLEAR,DRY,DARK LIGHTS ON,TRAFFIC SIGNAL,N/A,,92E3684C-961A-4E38-BBAD-BEEB3CE446C9,No,NO APPARENT INJURY,N/A,NOT DISTRACTED,MD,3123292E-A04E-4540-9910-6E019AFA5A87,DISABLING,TWELVE OCLOCK,PASSENGER CAR,MOVING CONSTANT SPEED,West,25,No,No,2018,HOND,SD,39.05575817,-77.14993583,""(39.05575817, -77.14993583)"""
"MCP32310012,230059060,Montgomery County Police,Property Damage Crash,10/06/2023 10:30:00 PM,Maryland (State),UNIVERSITY BLVD E,WILLIAMSBURG DR,,N/A,,SAME DIR REAR END,UNKNOWN,UNKNOWN,DARK LIGHTS ON,UNKNOWN,UNKNOWN,,01254BE6-6BD3-49B0-ABB1-BED66533DD16,Yes,NO APPARENT INJURY,N/A,UNKNOWN,,31285772-9699-4433-BB7F-60F47C289F85,SUPERFICIAL,TWELVE OCLOCK,PASSENGER CAR,ACCELERATING,East,35,No,No,2012,HONDA,CIVIC,39.0176473,-77.00692303,""(39.0176473, -77.00692303)"""
"MCP2667008Q,230057226,Montgomery County Police,Property Damage Crash,09/28/2023 07:30:00 AM,Maryland (State),WOODFIELD RD,AIRPARK RD,,N/A,,SAME DIRECTION SIDESWIPE,CLEAR,DRY,DAYLIGHT,NO CONTROLS,NONE DETECTED,,9D268EA9-7A56-40AD-8F25-52533BD28A37,Yes,NO APPARENT INJURY,N/A,LOOKED BUT DID NOT SEE,MD,762DE0D9-18F9-49A9-A8B0-BB3D0EB4509E,FUNCTIONAL,EIGHT OCLOCK,SCHOOL BUS,CHANGING LANES,North,35,No,No,2018,FRHT,BU,39.16910221,-77.15421379,""(39.16910221, -77.15421379)"""
"MCP30140045,230060396,Montgomery County Police,Property Damage Crash,10/13/2023 09:17:00 PM,Maryland (State),CONNECTICUT AVE,STRUC #15088,,N/A,,SAME DIRECTION SIDESWIPE,CLEAR,DRY,DARK LIGHTS ON,NO CONTROLS,NONE DETECTED,,623FAE35-5EDD-4003-902E-FF9025E304A5,Yes,NO APPARENT INJURY,N/A,NOT DISTRACTED,MD,8620D97A-F4B7-44C9-854F-4410C846776F,DISABLING,ELEVEN OCLOCK,PASSENGER CAR,MOVING CONSTANT SPEED,South,35,No,No,2023,HONDA,ACCORD,39.07218333,-77.07732167,""(39.07218333, -77.07732167)"""
"MCP2667008N,230056233,Montgomery County Police,Property Damage Crash,09/22/2023 07:45:00 AM,County,MONTGOMERY VILLAGE AVE,APPLE RIDGE RD,,N/A,,HEAD ON LEFT TURN,CLEAR,DRY,DAYLIGHT,TRAFFIC SIGNAL,NONE DETECTED,,02325F63-CA61-48B6-8046-8E8BC1CDC441,Yes,NO APPARENT INJURY,N/A,UNKNOWN,MD,291206C4-B39B-4188-BF1C-2A025D4D6C31,DISABLING,ONE OCLOCK,PASSENGER CAR,MAKING LEFT TURN,South,35,No,No,2013,TOYT,4S,39.18693701,-77.19865193,""(39.18693701, -77.19865193)"""
"MCP28750080,230071973,Montgomery County Police,Injury Crash,12/15/2023 06:50:00 PM,County,MIDDLEBROOK RD,SCENERY DR,,N/A,,STRAIGHT MOVEMENT ANGLE,CLEAR,DRY,DARK LIGHTS ON,STOP SIGN,UNKNOWN,,F5F2E3AB-9D60-4342-B925-DB02F07FA0B6,Yes,NO APPARENT INJURY,N/A,UNKNOWN,,E37950EE-BD11-4661-8BF6-0B31D4DD7FE8,DISABLING,TWO OCLOCK,PICKUP TRUCK,ACCELERATING,South,35,No,No,2015,TOYOTA,TACOMA,39.18158659,-77.23175512,""(39.18158659, -77.23175512)"""
"MCP25970034,230062041,Montgomery County Police,Injury Crash,10/23/2023 06:55:00 AM,Maryland (State),NEW HAMPSHIRE AVE,NORWOOD RD,,N/A,,STRAIGHT MOVEMENT ANGLE,CLEAR,DRY,DAWN,TRAFFIC SIGNAL,NONE DETECTED,,C457D4CC-79DD-47B0-9017-08BEBBED9FE8,No,NO APPARENT INJURY,N/A,NOT DISTRACTED,MD,941D87EC-2B14-414A-A2BB-C8BEA7398B0B,DISABLING,TWELVE OCLOCK,PASSENGER CAR,MOVING CONSTANT SPEED,South,40,No,No,2019,CHEVROLET,SILVERADO,39.10624,-77.00171667,""(39.10624, -77.00171667)"""
"DD5502007S,230053574,Rockville Police Departme,Property Damage Crash,09/07/2023 08:13:00 AM,Maryland (State),VEIRS MILL RD,BROADWOOD DR,,ROCKVILLE,,SAME DIRECTION SIDESWIPE,CLEAR,DRY,DAYLIGHT,NO CONTROLS,NONE DETECTED,,74EC608E-25E6-4225-BA11-DC87CA1CF554,Yes,NO APPARENT INJURY,N/A,NOT DISTRACTED,MD,1CE5D0E8-0CB6-4A2F-B372-333619D1AD89,FUNCTIONAL,ELEVEN OCLOCK,(SPORT) UTILITY VEHICLE,CHANGING LANES,West,40,No,No,2008,HOND,TK,39.07686743,-77.12256388,""(39.07686743, -77.12256388)"""
"MCP2330004K,230060777,Montgomery County Police,Property Damage Crash,10/16/2023 02:16:00 AM,County,VALLEYWOOD DR,HENDERSON AVE,,N/A,,SAME DIRECTION SIDESWIPE,CLEAR,DRY,DARK LIGHTS ON,NO CONTROLS,NONE DETECTED,,D1146DFD-41D1-4E6E-98A7-2CE0B2DCFD7A,Yes,NO APPARENT INJURY,N/A,UNKNOWN,MD,AEB25FA0-A806-4AB7-B2D7-F7DC254A8CD0,DISABLING,ONE OCLOCK,PASSENGER CAR,MOVING CONSTANT SPEED,North,25,No,No,2011,CADILLAC,CTS,39.05485816,-77.06535212,""(39.05485816, -77.06535212)"""