Report Number,Local Case Number,Agency Name,ACRS Report Type,Crash Date/Time,Route Type,Road Name,Cross-Street Name,Off-Road Description,Municipality,Related Non-Motorist,Collision Type,Weather,Surface Condition,Light,Traffic Control,Driver Substance Abuse,Non-Motorist Substance Abuse,Person ID,Driver At Fault,Injury Severity,Circumstance,Driver Distracted By,Drivers License State,Vehicle ID,Vehicle Damage Extent,Vehicle First Impact Location,Vehicle Body Type,Vehicle Movement,Vehicle Going Dir,Speed Limit,Driverless Vehicle,Parked Vehicle,Vehicle Year,Vehicle Make,Vehicle Model,Latitude,Longitude,Location
"MCP3360000N,230050260,Montgomery County Police,Injury Crash,08/19/2023 02:19:00 PM,,WATKINS MILL ROAD,SPECTRUM BLVD,,N/A,,SAME DIR REAR END,CLEAR,DRY,DAYLIGHT,TRAFFIC SIGNAL,NONE DETECTED,,6D6368C3-994B-4CAD-A480-53237334A812,No,NO APPARENT INJURY,N/A,UNKNOWN,MD,E94702AF-DE0E-4D02-835E-B6D894E73CE0,SUPERFICIAL,SIX OCLOCK,PASSENGER CAR,STOPPED IN TRAFFIC LANE,West,35,No,No,2017,FORD,SD,39.15826333,-77.22148167,""(39.15826333, -77.22148167)"""
"MCP2039009K,230067579,Montgomery County Police,Property Damage Crash,11/21/2023 10:04:00 AM,Maryland (State),VEIRS MILL RD,ROBINDALE DR,,N/A,,SAME DIR REAR END,RAINING,WET,DAYLIGHT,TRAFFIC SIGNAL,N/A,,7A8E670E-79B6-4A1C-BF7B-9636019A5624,Yes,NO APPARENT INJURY,""RAIN, SNOW, WET"",NOT DISTRACTED,MD,48324156-1A18-46F8-A9BE-3C11E96AA5CE,DISABLING,TWELVE OCLOCK,PASSENGER CAR,SLOWING OR STOPPING,West,35,No,No,2003,MAZDA,PROTEGE,39.06317333,-77.094555,""(39.06317333, -77.094555)"""
"MCP32090047,230046919,Montgomery County Police,Property Damage Crash,07/30/2023 05:28:00 AM,US (State),COLUMBIA PIKE,STEWART LA,,N/A,,SAME DIR REAR END,CLEAR,DRY,DAWN,TRAFFIC SIGNAL,NONE DETECTED,,FC070C72-CFFE-4213-9AA4-7A04B38126CB,No,NO APPARENT INJURY,N/A,NOT DISTRACTED,MD,440B10F9-CC7D-43D1-99A7-FC1211FB09A2,DISABLING,SIX OCLOCK,PASSENGER CAR,MOVING CONSTANT SPEED,South,45,No,No,2023,KIA,SOUL,39.04668467,-76.985478,""(39.04668467, -76.985478)"""
"MCP003600H6,230053434,Montgomery County Police,Injury Crash,09/06/2023 01:14:00 PM,Maryland (State),FREDERICK RD,NEWCUT RD,,N/A,,SAME DIR REAR END,CLEAR,DRY,DAYLIGHT,NO CONTROLS,NONE DETECTED,,C7314F7E-8427-4F28-9F6D-1D2A66D104BE,No,SUSPECTED MINOR INJURY,N/A,NOT DISTRACTED,MD,C4D4FDD5-6209-430F-8429-E2684A7456CF,DISABLING,SIX OCLOCK,POLICE VEHICLE/EMERGENCY,STOPPED IN TRAFFIC LANE,North,40,No,No,2010,HONDA,CIVIC,39.22227267,-77.25991567,""(39.22227267, -77.25991567)"""
"MCP12330058,230052501,Montgomery County Police,Property Damage Crash,08/31/2023 09:03:00 PM,Maryland (State),UNIVERSITY BLVD W,NEWPORT MILL RD,,N/A,,HEAD ON LEFT TURN,CLEAR,DRY,DARK NO LIGHTS,TRAFFIC SIGNAL,NONE DETECTED,,66FDE556-234B-4F01-B6C6-60A6843FF861,Yes,NO APPARENT INJURY,N/A,NOT DISTRACTED,CA,E6D4745B-C35E-44AB-89DB-5E6D37309548,DISABLING,ONE OCLOCK,(SPORT) UTILITY VEHICLE,MOVING CONSTANT SPEED,West,35,No,No,2023,JEEP,WRANGLER,39.03375333,-77.07299333,""(39.03375333, -77.07299333)"""
"MCP3008003W,230055324,Montgomery County Police,Injury Crash,09/17/2023 01:00:00 AM,Maryland (State),OLD COLUMBIA PIKE,SPUR TO RAMP 6 FR MD 198 EB TO US 29 SB,,N/A,,STRAIGHT MOVEMENT ANGLE,CLEAR,DRY,DARK LIGHTS ON,FLASHING TRAFFIC SIGNAL,ALCOHOL PRESENT,,E8126862-DFA9-485F-AC17-4DF09BFEB296,Unknown,NO APPARENT INJURY,N/A,LOOKED BUT DID NOT SEE,MD,AC5BA0E7-CF60-415C-84E0-AFE67E847485,DISABLING,TWELVE OCLOCK,(SPORT) UTILITY VEHICLE,MOVING CONSTANT SPEED,East,25,No,No,2005,TOYOTA,4RUNNER,39.11136167,-76.93192333,""(39.11136167, -76.93192333)"""
"MCP2930003S,230061665,Montgomery County Police,Property Damage Crash,10/20/2023 04:15:00 PM,County,RANDOLPH RD,GARDEN GATE RD,,N/A,,SAME DIR REAR END,CLOUDY,WET,DAYLIGHT,N/A,NONE DETECTED,,B79363AE-1C9E-4C3E-9BEC-3B14DC3AA917,No,NO APPARENT INJURY,""N/A, WET"",NOT DISTRACTED,MD,4537ECDB-A8CF-40E7-8ABF-B9E297F4422C,NO DAMAGE,SIX OCLOCK,PASSENGER CAR,SLOWING OR STOPPING,East,35,No,No,2016,TOYT,4S,39.062635,-77.04151167,""(39.062635, -77.04151167)"""
"MCP93180039,230063634,Montgomery County Police,Injury Crash,10/31/2023 05:00:00 PM,US (State),COLESVILLE RD,CRESTMOOR DR,,N/A,,STRAIGHT MOVEMENT ANGLE,CLEAR,DRY,DAYLIGHT,STOP SIGN,NONE DETECTED,,70E21898-8ECC-4EC4-8F1F-EDED3678F54D,Yes,NO APPARENT INJURY,N/A,UNKNOWN,MD,5D093A1E-5AA6-4452-8753-FD87F89639F8,FUNCTIONAL,TWELVE OCLOCK,PASSENGER CAR,STARTING FROM LANE,West,40,No,No,2016,JEEP,COMPASS,39.02802145,-77.00910025,""(39.02802145, -77.00910025)"""
"MCP3192004G,230073000,Montgomery County Police,Property Damage Crash,12/21/2023 05:31:00 PM,,,,PARKING LOT INFROT OF 2358 GLENMONT CIRCLE,,,OTHER,CLEAR,,DARK LIGHTS ON,NO CONTROLS,NONE DETECTED,,56979A56-FBD4-4A62-A6D6-FDFFD2665DC6,Yes,NO APPARENT INJURY,N/A,OTHER DISTRACTION,XX,68DE76E4-F9C8-4DC3-B397-EC9E25E37D43,FUNCTIONAL,TWELVE OCLOCK,PASSENGER CAR,MOVING CONSTANT SPEED,East,15,No,No,2011,TOYOTA,CAMRY,39.05798108,-77.04796813,""(39.05798108, -77.04796813)"""
"MCP26870042,230051814,Montgomery County Police,Property Damage Crash,08/28/2023 12:19:00 PM,County,ELM ST,WOODMONT AVE,,N/A,,SAME DIRECTION SIDESWIPE,CLEAR,DRY,DAYLIGHT,NO CONTROLS,NONE DETECTED,,C425EE13-CEF6-40D0-8419-3E446A39BD49,No,NO APPARENT INJURY,N/A,NOT DISTRACTED,DC,5BF42728-3948-41BD-901E-E5C3496C7BFF,SUPERFICIAL,THREE OCLOCK,PASSENGER CAR,MOVING CONSTANT SPEED,East,25,No,No,2021,TESLA,Y,38.98204433,-77.09566233,""(38.98204433, -77.09566233)"""
"MCP2635008L,230063652,Montgomery County Police,Injury Crash,10/31/2023 05:49:00 PM,County,ASPEN HILL RD,ARCTIC AVE,,N/A,PEDESTRIAN,OTHER,CLEAR,DRY,DAYLIGHT,TRAFFIC SIGNAL,N/A,N/A,33C57D29-08C3-4ABD-8A64-682AFAA2EE1B,Yes,NO APPARENT INJURY,""N/A, VISION OBSTRUCTION (INCL. BLINDED BY SUN)"",LOOKED BUT DID NOT SEE,MD,E056FF4A-9AC9-4BC8-B8DD-039378F67DEF,SUPERFICIAL,TWELVE OCLOCK,VAN,MAKING LEFT TURN,South,30,No,No,2021,CHEVROLET,EXPRESS,39.0712315,-77.09882583,""(39.0712315, -77.09882583)"""
"MCP263900G3,230055104,Montgomery County Police,Property Damage Crash,09/15/2023 04:28:00 PM,,,,PARKING LOT OF 8810 ROCKVILLE PIKE (MEDICAL CENTER METRO STATION),,,OTHER,CLEAR,,DAYLIGHT,NO CONTROLS,NONE DETECTED,,517297DA-645B-40E8-9EAB-DBC2CC592E1A,No,NO APPARENT INJURY,N/A,NOT DISTRACTED,MD,B0FE6CFA-D0F6-4D75-9BBB-66586B714462,FUNCTIONAL,THREE OCLOCK,TRANSIT BUS,MOVING CONSTANT SPEED,West,15,No,No,2014,GILLY,TRANSIT BUS,38.99949933,-77.09745733,""(38.99949933, -77.09745733)"""
"MCP2722000W,15006032,Montgomery County Police,Injury Crash,02/06/2015 10:39:00 AM,,,,Parking Lot of 5510 Norbeck Rd.,,,SINGLE VEHICLE,N/A,,DAYLIGHT,N/A,NONE DETECTED,,957577AC-ECC9-4458-AB09-9F2413BD8E0D,Yes,SUSPECTED MINOR INJURY,N/A,NOT DISTRACTED,MD,C084807B-B834-42B0-B01D-BF6E8EB94BF2,DISABLING,TWELVE OCLOCK,PASSENGER CAR,ACCELERATING,Unknown,15,No,No,2010,TOYOTA,CAMRY,39.09469167,-77.11044667,""(39.09469167, -77.11044667)"""
"MCP3148005M,230066163,Montgomery County Police,Property Damage Crash,11/13/2023 08:36:00 PM,County,WOODMONT AVE,BATTERY LA,,N/A,,SAME DIRECTION RIGHT TURN,CLEAR,DRY,DARK LIGHTS ON,TRAFFIC SIGNAL,UNKNOWN,,289D8414-3DF3-405A-AF8A-59B47A383FC1,Yes,NO APPARENT INJURY,N/A,UNKNOWN,,3211E786-2E98-4FF4-9D37-5024EE15F2E4,SUPERFICIAL,TWELVE OCLOCK,PICKUP TRUCK,MAKING RIGHT TURN,North,30,No,No,2023,TOYOTA,TACOMA,38.99267333,-77.09683833,""(38.99267333, -77.09683833)"""
"MCP295200DW,230051782,Montgomery County Police,Injury Crash,08/28/2023 09:54:00 AM,US (State),COLESVILLE RD,SPUR FR HASTINGS DR,,N/A,,SAME DIR REAR END,CLOUDY,DRY,DAYLIGHT,TRAFFIC SIGNAL,NONE DETECTED,,1478E7AE-B127-40D0-BF3D-F897D6EBA977,No,NO APPARENT INJURY,N/A,NOT DISTRACTED,MD,C2427160-8053-4F7B-9CD9-BF75EB122DF5,FUNCTIONAL,SIX OCLOCK,(SPORT) UTILITY VEHICLE,STOPPED IN TRAFFIC LANE,North,35,No,No,2020,LINCOLN,SUV,39.0132281,-77.01659751,""(39.0132281, -77.01659751)"""
"MCP285900F9,230067955,Montgomery County Police,Injury Crash,11/23/2023 12:40:00 PM,Maryland (State),CLOPPER RD,W WATKINS MILL RD,,GAITHERSBURG,,HEAD ON LEFT TURN,CLEAR,DRY,DAYLIGHT,TRAFFIC SIGNAL,NONE DETECTED,,9D335ACC-72BB-4CC0-9580-10D795AFBCC5,Yes,POSSIBLE INJURY,N/A,NOT DISTRACTED,MD,BCDD22FB-5535-4BCC-B973-D788DFB695E4,DESTROYED,TWELVE OCLOCK,PASSENGER CAR,MAKING LEFT TURN,South,30,No,No,2016,HOND,CIVIC,39.14769667,-77.23300767,""(39.14769667, -77.23300767)"""
"MCP3113005G,230061360,Montgomery County Police,Property Damage Crash,10/19/2023 07:00:00 AM,County,CHERRY HILL RD,BROADBIRCH DR,,N/A,,HEAD ON LEFT TURN,CLOUDY,DRY,DAWN,TRAFFIC SIGNAL,N/A,,173DDFB8-D188-4694-9B75-C7D9E42BFFC5,No,NO APPARENT INJURY,N/A,NOT DISTRACTED,MD,839259AB-DB9C-4886-9A08-A1932B59F64F,FUNCTIONAL,TEN OCLOCK,PASSENGER CAR,MOVING CONSTANT SPEED,East,30,No,No,2014,SUBARU,LEGACY,39.0560832,-76.95418576,""(39.0560832, -76.95418576)"""
"MCP289200F5,230051919,Montgomery County Police,Property Damage Crash,08/28/2023 05:31:00 PM,Maryland (State),GEORGIA AVE,DENNIS AVE,,N/A,,SAME DIR REAR END,CLEAR,DRY,DAYLIGHT,TRAFFIC SIGNAL,NONE DETECTED,,2A3FFC01-9455-473D-B242-C11241C971EC,No,NO APPARENT INJURY,N/A,NOT DISTRACTED,MD,F96D6082-FB58-4C32-9885-6EE711797F80,SUPERFICIAL,SIX OCLOCK,PASSENGER CAR,STOPPED IN TRAFFIC LANE,North,35,No,No,2021,SUBA,UT,39.02522573,-77.04601319,""(39.02522573, -77.04601319)"""
"MCP3290002C,230047961,Montgomery County Police,Property Damage Crash,08/06/2023 01:49:00 PM,Maryland (State),GEORGIA AVE,PLYERS MILL RD,,N/A,,SAME DIR REAR END,CLEAR,DRY,DAYLIGHT,TRAFFIC SIGNAL,UNKNOWN,,79CB481A-13A0-47B4-B1F6-47BD390E0C75,Yes,NO APPARENT INJURY,N/A,UNKNOWN,,7741B55D-8E8F-4180-9054-025E4425C30A,FUNCTIONAL,TWO OCLOCK,PASSENGER CAR,CHANGING LANES,North,35,No,No,2007,INFINITI,M35,39.0301987,-77.04776387,""(39.0301987, -77.04776387)"""
"MCP3060004D,230051452,Montgomery County Police,Property Damage Crash,08/26/2023 10:41:00 AM,,,,PARKING LOT IFO 12015 GEORGIA AVE SILVER SPRING,,,OPPOSITE DIRECTION SIDESWIPE,CLEAR,,DAYLIGHT,NO CONTROLS,NONE DETECTED,,A80DDA3E-CFA7-44BA-B8F5-C286BACEDBF9,Yes,NO APPARENT INJURY,N/A,LOOKED BUT DID NOT SEE,MD,21DE2C45-D77D-43C5-80DC-B3DFC1874661,SUPERFICIAL,ONE OCLOCK,PASSENGER CAR,MOVING CONSTANT SPEED,North,5,No,No,2017,HONDA,ACCORD,39.05311,-77.05023833,""(39.05311, -77.05023833)"""
"MCP136600CF,230058047,Montgomery County Police,Property Damage Crash,10/02/2023 12:04:00 PM,County,FERNWOOD RD,STONEHAM RD,,N/A,,SAME DIR REAR END,CLEAR,DRY,DAYLIGHT,NO CONTROLS,NONE DETECTED,,6008145E-D998-45A6-BDCA-BF97DD6DA3D2,No,NO APPARENT INJURY,N/A,NOT DISTRACTED,FL,818D34B3-F063-4775-9D2F-F33E2B07A251,FUNCTIONAL,SIX OCLOCK,PASSENGER CAR,SLOWING OR STOPPING,South,30,No,No,2024,LEXUS,NX,39.01682075,-77.13315577,""(39.01682075, -77.13315577)"""
"MCP913000H6,230066856,Montgomery County Police,Property Damage Crash,11/17/2023 09:06:00 AM,Maryland (State),PINEY BRANCH RD,CARROLL AVE,,N/A,,SAME DIR REAR END,CLOUDY,DRY,DAYLIGHT,TRAFFIC SIGNAL,NONE DETECTED,,7183FF22-8DF5-4CC8-B26B-43A616E2B1F7,Yes,NO APPARENT INJURY,N/A,UNKNOWN,MD,B09E6873-6801-4CDF-8AA5-7DD1348F4567,DISABLING,TWELVE OCLOCK,PASSENGER CAR,MOVING CONSTANT SPEED,South,30,No,No,2006,HONDA,ACCORD,39.00011816,-76.99049976,""(39.00011816, -76.99049976)"""
"MCP2674004C,230060382,Montgomery County Police,Injury Crash,10/13/2023 07:49:00 PM,Maryland (State),FREDERICK RD,OXBRIDGE DR,,N/A,,STRAIGHT MOVEMENT ANGLE,CLEAR,DRY,DARK -- UNKNOWN LIGHTING,NO CONTROLS,NONE DETECTED,,5D984F3E-B21D-4BE0-A0DC-263AA6B6884A,No,POSSIBLE INJURY,N/A,NOT DISTRACTED,MD,5237D312-4C64-409B-91CB-3EBB8E104BFC,DISABLING,TWELVE OCLOCK,PASSENGER CAR,MOVING CONSTANT SPEED,North,40,No,No,2010,FORD,EDGE,39.190052,-77.24148067,""(39.190052, -77.24148067)"""
"MCP3335002C,230064193,Montgomery County Police,Property Damage Crash,11/03/2023 01:20:00 PM,Maryland (State),NEW HAMPSHIRE AVE,OAKLAWN DR,,N/A,,SINGLE VEHICLE,CLOUDY,DRY,DAYLIGHT,NO CONTROLS,NONE DETECTED,,39C54581-EE9B-4BF2-BCF2-697C989C0F40,No,NO APPARENT INJURY,N/A,NOT DISTRACTED,MD,A4969B5F-40EC-44DA-B484-9690C7D0AE0C,SUPERFICIAL,TEN OCLOCK,POLICE VEHICLE/NON EMERGENCY,MOVING CONSTANT SPEED,South,35,No,No,2018,DODGE,CHARGER,39.02567248,-76.98050524,""(39.02567248, -76.98050524)"""
"MCP2726007T,230052227,Montgomery County Police,Property Damage Crash,08/30/2023 02:15:00 PM,County,SHADY GROVE RD,ENT TO BUSINESS,,N/A,,OTHER,CLEAR,DRY,DAYLIGHT,NO CONTROLS,NONE DETECTED,,4C8F2135-7BCD-4908-AD4A-0F91EE8FDB7D,No,NO APPARENT INJURY,N/A,NOT DISTRACTED,MD,4D4EF89E-D82F-4300-A7AE-77831917D75D,SUPERFICIAL,ELEVEN OCLOCK,TRANSIT BUS,MOVING CONSTANT SPEED,South,40,No,No,2016,THOMAS,BUS,39.12567878,-77.17432747,""(39.12567878, -77.17432747)"""
"MCP3353001F,230047468,Montgomery County Police,Property Damage Crash,08/02/2023 02:00:00 PM,County,REDLAND RD,YELLOWSTONE WAY,,N/A,,STRAIGHT MOVEMENT ANGLE,CLEAR,DRY,DAYLIGHT,STOP SIGN,N/A,,18AEE408-888D-4F03-8B9E-A569F14A2B40,No,NO APPARENT INJURY,N/A,NOT DISTRACTED,MD,B12AAB44-F55F-4D39-B1A5-F2F211CD8472,DISABLING,FOUR OCLOCK,PASSENGER CAR,MOVING CONSTANT SPEED,East,30,No,No,2011,TOYT,VN,39.11932783,-77.16099667,""(39.11932783, -77.16099667)"""
"MCP2674004M,230070972,Montgomery County Police,Property Damage Crash,12/10/2023 06:05:00 PM,Maryland (State),RIDGE RD,FREDERICK RD,,N/A,,HEAD ON,RAINING,WET,DARK LIGHTS ON,TRAFFIC SIGNAL,NONE DETECTED,,8320CC9E-F9D3-449E-B9FF-1E4645396A8C,No,NO APPARENT INJURY,""RAIN, SNOW, WET"",NOT DISTRACTED,MD,C92C2D01-3258-40F4-AAE0-D4C7EE982044,FUNCTIONAL,ELEVEN OCLOCK,PASSENGER CAR,STOPPED IN TRAFFIC LANE,North,40,No,No,2016,JEEP,WRANGLER,39.20463033,-77.24658467,""(39.20463033, -77.24658467)"""
"MCP33200023,230052031,Montgomery County Police,Property Damage Crash,08/29/2023 04:00:00 PM,US (State),COLESVILLE RD,DALE DR,,N/A,,SAME DIR REND RIGHT TURN,CLOUDY,DRY,DAYLIGHT,TRAFFIC SIGNAL,UNKNOWN,,94A5E158-95ED-4C81-87B3-D4340DE7EDD1,No,NO APPARENT INJURY,N/A,UNKNOWN,,D0CF748D-69A7-4D83-81A4-964003F058EA,SUPERFICIAL,SIX OCLOCK,UNKNOWN,MAKING RIGHT TURN,South,35,No,No,0,UNKNOWN,UNKNOWN,39.00517483,-77.02303017,""(39.00517483, -77.02303017)"""
"MCP28810061,230069436,Montgomery County Police,Injury Crash,12/02/2023 08:45:00 AM,Maryland (State),FREDERICK RD,PLUMMER DR,,N/A,,HEAD ON LEFT TURN,FOGGY,DRY,DAYLIGHT,TRAFFIC SIGNAL,NONE DETECTED,,9E79D94D-4EC4-4942-9DA5-BF4F7788F916,No,NO APPARENT INJURY,N/A,NOT DISTRACTED,MD,76D56200-2ED3-43F2-BD9B-B5B0F23BD74C,DISABLING,TWELVE OCLOCK,(SPORT) UTILITY VEHICLE,MOVING CONSTANT SPEED,North,40,No,No,2019,LEXS,UT,39.17201667,-77.23593,""(39.17201667, -77.23593)"""
"MCP2948006N,230072450,Montgomery County Police,Property Damage Crash,12/18/2023 07:30:00 PM,County,RANDOLPH RD,BLUHILL RD,,N/A,,SAME DIR REAR END,CLEAR,DRY,N/A,N/A,NONE DETECTED,,ABEFEBF8-E648-4BC0-BB5C-9769B2154189,No,NO APPARENT INJURY,N/A,NOT DISTRACTED,MD,91A52E3F-8CAF-4043-A740-8515BC3B7DC6,FUNCTIONAL,SIX OCLOCK,PASSENGER CAR,MAKING LEFT TURN,West,35,No,No,2014,NISSAN,ROGUE,39.05804467,-77.05770579,""(39.05804467, -77.05770579)"""
"MCP25130036,230056430,Montgomery County Police,Property Damage Crash,09/23/2023 03:14:00 AM,,,,""DRIVE THRU OF MCDONALDS  LOCATED AT OF 15569 OLD COLUMBIA PIKE, BURTONSVILLE, MD 20866"",,,SAME DIR REAR END,RAINING,,DARK LIGHTS ON,N/A,NONE DETECTED,,9F30753F-E620-4071-8380-AD08519C4EE7,No,NO APPARENT INJURY,N/A,NOT DISTRACTED,MD,D60A9B26-4516-4B06-B739-7FB2171125E3,FUNCTIONAL,SIX OCLOCK,PASSENGER CAR,OTHER,North,10,No,No,2022,HYUN,SONATA,39.11029716,-76.93350061,""(39.11029716, -76.93350061)"""
"MCP2844006Q,230049935,Montgomery County Police,Property Damage Crash,08/17/2023 02:00:00 PM,Maryland (State),LAYHILL RD,CROSSOVER,,N/A,,OTHER,CLEAR,DRY,DAYLIGHT,NO CONTROLS,N/A,,9F1BAD29-78C9-4C97-AC94-91E9EA2E0BA4,Yes,NO APPARENT INJURY,N/A,UNKNOWN,MD,3A9E47DF-4975-45CB-94E2-7DB32DF2A4DA,FUNCTIONAL,TWELVE OCLOCK,PASSENGER CAR,ACCELERATING,Unknown,35,No,No,2017,MERCEDES,C300,39.06292717,-77.04956867,""(39.06292717, -77.04956867)"""
"MCP3095004K,230051902,Montgomery County Police,Property Damage Crash,08/28/2023 07:30:00 PM,County,HEARTFIELDS DR,NEW HAMPSHIRE AVE,,N/A,,SAME DIR REAR END,CLEAR,DRY,DAYLIGHT,TRAFFIC SIGNAL,N/A,,52DA97E0-DEB1-4C8D-B05D-EDB3CAC0708C,No,NO APPARENT INJURY,N/A,NOT DISTRACTED,MD,24D0CF99-1433-4369-A557-739AAF6E82D0,FUNCTIONAL,SIX OCLOCK,(SPORT) UTILITY VEHICLE,MOVING CONSTANT SPEED,North,40,No,No,2012,SUBARU,OUTBACK,39.04750017,-76.992723,""(39.04750017, -76.992723)"""
"MCP3026000G,17011980,Montgomery County Police,Property Damage Crash,02/24/2017 09:00:00 AM,County,BEECH AVE,LINDEN AVE,,N/A,,SAME DIR REAR END,UNKNOWN,UNKNOWN,DAYLIGHT,NO CONTROLS,UNKNOWN,,6DC843D9-B91D-46AD-BA71-8E87D74F29BF,Yes,NO APPARENT INJURY,N/A,UNKNOWN,,8054E18F-FBC6-4D25-8149-DFE30439DABF,UNKNOWN,UNKNOWN,,UNKNOWN,West,25,No,No,0,UNKNOWN,UNKNOWN,39.00736281,-77.12026834,""(39.00736281, -77.12026834)"""
"EJ78370075,230060791,Gaithersburg Police Depar,Injury Crash,10/16/2023 08:30:00 AM,Maryland (State),S FREDERICK RD,EDUCATION BLVD,,GAITHERSBURG,,HEAD ON LEFT TURN,CLEAR,DRY,DAYLIGHT,TRAFFIC SIGNAL,N/A,,297F0859-153B-446E-9248-764E9C78344B,No,SUSPECTED MINOR INJURY,N/A,NOT DISTRACTED,MD,52A569C3-0BCE-4B86-99AC-889743215021,FUNCTIONAL,TWELVE OCLOCK,PASSENGER CAR,MOVING CONSTANT SPEED,South,30,No,No,2015,NISSAN,ALTIMA,39.13573242,-77.1923719,""(39.13573242, -77.1923719)"""
"MCP29680050,230047571,Montgomery County Police,Injury Crash,08/03/2023 07:43:00 AM,County,MONTROSE RD,SEVEN LOCKS RD,,N/A,,HEAD ON,CLEAR,DRY,DAYLIGHT,N/A,N/A,,880A6353-3A2E-4879-830B-8BD1CF7F1EF4,No,POSSIBLE INJURY,N/A,NOT DISTRACTED,MD,FB34EC3D-5D3D-4B24-A99A-40592641F695,DISABLING,TWELVE OCLOCK,PASSENGER CAR,MOVING CONSTANT SPEED,East,35,No,No,2023,GENS,UT,39.05706167,-77.15817,""(39.05706167, -77.15817)"""
"MCP2770003J,230054174,Montgomery County Police,Property Damage Crash,09/11/2023 07:10:00 AM,County,MUNCASTER RD,ANNAMARIE CT,,N/A,,SAME DIR REAR END,RAINING,WET,DAYLIGHT,OTHER,NONE DETECTED,,3512FAEE-2D30-469E-84ED-9A6565DC0C7C,No,NO APPARENT INJURY,""RAIN, SNOW, WET"",NOT DISTRACTED,MD,6D7FA949-3F5E-42DC-8FB8-D63C49958890,SUPERFICIAL,SIX OCLOCK,POLICE VEHICLE/EMERGENCY,STOPPED IN TRAFFIC LANE,North,30,No,No,2020,FORD,UT,39.168045,-77.11667667,""(39.168045, -77.11667667)"""
"MCP93990020,230071589,Montgomery County Police,Property Damage Crash,12/13/2023 09:30:00 PM,County,GLEN RD,PINEY MEETINGHOUSE RD,,N/A,,STRAIGHT MOVEMENT ANGLE,CLEAR,DRY,DARK NO LIGHTS,STOP SIGN,NONE DETECTED,,D3E4AA19-C53F-4744-9979-3C1D1B374FA9,Unknown,NO APPARENT INJURY,N/A,NOT DISTRACTED,MD,C2CBCE01-F832-4F05-9AC1-ED2C2D86B988,DISABLING,ONE OCLOCK,PASSENGER CAR,STARTING FROM LANE,East,30,No,No,2008,SUBA,4S,39.04873833,-77.233165,""(39.04873833, -77.233165)"""
"DD5665001G,230059911,Rockville Police Departme,Property Damage Crash,10/11/2023 02:20:00 PM,County,N HORNERS LA,WESTMORE RD,,N/A,,SINGLE VEHICLE,CLEAR,DRY,DAYLIGHT,STOP SIGN,NONE DETECTED,,B0A54C41-21D4-416A-B0D0-C879E4A3130E,Yes,NO APPARENT INJURY,N/A,LOOKED BUT DID NOT SEE,MD,7DCE4E5C-BE4D-4FA4-927B-8D611FB9B9F3,FUNCTIONAL,FIVE OCLOCK,SCHOOL BUS,BACKING,South,25,No,No,2016,THOM,BU,39.09985149,-77.14763046,""(39.09985149, -77.14763046)"""
"MCP2291006M,230008729,Montgomery County Police,Injury Crash,02/21/2023 02:36:00 PM,Maryland (State),ROCKVILLE PIKE,SOUTH DR,,N/A,,SAME DIRECTION SIDESWIPE,CLEAR,DRY,DAYLIGHT,NO CONTROLS,NONE DETECTED,,96AC473E-A7D4-43D6-B3B3-3F4D04EB5D53,No,POSSIBLE INJURY,N/A,NOT DISTRACTED,MD,CFE5B2E6-74BB-4F16-B7BB-258DB7A3BDDC,FUNCTIONAL,TWELVE OCLOCK,PASSENGER CAR,MOVING CONSTANT SPEED,North,35,No,No,2013,HONDA,ACCORD,38.99961332,-77.09682762,""(38.99961332, -77.09682762)"""
"MCP21020049,230053627,Montgomery County Police,Injury Crash,09/07/2023 12:14:00 PM,Maryland (State),RIDGE RD,PREAKNESS DR,,N/A,,HEAD ON LEFT TURN,CLEAR,DRY,DAYLIGHT,NO CONTROLS,NONE DETECTED,,46E207C9-AD4F-48E1-8605-17BD96FB7498,No,SUSPECTED MINOR INJURY,N/A,NOT DISTRACTED,MD,DD4B5462-EAD5-4BB4-8A61-55973F863639,DISABLING,ELEVEN OCLOCK,PASSENGER CAR,MOVING CONSTANT SPEED,North,40,No,No,2017,TOYOTA,COROLLA 4S,39.26049,-77.223225,""(39.26049, -77.223225)"""
"MCP2930003W,230068795,Montgomery County Police,Injury Crash,11/28/2023 06:45:00 PM,Maryland (State),NORBECK RD,BAUER DR,,N/A,,SAME DIR REAR END,CLEAR,DRY,DARK LIGHTS ON,N/A,NONE DETECTED,,D4D249AE-3408-46CF-8B22-FDE80996887A,No,POSSIBLE INJURY,N/A,NOT DISTRACTED,MD,2A638A53-AEC2-4E20-9E72-771FE8CD847C,FUNCTIONAL,SIX OCLOCK,PASSENGER CAR,SLOWING OR STOPPING,West,45,No,No,2014,FORD,ESCAPE,39.09668717,-77.10835667,""(39.09668717, -77.10835667)"""