Report Number,Local Case Number,Agency Name,ACRS Report Type,Crash Date/Time,Route Type,Road Name,Cross-Street Name,Off-Road Description,Municipality,Related Non-Motorist,Collision Type,Weather,Surface Condition,Light,Traffic Control,Driver Substance Abuse,Non-Motorist Substance Abuse,Person ID,Driver At Fault,Injury Severity,Circumstance,Driver Distracted By,Drivers License State,Vehicle ID,Vehicle Damage Extent,Vehicle First Impact Location,Vehicle Body Type,Vehicle Movement,Vehicle Going Dir,Speed Limit,Driverless Vehicle,Parked Vehicle,Vehicle Year,Vehicle Make,Vehicle Model,Latitude,Longitude,Location
"EJ7893002T,230046273,Gaithersburg Police Depar,Property Damage Crash,07/25/2023 07:20:00 AM,,,,PARKING LOT OF 465 N FREDERICK AVENUE,,,SINGLE VEHICLE,CLOUDY,,DAYLIGHT,NO CONTROLS,NONE DETECTED,,797833EC-A69F-44D3-8CF1-043E0BECE3DD,Yes,NO APPARENT INJURY,N/A,BY MOVING OBJECT IN VEHICLE,MD,C6E0A3E9-3B0E-4AFF-A5B6-75E7EE290B40,SUPERFICIAL,TWELVE OCLOCK,PASSENGER CAR,STOPPED IN TRAFFIC LANE,North,0,No,No,2005,HONDA,ACCORD,39.14920518,-77.20648288,""(39.14920518, -77.20648288)"""
"EJ7871006N,230058825,Gaithersburg Police Depar,Property Damage Crash,10/05/2023 08:26:00 PM,Municipality,RUSSELL AVE,WATKINS MILL RD,,GAITHERSBURG,,SAME DIRECTION LEFT TURN,CLEAR,DRY,DARK LIGHTS ON,STOP SIGN,NONE DETECTED,,AD4819AD-7433-49EB-8273-023B87568298,No,NO APPARENT INJURY,N/A,NOT DISTRACTED,MD,CB2FA4E4-E3DF-4F2E-BB58-C7F3A055C2BC,SUPERFICIAL,ELEVEN OCLOCK,PASSENGER CAR,STOPPED IN TRAFFIC LANE,North,30,No,No,2010,TOYOTA,CORROLLA,39.14002178,-77.19565057,""(39.14002178, -77.19565057)"""
"MCP2965007G,230051474,Montgomery County Police,Injury Crash,08/26/2023 01:15:00 PM,Maryland (State),LAYHILL RD,NORVALE RD,,N/A,,SAME DIR REAR END,CLEAR,DRY,DAYLIGHT,TRAFFIC SIGNAL,NONE DETECTED,,9972DD90-54AD-43F5-9274-A4FD2045D79D,No,POSSIBLE INJURY,N/A,NOT DISTRACTED,MD,A804E162-FCE4-4C62-AD44-832DC63824E6,FUNCTIONAL,SIX OCLOCK,PICKUP TRUCK,STOPPED IN TRAFFIC LANE,North,40,No,No,2016,RAM,PK,39.09543,-77.04444,""(39.09543, -77.04444)"""
"MCP2952006P,180033509,Montgomery County Police,Property Damage Crash,07/07/2018 08:52:00 AM,,,,IN PARALLEL PARKING SPACES ON DRIVEWAY TO SHOPPING CENTER AND NEXT TO 1316 EAST WEST HIGHWAY,,,OTHER,CLEAR,,DAYLIGHT,N/A,UNKNOWN,,E9C641D8-F0E1-46F7-9D21-3C8064E0DABD,Yes,NO APPARENT INJURY,N/A,UNKNOWN,,FD7D8367-6851-470E-B9AE-6312637BCB46,UNKNOWN,SIX OCLOCK,(SPORT) UTILITY VEHICLE,BACKING,Unknown,15,No,No,2016,SUBARU,FORESTER,38.99266333,-77.03230833,""(38.99266333, -77.03230833)"""
"MCP1564007S,230072320,Montgomery County Police,Property Damage Crash,12/18/2023 08:45:00 AM,Maryland (State),GEORGIA AVE,QUEEN MARY DR,,N/A,,HEAD ON LEFT TURN,CLOUDY,WET,DAYLIGHT,NO CONTROLS,NONE DETECTED,,F2A523F7-CC2B-4742-B20E-45D25032120F,Yes,NO APPARENT INJURY,N/A,LOOKED BUT DID NOT SEE,MD,3953EC58-892E-48E8-A766-32A849DD5ABE,DISABLING,TWO OCLOCK,PASSENGER CAR,ACCELERATING,West,30,No,No,2015,BUICK,ENCLAVE,39.14854117,-77.066948,""(39.14854117, -77.066948)"""
"MCP3289002Q,230061818,Montgomery County Police,Property Damage Crash,10/21/2023 01:45:00 PM,County,FENTON ST,ELLSWORTH DR,,N/A,,SAME DIRECTION RIGHT TURN,CLEAR,DRY,DAYLIGHT,FLASHING TRAFFIC SIGNAL,UNKNOWN,,772D4E47-59DE-40FB-BAF4-298DD7DE7CB6,Yes,NO APPARENT INJURY,N/A,UNKNOWN,MD,0C5E36CA-6540-4334-A7D4-657C8B206444,SUPERFICIAL,ONE OCLOCK,PASSENGER CAR,SLOWING OR STOPPING,Unknown,25,No,No,2006,MERCEDES,SUV,38.997135,-77.02579,""(38.997135, -77.02579)"""
"MCP3328002N,230060609,Montgomery County Police,Injury Crash,10/15/2023 02:14:00 AM,Maryland (State),GEORGIA AVE,LAYHILL RD,,N/A,,SAME DIR REAR END,CLEAR,WET,DARK LIGHTS ON,NO CONTROLS,NONE DETECTED,,5DBCCE84-5E8C-42D8-81E4-C9B1E47BB928,No,POSSIBLE INJURY,N/A,NOT DISTRACTED,MD,14D03225-0BF1-4ABD-99FC-43B4EC68F73F,DISABLING,SIX OCLOCK,PASSENGER CAR,MOVING CONSTANT SPEED,North,35,No,No,2009,TOYOTA,RAV4,39.05967286,-77.05034099,""(39.05967286, -77.05034099)"""
"MCP2724002J,190034272,Montgomery County Police,Injury Crash,07/19/2019 09:09:00 AM,Maryland (State),NEW HAMPSHIRE AVE,POWDER MILL RD,,N/A,,SAME DIRECTION LEFT TURN,CLEAR,DRY,DAYLIGHT,N/A,N/A,,BC82337F-75D8-439C-A575-5A8FACBE161A,Yes,NO APPARENT INJURY,N/A,LOOKED BUT DID NOT SEE,MD,7745C276-CE9C-4C02-B004-EC83045927CD,FUNCTIONAL,ELEVEN OCLOCK,PASSENGER CAR,MOVING CONSTANT SPEED,North,40,No,No,2009,NISSAN,ALTIMA,39.02243145,-76.97747896,""(39.02243145, -76.97747896)"""
"MCP3350001G,230060454,Montgomery County Police,Property Damage Crash,10/14/2023 09:39:00 AM,Maryland (State),MONTROSE PKWY,ROCKVILLE PIKE,,N/A,,SAME DIR REAR END,RAINING,WET,DUSK,TRAFFIC SIGNAL,UNKNOWN,,2D0CE2C9-9361-4166-B888-7457C8DC1CC6,Yes,NO APPARENT INJURY,""N/A, RAIN, SNOW"",UNKNOWN,,5AF59DD4-55AE-4466-98AC-893A408EA026,FUNCTIONAL,TWELVE OCLOCK,UNKNOWN,STARTING FROM LANE,East,40,No,No,0,UNKNOWN,UNKNOWN,39.05253667,-77.11578833,""(39.05253667, -77.11578833)"""
"MCP33120049,230061570,Montgomery County Police,Property Damage Crash,10/20/2023 08:51:00 AM,County,CHERRY HILL RD,PLUM ORCHARD DR,,N/A,,SAME DIRECTION LEFT TURN,CLEAR,DRY,DAYLIGHT,NO CONTROLS,NONE DETECTED,,80172E01-AD0F-4086-A29C-709FA9905587,No,NO APPARENT INJURY,N/A,NOT DISTRACTED,MD,0BD63C6B-8AA4-439A-8DC7-F217D375117C,FUNCTIONAL,FOUR OCLOCK,POLICE VEHICLE/EMERGENCY,MOVING CONSTANT SPEED,North,40,No,No,2014,DODGE,CHARGER,39.05312833,-76.95326833,""(39.05312833, -76.95326833)"""
"MCP3362001F,230046506,Montgomery County Police,Property Damage Crash,07/25/2023 09:40:00 AM,Interstate (State),CAPITAL BELTWAY,UNIVERSITY BLVD E,,N/A,,SAME DIR REAR END,CLEAR,DRY,DAYLIGHT,NO CONTROLS,NONE DETECTED,,FC83AD93-43B7-4CEB-8D9F-0D1886C56C48,No,NO APPARENT INJURY,""BACKUP DUE TO REGULAR CONGESTION, N/A"",NOT DISTRACTED,MD,B7537862-FC42-4262-B566-073CDA2C9231,SUPERFICIAL,SIX OCLOCK,PASSENGER CAR,STOPPED IN TRAFFIC LANE,West,55,No,No,2019,TOYOTA,CAMRY,39.01676,-77.01117333,""(39.01676, -77.01117333)"""
"MCP33110024,230061984,Montgomery County Police,Property Damage Crash,10/22/2023 02:54:00 PM,County,BONIFANT ST,GEORGIA AVE,,N/A,,OTHER,CLEAR,DRY,DAYLIGHT,NO CONTROLS,ALCOHOL PRESENT,,3DC85B6A-E134-469D-AB2C-E1AC7159C31D,Yes,NO APPARENT INJURY,N/A,UNKNOWN,MD,9033E0FF-DCFA-4156-A7A1-A4AB7F2B3B12,FUNCTIONAL,FIVE OCLOCK,PASSENGER CAR,BACKING,West,25,No,No,2022,KIA,NIRO,38.9934785,-77.02648033,""(38.9934785, -77.02648033)"""
"MCP3197003N,230063450,Montgomery County Police,Property Damage Crash,10/30/2023 05:13:00 PM,County,BONIFANT RD,LAYHILL RD,,N/A,,STRAIGHT MOVEMENT ANGLE,RAINING,WET,DAYLIGHT,TRAFFIC SIGNAL,NONE DETECTED,,96D5F8F3-5817-4632-946E-CDB164823BAB,Yes,NO APPARENT INJURY,""RAIN, SNOW, WET"",NOT DISTRACTED,MD,D72EF0A1-811E-4EF5-BA86-B576BBF4290D,DISABLING,TWELVE OCLOCK,PASSENGER CAR,MAKING LEFT TURN,East,35,No,No,2018,TOYOTA,CAMRY,39.090885,-77.04499333,""(39.090885, -77.04499333)"""
"DM8494003N,230070712,Takoma Park Police Depart,Property Damage Crash,12/08/2023 11:58:00 PM,Maryland (State),NEW HAMPSHIRE AVE,UNIVERSITY BLVD,,N/A,,SAME DIR REAR END,CLEAR,DRY,DARK LIGHTS ON,TRAFFIC SIGNAL,N/A,,6BFBB3AF-0D71-4D32-8BDA-6FD266A65E64,No,NO APPARENT INJURY,N/A,NOT DISTRACTED,MD,9D564944-EA9E-4876-AB2B-3601473EC437,SUPERFICIAL,SIX OCLOCK,PASSENGER CAR,STOPPED IN TRAFFIC LANE,North,25,No,No,2023,TOYT,UT,38.98835533,-76.98748217,""(38.98835533, -76.98748217)"""
"MCP28570043,230064470,Montgomery County Police,Injury Crash,11/05/2023 12:58:00 AM,Maryland (State),MIDCOUNTY HWY,SPUR TO SAYBROOKE OAKS BLVD,,N/A,,SAME DIRECTION SIDESWIPE,CLEAR,DRY,DARK NO LIGHTS,FLASHING TRAFFIC SIGNAL,NONE DETECTED,,F5485B4A-6342-48CF-A560-347DE9B457E3,Yes,NO APPARENT INJURY,N/A,UNKNOWN,MD,A23ADB3E-A65B-44C5-83E5-3356340F4029,DISABLING,FIVE OCLOCK,PASSENGER CAR,SLOWING OR STOPPING,South,50,No,No,2003,HYUNDAI,ELANTRA,39.15201281,-77.17651997,""(39.15201281, -77.17651997)"""
"MCP28750081,230072263,Montgomery County Police,Property Damage Crash,12/17/2023 08:52:00 PM,Maryland (State),CLARKSBURG RD,RAMP 3 FR MD 121 EB TO IS 270 NB,,N/A,,SINGLE VEHICLE,RAINING,WET,DARK NO LIGHTS,NO CONTROLS,NONE DETECTED,,B4DDA33C-441C-44E6-9763-BC863FCFDB8C,Yes,NO APPARENT INJURY,""SLEET, HAIL, FREEZ. RAIN, WET"",NOT DISTRACTED,MD,1951A193-BC97-4583-9041-550DF24FB7C4,DISABLING,ELEVEN OCLOCK,PASSENGER CAR,NEGOTIATING A CURVE,North,55,No,No,2022,SUBARU,IMPREZA,39.23092833,-77.28293167,""(39.23092833, -77.28293167)"""
"MCP3038006L,230061804,Montgomery County Police,Injury Crash,10/21/2023 12:33:00 PM,County,ODENDHAL AVE,CONTOUR RD,,N/A,,SAME DIR REAR END,CLEAR,DRY,DAYLIGHT,TRAFFIC SIGNAL,NONE DETECTED,,1425015C-A6DE-448D-B756-2D8965D9423C,No,POSSIBLE INJURY,N/A,NOT DISTRACTED,MD,D568EC2C-CFCF-4E65-B75D-AC1622E78E08,SUPERFICIAL,SIX OCLOCK,PASSENGER CAR,STOPPED IN TRAFFIC LANE,West,30,No,No,2021,CHEVY,SPARK,39.15226277,-77.1959708,""(39.15226277, -77.1959708)"""
"MCP12100063,230049991,Montgomery County Police,Property Damage Crash,08/17/2023 02:22:00 PM,Interstate (State),EISENHOWER MEMORIAL HWY,BEGIN C/D LANE (NB/L),,N/A,,SAME DIRECTION SIDESWIPE,CLEAR,DRY,DAYLIGHT,N/A,NONE DETECTED,,975266E3-276F-4AD2-91C8-66BB4D064285,No,NO APPARENT INJURY,N/A,UNKNOWN,MD,28251370-C90C-43A6-97CC-F410DF762DFC,SUPERFICIAL,ONE OCLOCK,PASSENGER CAR,MOVING CONSTANT SPEED,North,55,No,No,2022,MAZDA,CX30,39.0492264,-77.15123516,""(39.0492264, -77.15123516)"""
"MCP2927004G,230032852,Montgomery County Police,Property Damage Crash,07/10/2023 03:26:00 PM,County,FOREST GLEN RD,DAMERON DR,,N/A,,SAME DIR REAR END,CLEAR,DRY,DAYLIGHT,TRAFFIC SIGNAL,NONE DETECTED,,37773553-B249-4792-A415-D1A4763F44C2,No,NO APPARENT INJURY,N/A,NOT DISTRACTED,MD,1008FC17-CABD-4BA6-8E8C-DB8EB364563C,SUPERFICIAL,SIX OCLOCK,OTHER BUS,SLOWING OR STOPPING,West,25,No,No,2013,FORD,BU,39.0159464,-77.03658755,""(39.0159464, -77.03658755)"""
"MCP2347004L,230072022,Montgomery County Police,Injury Crash,12/16/2023 07:02:00 AM,US (State),COLUMBIA PIKE,BLACKBURN RD,,N/A,,HEAD ON LEFT TURN,CLEAR,DRY,DAWN,TRAFFIC SIGNAL,NONE DETECTED,,9A364B1B-2A09-4F10-81CE-6A20639B4227,Yes,SUSPECTED MINOR INJURY,N/A,NOT DISTRACTED,MD,CBA59122-D20C-4237-AD72-62088CCCF848,DISABLING,TWELVE OCLOCK,PASSENGER CAR,MAKING LEFT TURN,South,55,No,No,2007,TOYOTA,CAMRY,39.10410467,-76.93306567,""(39.10410467, -76.93306567)"""
"MCP291700CN,230065162,Montgomery County Police,Injury Crash,11/08/2023 02:19:00 PM,,,,""11724 LOVEJOY STREET SILVER SPRING, MD 20902 FRONT DRIVEWAY AND YARD OF RESIDENCE"",,,HEAD ON,CLEAR,,DAYLIGHT,NO CONTROLS,NONE DETECTED,,DD1220D0-A220-4E26-975B-A043F0DD7490,Yes,POSSIBLE INJURY,N/A,NOT DISTRACTED,MD,3DC62D93-80D2-4965-AE5B-945F7FF9F670,DISABLING,TWELVE OCLOCK,PASSENGER CAR,ACCELERATING,East,35,No,No,2018,SUBARU,FORESTER,39.04955317,-77.01948167,""(39.04955317, -77.01948167)"""
"MCP2212004P,230068297,Montgomery County Police,Property Damage Crash,11/26/2023 01:27:00 AM,,,,PARKING LOT.  CLEAR SHOT DR/WOOLEN OAK CT,,,OTHER,CLEAR,,DARK LIGHTS ON,N/A,N/A,,040DBC98-C55E-4B0C-BA9A-E1275FEBFE02,Yes,NO APPARENT INJURY,N/A,UNKNOWN,,8D88D571-3FA5-4C64-999A-507AD0D173B0,UNKNOWN,TWELVE OCLOCK,PASSENGER CAR,UNKNOWN,North,10,No,No,2012,HYUNDAI,ELENTRA,39.10870618,-77.05706477,""(39.10870618, -77.05706477)"""
"MCP3162004X,230051015,Montgomery County Police,Injury Crash,08/24/2023 08:35:00 AM,Maryland (State),GEORGIA AVE,WOODSIDE PKWY,,N/A,,SINGLE VEHICLE,CLOUDY,WET,DAYLIGHT,NO CONTROLS,UNKNOWN,,7E2548FB-E8B9-45FC-8CDE-3C3788DF17E7,Yes,SUSPECTED MINOR INJURY,""N/A, WET"",NOT DISTRACTED,MD,3F564564-FA1D-443F-B4E2-D67C9403DEE3,SUPERFICIAL,EIGHT OCLOCK,MOPED,CHANGING LANES,North,30,No,No,2021,ZHEJIANG RIYA MOTORC,AR50,39.00307033,-77.03557945,""(39.00307033, -77.03557945)"""
"MCP2356003F,230066777,Montgomery County Police,Property Damage Crash,11/16/2023 06:19:00 PM,County,TRAVILAH RD,GLEN RD,,N/A,,HEAD ON,CLEAR,DRY,DARK NO LIGHTS,NO CONTROLS,ALCOHOL PRESENT,,EFB55BE2-2A40-423B-A6AE-C5D3C81AE079,Unknown,NO APPARENT INJURY,N/A,UNKNOWN,MD,CF4487FB-CECA-44BC-868A-5FE7CA2832CF,DISABLING,ELEVEN OCLOCK,PASSENGER CAR,MOVING CONSTANT SPEED,North,30,No,No,2009,NISSAN,ALTIMA,39.070195,-77.26215685,""(39.070195, -77.26215685)"""
"MCP31480059,230053710,Montgomery County Police,Property Damage Crash,09/07/2023 04:20:00 PM,Maryland (State),RIVER RD,WILSON LA,,N/A,,SAME DIR REAR END,CLEAR,DRY,DAYLIGHT,TRAFFIC SIGNAL,UNKNOWN,,44A286FA-D3CE-49AE-9973-74C622B42F54,Yes,NO APPARENT INJURY,N/A,UNKNOWN,MD,B96893BE-8A63-4E86-BAB0-76CE04C018BA,SUPERFICIAL,TWELVE OCLOCK,PASSENGER CAR,STARTING FROM LANE,North,35,No,No,2021,TOYOTA,COROLLA,38.98352104,-77.13750135,""(38.98352104, -77.13750135)"""
"MCP33220027,230068618,Montgomery County Police,Property Damage Crash,11/27/2023 09:35:00 PM,County,ARBUTUS AVE,PACIFIC AVE,,N/A,,HEAD ON LEFT TURN,CLEAR,DRY,DARK LIGHTS ON,NO CONTROLS,N/A,,1E69BDA1-E983-44DA-9E24-7EE5774559BA,Yes,NO APPARENT INJURY,N/A,INATTENTIVE OR LOST IN THOUGHT,NY,80C9D6D3-5628-4FDB-A77C-FBBEA1763292,DISABLING,ELEVEN OCLOCK,PASSENGER CAR,MOVING CONSTANT SPEED,North,25,No,No,2008,HOND,SD,39.06897933,-77.09823983,""(39.06897933, -77.09823983)"""
"MCP209400B4,180012959,Montgomery County Police,Property Damage Crash,03/15/2018 08:20:00 AM,,TWINBROOK PKWY,DOWGATE CT,,N/A,,SINGLE VEHICLE,CLEAR,DRY,DAYLIGHT,NO CONTROLS,NONE DETECTED,,9D289471-CEDB-4598-B81F-3C8E1E3B4927,No,NO APPARENT INJURY,N/A,NOT DISTRACTED,MD,FB167838-CCE5-4E63-81C3-D1BCF512847D,FUNCTIONAL,ELEVEN OCLOCK,POLICE VEHICLE/EMERGENCY,MOVING CONSTANT SPEED,West,30,No,No,2010,FORD,CROWN VICTORIA,39.07018755,-77.11394906,""(39.07018755, -77.11394906)"""
"MCP3075003L,220032522,Montgomery County Police,Property Damage Crash,07/28/2022 09:10:00 PM,,,,19865 CENTRUY BLVD,,,OTHER,CLEAR,,DARK LIGHTS ON,NO CONTROLS,UNKNOWN,,CDBF819A-7C84-4829-8B3E-CE9FB58F5520,Yes,NO APPARENT INJURY,N/A,UNKNOWN,,5EF7AE63-0915-4F47-B7AF-782FFA9C2815,UNKNOWN,UNKNOWN,,STARTING FROM PARKED,Unknown,5,No,No,0,UNKNOWN,UNKNOWN,39.182085,-77.26392333,""(39.182085, -77.26392333)"""
"MCP2718002B,16060102,Montgomery County Police,Property Damage Crash,11/22/2016 03:52:00 PM,County,RANDOLPH RD,HUNTERS LA,,N/A,,OTHER,CLEAR,DRY,DAYLIGHT,N/A,N/A,,429C8978-70D5-4A8A-9D90-BC788EA10021,Yes,NO APPARENT INJURY,N/A,UNKNOWN,MD,F8ECEDFE-5B23-4CCB-9EF9-FD47477962EF,FUNCTIONAL,TWO OCLOCK,CROSS COUNTRY BUS,CHANGING LANES,East,35,No,No,2008,NEW FLYER,TBU,39.05372333,-77.09916667,""(39.05372333, -77.09916667)"""
"MCP3200009F,230056611,Montgomery County Police,Injury Crash,09/24/2023 11:44:00 AM,Ramp,RAMP 8 FR MD 187B SB TO IS 270 WB,ROCKLEDGE BLVD,,N/A,,SINGLE VEHICLE,RAINING,WET,DAYLIGHT,TRAFFIC SIGNAL,NONE DETECTED,,0C3BE24F-057D-456F-9FE8-BFFC4EC084E9,Yes,SUSPECTED MINOR INJURY,""RAIN, SNOW, WET"",UNKNOWN,VA,F0139D5C-7DE9-4154-9155-4C1D4641C50F,DISABLING,TWELVE OCLOCK,PASSENGER CAR,MAKING LEFT TURN,North,30,No,No,2011,TOYOTA,COROLLA,39.03165538,-77.13149462,""(39.03165538, -77.13149462)"""
"MCP3010008S,230056919,Montgomery County Police,Property Damage Crash,09/26/2023 09:31:00 AM,County,ASHLEY DR,TOPPING RD,,N/A,,SAME DIR REAR END,RAINING,WET,DAYLIGHT,STOP SIGN,N/A,,5F69E356-9D14-4567-B0C4-BA55E1EEF286,Yes,NO APPARENT INJURY,""N/A, WET"",NOT DISTRACTED,MD,4A1C4F41-8E90-4267-BC95-BF53BE0560E0,SUPERFICIAL,TWELVE OCLOCK,OTHER,MAKING RIGHT TURN,South,25,No,No,2023,CAT,430F2,39.04741833,-77.09305833,""(39.04741833, -77.09305833)"""
"MCP22030073,230034143,Montgomery County Police,Property Damage Crash,07/18/2023 08:45:00 AM,,,,PARKING LOT OF 2405 REEDIE DR (DUNKIN DONUTS),,,ANGLE MEETS LEFT HEAD ON,CLEAR,,DAYLIGHT,NO CONTROLS,UNKNOWN,,1A9CDB9B-0DD9-4B32-A7A9-7FCAB3D5A76D,Yes,NO APPARENT INJURY,N/A,UNKNOWN,,5313B100-EED5-48F7-911A-585EA9462E61,UNKNOWN,SIX OCLOCK,(SPORT) UTILITY VEHICLE,BACKING,East,15,No,No,2010,VOLKSWAGON,TIGUAN,39.0387355,-77.05134517,""(39.0387355, -77.05134517)"""
"MCP2973005M,210025716,Montgomery County Police,Property Damage Crash,07/05/2021 02:00:00 AM,,,,COUNTY PARKING LOT 14,,,OTHER,CLEAR,,DARK LIGHTS ON,NO CONTROLS,N/A,,A944548D-F4A0-403B-8284-D596036365E3,Yes,NO APPARENT INJURY,N/A,UNKNOWN,,57ABB29F-E26C-451B-B669-F6D2E4696B51,FUNCTIONAL,FIVE OCLOCK,PASSENGER CAR,PARKING,North,5,No,No,2012,BMW,2S,39.04286667,-77.05067,""(39.04286667, -77.05067)"""
"MCP3251001B,230067894,Montgomery County Police,Property Damage Crash,11/22/2023 10:37:00 PM,Maryland (State),GERMANTOWN RD,RIFFLE FORD RD,,N/A,,SINGLE VEHICLE,CLEAR,DRY,DARK NO LIGHTS,NO CONTROLS,ALCOHOL CONTRIBUTED,,F778A552-4398-40D2-B5AD-931652369589,Yes,NO APPARENT INJURY,N/A,NOT DISTRACTED,MD,5307642B-E94F-4168-A327-E5402AE2FBE2,DISABLING,TWELVE OCLOCK,PASSENGER CAR,MOVING CONSTANT SPEED,North,45,No,No,2016,CHEVY,MALIBU,39.148475,-77.29012,""(39.148475, -77.29012)"""
"MCP291400F0,230048673,Montgomery County Police,Property Damage Crash,08/09/2023 10:00:00 PM,US (State),COLUMBIA PIKE,BLACKBURN RD,,N/A,,SAME DIRECTION LEFT TURN,N/A,N/A,DARK LIGHTS ON,TRAFFIC SIGNAL,N/A,,7A28EFD9-C91A-44E1-9563-45D02D46DB63,No,NO APPARENT INJURY,N/A,NOT DISTRACTED,MD,281A725C-1D1D-4B03-8C4F-7881B1A14E91,FUNCTIONAL,ONE OCLOCK,PASSENGER CAR,MOVING CONSTANT SPEED,North,50,No,No,2014,JEEP,WRANGLER,39.10413505,-76.93303781,""(39.10413505, -76.93303781)"""
"MCP33600016,230061091,Montgomery County Police,Injury Crash,10/17/2023 03:03:00 PM,Maryland (State),KEY WEST AVE,SPUR FR SHADY GROVE RD,,N/A,,SAME DIRECTION SIDESWIPE,CLEAR,DRY,DAYLIGHT,TRAFFIC SIGNAL,NONE DETECTED,,0CBC21DA-C224-49C3-84D9-FFE7455DB6B1,No,SUSPECTED MINOR INJURY,N/A,NOT DISTRACTED,MD,B7490D43-1FD2-4587-8526-85D97734193C,FUNCTIONAL,TWO OCLOCK,PASSENGER CAR,MOVING CONSTANT SPEED,East,40,No,No,2015,TOYT,SD,39.10397333,-77.19190167,""(39.10397333, -77.19190167)"""
"DD5657001F,230066723,Rockville Police Departme,Property Damage Crash,11/16/2023 03:00:00 PM,Municipality,PARK RD,S STONESTREET AVE,,ROCKVILLE,,SAME DIRECTION RIGHT TURN,CLEAR,DRY,DAYLIGHT,TRAFFIC SIGNAL,NONE DETECTED,,DDDA5F2B-D2B1-4D8D-A332-12253BCCA5F9,No,NO APPARENT INJURY,N/A,NOT DISTRACTED,MD,1A1C62EA-EEEA-473D-A8ED-9CF9E400E4DB,FUNCTIONAL,FOUR OCLOCK,TRANSIT BUS,MOVING CONSTANT SPEED,East,30,No,No,2013,GILL,BU,39.08686651,-77.14351981,""(39.08686651, -77.14351981)"""
"MCP29660071,230071958,Montgomery County Police,Property Damage Crash,12/15/2023 05:40:00 PM,Maryland (State),GERMANTOWN RD,GOLDENROD LA,,N/A,,SAME DIR REAR END,N/A,N/A,N/A,NO CONTROLS,NONE DETECTED,,8266E1BA-9345-4EE7-83C6-1F47AA6DB26D,No,NO APPARENT INJURY,N/A,NOT DISTRACTED,MD,1D2339C9-1385-4412-A054-2FADB9EE6215,FUNCTIONAL,SIX OCLOCK,PASSENGER CAR,SLOWING OR STOPPING,West,45,No,No,2000,TOYTA,RAV4,39.18941833,-77.250765,""(39.18941833, -77.250765)"""
"EJ7871006H,230047877,Gaithersburg Police Depar,Injury Crash,08/04/2023 10:46:00 PM,Maryland (State),CLOPPER RD,SPUR FR MD 124,,N/A,,HEAD ON LEFT TURN,CLEAR,DRY,DARK LIGHTS ON,TRAFFIC SIGNAL,NONE DETECTED,,EEA933CD-91CD-49FB-A07D-1648651633CA,No,POSSIBLE INJURY,N/A,NOT DISTRACTED,MD,1E404D29-3C88-43C8-9188-698700A1F2B3,DISABLING,TWELVE OCLOCK,PASSENGER CAR,MAKING LEFT TURN,East,25,No,No,2019,TOYOTA,CAMRY,39.14009943,-77.19565158,""(39.14009943, -77.19565158)"""
"EJ78730080,230052469,Gaithersburg Police Depar,Property Damage Crash,08/31/2023 04:03:00 PM,,,,""PARKING LOT OF 509 QUINCE ORCHARD ROAD GAITHERSBURG, MD 20878"",,,OTHER,CLEAR,,DAYLIGHT,NO CONTROLS,UNKNOWN,,006CC7B0-4980-4093-9C0F-7B090F60258B,Yes,NO APPARENT INJURY,N/A,UNKNOWN,,505EA8BB-F43B-4E0F-B7AB-01528A598B75,SUPERFICIAL,SIX OCLOCK,(SPORT) UTILITY VEHICLE,STARTING FROM PARKED,East,0,No,No,2014,HYUNDAI,TUCSON,39.14415239,-77.21973255,""(39.14415239, -77.21973255)"""
"MCP2686006M,230047369,Montgomery County Police,Property Damage Crash,08/01/2023 07:18:00 PM,County,BARNESVILLE RD,MONOCACY ELEMENTARY SCHOOL,,N/A,,SINGLE VEHICLE,CLEAR,DRY,DUSK,N/A,NONE DETECTED,,C41BB28F-6850-437C-9D55-E96AC21521FB,Yes,NO APPARENT INJURY,N/A,NOT DISTRACTED,MD,C7A7D08C-AA20-40AE-99C2-BFF06AF29A13,DESTROYED,TEN OCLOCK,PASSENGER CAR,MOVING CONSTANT SPEED,East,40,No,No,2015,FORD,MUSTANG,39.22302583,-77.3900235,""(39.22302583, -77.3900235)"""
"MCP3170003F,230055113,Montgomery County Police,Property Damage Crash,09/15/2023 01:09:00 PM,County,MONTROSE RD,NORTH FARM LA,,ROCKVILLE,,SAME DIRECTION SIDESWIPE,CLEAR,DRY,DAYLIGHT,UNKNOWN,NONE DETECTED,,7C424C4D-86CB-4120-AB9E-01C0524EE36F,No,NO APPARENT INJURY,N/A,NOT DISTRACTED,MD,B92CFA64-4A46-48FF-A74F-61913C5A15AD,SUPERFICIAL,ELEVEN OCLOCK,PASSENGER CAR,MOVING CONSTANT SPEED,West,40,No,No,2022,CHEV,4D,39.05531018,-77.1470364,""(39.05531018, -77.1470364)"""