Report Number,Local Case Number,Agency Name,ACRS Report Type,Crash Date/Time,Route Type,Road Name,Cross-Street Name,Off-Road Description,Municipality,Related Non-Motorist,Collision Type,Weather,Surface Condition,Light,Traffic Control,Driver Substance Abuse,Non-Motorist Substance Abuse,Person ID,Driver At Fault,Injury Severity,Circumstance,Driver Distracted By,Drivers License State,Vehicle ID,Vehicle Damage Extent,Vehicle First Impact Location,Vehicle Body Type,Vehicle Movement,Vehicle Going Dir,Speed Limit,Driverless Vehicle,Parked Vehicle,Vehicle Year,Vehicle Make,Vehicle Model,Latitude,Longitude,Location
"MCP30890042,230058893,Montgomery County Police,Property Damage Crash,10/06/2023 10:08:00 AM,,,,PARKING LOT OF WHOLE FOODS VETERANS PLAZA SILVER SPRING MD,,,SAME DIRECTION RIGHT TURN,N/A,,DAYLIGHT,N/A,N/A,,C9A8655F-7C6F-47EC-A03C-95601B9BBBE3,No,NO APPARENT INJURY,N/A,NOT DISTRACTED,MD,A3C0E14B-3FFD-4B64-A9BF-BC75B213CDFB,FUNCTIONAL,TWELVE OCLOCK,PASSENGER CAR,PARKED,,0,No,Yes,2008,HOND,TK,38.99867333,-77.02369667,""(38.99867333, -77.02369667)"""
"MCP2844006Q,230049935,Montgomery County Police,Property Damage Crash,08/17/2023 02:00:00 PM,Maryland (State),LAYHILL RD,CROSSOVER,,N/A,,OTHER,CLEAR,DRY,DAYLIGHT,NO CONTROLS,NONE DETECTED,,734BC07F-0F60-40BA-9279-1B2310655519,No,NO APPARENT INJURY,N/A,NOT DISTRACTED,MD,7FDE1DBE-3329-41E7-BC97-8C7C39C5562F,FUNCTIONAL,EIGHT OCLOCK,PASSENGER CAR,SLOWING OR STOPPING,Unknown,35,No,No,2014,NISSAN,ALTIMA,39.06292717,-77.04956867,""(39.06292717, -77.04956867)"""
"DM8494001M,210050653,Takoma Park Police Depart,Property Damage Crash,12/13/2021 02:35:00 PM,,,,ALLEYWAY OF 1329 UNIVERSITY BLVD E. (PARKING LOT AREA),,,SAME DIRECTION RIGHT TURN,CLEAR,,DAYLIGHT,NO CONTROLS,UNKNOWN,,2E9D5E73-AF38-4833-94D4-6E163B92B2DD,Yes,NO APPARENT INJURY,N/A,UNKNOWN,MA,ADDB7D65-D34E-40A6-AAFB-8622566D0768,SUPERFICIAL,SIX OCLOCK,PASSENGER CAR,MOVING CONSTANT SPEED,South,35,No,No,2016,HYUNDAI,ELANTRA,38.98753583,-76.98625867,""(38.98753583, -76.98625867)"""
"DD56530031,230070516,Rockville Police Departme,Injury Crash,12/07/2023 11:17:00 PM,Municipality,MONROE ST,ARGYLE ST,,ROCKVILLE,PEDESTRIAN,SINGLE VEHICLE,CLOUDY,DRY,DARK LIGHTS ON,STOP SIGN,UNKNOWN,ALCOHOL PRESENT,EDF09407-B07F-4B18-8048-C7D487758C65,Yes,NO APPARENT INJURY,N/A,UNKNOWN,,3B491094-8E55-4B2E-8732-4097B29ADDB6,UNKNOWN,TWELVE OCLOCK,UNKNOWN,MAKING U TURN,South,50,No,No,0,UNKNOWN,UNKNOWN,39.07795461,-77.15156858,""(39.07795461, -77.15156858)"""
"MCP2635008C,230056994,Montgomery County Police,Property Damage Crash,09/26/2023 03:26:00 PM,Maryland (State),GEORGIA AVE,QUEEN MARY DR,,N/A,,STRAIGHT MOVEMENT ANGLE,RAINING,WET,DAYLIGHT,STOP SIGN,N/A,,06CDFC7B-E107-42C5-88FA-30DE7755AED3,Yes,NO APPARENT INJURY,""N/A, RAIN, SNOW"",LOOKED BUT DID NOT SEE,MD,1DF99283-A665-4394-AB8A-012712588362,DISABLING,EIGHT OCLOCK,(SPORT) UTILITY VEHICLE,MAKING LEFT TURN,East,30,No,No,2008,HONDA,CRV,39.148556,-77.06693767,""(39.148556, -77.06693767)"""
"MCP3080003T,230057922,Montgomery County Police,Property Damage Crash,10/01/2023 07:12:00 PM,Maryland (State),FREDERICK RD,GAME PRESERVE RD,,N/A,,STRAIGHT MOVEMENT ANGLE,CLEAR,DRY,DARK LIGHTS ON,STOP SIGN,NONE DETECTED,,FF3778EF-3614-4965-8859-607D6BAD23BE,No,NO APPARENT INJURY,N/A,NOT DISTRACTED,MD,CA583FDC-AB8C-45C2-8CD1-AD0F71349E5B,FUNCTIONAL,TWO OCLOCK,POLICE VEHICLE/NON EMERGENCY,MOVING CONSTANT SPEED,South,40,No,No,2014,DODGE,CHARGER,39.16409283,-77.22851217,""(39.16409283, -77.22851217)"""
"MCP26670088,220050819,Montgomery County Police,Injury Crash,11/17/2022 11:00:00 AM,Maryland (State),MUNCASTER MILL RD,IVY OAK DR,,N/A,,SAME DIR REAR END,CLEAR,DRY,DAYLIGHT,N/A,NONE DETECTED,,BE4CA564-A23A-473A-9939-CDE0ADF5B630,No,NO APPARENT INJURY,N/A,NOT DISTRACTED,MD,6CC6528D-20FD-48DA-BF09-7BCD0DA7528C,FUNCTIONAL,SIX OCLOCK,PASSENGER CAR,STOPPED IN TRAFFIC LANE,West,35,No,No,2017,MERZ,SEDAN,39.15653183,-77.15672883,""(39.15653183, -77.15672883)"""
"MCP2832008X,230072393,Montgomery County Police,Property Damage Crash,12/18/2023 02:11:00 PM,County,ARLINGTON RD,BRADLEY BLVD,,N/A,,ANGLE MEETS LEFT TURN,CLEAR,DRY,DAYLIGHT,NO CONTROLS,NONE DETECTED,,3750F474-A337-4F91-9BA7-0869EDBDB610,Yes,NO APPARENT INJURY,N/A,LOOKED BUT DID NOT SEE,DC,871B9F02-DC4C-4639-9A2A-0303B41BC145,DISABLING,TWO OCLOCK,PASSENGER CAR,MAKING LEFT TURN,North,30,No,No,2019,VOLKS,JETTA,38.97897117,-77.09878983,""(38.97897117, -77.09878983)"""
"MCP24750010,16027858,Montgomery County Police,Property Damage Crash,06/03/2016 07:28:00 PM,County,PINEDALE DR,STONEYHILL DR,,N/A,,OTHER,N/A,WET,DAYLIGHT,NO CONTROLS,UNKNOWN,,2444FB4B-8F25-4839-9CAF-2213ACCFBF1D,Yes,NO APPARENT INJURY,""N/A, WET"",UNKNOWN,,BFAEA037-29E6-434D-9D2A-9D88860F8DD2,UNKNOWN,TWELVE OCLOCK,PASSENGER CAR,MAKING RIGHT TURN,East,30,No,No,0,UNKNOWN,UNKNOWN,39.03234439,-77.00016975,""(39.03234439, -77.00016975)"""
"EJ78880053,230059516,Gaithersburg Police Depar,Injury Crash,10/09/2023 05:45:00 PM,,MONTGOMERY VILLAGE AVENUE,OFF RAMP NB 270 TO MONTGOMERY VILLAGE AVE,,N/A,,SAME DIR REAR END,RAINING,WET,DUSK,TRAFFIC SIGNAL,NONE DETECTED,,DF35800E-3E9D-4169-9750-9A5C53519669,Yes,NO APPARENT INJURY,""RAIN, SNOW, WET"",LOOKED BUT DID NOT SEE,MD,EA841748-A493-4A33-B818-822C37F44A9C,DISABLING,TWELVE OCLOCK,VAN,SLOWING OR STOPPING,East,45,No,No,2011,TOYT,VN,39.1490864,-77.21633268,""(39.1490864, -77.21633268)"""
"MCP2954002X,17006651,Montgomery County Police,Property Damage Crash,02/07/2017 12:54:00 PM,,,,8956 PINEY BRANCH RD,,,STRAIGHT MOVEMENT ANGLE,CLEAR,,DAYLIGHT,NO CONTROLS,N/A,,175A4303-F10B-4FFF-B24F-A827C52E3575,Yes,NO APPARENT INJURY,N/A,UNKNOWN,MD,1F85E850-667F-4F1C-9E1D-5C2F9472229C,SUPERFICIAL,SIX OCLOCK,PASSENGER CAR,BACKING,South,5,No,No,2017,NISSAN,ALTIMA,38.99899978,-76.99947707,""(38.99899978, -76.99947707)"""
"MCP3022005G,230065812,Montgomery County Police,Injury Crash,11/11/2023 03:59:00 PM,Maryland (State),DAMASCUS RD,HIPSLEY MILL RD,,N/A,,STRAIGHT MOVEMENT ANGLE,CLEAR,DRY,DAYLIGHT,STOP SIGN,N/A,,1DB1C5F1-6A7B-4BB5-BFA3-B2EFF44FF3DB,No,SUSPECTED SERIOUS INJURY,N/A,UNKNOWN,MD,96F5231C-20D9-492D-B892-A85AF1C5C806,DESTROYED,TWELVE OCLOCK,MOTORCYCLE,UNKNOWN,South,50,No,No,2000,GATO,748,39.25249167,-77.1395015,""(39.25249167, -77.1395015)"""
"MCP3093002T,200014846,Montgomery County Police,Property Damage Crash,04/02/2020 09:07:00 PM,Municipality,THORNAPPLE ST,BROOKVILLE RD,,N/A,,OTHER,N/A,DRY,DARK LIGHTS ON,N/A,ALCOHOL PRESENT,,324A42F8-24F6-4354-82B0-1605E7166C01,Yes,NO APPARENT INJURY,N/A,OTHER DISTRACTION,MD,E532A210-7E23-4CC7-B3F3-22042AF03041,FUNCTIONAL,TWELVE OCLOCK,PICKUP TRUCK,MOVING CONSTANT SPEED,East,0,No,No,2006,TOYOTA,TK,38.98236847,-77.0722271,""(38.98236847, -77.0722271)"""
"MCP3197003J,230052296,Montgomery County Police,Property Damage Crash,09/01/2023 06:42:00 PM,County,BEL PRE RD,NORTH GATE DR,,N/A,,SAME DIR REAR END,CLEAR,DRY,DAYLIGHT,PERSON,NONE DETECTED,,19EB5BBA-0522-45E8-9E79-1FA76F72B994,No,NO APPARENT INJURY,N/A,NOT DISTRACTED,MD,D785A87F-9FE3-4962-8C87-C2CC91FF9BEC,FUNCTIONAL,SIX OCLOCK,PASSENGER CAR,STOPPED IN TRAFFIC LANE,West,0,No,No,2015,MERCEDES,BENZ,39.09043149,-77.05087352,""(39.09043149, -77.05087352)"""
"MCP2516004K,230067356,Montgomery County Police,Property Damage Crash,11/20/2023 08:40:00 AM,Maryland (State),GERMANTOWN RD,MIDDLEBROOK RD,,N/A,,SAME DIRECTION RIGHT TURN,CLEAR,DRY,DAYLIGHT,TRAFFIC SIGNAL,NONE DETECTED,,0D980BE7-8472-4090-A141-C8FD1DE2FF54,No,NO APPARENT INJURY,N/A,NOT DISTRACTED,MD,A58C5F88-9408-4A2C-8E48-045119E2D1E7,SUPERFICIAL,EIGHT OCLOCK,PASSENGER CAR,MOVING CONSTANT SPEED,East,35,No,No,2016,TOYOTA,SCION,39.17913918,-77.26769599,""(39.17913918, -77.26769599)"""
"MCP3374001B,230051058,Montgomery County Police,Property Damage Crash,08/24/2023 11:46:00 AM,Municipality,EVERETT ST,SUMMIT AVE,,CHEVY CHASE VIEW,,SAME DIR REAR END,CLOUDY,DRY,DAYLIGHT,NO CONTROLS,NONE DETECTED,,40AAA178-5E9E-4538-BBEF-63D998BBD960,Yes,NO APPARENT INJURY,N/A,INATTENTIVE OR LOST IN THOUGHT,MD,84A3B962-6C8F-43EC-A1CF-CCD81A81F481,NO DAMAGE,TEN OCLOCK,PASSENGER CAR,PARKED,,20,No,Yes,2020,FORD,CG,39.01950763,-77.07569294,""(39.01950763, -77.07569294)"""
"MCP15500037,220018637,Montgomery County Police,Injury Crash,05/02/2022 02:09:00 PM,Maryland (State),ROCKVILLE PIKE,TUCKERMAN LA,,N/A,,SINGLE VEHICLE,CLEAR,DRY,DAYLIGHT,TRAFFIC SIGNAL,NONE DETECTED,,485DE257-645C-4BE3-88C0-58A1AB1E2585,Yes,SUSPECTED MINOR INJURY,N/A,NOT DISTRACTED,MD,DDCD1101-61F2-4F9C-BBD3-2524BF59BC49,DISABLING,UNDERSIDE,PASSENGER CAR,MOVING CONSTANT SPEED,North,45,No,No,2020,KIA,OPTIMA,39.03102167,-77.10515,""(39.03102167, -77.10515)"""
"MCP12130083,230052519,Montgomery County Police,Injury Crash,08/31/2023 09:44:00 PM,County,RANDOLPH RD,LOCKSLEY LA,,N/A,,STRAIGHT MOVEMENT ANGLE,CLEAR,DRY,DARK LIGHTS ON,TRAFFIC SIGNAL,NONE DETECTED,,EB0273A3-0219-4D09-BA2A-0EB3F5964999,No,NO APPARENT INJURY,N/A,NOT DISTRACTED,MD,FA38F1D2-2BE5-47B8-9F28-B72EA677CF0B,DISABLING,TWELVE OCLOCK,PASSENGER CAR,MOVING CONSTANT SPEED,West,40,No,No,2020,HOND,ACCORD,39.07161333,-77.01143,""(39.07161333, -77.01143)"""
"MCP2948006N,230072450,Montgomery County Police,Property Damage Crash,12/18/2023 07:30:00 PM,County,RANDOLPH RD,BLUHILL RD,,N/A,,SAME DIR REAR END,CLEAR,DRY,N/A,N/A,NONE DETECTED,,0FC4F5B4-9443-40E3-AE0C-9D1003B862E3,Yes,NO APPARENT INJURY,N/A,LOOKED BUT DID NOT SEE,MD,F78F66DA-88F5-480B-8F06-15C6640EFBCE,DISABLING,TWELVE OCLOCK,PASSENGER CAR,MOVING CONSTANT SPEED,West,35,No,No,2015,MERCEDES,ML350,39.05804467,-77.05770579,""(39.05804467, -77.05770579)"""
"EJ7833007W,230062693,Gaithersburg Police Depar,Property Damage Crash,10/11/2023 02:54:00 PM,,,,REAR DELIVERY AREA OF 221 MUDDY BRANCH ROAD,,,UNKNOWN,CLEAR,,DAYLIGHT,NO CONTROLS,UNKNOWN,,E6E08BB8-99EB-414A-8F7A-30F9B103305D,Yes,NO APPARENT INJURY,N/A,UNKNOWN,,A816ABB9-1754-423C-84B5-7FB59E00D92B,UNKNOWN,UNKNOWN,,BACKING,Unknown,0,No,No,0,UNKNOWN,UNKNOWN,39.12753051,-77.2055495,""(39.12753051, -77.2055495)"""
"MCP33340020,230069510,Montgomery County Police,Property Damage Crash,12/02/2023 05:23:00 PM,County,ASTON MANOR DR,GATESHEAD MANOR WAY,,N/A,,STRAIGHT MOVEMENT ANGLE,CLOUDY,DRY,DARK LIGHTS ON,STOP SIGN,NONE DETECTED,,73D9554E-82E3-4664-830C-8DA42C775E5B,Unknown,NO APPARENT INJURY,N/A,UNKNOWN,MD,30642C83-19CC-48B2-8A87-E93D90C6BF91,FUNCTIONAL,ONE OCLOCK,POLICE VEHICLE/NON EMERGENCY,STARTING FROM LANE,North,25,No,No,2023,FORD,UT,39.078647,-76.93771383,""(39.078647, -76.93771383)"""
"MCP3295002Y,230046684,Montgomery County Police,Property Damage Crash,07/28/2023 08:39:00 AM,Maryland (State),CONNECTICUT AVE,SHEPHERD ST,,CHEVY CHASE #3,,SAME DIRECTION SIDESWIPE,CLEAR,DRY,DAYLIGHT,NO CONTROLS,NONE DETECTED,,49E33859-FE8B-4325-928C-B9087344349F,No,NO APPARENT INJURY,N/A,NOT DISTRACTED,TX,4C58E339-9400-4A96-8B9E-C51787B7FD44,SUPERFICIAL,ONE OCLOCK,PASSENGER CAR,MOVING CONSTANT SPEED,South,30,No,No,2018,FORD,TRANSIT 350,38.97900147,-77.0772196,""(38.97900147, -77.0772196)"""
"DD5502007V,230064024,Rockville Police Departme,Injury Crash,11/02/2023 04:25:00 PM,,,,PARKING LOT OF JACKSON PLACE 932 HUNGERFORD DR,,,SAME DIRECTION SIDESWIPE,CLEAR,,DAWN,STOP SIGN,NONE DETECTED,,EF51A0B9-7614-4F3F-AB88-32DEAB930169,Yes,NO APPARENT INJURY,N/A,NOT DISTRACTED,MD,89A0D4A1-7A2A-421C-A95B-F2233EE21481,FUNCTIONAL,TWELVE OCLOCK,(SPORT) UTILITY VEHICLE,MAKING RIGHT TURN,South,15,No,No,2020,LEXS,UT,39.09778264,-77.15384045,""(39.09778264, -77.15384045)"""
"MCP20470047,210044481,Montgomery County Police,Injury Crash,11/03/2021 11:50:00 AM,County,CRABBS BRANCH WAY,REDLAND RD,,N/A,,HEAD ON LEFT TURN,CLEAR,DRY,DAYLIGHT,N/A,NONE DETECTED,,FB6C2508-4044-4548-A24B-B2F92519FF07,Yes,NO APPARENT INJURY,N/A,LOOKED BUT DID NOT SEE,MD,3FDDA826-C106-49C0-BC5C-9E04114168E2,DISABLING,ONE OCLOCK,PASSENGER CAR,MAKING LEFT TURN,North,35,No,No,2018,TOYOTA,CAMRY,39.120165,-77.15735333,""(39.120165, -77.15735333)"""
"EJ7898000X,230051454,Gaithersburg Police Depar,Injury Crash,08/26/2023 11:27:00 AM,,,,616 QUINCE ORCHARD RD PARKING LOT,,,STRAIGHT MOVEMENT ANGLE,CLEAR,,DAYLIGHT,N/A,NONE DETECTED,,66D6DD9E-C0C0-4978-9EBE-EA0DCD838105,Yes,NO APPARENT INJURY,N/A,LOOKED BUT DID NOT SEE,MD,81E69F00-46E7-4C72-B257-C681F1AEB997,SUPERFICIAL,SIX OCLOCK,OTHER,BACKING,South,15,No,No,2010,TOYT,4S,39.1417929,-77.22304212,""(39.1417929, -77.22304212)"""
"MCP26740043,230031127,Montgomery County Police,Property Damage Crash,06/29/2023 05:47:00 PM,County,NICKELBY DR,NICKELBY CT,,N/A,,OTHER,CLEAR,DRY,DAYLIGHT,NO CONTROLS,ALCOHOL PRESENT,,405B6B9A-9F97-41B1-A6C2-17D839E9DE1F,Yes,NO APPARENT INJURY,N/A,NOT DISTRACTED,MD,6333A0E5-4870-4C55-AA5C-F89BF4D3106A,DISABLING,TWELVE OCLOCK,VAN,MOVING CONSTANT SPEED,North,25,No,No,2019,FORD,VAN,39.26515725,-77.2155966,""(39.26515725, -77.2155966)"""
"MCP1378016N,230068046,Montgomery County Police,Injury Crash,11/24/2023 11:35:00 AM,Maryland (State),CLOPPER RD,W WATKINS MILL RD,,GAITHERSBURG,,STRAIGHT MOVEMENT ANGLE,CLOUDY,DRY,DAYLIGHT,TRAFFIC SIGNAL,NONE DETECTED,,0E06FE2E-F520-4D2F-87D5-E22CE4D4C7F6,Yes,NO APPARENT INJURY,N/A,NOT DISTRACTED,MD,25D9B7CC-507B-429A-A68D-74DA972E96A1,DISABLING,TWELVE OCLOCK,PASSENGER CAR,MOVING CONSTANT SPEED,West,35,No,No,2019,CHEVROLET,MALIBU,39.14756501,-77.23296192,""(39.14756501, -77.23296192)"""
"MCP2693001M,16056771,Montgomery County Police,Property Damage Crash,11/03/2016 05:00:00 PM,County,PARKLAND DR,CALDWELL ST,,N/A,,SAME DIRECTION SIDESWIPE,CLEAR,DRY,DUSK,N/A,UNKNOWN,,957AADD3-806B-4A46-9120-797F4582BC6E,Yes,NO APPARENT INJURY,N/A,UNKNOWN,MD,DD85ABD5-A7C1-4328-8340-0FEE0AC4BB17,SUPERFICIAL,ONE OCLOCK,PASSENGER CAR,OTHER,North,25,No,No,1999,DODGE,RAM3500,39.06395,-77.090215,""(39.06395, -77.090215)"""
"MCP2974004N,230034511,Montgomery County Police,Injury Crash,07/20/2023 09:25:00 AM,Maryland (State),SANDY SPRING RD,COLUMBIA PIKE,,N/A,,SAME DIR REAR END,CLEAR,DRY,DAYLIGHT,NO CONTROLS,NONE DETECTED,,25D19276-AE66-41D2-8050-DF297CBC69AB,No,POSSIBLE INJURY,""ANIMAL, BACKUP DUE TO NON-RECURRING INCIDENT"",NOT DISTRACTED,MD,D96164B9-3497-46D9-8DC9-442EC79297F0,DISABLING,SIX OCLOCK,PASSENGER CAR,STOPPED IN TRAFFIC LANE,West,35,No,No,2010,TOYOTA,COROLLA,39.1117355,-76.92951733,""(39.1117355, -76.92951733)"""
"MCP3008003S,230046304,Montgomery County Police,Property Damage Crash,07/25/2023 02:30:00 AM,County,11TH AVE,RUATAN ST,,N/A,,OTHER,CLEAR,DRY,DARK LIGHTS ON,NO CONTROLS,ILLEGAL DRUG CONTRIBUTED,,01682898-1837-4BAB-BD5B-637713AFFB32,Yes,NO APPARENT INJURY,N/A,UNKNOWN,MD,50712795-02AA-4042-8B23-331B261AE981,SUPERFICIAL,SIX OCLOCK,PASSENGER CAR,ACCELERATING,South,25,No,No,2013,HOND,CIVIC,38.997006,-76.99063,""(38.997006, -76.99063)"""
"MCP3115006N,230034904,Montgomery County Police,Property Damage Crash,07/22/2023 01:00:00 PM,County,BRIGGS CHANEY RD,CASTLE BLVD,,N/A,,ANGLE MEETS LEFT TURN,CLEAR,DRY,DAYLIGHT,TRAFFIC SIGNAL,N/A,,36CA50AC-0339-4ACB-81A3-D0FDB1779583,Yes,NO APPARENT INJURY,N/A,UNKNOWN,MD,04C10BBF-2162-4249-BC02-EF0B633ACE25,UNKNOWN,TWELVE OCLOCK,PASSENGER CAR,MOVING CONSTANT SPEED,West,35,No,No,2016,NISSAN,ALTIMA,39.07907967,-76.94511033,""(39.07907967, -76.94511033)"""
"DM8502000X,230056950,Takoma Park Police Depart,Property Damage Crash,09/26/2023 12:11:00 PM,Municipality,NEW HAMPSHIRE AVE SERV RD,KIRKLYNN AVE,,TAKOMA PARK,,SAME DIR REAR END,RAINING,WET,DAYLIGHT,TRAFFIC SIGNAL,NONE DETECTED,,4BA387A8-55D2-4AD1-9C8C-E593E226284D,No,NO APPARENT INJURY,""N/A, WET"",NOT DISTRACTED,MD,EE9D1176-5BF8-4BFB-B466-156EC36FDD66,SUPERFICIAL,SIX OCLOCK,PASSENGER CAR,SLOWING OR STOPPING,North,35,No,No,2010,HONDA,CIVIC,38.986477,-76.987834,""(38.986477, -76.987834)"""
"MCP2760003Z,230050746,Montgomery County Police,Property Damage Crash,08/22/2023 05:20:00 PM,Maryland (State),MONTGOMERY VILLAGE AVE,SPUR FR MD 124 TO MD 124,,N/A,,SAME DIR REAR END,CLEAR,DRY,DAYLIGHT,NO CONTROLS,N/A,,CE316B12-5B29-4641-9AED-26A2DC0464F8,Yes,NO APPARENT INJURY,N/A,UNKNOWN,MD,8D7D1A03-56B7-4F6A-923B-2C350B82E242,FUNCTIONAL,TWELVE OCLOCK,PASSENGER CAR,SLOWING OR STOPPING,South,35,No,No,2014,DODGE,CHALLENGER,39.15947,-77.202375,""(39.15947, -77.202375)"""
"MCP1564007Q,230071467,Montgomery County Police,Property Damage Crash,12/13/2023 11:36:00 AM,Maryland (State),GEORGIA AVE,SANDY SPRING VFD,,N/A,,SAME DIR REAR END,CLOUDY,DRY,DAYLIGHT,FLASHING TRAFFIC SIGNAL,NONE DETECTED,,947AC859-CEAC-484F-9EFC-21F142375449,No,NO APPARENT INJURY,N/A,NOT DISTRACTED,MD,CB3FB4A2-055B-4FB9-A1AD-F31BDA264605,FUNCTIONAL,SIX OCLOCK,PASSENGER CAR,SLOWING OR STOPPING,South,45,No,No,2021,INFINTI,Q50,39.13465167,-77.06984567,""(39.13465167, -77.06984567)"""
"MCP2688001Z,16016032,Montgomery County Police,Property Damage Crash,04/02/2016 01:06:00 AM,,,,PARKING LOT,,,SINGLE VEHICLE,N/A,,DARK LIGHTS ON,N/A,ALCOHOL PRESENT,,1885D4FC-26E3-4859-BFB3-8149B6BA1F0A,Yes,NO APPARENT INJURY,N/A,NOT DISTRACTED,DC,E22FB35F-8055-435A-A557-B26C6072F088,SUPERFICIAL,TWELVE OCLOCK,PASSENGER CAR,MOVING CONSTANT SPEED,East,10,No,No,2012,HYUNDAI,ELANTRA,39.008795,-77.04063,""(39.008795, -77.04063)"""
"MCP9379004X,230052647,Montgomery County Police,Property Damage Crash,09/01/2023 02:40:00 PM,Maryland (State),NORBECK RD,BALTIMORE RD,,N/A,,SAME DIR REAR END,CLEAR,DRY,DAYLIGHT,TRAFFIC SIGNAL,NONE DETECTED,,CC3AACAB-6F7B-44C9-A788-236FBF66FAF2,Yes,NO APPARENT INJURY,N/A,OTHER DISTRACTION,MD,08549719-8914-4B81-80D2-4B9632F6C1FA,DISABLING,TWELVE OCLOCK,PASSENGER CAR,MOVING CONSTANT SPEED,East,40,No,No,2010,HOND,SD,39.09528033,-77.11244383,""(39.09528033, -77.11244383)"""
"DD5644003G,230067978,Rockville Police Departme,Injury Crash,11/23/2023 07:20:00 PM,Municipality,WOOTTON PKWY,FALLS RD,,N/A,,SAME DIR REAR END,CLEAR,DRY,DARK LIGHTS ON,TRAFFIC SIGNAL,UNKNOWN,,38581F6B-90DE-46AC-A2B7-3D4BF5C8E0E5,Yes,NO APPARENT INJURY,N/A,UNKNOWN,,180199F5-61A0-4147-98C3-4F72EC2AD822,UNKNOWN,TWELVE OCLOCK,PICKUP TRUCK,MOVING CONSTANT SPEED,East,35,No,No,2000,WHITE,PICKUP TRUCK,39.06982217,-77.17005967,""(39.06982217, -77.17005967)"""
"MCP2536004V,230063724,Montgomery County Police,Property Damage Crash,11/01/2023 05:20:00 AM,County,BLUHILL RD,HARRELL ST,,N/A,,OTHER,CLEAR,DRY,DARK LIGHTS ON,NO CONTROLS,UNKNOWN,,7B729967-3E00-4F38-87E9-72DBF0D36515,Yes,NO APPARENT INJURY,N/A,NOT DISTRACTED,MD,A3369DD8-F08B-4378-A5BE-E2769DCA2016,DISABLING,ONE OCLOCK,PASSENGER CAR,ACCELERATING,North,30,No,No,2012,HYUNDA,SONATA,39.06375,-77.065585,""(39.06375, -77.065585)"""
"MCP33070025,230054484,Montgomery County Police,Property Damage Crash,09/12/2023 04:15:00 PM,County,HOMECREST RD,AQUARIUS AVE,,N/A,,SINGLE VEHICLE,CLEAR,DRY,DAYLIGHT,NO CONTROLS,NONE DETECTED,,90D491E0-994F-48B8-974F-7E6679C2B4C1,No,NO APPARENT INJURY,N/A,UNKNOWN,MD,8C007910-2A5A-463B-A2EA-5E4911FA4144,NO DAMAGE,TWELVE OCLOCK,SCHOOL BUS,MOVING CONSTANT SPEED,North,25,No,No,2020,THOMAS,BUS,39.10160867,-77.05728,""(39.10160867, -77.05728)"""
"MCP1595002F,230065714,Montgomery County Police,Injury Crash,11/11/2023 12:17:00 AM,Maryland (State),UNIVERSITY BLVD W,REEDIE DR,,N/A,PEDESTRIAN,OTHER,CLEAR,DRY,DARK LIGHTS ON,NO CONTROLS,NONE DETECTED,ALCOHOL CONTRIBUTED,516C40D6-AFBD-43AF-B86E-F758C6B33F2B,No,NO APPARENT INJURY,N/A,NOT DISTRACTED,MD,B197CCB9-B7E7-4866-B359-291B02F97618,FUNCTIONAL,ELEVEN OCLOCK,PASSENGER CAR,MOVING CONSTANT SPEED,East,35,No,No,2013,TOYOTA,COROLLA,39.03973071,-77.04286618,""(39.03973071, -77.04286618)"""
"MCP32680031,230047607,Montgomery County Police,Property Damage Crash,08/03/2023 11:44:00 AM,County,FALLING CREEK RD,HIDDEN VALLEY LA,,N/A,,STRAIGHT MOVEMENT ANGLE,CLEAR,DRY,DAYLIGHT,STOP SIGN,NONE DETECTED,,E5F966A8-ED24-4294-AA83-727DD6C2AB28,Yes,NO APPARENT INJURY,N/A,LOOKED BUT DID NOT SEE,MD,48F72205-6A5F-4962-9884-0E15D6215905,SUPERFICIAL,TWELVE OCLOCK,PASSENGER CAR,MOVING CONSTANT SPEED,North,10,No,No,2018,TOYOTA,COROLLA,39.07323717,-76.9635115,""(39.07323717, -76.9635115)"""
"MCP3227004X,230057751,Montgomery County Police,Property Damage Crash,09/30/2023 07:22:00 PM,County,BARRON ST,GILBERT PL,,N/A,,SAME DIRECTION SIDESWIPE,CLEAR,DRY,DUSK,NO CONTROLS,UNKNOWN,,3F90597E-C2FA-4137-A7DA-9C7E652E35A5,Yes,NO APPARENT INJURY,N/A,UNKNOWN,,9660CC53-A590-443E-BCB6-EB57C7D54C75,UNKNOWN,TWO OCLOCK,PASSENGER CAR,MOVING CONSTANT SPEED,West,20,No,No,2014,FORD,EXPLORER,38.99825375,-76.9971949,""(38.99825375, -76.9971949)"""
"MCP3312003R,230046577,Montgomery County Police,Property Damage Crash,07/28/2023 07:50:00 AM,County,MUSGROVE RD,COLUMBIA PIKE,,N/A,,SAME DIRECTION LEFT TURN,CLEAR,DRY,DAYLIGHT,TRAFFIC SIGNAL,NONE DETECTED,,242C9F65-F8B5-4060-B5B4-CCC1A13AAD2D,Yes,NO APPARENT INJURY,N/A,LOOKED BUT DID NOT SEE,MD,85AA4A43-7EA6-4CC5-87C9-997036F3253A,SUPERFICIAL,NINE OCLOCK,VAN,CHANGING LANES,West,30,No,No,2005,CHEVROLET,VN,39.07208167,-76.95960667,""(39.07208167, -76.95960667)"""