Report Number,Local Case Number,Agency Name,ACRS Report Type,Crash Date/Time,Route Type,Road Name,Cross-Street Name,Off-Road Description,Municipality,Related Non-Motorist,Collision Type,Weather,Surface Condition,Light,Traffic Control,Driver Substance Abuse,Non-Motorist Substance Abuse,Person ID,Driver At Fault,Injury Severity,Circumstance,Driver Distracted By,Drivers License State,Vehicle ID,Vehicle Damage Extent,Vehicle First Impact Location,Vehicle Body Type,Vehicle Movement,Vehicle Going Dir,Speed Limit,Driverless Vehicle,Parked Vehicle,Vehicle Year,Vehicle Make,Vehicle Model,Latitude,Longitude,Location
"MCP91180042,230035007,Montgomery County Police,Injury Crash,07/23/2023 05:41:00 AM,Maryland (State),VEIRS MILL RD,CONNECTICUT AVE,,N/A,,SINGLE VEHICLE,CLEAR,DRY,DARK LIGHTS ON,NO CONTROLS,NONE DETECTED,,9311006E-C45B-45C5-8AE1-B335CAF951DC,Yes,POSSIBLE INJURY,N/A,UNKNOWN,MD,CA52DB8A-B51C-4EC7-A589-DA898D823D94,DISABLING,TWELVE OCLOCK,PASSENGER CAR,MOVING CONSTANT SPEED,East,40,No,No,2018,HONDA,ACCORD,39.05044387,-77.07356777,""(39.05044387, -77.07356777)"""
"MCP2420005B,230072711,Montgomery County Police,Property Damage Crash,12/20/2023 09:30:00 AM,Maryland (State),NEW HAMPSHIRE AVE,HOBBS DR,,N/A,,SINGLE VEHICLE,CLEAR,DRY,DAYLIGHT,NO CONTROLS,NONE DETECTED,,4202AA31-CC18-48E8-936C-E8A94564F5F1,Yes,NO APPARENT INJURY,N/A,LOOKED BUT DID NOT SEE,VA,EC031ACD-1470-43AE-BA82-6B2D570FDE24,DISABLING,TWELVE OCLOCK,PASSENGER CAR,MOVING CONSTANT SPEED,South,40,No,No,2011,VOLKS,GTI,39.08460617,-76.99994483,""(39.08460617, -76.99994483)"""
"MCP3372001R,230062739,Montgomery County Police,Injury Crash,10/26/2023 04:57:00 PM,Maryland (State),NORBECK RD,TWIN VALLEY CT,,N/A,,HEAD ON LEFT TURN,CLEAR,DRY,DAYLIGHT,NO CONTROLS,NONE DETECTED,,D8B85B35-5C2D-4DF0-A09D-D2325DD094FB,No,SUSPECTED MINOR INJURY,N/A,NOT DISTRACTED,MD,6E51F7A4-6C0B-41F9-B009-97EC04EA6073,DISABLING,TWELVE OCLOCK,PASSENGER CAR,MOVING CONSTANT SPEED,East,35,No,No,2020,SUBARU,OUTBACK,39.11547683,-77.05180917,""(39.11547683, -77.05180917)"""
"MCP25980032,190043825,Montgomery County Police,Property Damage Crash,09/13/2019 08:50:00 AM,,SNOWDEN FARM PARKWAY,WINDING WOODS WAY,,N/A,,STRAIGHT MOVEMENT ANGLE,CLOUDY,DRY,DAYLIGHT,YIELD SIGN,NONE DETECTED,,3906B843-3C8E-43D9-9FD2-1C621E6DF678,No,NO APPARENT INJURY,N/A,NOT DISTRACTED,MD,27FF0948-145B-4EF4-9057-9786441F77EC,FUNCTIONAL,ONE OCLOCK,PASSENGER CAR,MOVING CONSTANT SPEED,West,40,No,No,2009,VOLVO,XC90,39.2261434,-77.24709474,""(39.2261434, -77.24709474)"""
"MCP2641003B,230055354,Montgomery County Police,Property Damage Crash,09/17/2023 10:25:00 AM,County,RIDGE RD,OBSERVATION DR,,N/A,,SAME DIR REAR END,RAINING,WET,DAYLIGHT,TRAFFIC SIGNAL,NONE DETECTED,,A1E0835C-2BB5-4D10-905C-7DFF349C78FB,No,NO APPARENT INJURY,""RAIN, SNOW, WET"",NOT DISTRACTED,MD,3B761A62-422D-4B2E-9A6C-B9281ABDBC13,FUNCTIONAL,SIX OCLOCK,PASSENGER CAR,STOPPED IN TRAFFIC LANE,South,45,No,No,2021,TOYT,TUNDRA,39.20224333,-77.25329167,""(39.20224333, -77.25329167)"""
"MCP1174006H,230057350,Montgomery County Police,Property Damage Crash,09/28/2023 05:16:00 PM,County,STANFORD ST,WISCONSIN AVE,,N/A,,SAME DIRECTION RIGHT TURN,CLEAR,DRY,DAYLIGHT,NO CONTROLS,NONE DETECTED,,1BF2A14F-AA9B-499B-B317-C65CC58C176E,No,NO APPARENT INJURY,N/A,NOT DISTRACTED,MD,CE07489D-0689-4AA1-AE5F-DC4AA4C3254A,DISABLING,ELEVEN OCLOCK,PASSENGER CAR,MOVING CONSTANT SPEED,West,25,No,No,2011,JEEP,WRANGLER,38.97861832,-77.09010099,""(38.97861832, -77.09010099)"""
"HA2492000S,23001788,Maryland-National Capital,Property Damage Crash,09/13/2023 12:00:00 PM,,,,MINOR COLLISION INSIDE THE PARKING GARAGE AT MNCPPC HEADQUARTERS,,,SAME DIRECTION SIDESWIPE,CLEAR,,DARK LIGHTS ON,NO CONTROLS,NONE DETECTED,,85A35275-7F48-4C4A-8D32-1F0DA6861FAC,Yes,NO APPARENT INJURY,N/A,INATTENTIVE OR LOST IN THOUGHT,MD,347AB2D4-C2B2-4432-9B51-F3DA4C0293B0,SUPERFICIAL,ONE OCLOCK,VAN,PARKING,North,15,No,No,2018,CHRYSLER,PACIFICA,39.03927941,-77.05209365,""(39.03927941, -77.05209365)"""
"DD5665001B,230049253,Rockville Police Departme,Property Damage Crash,08/13/2023 02:10:00 PM,Maryland (State),W MONTGOMERY AVE,DARNESTOWN RD,,N/A,,SAME DIRECTION SIDESWIPE,CLEAR,DRY,DAYLIGHT,TRAFFIC SIGNAL,N/A,,B8A01431-E5F8-499B-97C2-A2234951E5AE,No,NO APPARENT INJURY,N/A,NOT DISTRACTED,DC,64EC93AD-326F-47A6-97B1-55C3BF169A85,FUNCTIONAL,ONE OCLOCK,PASSENGER CAR,MOVING CONSTANT SPEED,West,45,No,No,2003,TOYOTA,YARIS,39.10221318,-77.18852556,""(39.10221318, -77.18852556)"""
"MCP2910003R,170512655,Montgomery County Police,Injury Crash,06/09/2017 11:12:00 AM,County,MUSGROVE RD,OLD COLUMBIA PIKE,,N/A,,SAME DIRECTION LEFT TURN,CLEAR,DRY,DAYLIGHT,NO CONTROLS,NONE DETECTED,,92662755-4A62-471D-8979-C431B9AE3A3D,No,NO APPARENT INJURY,N/A,NOT DISTRACTED,MD,4EEFBF67-3987-44D8-AC84-B22E2FCD18DD,FUNCTIONAL,ELEVEN OCLOCK,PASSENGER CAR,MAKING LEFT TURN,West,35,No,No,2009,HONDA,ACCORD,39.06807333,-76.96174833,""(39.06807333, -76.96174833)"""
"EJ78750042,230064031,Gaithersburg Police Depar,Property Damage Crash,11/02/2023 04:32:00 PM,,E DIAMOND AVENUE,N SUMMIT AVENUE,,N/A,,SAME DIR REAR END,CLEAR,DRY,DAYLIGHT,TRAFFIC SIGNAL,N/A,,821B2830-CADE-4AA5-AE5C-8AE377423CC2,Yes,NO APPARENT INJURY,N/A,NOT DISTRACTED,XX,B6F36082-6DDA-4550-9F74-471EDB9617DF,NO DAMAGE,SIX OCLOCK,PASSENGER CAR,STARTING FROM PARKED,East,25,No,No,2022,TOYT,UT,39.14217568,-77.19345361,""(39.14217568, -77.19345361)"""
"MCP3101000F,180014243,Montgomery County Police,Injury Crash,03/22/2018 07:30:00 PM,Municipality,RUSSELL AVE,ODENDHAL AVE,,GAITHERSBURG,,HEAD ON LEFT TURN,CLEAR,DRY,DARK -- UNKNOWN LIGHTING,TRAFFIC SIGNAL,NONE DETECTED,,8655D3C8-B500-45B6-8CEE-23228B08BFAF,Yes,SUSPECTED MINOR INJURY,N/A,UNKNOWN,MD,8855757B-9DC6-4F76-B1AF-2CC3D8878F4A,DISABLING,TWELVE OCLOCK,PASSENGER CAR,MAKING LEFT TURN,North,30,No,No,2008,LEXUS,IS250,39.15072667,-77.203735,""(39.15072667, -77.203735)"""
"MCP2970001W,16046393,Montgomery County Police,Injury Crash,09/10/2016 11:14:00 AM,Maryland (State),VEIRS MILL RD,GALT AVE,,N/A,,STRAIGHT MOVEMENT ANGLE,CLEAR,DRY,DAYLIGHT,STOP SIGN,N/A,,53DBE8A3-D796-4EDD-BB8E-58E2C5389CFB,No,SUSPECTED MINOR INJURY,N/A,NOT DISTRACTED,MD,00472048-F768-4DC0-A27F-0C77B7C619AA,DISABLING,THREE OCLOCK,PASSENGER CAR,MOVING CONSTANT SPEED,West,40,No,No,2006,VOLV,S80,39.04157333,-77.05825167,""(39.04157333, -77.05825167)"""
"MCP3109008W,230071034,Montgomery County Police,Injury Crash,12/11/2023 09:00:00 AM,Maryland (State),NEW HAMPSHIRE AVE,FOX ST,,N/A,,SAME DIR REAR END,CLEAR,WET,DAYLIGHT,NO CONTROLS,NONE DETECTED,,27C9389F-4DB2-43DE-90CA-5751BC9649E8,Yes,NO APPARENT INJURY,""RAIN, SNOW, WET"",NOT DISTRACTED,MD,E5AFF352-8C82-47C7-AD03-D74CF85640C2,SUPERFICIAL,TWELVE OCLOCK,SCHOOL BUS,MOVING CONSTANT SPEED,North,35,No,No,2019,THOMAS,BUS,39.00788421,-76.97986237,""(39.00788421, -76.97986237)"""
"MCP31260051,230069368,Montgomery County Police,Property Damage Crash,12/01/2023 06:21:00 PM,County,PINNACLE DR,CENTURY BLVD,,N/A,,SAME DIRECTION SIDESWIPE,RAINING,WET,DARK LIGHTS ON,NO CONTROLS,NONE DETECTED,,5C4155C9-5982-497E-BC4C-FD5EFAE80A73,No,NO APPARENT INJURY,""RAIN, SNOW, WET"",NOT DISTRACTED,MD,85BB3295-F150-49FF-9861-24FB36CEB8D4,FUNCTIONAL,NINE OCLOCK,PASSENGER CAR,MOVING CONSTANT SPEED,North,20,No,No,2013,TOYOTA,4S,39.18210787,-77.26515607,""(39.18210787, -77.26515607)"""
"MCP1400001F,230049995,Montgomery County Police,Injury Crash,08/17/2023 08:45:00 PM,Maryland (State),GEORGIA AVE,ENT TO OLNEY MANOR RECREATIONAL PARK,,N/A,,HEAD ON LEFT TURN,CLEAR,DRY,DARK LIGHTS ON,TRAFFIC SIGNAL,NONE DETECTED,,FD3CB22A-9E9C-4CF3-84F6-DE2691A65176,Yes,NO APPARENT INJURY,N/A,NOT DISTRACTED,MD,6747170F-9961-4594-9B5C-E8DBF115F6AB,DISABLING,FIVE OCLOCK,PASSENGER CAR,MAKING LEFT TURN,South,50,No,No,2018,GMC,TERRAIN,39.12609395,-77.07220763,""(39.12609395, -77.07220763)"""
"MCP2846002C,16063379,Montgomery County Police,Property Damage Crash,12/10/2016 05:48:00 AM,,,,619 UNIVERSITY BLVD W,,,SINGLE VEHICLE,CLEAR,,DARK NO LIGHTS,NO CONTROLS,UNKNOWN,,5687F494-4F68-401C-B2A7-BBE0104C85A2,Yes,NO APPARENT INJURY,N/A,UNKNOWN,,A85924B0-F0EA-4136-A98B-C55E0CB9A7A4,DISABLING,TWELVE OCLOCK,PASSENGER CAR,UNKNOWN,West,40,No,No,2001,NISSAN,ALTIMA,39.02916167,-77.020285,""(39.02916167, -77.020285)"""
"MCP2932006M,230057803,Montgomery County Police,Injury Crash,10/01/2023 04:28:00 AM,Interstate (State),CAPITAL BELTWAY,UNIVERSITY BLVD E,,N/A,,SAME DIR REAR END,CLEAR,DRY,DARK LIGHTS ON,N/A,UNKNOWN,,3D9C9CBC-B0DA-41E1-8264-85168254C3A6,Yes,NO APPARENT INJURY,N/A,UNKNOWN,,FADDD7B3-EAF6-4FCF-8772-01EBCE477BFC,DISABLING,TWELVE OCLOCK,(SPORT) UTILITY VEHICLE,MOVING CONSTANT SPEED,West,55,No,No,2015,MERCEDES,ML350,39.01546658,-77.00587166,""(39.01546658, -77.00587166)"""
"MCP3021006R,230049777,Montgomery County Police,Injury Crash,08/16/2023 02:20:00 PM,US (State),COLUMBIA PIKE,STEWART LA,,N/A,,SAME DIR REAR END,CLEAR,DRY,DAYLIGHT,NO CONTROLS,UNKNOWN,,CD7B45A0-856D-412C-B948-E8E7968520D2,Yes,NO APPARENT INJURY,""BACKUP DUE TO REGULAR CONGESTION, N/A"",UNKNOWN,,3E14BE01-5147-418D-B00F-8ED70A8DEB62,DISABLING,TWELVE OCLOCK,PASSENGER CAR,SLOWING OR STOPPING,South,50,No,No,2017,NISSAN,MAXIMA,39.04822639,-76.98444849,""(39.04822639, -76.98444849)"""
"MCP33390038,230073477,Montgomery County Police,Property Damage Crash,12/24/2023 04:33:00 PM,County,RANDOLPH RD,GLENMONT CIR #1,,N/A,,STRAIGHT MOVEMENT ANGLE,CLEAR,DRY,DAYLIGHT,TRAFFIC SIGNAL,NONE DETECTED,,439A288F-AB9B-43DC-8411-946383EFC3B6,Yes,NO APPARENT INJURY,N/A,INATTENTIVE OR LOST IN THOUGHT,MD,74A69923-25D8-411D-9F7D-05D8E0D02F0C,FUNCTIONAL,ELEVEN OCLOCK,(SPORT) UTILITY VEHICLE,MAKING LEFT TURN,West,35,No,No,2015,FORD,EDGE,39.05903733,-77.0474325,""(39.05903733, -77.0474325)"""
"MCP2875007L,230050752,Montgomery County Police,Property Damage Crash,08/22/2023 05:59:00 PM,County,SUNDOWN RD,DAMASCUS RD,,N/A,,SAME DIR REAR END,CLEAR,DRY,DAYLIGHT,STOP SIGN,UNKNOWN,,7A372208-36ED-4E23-AB04-2B1903DBC403,Yes,NO APPARENT INJURY,N/A,UNKNOWN,,3BF6FDEC-4958-4360-8965-4F494D2F3E21,SUPERFICIAL,TWELVE OCLOCK,PASSENGER CAR,SLOWING OR STOPPING,East,30,No,No,2022,HONDA,ACCORD,39.22623,-77.06966,""(39.22623, -77.06966)"""
"MCP1378015X,230059704,Montgomery County Police,Injury Crash,10/10/2023 05:03:00 PM,County,WAYNE AVE,DALE DR,,N/A,,ANGLE MEETS LEFT HEAD ON,CLEAR,DRY,DAYLIGHT,TRAFFIC SIGNAL,NONE DETECTED,,C6374186-5AC8-44A6-BE64-109158EB3C85,No,NO APPARENT INJURY,N/A,NOT DISTRACTED,MD,B524B563-C230-4902-879B-394E41347CC1,DISABLING,TWELVE OCLOCK,(SPORT) UTILITY VEHICLE,STOPPED IN TRAFFIC LANE,West,30,No,No,2018,MAZD,CX5,38.99930583,-77.0171455,""(38.99930583, -77.0171455)"""
"EJ7875004D,2230071529,Gaithersburg Police Depar,Property Damage Crash,12/13/2023 03:43:00 PM,Maryland (State),W DIAMOND AVE,RAMP 1 FR IS 270 NB TO MD 117 WB,,N/A,,ANGLE MEETS LEFT TURN,N/A,DRY,DAYLIGHT,TRAFFIC SIGNAL,N/A,,58E7791F-7095-4A9D-ABF9-A88FA6DA6BF3,Yes,NO APPARENT INJURY,N/A,UNKNOWN,MD,5F946FF5-AABD-4D1F-8ECB-1C3062BCB81C,FUNCTIONAL,TEN OCLOCK,PASSENGER CAR,MOVING CONSTANT SPEED,East,35,No,No,2002,DODG,PK,39.14042283,-77.21027052,""(39.14042283, -77.21027052)"""
"MCP3353001D,230046200,Montgomery County Police,Property Damage Crash,07/25/2023 01:10:00 PM,County,SHADY GROVE RD,DARNESTOWN RD,,N/A,,STRAIGHT MOVEMENT ANGLE,CLEAR,DRY,DAYLIGHT,TRAFFIC SIGNAL,N/A,,EDA6FDE8-E909-47BE-B4B8-9D582E9283A1,Yes,NO APPARENT INJURY,N/A,LOOKED BUT DID NOT SEE,MD,004B7E55-0E0A-47AF-940C-D6C95C0AAAAA,DISABLING,ONE OCLOCK,PASSENGER CAR,MAKING LEFT TURN,East,40,No,No,2020,NISSAN,TK,39.0931506,-77.19653287,""(39.0931506, -77.19653287)"""
"MCP3170003L,230062381,Montgomery County Police,Property Damage Crash,10/24/2023 08:05:00 PM,Maryland (State),GREAT SENECA HWY,MIDDLEBROOK RD,,N/A,,SAME DIR REAR END,CLEAR,DRY,DARK LIGHTS ON,TRAFFIC SIGNAL,NONE DETECTED,,B6BB3B63-E75A-4320-9033-E772903A8068,Yes,NO APPARENT INJURY,N/A,LOOKED BUT DID NOT SEE,MD,DD100CB4-52E2-4AB8-AB25-53FEFC8A821D,DISABLING,TWELVE OCLOCK,PASSENGER CAR,MOVING CONSTANT SPEED,North,35,No,No,2015,ACUR,UT,39.17389983,-77.2614475,""(39.17389983, -77.2614475)"""
"MCP30930050,230065224,Montgomery County Police,Property Damage Crash,11/08/2023 06:26:00 PM,Maryland (State),16TH ST,EAST WEST HWY,,N/A,,OTHER,CLEAR,DRY,DARK LIGHTS ON,N/A,N/A,,4B14B876-D178-420D-B847-60006DE8958D,No,NO APPARENT INJURY,N/A,NOT DISTRACTED,SC,ACEC9225-9FEC-4F7C-BA05-7AF5CF8D7DBC,DISABLING,ELEVEN OCLOCK,PASSENGER CAR,CHANGING LANES,South,35,No,No,2006,VOLK,PASSAT,38.99552833,-77.03636,""(38.99552833, -77.03636)"""
"MCP3133004R,230051222,Montgomery County Police,Property Damage Crash,08/25/2023 07:42:00 AM,Maryland (State),GEORGIA AVE,DAMASCUS RD,,N/A,,HEAD ON LEFT TURN,CLOUDY,DRY,DAYLIGHT,TRAFFIC SIGNAL,NONE DETECTED,,FA9C0AA2-59B0-4459-BD3A-753871F8A561,No,NO APPARENT INJURY,N/A,NOT DISTRACTED,MD,0FE858A6-D293-4256-B0C1-00158A428EF4,FUNCTIONAL,TWELVE OCLOCK,PASSENGER CAR,MOVING CONSTANT SPEED,North,30,No,No,2006,FORD,E350,39.2214725,-77.05976517,""(39.2214725, -77.05976517)"""
"DM8503000H,220022313,Takoma Park Police Depart,Property Damage Crash,05/25/2022 09:30:00 AM,Municipality,ELM AVE,SYCAMORE AVE,,TAKOMA PARK,,SINGLE VEHICLE,CLOUDY,DRY,DAYLIGHT,N/A,UNKNOWN,,FC2B70FC-608B-4F73-87DC-CD2B8173486F,Yes,NO APPARENT INJURY,N/A,UNKNOWN,DC,2654A83C-2CC9-46DB-B9D9-D1EDC870051A,FUNCTIONAL,SEVEN OCLOCK,VAN,OTHER,West,20,No,No,2006,FORD,ECONOLINE,38.97398,-77.00462833,""(38.97398, -77.00462833)"""
"MCP2399007F,230068756,Montgomery County Police,Property Damage Crash,11/28/2023 04:21:00 PM,County,WASHINGTON GROVE LA,AMITY DR,,N/A,,OTHER,CLEAR,DRY,DAYLIGHT,N/A,NONE DETECTED,,4187C356-4C7C-4EA4-941E-316C31663D75,Yes,NO APPARENT INJURY,N/A,UNKNOWN,MD,97616145-7010-48B8-9ED5-7B0B54013DA7,SUPERFICIAL,TWO OCLOCK,VAN,MOVING CONSTANT SPEED,North,30,No,No,2018,FORD,TRANSIT,39.14632167,-77.17034667,""(39.14632167, -77.17034667)"""
"MCP3256002L,230064755,Montgomery County Police,Property Damage Crash,11/06/2023 04:52:00 PM,County,BROADBIRCH DR,PLUM ORCHARD DR,,N/A,,SAME DIR REAR END,CLEAR,DRY,DAYLIGHT,NO CONTROLS,NONE DETECTED,,580E70D2-D8AB-4171-9ED6-00C467C59372,Yes,NO APPARENT INJURY,N/A,LOOKED BUT DID NOT SEE,MD,0581730E-3C1A-4218-83BC-EE1421BD78F0,SUPERFICIAL,TWELVE OCLOCK,PASSENGER CAR,MAKING LEFT TURN,West,25,No,No,2021,TOYOTA,SUV,39.05553814,-76.95665433,""(39.05553814, -76.95665433)"""
"MCP23490010,230058993,Montgomery County Police,Property Damage Crash,10/06/2023 05:30:00 PM,Maryland (State),GERMANTOWN RD,OBSERVATION DR,,N/A,,SINGLE VEHICLE,N/A,N/A,DAYLIGHT,NO CONTROLS,NONE DETECTED,,71C9723D-AC39-4784-B27B-B62EEFC12239,Yes,NO APPARENT INJURY,N/A,NOT DISTRACTED,MD,27ADB657-E3FD-48C9-A51F-272CFF71B6A3,DISABLING,TWO OCLOCK,PASSENGER CAR,MOVING CONSTANT SPEED,South,40,No,No,2010,HYUNDAI,ELANTRA,39.189535,-77.250415,""(39.189535, -77.250415)"""
"MCP31930059,230074045,Montgomery County Police,Injury Crash,12/28/2023 05:55:00 PM,Maryland (State),GEORGIA AVE,BLUERIDGE AVE,,N/A,,STRAIGHT MOVEMENT ANGLE,CLEAR,DRY,DARK LIGHTS ON,TRAFFIC SIGNAL,NONE DETECTED,,7234CE56-7A65-4007-BCD0-25A7205574D3,Yes,POSSIBLE INJURY,N/A,LOOKED BUT DID NOT SEE,MD,9413855E-3368-4F74-9E40-B850E9CFA784,DESTROYED,TWO OCLOCK,PASSENGER CAR,MAKING LEFT TURN,West,25,No,No,2014,HOND,SD,39.04283833,-77.05219667,""(39.04283833, -77.05219667)"""
"MCP115100DB,230058418,Montgomery County Police,Injury Crash,10/04/2023 06:20:00 AM,County,FATHER HURLEY BLVD,RAMP 7 FR FATHER HURLEY BLVD TO IS270 SB,,N/A,,SAME DIRECTION SIDESWIPE,N/A,DRY,DUSK,NO CONTROLS,NONE DETECTED,,74505194-9B96-4F28-B417-8F8DA8CBAF14,No,POSSIBLE INJURY,N/A,NOT DISTRACTED,MD,9C3EE83D-AD8E-4EFA-9662-15BA40AC3F96,DISABLING,ELEVEN OCLOCK,PASSENGER CAR,MOVING CONSTANT SPEED,South,45,No,No,2016,NISS,ALTIMA,39.19241833,-77.26999333,""(39.19241833, -77.26999333)"""
"MCP33480011,230053205,Montgomery County Police,Property Damage Crash,09/05/2023 07:08:00 AM,County,PARK VISTA DR,HUNTER MOUNTAIN LA (PROP),,N/A,,OTHER,CLEAR,DRY,DARK -- UNKNOWN LIGHTING,N/A,UNKNOWN,,0E647E07-0AF6-4799-BA58-2E3837967D8F,Yes,NO APPARENT INJURY,N/A,UNKNOWN,,A71459F7-C8F2-4F17-A4D6-171B0566EAA4,SUPERFICIAL,SIX OCLOCK,PASSENGER CAR,PARKING,East,25,No,No,2003,HONDA,CRV,39.103395,-77.04762667,""(39.103395, -77.04762667)"""
"MCP29320075,230069891,Montgomery County Police,Property Damage Crash,12/04/2023 11:00:00 PM,Maryland (State),NEW HAMPSHIRE AVE,FOX ST,,N/A,,HEAD ON LEFT TURN,CLEAR,DRY,DARK LIGHTS ON,N/A,NONE DETECTED,,E076DD9C-0024-4C6C-83A4-611FFE35CE38,Yes,NO APPARENT INJURY,N/A,LOOKED BUT DID NOT SEE,MD,1047487C-4F74-4CD3-B050-6DCB38449590,DISABLING,TWELVE OCLOCK,POLICE VEHICLE/EMERGENCY,MAKING LEFT TURN,South,35,No,No,2012,ACURA,TSX,39.00821467,-76.97983367,""(39.00821467, -76.97983367)"""
"MCP23450011,230069667,Montgomery County Police,Property Damage Crash,12/03/2023 07:30:00 PM,County,PINEY MEETINGHOUSE RD,PINEY GLEN LA,,N/A,,SINGLE VEHICLE,FOGGY,WET,DARK LIGHTS ON,NO CONTROLS,NONE DETECTED,,B5353DFB-1DD4-408A-9BE6-5CD2CA174D62,Yes,NO APPARENT INJURY,""SMOG, SMOKE, WET"",UNKNOWN,MD,10F0C3AF-6577-4400-B4D9-DB146C1FA56F,DISABLING,TWELVE OCLOCK,PASSENGER CAR,UNKNOWN,South,30,No,No,2012,JEEP,CHEROKEE,39.06375333,-77.23017667,""(39.06375333, -77.23017667)"""
"MCP31910048,230063119,Montgomery County Police,Property Damage Crash,10/28/2023 08:00:00 PM,Maryland (State),FALLS RD,GLEN RD,,N/A,,SINGLE VEHICLE,CLEAR,DRY,DARK LIGHTS ON,TRAFFIC SIGNAL,NONE DETECTED,,58AB73E2-7D41-40AD-94D2-B252D001EFE8,Yes,NO APPARENT INJURY,N/A,INATTENTIVE OR LOST IN THOUGHT,MD,009E82B0-06F4-42A0-B717-FB4C8B551537,DISABLING,ONE OCLOCK,PASSENGER CAR,MOVING CONSTANT SPEED,South,40,No,No,2005,HONDA,ACCORD,39.04583717,-77.19172983,""(39.04583717, -77.19172983)"""
"DD5567000X,230056779,Rockville Police Departme,Property Damage Crash,09/25/2023 01:19:00 PM,Maryland (State),ROCKVILLE PIKE,WOOTTON PKWY,,ROCKVILLE,,SAME DIR REAR END,CLOUDY,DRY,DAYLIGHT,N/A,NONE DETECTED,,CA91953B-E9A6-4FAC-A0A0-0F5523F69D73,No,NO APPARENT INJURY,N/A,NOT DISTRACTED,MD,24DB8540-0CA7-4E90-8D51-0F57411FC7BE,FUNCTIONAL,SIX OCLOCK,PASSENGER CAR,SLOWING OR STOPPING,South,35,No,No,2003,MERCEDES,E320,39.08136873,-77.14656839,""(39.08136873, -77.14656839)"""
"EJ7809003Y,230060579,Gaithersburg Police Depar,Property Damage Crash,10/14/2023 09:36:00 PM,Maryland (State),W DIAMOND AVE,RAMP 7 FR MD 117 WB TO RAMP 6 (TO IS270),,N/A,,SAME DIR REAR END,RAINING,WET,DARK LIGHTS ON,NO CONTROLS,ALCOHOL PRESENT,,A1C7C8DC-9BC7-4738-979C-C812B3ABAB5C,Yes,NO APPARENT INJURY,""N/A, WET"",UNKNOWN,MD,0158BF15-B5A8-428D-ACFE-4F9AF3939D1F,FUNCTIONAL,TWELVE OCLOCK,(SPORT) UTILITY VEHICLE,SLOWING OR STOPPING,West,35,No,No,2007,TOYT,TK,39.14066403,-77.21422407,""(39.14066403, -77.21422407)"""
"MCP2723007R,230056009,Montgomery County Police,Injury Crash,09/20/2023 08:55:00 PM,Maryland (State),CONNECTICUT AVE,RANDOLPH RD,,N/A,,STRAIGHT MOVEMENT ANGLE,CLEAR,DRY,DARK LIGHTS ON,TRAFFIC SIGNAL,NONE DETECTED,,479B33F0-8EE0-4A4C-AAA4-957A57A87047,Yes,SUSPECTED SERIOUS INJURY,N/A,UNKNOWN,MD,33F2FDC5-F379-408B-A00A-1580BEFA6A13,DESTROYED,ONE OCLOCK,PICKUP TRUCK,MAKING LEFT TURN,North,35,No,No,2008,TOYOTA,TUNDRA,39.05740667,-77.07353333,""(39.05740667, -77.07353333)"""
"MCP3377000K,230053477,Montgomery County Police,Property Damage Crash,09/06/2023 04:30:00 PM,County,QUEENAIR DR,AIRPARK RD,,N/A,,SINGLE VEHICLE,CLEAR,DRY,DAYLIGHT,NO CONTROLS,N/A,,A2D20122-4D1F-4DC2-A624-A1C76C720D13,Yes,NO APPARENT INJURY,N/A,NOT DISTRACTED,MD,A41B6A3E-07EA-4BDE-BCB3-79E5F3FA809E,FUNCTIONAL,SIX OCLOCK,SCHOOL BUS,BACKING,South,15,No,No,2018,THMS,BU,39.169816,-77.1616985,""(39.169816, -77.1616985)"""
"MCP2305002Z,230051751,Montgomery County Police,Property Damage Crash,08/28/2023 04:09:00 AM,Maryland (State),RIDGE RD,SNOWDEN FARM PKWY (PROP),,N/A,,SINGLE VEHICLE,CLEAR,DRY,DARK LIGHTS ON,FLASHING TRAFFIC SIGNAL,UNKNOWN,,DBE22D3E-F419-46E7-A70E-6E27D46DBA90,Yes,NO APPARENT INJURY,N/A,UNKNOWN,MD,176A6B1E-1331-4CD8-8F68-14DF031AF638,DESTROYED,TWELVE OCLOCK,PASSENGER CAR,UNKNOWN,North,40,No,No,2015,LEXUS,IS250,39.21642833,-77.23893667,""(39.21642833, -77.23893667)"""
"MCP3200009Q,230063916,Montgomery County Police,Property Damage Crash,11/02/2023 09:20:00 AM,Maryland (State),OLD GEORGETOWN RD,CROSSOVER,,N/A,,OTHER,CLEAR,DRY,DAYLIGHT,NO CONTROLS,NONE DETECTED,,EAE18FE1-7103-43B9-9327-5710E8AFE979,No,NO APPARENT INJURY,N/A,NOT DISTRACTED,CO,3F5B625D-0F94-455B-B94E-00CFBBA726A3,FUNCTIONAL,SIX OCLOCK,PASSENGER CAR,MAKING LEFT TURN,West,30,No,No,2008,SUBARU,LEGACY,39.018128,-77.1206015,""(39.018128, -77.1206015)"""