Report Number,Local Case Number,Agency Name,ACRS Report Type,Crash Date/Time,Route Type,Road Name,Cross-Street Name,Off-Road Description,Municipality,Related Non-Motorist,Collision Type,Weather,Surface Condition,Light,Traffic Control,Driver Substance Abuse,Non-Motorist Substance Abuse,Person ID,Driver At Fault,Injury Severity,Circumstance,Driver Distracted By,Drivers License State,Vehicle ID,Vehicle Damage Extent,Vehicle First Impact Location,Vehicle Body Type,Vehicle Movement,Vehicle Going Dir,Speed Limit,Driverless Vehicle,Parked Vehicle,Vehicle Year,Vehicle Make,Vehicle Model,Latitude,Longitude,Location
"DD5662000H,230054526,Rockville Police Departme,Property Damage Crash,09/12/2023 08:18:00 PM,Municipality,EDMONSTON DR,VEIRS MILL RD,,N/A,,SAME DIRECTION SIDESWIPE,RAINING,WET,DARK -- UNKNOWN LIGHTING,N/A,N/A,,DF47601E-37FF-4DD8-8E8D-B0015601F472,No,NO APPARENT INJURY,""SLEET, HAIL, FREEZ. RAIN, WET"",NOT DISTRACTED,MD,82156DD9-1AD7-4B87-8245-154AD9C27A5E,DESTROYED,FOUR OCLOCK,POLICE VEHICLE/EMERGENCY,MAKING RIGHT TURN,North,35,No,No,2021,HOND,HB,39.07839488,-77.12989608,""(39.07839488, -77.12989608)"""
"DD56580018,230052196,Rockville Police Departme,Property Damage Crash,08/30/2023 11:54:00 AM,,FIRST ST,TAFT ST,,N/A,,OTHER,CLEAR,DRY,DAYLIGHT,N/A,N/A,,79417CC0-AB8E-4379-8E45-AEFE26B74E97,Yes,NO APPARENT INJURY,N/A,UNKNOWN,MD,0C006AF7-77E3-4BA1-9B82-ADFE236CB106,SUPERFICIAL,FIVE OCLOCK,PASSENGER CAR,UNKNOWN,Unknown,25,No,No,2007,LEXUS,ES350,39.09467017,-77.13461367,""(39.09467017, -77.13461367)"""
"MCP3109008R,230065130,Montgomery County Police,Injury Crash,11/08/2023 01:05:00 PM,Maryland (State),UNIVERSITY BLVD E,WILLIAMSBURG DR,,N/A,,ANGLE MEETS LEFT TURN,CLEAR,DRY,DAYLIGHT,TRAFFIC SIGNAL,NONE DETECTED,,131976EC-026A-4D3E-8252-9D394A3A8980,No,NO APPARENT INJURY,N/A,NOT DISTRACTED,MD,4AE3A51C-0F38-45C0-B202-1979AD289FEE,DISABLING,TWELVE OCLOCK,OTHER BUS,MOVING CONSTANT SPEED,East,35,No,No,2012,FORD,E350 CUTAWAY,39.01787867,-77.00721517,""(39.01787867, -77.00721517)"""
"MCP25830029,220021735,Montgomery County Police,Injury Crash,05/21/2022 06:36:00 PM,County,WHITES FERRY RD,WASCHE RD,,N/A,,STRAIGHT MOVEMENT ANGLE,CLEAR,DRY,DAYLIGHT,STOP SIGN,N/A,,5C57D85C-7797-41BE-B3C6-4905F3D18715,Yes,POSSIBLE INJURY,N/A,UNKNOWN,FL,947AA3C9-ECDF-4CCA-B8B3-ED5FEB569BD8,DESTROYED,TEN OCLOCK,PASSENGER CAR,OTHER,South,35,No,No,2016,TOYOTA,COROLLA,39.15882667,-77.45195333,""(39.15882667, -77.45195333)"""
"MCP3161005Y,230067875,Montgomery County Police,Injury Crash,11/22/2023 07:43:00 PM,County,BROOKVILLE RD,GARFIELD AVE,,N/A,,HEAD ON LEFT TURN,CLEAR,DRY,DARK LIGHTS ON,NO CONTROLS,NONE DETECTED,,5CDC773E-97CE-49FF-8644-5B0A99D8CF90,No,NO APPARENT INJURY,N/A,NOT DISTRACTED,DC,9586D367-5E98-4352-8FCA-6D1C9EED42EE,DISABLING,TWELVE OCLOCK,PASSENGER CAR,MOVING CONSTANT SPEED,South,25,No,No,2015,INFINITI,Q50A,39.0016375,-77.05377383,""(39.0016375, -77.05377383)"""
"EJ7870006N,230073223,Gaithersburg Police Depar,Injury Crash,12/22/2023 08:55:00 PM,Maryland (State),GREAT SENECA HWY,ORCHARD RIDGE DR,,GAITHERSBURG,,SAME DIR REAR END,CLEAR,DRY,DARK LIGHTS ON,TRAFFIC SIGNAL,NONE DETECTED,,4334DD75-9259-4EAE-9C42-EE22F4F5F5B7,No,POSSIBLE INJURY,""BACKUP DUE TO REGULAR CONGESTION, N/A"",NOT DISTRACTED,MD,B3EA057B-25B6-4774-9E8B-C4A18F94A8AE,SUPERFICIAL,SIX OCLOCK,PASSENGER CAR,STOPPED IN TRAFFIC LANE,North,55,No,No,2021,MAZD,UT,39.12309553,-77.23018403,""(39.12309553, -77.23018403)"""
"MCP2850002H,230046289,Montgomery County Police,Property Damage Crash,07/25/2023 04:50:00 AM,County,ODENDHAL AVE,CONTOUR RD,,N/A,,STRAIGHT MOVEMENT ANGLE,CLEAR,DRY,DARK LIGHTS ON,FLASHING TRAFFIC SIGNAL,N/A,,FAAF82BE-20C2-4F54-9AC6-067B342B7089,Yes,NO APPARENT INJURY,N/A,LOOKED BUT DID NOT SEE,MD,D40EA427-862E-42A4-9F63-F074A357FC82,DISABLING,TWELVE OCLOCK,PASSENGER CAR,ACCELERATING,South,35,No,No,2018,FORD,EXPLORER,39.15244667,-77.19625333,""(39.15244667, -77.19625333)"""
"MCP28880019,180056391,Montgomery County Police,Injury Crash,11/09/2018 10:45:00 PM,County,QUINCE ORCHARD RD,DUFIEF MILL RD,,N/A,,HEAD ON LEFT TURN,OTHER,WET,DARK LIGHTS ON,N/A,N/A,,D794E7F8-8AC3-4044-806C-B79C80DEA284,Yes,NO APPARENT INJURY,""V WIPERS|W OTHER ENVIRONMENTAL, WET"",NOT DISTRACTED,MD,116FF0E7-401D-45FD-A043-8D6590816336,DISABLING,ELEVEN OCLOCK,PASSENGER CAR,MOVING CONSTANT SPEED,North,30,No,No,2004,JEEP,SW,39.08983,-77.250825,""(39.08983, -77.250825)"""
"MCP2966006Z,230066731,Montgomery County Police,Injury Crash,11/16/2023 03:30:00 PM,,BURDETTE FOREST,SUGARLOAF CHAPEL DR,,N/A,,HEAD ON LEFT TURN,N/A,N/A,N/A,NO CONTROLS,NONE DETECTED,,B30D4F13-D243-4A2A-BF56-3588D6A8FF88,Yes,NO APPARENT INJURY,N/A,LOOKED BUT DID NOT SEE,MD,CC15266C-EC77-440C-B3FF-2C1A6A74274D,FUNCTIONAL,TWELVE OCLOCK,PASSENGER CAR,MAKING LEFT TURN,North,25,No,No,2014,HYUNDAI,SONATA,39.24673667,-77.27470167,""(39.24673667, -77.27470167)"""
"MCP2432000Z,230050186,Montgomery County Police,Property Damage Crash,08/18/2023 10:37:00 PM,County,GOSHEN RD,EMORY GROVE RD,,N/A,,SINGLE VEHICLE,CLEAR,DRY,DARK LIGHTS ON,NO CONTROLS,NONE DETECTED,,AE120117-F75A-4517-A6EE-815C6E21653D,No,NO APPARENT INJURY,""ANIMAL, N/A"",NOT DISTRACTED,MI,338C6DC5-C8A4-4E93-B684-6B96B098AE38,DISABLING,TWELVE OCLOCK,ALL TERRAIN VEHICLE (ATV),MOVING CONSTANT SPEED,South,35,No,No,2023,TOYOTA,HIGHLANDER,39.16215667,-77.19221683,""(39.16215667, -77.19221683)"""
"MCP3258003D,230055275,Montgomery County Police,Property Damage Crash,09/16/2023 06:18:00 PM,County,VEIRS MILL SERV RD,ROAD END,,N/A,,SAME DIR REAR END,CLEAR,DRY,DAYLIGHT,NO CONTROLS,N/A,,087A128C-7AC9-40F5-9A22-AC801B92C718,Yes,NO APPARENT INJURY,N/A,LOOKED BUT DID NOT SEE,MD,78A27428-BE09-44EC-AFD0-2584ADA44886,SUPERFICIAL,SIX OCLOCK,PASSENGER CAR,BACKING,West,25,No,No,2015,HOND,SD,39.05570667,-77.08211,""(39.05570667, -77.08211)"""
"MCP2760004C,230062736,Montgomery County Police,Property Damage Crash,10/26/2023 04:50:00 PM,County,LOST KNIFE RD,MONTGOMERY VILLAGE AVE,,N/A,,SAME DIRECTION SIDESWIPE,CLEAR,DRY,DAYLIGHT,NO CONTROLS,N/A,,0641E490-A4D0-42B1-97D9-B61450977783,Yes,NO APPARENT INJURY,N/A,UNKNOWN,,C7E201E8-7933-4B7B-99E5-8695BAD5C856,UNKNOWN,UNKNOWN,,MAKING RIGHT TURN,East,30,No,No,0,UNKNOWN,UNKNOWN,39.15753833,-77.20340833,""(39.15753833, -77.20340833)"""
"MCP3341002C,230052628,Montgomery County Police,Injury Crash,09/01/2023 01:30:00 PM,Maryland (State),LAYHILL RD,BEL PRE RD,,N/A,,ANGLE MEETS LEFT TURN,CLEAR,DRY,DAYLIGHT,TRAFFIC SIGNAL,N/A,,F9E6B050-C41C-432D-85E5-07B211477027,Yes,NO APPARENT INJURY,N/A,INATTENTIVE OR LOST IN THOUGHT,MD,C9B1A40A-A707-4989-95FE-16841D0DC411,DISABLING,TWELVE OCLOCK,PASSENGER CAR,MAKING LEFT TURN,North,35,No,No,2017,LEXUS,NX,39.09071833,-77.04512383,""(39.09071833, -77.04512383)"""
"MCP2603005S,230065059,Montgomery County Police,Injury Crash,11/08/2023 08:19:00 AM,County,MONTGOMERY VILLAGE AVE,MIDCOUNTY HWY,,N/A,,SAME DIR BOTH LEFT TURN,N/A,DRY,DAYLIGHT,TRAFFIC SIGNAL,N/A,,534DB683-C3DB-4C12-94EA-6DE0FCB08AFE,No,NO APPARENT INJURY,N/A,NOT DISTRACTED,MD,06EADF65-B30B-4046-9E70-C53CEE704541,FUNCTIONAL,ONE OCLOCK,PASSENGER CAR,MAKING LEFT TURN,East,45,No,No,2009,FORD,TK,39.15997333,-77.20149333,""(39.15997333, -77.20149333)"""
"EJ7871006H,230047877,Gaithersburg Police Depar,Injury Crash,08/04/2023 10:46:00 PM,Maryland (State),CLOPPER RD,SPUR FR MD 124,,N/A,,HEAD ON LEFT TURN,CLEAR,DRY,DARK LIGHTS ON,TRAFFIC SIGNAL,NONE DETECTED,,EBBA51F6-9311-4C5F-91F0-9AE45D887A65,Yes,POSSIBLE INJURY,N/A,LOOKED BUT DID NOT SEE,MD,1588A4F6-8DE9-4970-923D-6B5C5D2E2A78,DISABLING,TWELVE OCLOCK,PASSENGER CAR,MOVING CONSTANT SPEED,North,35,No,No,2015,MAZDA,CX-5,39.14009943,-77.19565158,""(39.14009943, -77.19565158)"""
"MCP3191003L,220028561,Montgomery County Police,Property Damage Crash,07/03/2022 03:45:00 PM,Municipality,MARYLAND AVE,S WASHINGTON ST,,ROCKVILLE,,SAME DIR REAR END,CLEAR,DRY,DAYLIGHT,YIELD SIGN,NONE DETECTED,,A9D72597-15BF-4DE7-B001-1EC52CCFFAFA,Yes,NO APPARENT INJURY,N/A,UNKNOWN,MD,DDF3C785-7B1A-4FF1-8464-B0BCB2F7B6A2,DISABLING,TWELVE OCLOCK,PASSENGER CAR,MOVING CONSTANT SPEED,North,35,No,No,2017,CHEV,CRUZE,39.08049617,-77.15270517,""(39.08049617, -77.15270517)"""
"MCP115100DH,230072497,Montgomery County Police,Property Damage Crash,12/19/2023 07:10:00 AM,County,E GUDE DR,CRABBS BRANCH WAY,,N/A,,SAME DIR BOTH LEFT TURN,CLEAR,DRY,DAWN,TRAFFIC SIGNAL,NONE DETECTED,,E1CC4848-A0E1-4A17-BAC4-590861F24537,Unknown,NO APPARENT INJURY,N/A,NOT DISTRACTED,MD,43758B52-294C-4A6A-ABAB-A0C9ADCEC04D,SUPERFICIAL,ONE OCLOCK,SCHOOL BUS,MAKING LEFT TURN,South,40,No,No,2012,THOM,CONV MSDEC8,39.10628667,-77.152135,""(39.10628667, -77.152135)"""
"MCP33250022,230050145,Montgomery County Police,Property Damage Crash,08/18/2023 04:58:00 PM,County,CALVERTON BLVD,GALWAY DR,,N/A,,ANGLE MEETS LEFT TURN,CLEAR,DRY,DAYLIGHT,TRAFFIC SIGNAL,ALCOHOL PRESENT,,E58FEB93-3EDD-4A66-BFF6-F37537DC0743,Unknown,NO APPARENT INJURY,N/A,NOT DISTRACTED,MD,71AFD8A6-4956-4093-940A-24673C2AB571,SUPERFICIAL,ONE OCLOCK,PASSENGER CAR,MOVING CONSTANT SPEED,South,35,No,No,2008,TOYOTA,CAMRY,39.05619539,-76.94432604,""(39.05619539, -76.94432604)"""
"DD5637000H,190050099,Rockville Police Departme,Injury Crash,10/18/2019 09:53:00 PM,Maryland (State),HUNGERFORD DR,E MIDDLE LA,,ROCKVILLE,,STRAIGHT MOVEMENT ANGLE,CLEAR,DRY,DARK LIGHTS ON,TRAFFIC SIGNAL,NONE DETECTED,,72FB7EDB-16E0-4F06-B124-8726E9457B92,Yes,NO APPARENT INJURY,N/A,NOT DISTRACTED,MD,9BBFAAF0-2143-4F04-8FBB-20D96898F0E8,DISABLING,TWELVE OCLOCK,PASSENGER CAR,MOVING CONSTANT SPEED,South,30,No,No,2011,NISSAN,4D,39.08531683,-77.14843217,""(39.08531683, -77.14843217)"""
"MCP3279002Z,230074197,Montgomery County Police,Property Damage Crash,12/19/2023 08:40:00 AM,County,TENBROOK DR,DENNIS AVE,,N/A,,SAME DIR REAR END,UNKNOWN,N/A,DAYLIGHT,NO CONTROLS,N/A,,E978CB05-5F43-4289-BD56-DAD13BDBB2DA,No,NO APPARENT INJURY,N/A,NOT DISTRACTED,MD,90A28A56-F451-4FF3-B5E3-BE93E18A62AD,SUPERFICIAL,SIX OCLOCK,PASSENGER CAR,MOVING CONSTANT SPEED,North,30,No,No,2012,VOLKSWAGEN,JETTA,39.02352392,-77.02909558,""(39.02352392, -77.02909558)"""
"MCP30910048,230063784,Montgomery County Police,Injury Crash,11/01/2023 12:55:00 PM,County,SHADY GROVE RD,RAMP 3 FR SHADY GROVE RD EB TO IS 270 NB,,N/A,,STRAIGHT MOVEMENT ANGLE,CLEAR,DRY,DAYLIGHT,TRAFFIC SIGNAL,N/A,,3F741ADD-CC4B-4714-8133-0EC3F2815716,No,POSSIBLE INJURY,N/A,NOT DISTRACTED,MD,BF1BA8AB-4FB1-4D20-AE5B-B0022247FB31,DISABLING,ELEVEN OCLOCK,PASSENGER CAR,STARTING FROM PARKED,West,40,No,No,2013,VOLVO,S60,39.1119955,-77.18702867,""(39.1119955, -77.18702867)"""
"MCP2622003Z,230068712,Montgomery County Police,Property Damage Crash,11/28/2023 01:14:00 PM,Maryland (State),SPENCERVILLE RD,ENT TO BUSINESS,,N/A,,STRAIGHT MOVEMENT ANGLE,CLEAR,DRY,DAYLIGHT,STOP SIGN,NONE DETECTED,,1E897DD9-35AF-46C2-89C5-3A6EDBFB57E7,No,NO APPARENT INJURY,N/A,NOT DISTRACTED,MD,E31B105C-FAF8-4522-AACA-5677D78BED41,DISABLING,TWELVE OCLOCK,PASSENGER CAR,MOVING CONSTANT SPEED,West,25,No,No,2017,HYUNDAI,ACCENT,39.1107449,-76.9335761,""(39.1107449, -76.9335761)"""
"MCP32630041,230065193,Montgomery County Police,Property Damage Crash,11/08/2023 04:26:00 PM,County,ELM ST,WOODMONT AVE,,N/A,,HEAD ON LEFT TURN,CLEAR,DRY,DAYLIGHT,NO CONTROLS,NONE DETECTED,,B48287AE-E96B-4347-A159-16D9C48A3305,Yes,NO APPARENT INJURY,N/A,LOOKED BUT DID NOT SEE,MD,10B3FCF5-3EF1-46D1-B0C3-BE8296D6FA00,FUNCTIONAL,TWELVE OCLOCK,PASSENGER CAR,MAKING LEFT TURN,North,25,No,No,2022,HYUNDAI,ELANTRA,38.982175,-77.0966695,""(38.982175, -77.0966695)"""
"MCP3301001T,230048154,Montgomery County Police,Injury Crash,08/07/2023 01:02:00 AM,Maryland (State),NEW HAMPSHIRE AVE,ELTON RD,,N/A,,SAME DIRECTION SIDESWIPE,CLEAR,DRY,DARK LIGHTS ON,FLASHING TRAFFIC SIGNAL,NONE DETECTED,,D45E066D-A781-45AE-93D1-D6681A1FD646,Yes,POSSIBLE INJURY,N/A,UNKNOWN,MD,BB3FBA64-4190-49B1-81E4-1C98D33BFBB7,DISABLING,ELEVEN OCLOCK,PASSENGER CAR,MOVING CONSTANT SPEED,North,45,No,No,2001,LEXS,RX 300/LTD,39.0203559,-76.97659848,""(39.0203559, -76.97659848)"""
"MCP22700027,230057477,Montgomery County Police,Property Damage Crash,09/29/2023 12:45:00 PM,,,,PRIVATE DRIVEWAY OF 10701 ROCKVILLE PIKE - STRATHMORE MANSION,,,SAME DIR REAR END,CLEAR,,DAYLIGHT,NO CONTROLS,NONE DETECTED,,554E9083-989E-4F3E-AF35-4E446339A31C,No,NO APPARENT INJURY,N/A,NOT DISTRACTED,MD,37326648-DE5C-44E0-8864-7F2A8ACBD3EC,FUNCTIONAL,SEVEN OCLOCK,PASSENGER CAR,SLOWING OR STOPPING,South,10,No,No,2019,SUBARU,OUTBACK SW,39.03196667,-77.10514167,""(39.03196667, -77.10514167)"""
"MCP2850002P,230066519,Montgomery County Police,Property Damage Crash,11/15/2023 03:24:00 PM,County,SHADY GROVE RD,RAMP 8 FR RAMP 5 TO SHADY GROVE RD,,N/A,,SAME DIRECTION SIDESWIPE,CLEAR,DRY,DAYLIGHT,TRAFFIC SIGNAL,N/A,,728BC63B-4F59-4B22-96CE-718B31491975,Yes,NO APPARENT INJURY,N/A,LOOKED BUT DID NOT SEE,MD,D84AE3B4-928C-4CE8-87D3-325F6EB7999E,DISABLING,ELEVEN OCLOCK,PASSENGER CAR,SLOWING OR STOPPING,East,35,No,No,2019,AUDI,SD,39.10952524,-77.18825812,""(39.10952524, -77.18825812)"""
"HA25250003,23001526,Maryland-National Capital,Property Damage Crash,08/06/2023 06:15:00 AM,Maryland (State),GEORGIA AVE,WINDHAM LA,,N/A,,SAME DIR REAR END,CLEAR,DRY,DAWN,TRAFFIC SIGNAL,NONE DETECTED,,BAB3B92C-D98D-4C7D-A24E-C7FCA9ACCBF5,No,NO APPARENT INJURY,N/A,NOT DISTRACTED,MD,6F6B8B01-2A94-465D-B79F-FD7691FEBCD9,FUNCTIONAL,SIX OCLOCK,PASSENGER CAR,STOPPED IN TRAFFIC LANE,North,35,No,No,2017,TOYT,4S,39.03195016,-77.04828887,""(39.03195016, -77.04828887)"""
"MCP3038006P,230068573,Montgomery County Police,Property Damage Crash,11/27/2023 05:22:00 PM,County,FENTON ST,SILVER SPRING AVE,,N/A,,SAME DIRECTION SIDESWIPE,CLEAR,DRY,DUSK,TRAFFIC SIGNAL,NONE DETECTED,,1BB74872-8F6D-4F41-9C8D-877F281B0E49,No,NO APPARENT INJURY,N/A,NOT DISTRACTED,MD,1FD81D5E-A815-4E4E-BCD9-33EC64F8F610,SUPERFICIAL,FOUR OCLOCK,(SPORT) UTILITY VEHICLE,SLOWING OR STOPPING,South,30,No,No,2019,MAZDA,CX5,38.9919974,-77.0239989,""(38.9919974, -77.0239989)"""
"MCP3211003H,230001054,Montgomery County Police,Property Damage Crash,01/07/2023 11:44:00 AM,Maryland (State),OLD GEORGETOWN RD,WYNGATE DR,,N/A,,SAME DIR REAR END,CLEAR,DRY,DAYLIGHT,NO CONTROLS,NONE DETECTED,,B792012E-62B4-461D-8F67-2A80BF0762A2,Yes,NO APPARENT INJURY,N/A,LOOKED BUT DID NOT SEE,MD,391312B4-2389-472B-8E23-A1AE9853D0E5,FUNCTIONAL,ONE OCLOCK,PASSENGER CAR,MOVING CONSTANT SPEED,South,35,No,No,2019,HONDA,FIT,39.01166155,-77.1161302,""(39.01166155, -77.1161302)"""
"MCP24640033,230072140,Montgomery County Police,Property Damage Crash,12/17/2023 02:39:00 AM,County,ADELPHI RD,SIERRA ST,,N/A,,SAME DIRECTION LEFT TURN,CLEAR,DRY,DARK LIGHTS ON,OTHER,ALCOHOL PRESENT,,7843FCFA-9978-4A89-80E6-A5354DBC6B8A,Yes,NO APPARENT INJURY,N/A,UNKNOWN,MD,9D10AB5F-B55A-460C-B330-5A1F1D534778,DISABLING,NINE OCLOCK,PASSENGER CAR,STARTING FROM PARKED,West,35,No,No,2012,ACURA,MDX,39.0112225,-76.977657,""(39.0112225, -76.977657)"""
"MCP33090021,230061760,Montgomery County Police,Property Damage Crash,10/21/2023 05:23:00 AM,County,RANDOLPH RD,KEMP MILL RD,,N/A,,SAME DIR REAR END,RAINING,WET,DARK LIGHTS ON,TRAFFIC SIGNAL,NONE DETECTED,,09643307-2D3A-4575-86C7-7DA7DFAC460E,No,NO APPARENT INJURY,""RAIN, SNOW, WET"",NOT DISTRACTED,MD,65187A34-323E-4B45-9B2B-E2C133DD7AA8,FUNCTIONAL,SIX OCLOCK,""CARGO VAN/LIGHT TRUCK 2 AXLES (OVER 10,000LBS (4,536 KG))"",STOPPED IN TRAFFIC LANE,West,45,No,No,2013,FORD,YY,39.06658994,-77.03012575,""(39.06658994, -77.03012575)"""
"MCP3244002L,230050669,Montgomery County Police,Property Damage Crash,08/22/2023 10:43:00 AM,US (State),GEORGIA AVE,13TH ST,,N/A,,SINGLE VEHICLE,CLEAR,DRY,DAYLIGHT,NO CONTROLS,NONE DETECTED,,F9A93C59-A090-4C56-A858-D29C90557A4D,Yes,NO APPARENT INJURY,N/A,NOT DISTRACTED,DC,1B2328F0-6CF5-4038-AF19-930F4B926C73,DISABLING,TWELVE OCLOCK,PASSENGER CAR,ACCELERATING,North,30,No,No,2019,VOLVO,XC40,38.987177,-77.02678083,""(38.987177, -77.02678083)"""
"MCP3377000V,230069033,Montgomery County Police,Injury Crash,11/30/2023 05:15:00 AM,Maryland (State),ROCKVILLE PIKE,CEDAR LA,,N/A,,SAME DIR REAR END,CLEAR,DRY,DARK LIGHTS ON,TRAFFIC SIGNAL,N/A,,33CE0321-C617-4F30-9540-62E06724E907,No,NO APPARENT INJURY,N/A,NOT DISTRACTED,MD,6F347434-BADD-4E36-B4C9-ACEA5522D6F8,FUNCTIONAL,SIX OCLOCK,PASSENGER CAR,SLOWING OR STOPPING,South,35,No,No,2008,TOYT,4S,39.0055565,-77.09783183,""(39.0055565, -77.09783183)"""
"MCP2203007B,230055199,Montgomery County Police,Property Damage Crash,09/16/2023 08:00:00 AM,County,HARDY AVE,JUDSON RD,,N/A,,SAME DIRECTION SIDESWIPE,CLEAR,DRY,DARK -- UNKNOWN LIGHTING,NO CONTROLS,UNKNOWN,,084BDB6D-D1A9-4846-9333-1801782BA078,Yes,NO APPARENT INJURY,N/A,UNKNOWN,MD,5AF6FBF4-F6CB-43DF-9FD6-FAC060C10220,DISABLING,TWELVE OCLOCK,PASSENGER CAR,MOVING CONSTANT SPEED,East,25,No,No,2019,HONDA,CIVIC,39.050184,-77.0588485,""(39.050184, -77.0588485)"""
"MCP3161005P,230052063,Montgomery County Police,Property Damage Crash,08/29/2023 06:40:00 PM,Maryland (State),UNIVERSITY BLVD W,HILLSDALE DR,,N/A,,STRAIGHT MOVEMENT ANGLE,CLEAR,DRY,DAYLIGHT,NO CONTROLS,NONE DETECTED,,C8BA70A9-BA02-4849-9B1C-B12871F5B83A,Yes,NO APPARENT INJURY,N/A,UNKNOWN,MD,C1BD3732-6C8F-4F47-B965-1C7B772F25FD,DISABLING,ELEVEN OCLOCK,PASSENGER CAR,SLOWING OR STOPPING,South,35,No,No,2001,FORD,MUSTANG,39.037005,-77.061378,""(39.037005, -77.061378)"""
"MCP31110079,230058303,Montgomery County Police,Property Damage Crash,10/03/2023 02:39:00 PM,County,ARLINGTON RD,BRADLEY BLVD,,N/A,,STRAIGHT MOVEMENT ANGLE,CLEAR,DRY,DAYLIGHT,N/A,NONE DETECTED,,F8C1D860-0CA6-4C78-81AA-5C4796E072B5,Yes,NO APPARENT INJURY,N/A,LOOKED BUT DID NOT SEE,DC,EC661D78-A41C-4416-8B29-194FD000C7C8,DISABLING,THREE OCLOCK,PASSENGER CAR,MAKING LEFT TURN,North,25,No,No,2012,TOYOTA,PRIUS,38.97887583,-77.098791,""(38.97887583, -77.098791)"""
"EJ78870031,230057430,Gaithersburg Police Depar,Injury Crash,09/29/2023 08:30:00 AM,Maryland (State),MONTGOMERY VILLAGE AVE,CROSSOVER,,N/A,,SAME DIR REAR END,CLOUDY,DRY,DAYLIGHT,NO CONTROLS,NONE DETECTED,,23E6267B-D73D-4A57-A381-7494DEE17D37,Yes,NO APPARENT INJURY,N/A,LOOKED BUT DID NOT SEE,MD,370B5421-767E-4F06-AF63-12FA665C3280,FUNCTIONAL,TWELVE OCLOCK,PICKUP TRUCK,MOVING CONSTANT SPEED,South,35,No,No,2017,CHEVROLET,SILVERADO,39.14959157,-77.21575583,""(39.14959157, -77.21575583)"""
"MCP31840036,230057779,Montgomery County Police,Property Damage Crash,09/30/2023 10:22:00 PM,Maryland (State),PINEY BRANCH RD,CARROLL AVE,,N/A,,SAME DIRECTION SIDESWIPE,CLEAR,DRY,DARK LIGHTS ON,N/A,UNKNOWN,,60751155-21BE-4320-843F-8D692B22E8EC,Yes,NO APPARENT INJURY,N/A,UNKNOWN,MD,56B2B7A5-DD3F-401B-A9A6-6A1F161BE417,SUPERFICIAL,ELEVEN OCLOCK,PASSENGER CAR,ACCELERATING,East,35,No,No,2005,LEXUS,TK,39.00122167,-76.987765,""(39.00122167, -76.987765)"""
"EJ786600CW,230063486,Gaithersburg Police Depar,Property Damage Crash,10/30/2023 07:20:00 PM,Maryland (State),GREAT SENECA HWY,SPUR TO SAM EIG HWY,,N/A,,SAME DIR REAR END,CLOUDY,WET,DARK LIGHTS ON,TRAFFIC SIGNAL,NONE DETECTED,,A14AC100-EB1A-4583-939B-83614A2C7948,No,NO APPARENT INJURY,""N/A, WET"",NOT DISTRACTED,MD,407D0AE1-E5C3-47FE-A0FF-B37736371515,FUNCTIONAL,SIX OCLOCK,PASSENGER CAR,STOPPED IN TRAFFIC LANE,North,50,No,No,2022,HYUN,KONA,39.10803392,-77.2108695,""(39.10803392, -77.2108695)"""
"MCP3017002D,230058393,Montgomery County Police,Property Damage Crash,10/03/2023 10:12:00 PM,County,GOSHEN RD,SEVERN RD,,N/A,,SAME DIR REND LEFT TURN,CLEAR,N/A,DARK NO LIGHTS,NO CONTROLS,NONE DETECTED,,8C0D2A38-91DB-40EC-8DD1-0B6F078838F9,No,NO APPARENT INJURY,N/A,NOT DISTRACTED,MD,F2A97A65-0961-4537-8172-6AB17126930A,FUNCTIONAL,SIX OCLOCK,PASSENGER CAR,SLOWING OR STOPPING,North,40,No,No,2007,TOYT,4S,39.16318267,-77.192134,""(39.16318267, -77.192134)"""
"MCP3334001M,230052275,Montgomery County Police,Property Damage Crash,08/30/2023 04:40:00 PM,Maryland (State),COLESVILLE RD,EAST WEST HWY,,N/A,,SAME DIRECTION SIDESWIPE,CLEAR,DRY,DAYLIGHT,TRAFFIC SIGNAL,NONE DETECTED,,E486373A-B386-4CBE-8FED-CA69F7AAE9F3,No,NO APPARENT INJURY,N/A,NOT DISTRACTED,MD,61B9B8C2-4835-4582-9EBC-6CD552D7EF30,FUNCTIONAL,TEN OCLOCK,PASSENGER CAR,STARTING FROM LANE,East,30,No,No,2007,TOYOTA,COROLLA,38.99382,-77.03257,""(38.99382, -77.03257)"""
"MCP2764002Y,230072566,Montgomery County Police,Injury Crash,12/19/2023 02:00:00 PM,County,GRANDVIEW AVE,MASON ST,,N/A,,STRAIGHT MOVEMENT ANGLE,N/A,DRY,DAYLIGHT,STOP SIGN,N/A,,D70F3DF2-7681-4671-A20C-AA270962986E,No,POSSIBLE INJURY,N/A,NOT DISTRACTED,MD,67D05CDB-B552-4B1A-BF6B-E25AA6AE188A,DISABLING,TWELVE OCLOCK,PASSENGER CAR,MOVING CONSTANT SPEED,North,15,No,No,2016,TOYOTA,CROLLA,39.05559833,-77.05154167,""(39.05559833, -77.05154167)"""