Report Number,Local Case Number,Agency Name,ACRS Report Type,Crash Date/Time,Route Type,Road Name,Cross-Street Name,Off-Road Description,Municipality,Related Non-Motorist,Collision Type,Weather,Surface Condition,Light,Traffic Control,Driver Substance Abuse,Non-Motorist Substance Abuse,Person ID,Driver At Fault,Injury Severity,Circumstance,Driver Distracted By,Drivers License State,Vehicle ID,Vehicle Damage Extent,Vehicle First Impact Location,Vehicle Body Type,Vehicle Movement,Vehicle Going Dir,Speed Limit,Driverless Vehicle,Parked Vehicle,Vehicle Year,Vehicle Make,Vehicle Model,Latitude,Longitude,Location
"MCP3193004X,230065622,Montgomery County Police,Property Damage Crash,11/10/2023 03:05:00 PM,Maryland (State),GEORGIA AVE,UNIVERSITY BLVD W,,N/A,,STRAIGHT MOVEMENT ANGLE,RAINING,WET,DAYLIGHT,TRAFFIC SIGNAL,NONE DETECTED,,FC42F94A-2797-414E-9B88-3B89D9C099F8,Unknown,NO APPARENT INJURY,""SLEET, HAIL, FREEZ. RAIN, WET"",LOOKED BUT DID NOT SEE,MD,5ED8517A-65A0-46DB-8560-B27A899BCE69,DISABLING,FIVE OCLOCK,PASSENGER CAR,MOVING CONSTANT SPEED,North,25,No,No,2010,HOND,4S,39.041935,-77.05162167,""(39.041935, -77.05162167)"""
"MCP33010020,230071831,Montgomery County Police,Property Damage Crash,12/15/2023 05:15:00 AM,County,PALERMO DR,KILKENNY ST,,N/A,,SAME DIR REAR END,CLEAR,DRY,DARK LIGHTS ON,NO CONTROLS,UNKNOWN,,ECCBD612-CD74-47C5-8444-7708842A4FD7,Yes,NO APPARENT INJURY,N/A,UNKNOWN,,566333A7-3880-4D80-86BD-857B5216AB92,DISABLING,TWELVE OCLOCK,PASSENGER CAR,UNKNOWN,South,25,No,No,2014,KIA,OPTIMA,39.06215483,-76.9480055,""(39.06215483, -76.9480055)"""
"MCP3256002F,230053978,Montgomery County Police,Injury Crash,09/09/2023 03:00:00 PM,County,BROADBIRCH DR,BOURNEFIELD WAY,,N/A,,SAME DIR REAR END,RAINING,WET,DAYLIGHT,STOP SIGN,NONE DETECTED,,99FB9AB2-1C78-4E9C-B89C-3A69D918F0DA,Yes,NO APPARENT INJURY,""RAIN, SNOW, WET"",LOOKED BUT DID NOT SEE,MD,0818681B-641F-452E-94E0-0BDED92BEFEC,SUPERFICIAL,TWELVE OCLOCK,PASSENGER CAR,SLOWING OR STOPPING,West,30,No,No,2020,NISSAN,SUV,39.05562167,-76.9615285,""(39.05562167, -76.9615285)"""
"MCP3368001B,230046392,Montgomery County Police,Property Damage Crash,07/26/2023 10:00:00 AM,Maryland (State),FREDERICK RD,CHRISTOPHER AVE,,GAITHERSBURG,,SAME DIRECTION SIDESWIPE,CLEAR,DRY,DAYLIGHT,NO CONTROLS,NONE DETECTED,,C86EE2F0-B0DF-47B8-961B-46D855AD395D,No,NO APPARENT INJURY,N/A,NOT DISTRACTED,MD,C257DFAF-7674-4597-A972-F7EA9412A6EF,SUPERFICIAL,FOUR OCLOCK,PASSENGER CAR,MOVING CONSTANT SPEED,South,40,No,No,2016,TOYOTA,COROLLA,39.15525946,-77.21551461,""(39.15525946, -77.21551461)"""
"MCP263900CT,210037389,Montgomery County Police,Injury Crash,09/22/2021 07:39:00 AM,Maryland (State),WOODFIELD RD,MAIN ST,,N/A,,HEAD ON LEFT TURN,RAINING,WET,DAYLIGHT,TRAFFIC SIGNAL,NONE DETECTED,,02D6D18E-01EA-4A20-A8A7-6A5E831FC8D9,Yes,POSSIBLE INJURY,""RAIN, SNOW, WET"",LOOKED BUT DID NOT SEE,MD,CBE91CFE-D2EE-4C4C-893A-5D563ACB60D1,DISABLING,ONE OCLOCK,PASSENGER CAR,MAKING LEFT TURN,North,35,No,No,2016,TOYOTA,CAMRY,39.287605,-77.20181333,""(39.287605, -77.20181333)"""
"MCP23020009,230051616,Montgomery County Police,Property Damage Crash,08/27/2023 09:15:00 AM,,,,PARKING LOT OF 18311 LOST KNIFE CIR,,,OTHER,CLEAR,,DAYLIGHT,N/A,NONE DETECTED,,943B90D5-13C7-4434-A0C8-04FCB537A3A9,Yes,NO APPARENT INJURY,N/A,DISTRACTED BY OUTSIDE PERSON OBJECT OR EVENT,MD,E6338653-6984-4BCF-9C21-E20298E6DD07,FUNCTIONAL,NINE OCLOCK,PASSENGER CAR,BACKING,West,0,No,No,2020,NISSAN,KICKS,39.15760033,-77.20109533,""(39.15760033, -77.20109533)"""
"MCP2962007Z,230046192,Montgomery County Police,Injury Crash,07/26/2023 12:16:00 PM,Maryland (State),GREAT SENECA HWY,SPUR FR RICHTER FARM RD,,N/A,,STRAIGHT MOVEMENT ANGLE,CLEAR,DRY,DAYLIGHT,TRAFFIC SIGNAL,NONE DETECTED,,9C921083-11D3-43BF-ABD3-99CFBE20D40B,No,POSSIBLE INJURY,N/A,NOT DISTRACTED,MD,91F06C01-8395-4341-8AC6-4D595C8482B8,DISABLING,TWELVE OCLOCK,PASSENGER CAR,STARTING FROM LANE,South,35,No,No,2003,VOLKSWAGEN,PASSAT,39.171037,-77.26362467,""(39.171037, -77.26362467)"""
"MCP3016004T,230073429,Montgomery County Police,Property Damage Crash,12/24/2023 10:30:00 AM,County,FATHER HURLEY BLVD,BEGIN BRIDGE,,N/A,,SAME DIR REAR END,RAINING,WET,DAYLIGHT,TRAFFIC SIGNAL,N/A,,5956CC57-FCE2-44F7-B905-239B3529F4AE,No,NO APPARENT INJURY,""RAIN, SNOW, WET"",NOT DISTRACTED,MD,82B7255E-B603-4D6D-B5C3-29EF3BC521D8,DISABLING,SIX OCLOCK,PASSENGER CAR,STOPPED IN TRAFFIC LANE,South,50,No,No,2004,TOYOTA,COROLLA,39.199205,-77.26045833,""(39.199205, -77.26045833)"""
"MCP30800043,230070272,Montgomery County Police,Property Damage Crash,12/06/2023 06:32:00 PM,Maryland (State),CLOPPER RD,CINNAMON DR,,N/A,,SAME DIR REAR END,CLEAR,DRY,DARK LIGHTS ON,NO CONTROLS,NONE DETECTED,,E2891460-0855-4833-96B5-CE5465720E68,No,NO APPARENT INJURY,N/A,NOT DISTRACTED,MD,720821EE-BC59-498B-B309-8D4AC0B92006,FUNCTIONAL,SIX OCLOCK,PASSENGER CAR,SLOWING OR STOPPING,North,40,No,No,2022,HYUN,UT,39.15608637,-77.2644614,""(39.15608637, -77.2644614)"""
"MCP3263003R,230061862,Montgomery County Police,Property Damage Crash,10/21/2023 07:01:00 PM,County,RANDOLPH RD,NEBEL ST,,N/A,,SAME DIR REAR END,CLEAR,DRY,N/A,NO CONTROLS,NONE DETECTED,,7277F289-C5A9-42BE-980B-D99A6A2802C9,No,NO APPARENT INJURY,N/A,NOT DISTRACTED,MD,AE2F02B7-8532-4010-95EF-EAEA119B5167,SUPERFICIAL,SIX OCLOCK,PASSENGER CAR,STOPPED IN TRAFFIC LANE,East,35,No,No,2023,TOYOTA,TUNDRA,39.05324833,-77.11261667,""(39.05324833, -77.11261667)"""
"MCP3352001C,230069660,Montgomery County Police,Property Damage Crash,12/03/2023 05:33:00 PM,Maryland (State),CLOPPER RD,GAME PRESERVE RD,,N/A,,SAME DIR REAR END,CLOUDY,WET,DARK LIGHTS ON,NO CONTROLS,NONE DETECTED,,D03209DD-60C0-4EAB-ADCA-00D837719A3F,No,NO APPARENT INJURY,""N/A, WET"",NOT DISTRACTED,MD,C78259FB-060F-488E-A65D-D3DCA79173F0,FUNCTIONAL,SIX OCLOCK,PASSENGER CAR,MOVING CONSTANT SPEED,West,35,No,No,2016,MERCEDES,CLS,39.149425,-77.24189333,""(39.149425, -77.24189333)"""
"MCP2203007K,230060981,Montgomery County Police,Injury Crash,10/17/2023 06:25:00 AM,Maryland (State),VEIRS MILL RD,VALLEYWOOD DR,,N/A,,ANGLE MEETS RIGHT TURN,CLEAR,DRY,DARK LIGHTS ON,N/A,NONE DETECTED,,84BBA0D7-C0BA-49C7-8712-2A9D9109121E,No,POSSIBLE INJURY,N/A,NOT DISTRACTED,MD,2E690F7A-1698-4166-BB8E-9152B1D31A61,DISABLING,ONE OCLOCK,MOTORCYCLE,MOVING CONSTANT SPEED,West,35,No,No,2001,SUSUKI,GSX-R600,39.0498495,-77.07126917,""(39.0498495, -77.07126917)"""
"DD5652003W,230063735,Rockville Police Departme,Property Damage Crash,11/01/2023 07:59:00 AM,Maryland (State),FIRST ST,VEIRS MILL RD,,N/A,,SAME DIR REAR END,CLEAR,DRY,DAYLIGHT,TRAFFIC SIGNAL,NONE DETECTED,,D59E0344-8BEB-482C-81E4-E1898C267648,Yes,NO APPARENT INJURY,N/A,NOT DISTRACTED,MD,5A6CDC8C-E382-437A-9EE2-1940FFDB4944,SUPERFICIAL,TWELVE OCLOCK,PASSENGER CAR,ACCELERATING,West,35,No,No,2006,TOYOTA,CAMRY,39.07993194,-77.13789578,""(39.07993194, -77.13789578)"""
"MCP3220004F,230067684,Montgomery County Police,Injury Crash,11/21/2023 05:50:00 PM,County,MEDICAL CENTER DR,GREAT SENECA HWY,,N/A,,SAME DIR REAR END,RAINING,WET,DARK LIGHTS ON,TRAFFIC SIGNAL,NONE DETECTED,,14FFC228-07D3-46FF-82B7-2F6808C4FED7,No,NO APPARENT INJURY,""N/A, WET"",NOT DISTRACTED,MD,C5BFDDD5-5B52-4B2B-932D-4168CF784C99,SUPERFICIAL,SIX OCLOCK,PASSENGER CAR,ACCELERATING,West,25,No,No,2013,FORD,EXPLORER,39.0985315,-77.2046635,""(39.0985315, -77.2046635)"""
"MCP31070026,230056431,Montgomery County Police,Property Damage Crash,09/23/2023 04:30:00 AM,County,SHADY GROVE RD,METRO ACCESS RD,,N/A,,STRAIGHT MOVEMENT ANGLE,RAINING,WET,DARK LIGHTS ON,FLASHING TRAFFIC SIGNAL,NONE DETECTED,,AB15D109-23F3-4641-B401-07E7673498FD,Yes,NO APPARENT INJURY,""RAIN, SNOW, WET"",LOOKED BUT DID NOT SEE,NY,BE272AEB-A9E9-4553-8431-8D67C97387FB,DISABLING,TEN OCLOCK,VAN,MAKING LEFT TURN,East,25,No,No,2009,TOYOTA,SIENNA,39.12972,-77.163875,""(39.12972, -77.163875)"""
"DD56630007,230061584,Rockville Police Departme,Injury Crash,10/20/2023 10:28:00 AM,Municipality,PARK RD,N STONESTREET AVE,,ROCKVILLE,,OTHER,CLEAR,DRY,DAYLIGHT,TRAFFIC SIGNAL,NONE DETECTED,,7AD9BB75-DE03-43B7-AA0E-5E732C18E123,No,SUSPECTED MINOR INJURY,N/A,NOT DISTRACTED,VA,ED94176F-0B3F-4BB1-A873-C9A531C47951,SUPERFICIAL,SEVEN OCLOCK,PASSENGER CAR,MOVING CONSTANT SPEED,East,25,No,No,2017,TOYT,TACOMA,39.08547682,-77.14662031,""(39.08547682, -77.14662031)"""
"MCP3361000Q,230035031,Montgomery County Police,Property Damage Crash,07/23/2023 09:33:00 AM,County,CADDINGTON AVE,UNIVERSITY BLVD W,,N/A,,SAME DIR REAR END,UNKNOWN,DRY,UNKNOWN,NO CONTROLS,UNKNOWN,,7BD6F6A5-3868-47B9-8DA9-132627C7D280,Yes,NO APPARENT INJURY,N/A,UNKNOWN,,3453FEB1-6D66-4F8B-BD16-0B437A3CCCEB,SUPERFICIAL,UNKNOWN,PASSENGER CAR,UNKNOWN,North,15,No,No,2002,TOYT,CAMARY,39.0351045,-77.01842533,""(39.0351045, -77.01842533)"""
"MCP3312003R,230046577,Montgomery County Police,Property Damage Crash,07/28/2023 07:50:00 AM,County,MUSGROVE RD,COLUMBIA PIKE,,N/A,,SAME DIRECTION LEFT TURN,CLEAR,DRY,DAYLIGHT,TRAFFIC SIGNAL,NONE DETECTED,,71D8B9AD-B934-4B03-8431-AD1CDDE1D534,No,NO APPARENT INJURY,N/A,NOT DISTRACTED,MD,625E082C-C3C3-4262-BD91-330157BB8C0C,SUPERFICIAL,ONE OCLOCK,PASSENGER CAR,MOVING CONSTANT SPEED,West,30,No,No,2016,HOND,VN,39.07208167,-76.95960667,""(39.07208167, -76.95960667)"""
"MCP3337001V,230055912,Montgomery County Police,Injury Crash,09/20/2023 12:14:00 PM,Maryland (State),UNIVERSITY BLVD W,ARCOLA AVE,,N/A,,ANGLE MEETS RIGHT TURN,CLEAR,DRY,DAYLIGHT,TRAFFIC SIGNAL,NONE DETECTED,,2EC6E2E1-ABB1-46EC-91C8-23481EA69432,No,POSSIBLE INJURY,N/A,NOT DISTRACTED,MD,53679D37-81B7-4BCA-8DE1-BF2CE26385CB,DISABLING,ELEVEN OCLOCK,PASSENGER CAR,MOVING CONSTANT SPEED,South,35,No,No,2008,TOYOTA,RAV4,39.0357315,-77.02621083,""(39.0357315, -77.02621083)"""
"MCP2069000Y,230064294,Montgomery County Police,Property Damage Crash,11/03/2023 10:29:00 PM,US (State),COLESVILLE RD,TIMBERWOOD AVE,,N/A,,STRAIGHT MOVEMENT ANGLE,CLEAR,DRY,DARK LIGHTS ON,STOP SIGN,NONE DETECTED,,A48BE71B-90E2-4875-BC26-231351131385,No,NO APPARENT INJURY,N/A,NOT DISTRACTED,MD,D4271CE0-27DB-485D-AB82-4B34130AAEEB,FUNCTIONAL,TWELVE OCLOCK,(SPORT) UTILITY VEHICLE,MOVING CONSTANT SPEED,South,35,No,No,2019,DODG,UT,39.02141167,-77.012095,""(39.02141167, -77.012095)"""
"MCP33280032,230072719,Montgomery County Police,Property Damage Crash,12/17/2023 12:15:00 AM,County,FREDALE ST,FARTHING DR,,N/A,,OTHER,CLEAR,DRY,DARK -- UNKNOWN LIGHTING,NO CONTROLS,ALCOHOL PRESENT,,ABF16699-C32F-4CD0-B46D-B8510B442A03,Yes,NO APPARENT INJURY,N/A,UNKNOWN,MD,4ECC892A-4DD7-4346-8DCF-3FE2A6E815C8,FUNCTIONAL,TWELVE OCLOCK,PASSENGER CAR,MOVING CONSTANT SPEED,West,25,No,No,2020,TOYOTA,COROLLA,39.06157136,-77.06950871,""(39.06157136, -77.06950871)"""
"MCP3378000N,230054661,Montgomery County Police,Injury Crash,09/13/2023 04:40:00 PM,Maryland (State),NEW HAMPSHIRE AVE,NORWOOD RD,,N/A,,SAME DIR REAR END,CLEAR,DRY,DAYLIGHT,NO CONTROLS,NONE DETECTED,,2F0B0403-4EDF-41EE-8AB3-208DDC911408,No,NO APPARENT INJURY,N/A,NOT DISTRACTED,MD,8C89CFFD-CDC4-462C-93E4-D62DA77E90E7,FUNCTIONAL,SIX OCLOCK,PASSENGER CAR,SLOWING OR STOPPING,South,45,No,No,2016,HOND,UT,39.10692667,-77.00032167,""(39.10692667, -77.00032167)"""
"MCP32900028,230046638,Montgomery County Police,Property Damage Crash,07/28/2023 12:49:00 PM,Maryland (State),GEORGIA AVE,RAMP 3 FR IS 495 EB TO MD 97 NB,,N/A,,SAME DIRECTION SIDESWIPE,CLEAR,DRY,DAYLIGHT,NO CONTROLS,NONE DETECTED,,30DCD6C4-F41B-4A2E-94E4-90F028150FDF,No,NO APPARENT INJURY,N/A,UNKNOWN,MD,111E63C9-AB13-4717-8B0E-D57CE9AB8CFB,FUNCTIONAL,ONE OCLOCK,TRANSIT BUS,MOVING CONSTANT SPEED,North,35,No,No,2013,TBU,BUS,39.01413266,-77.04187521,""(39.01413266, -77.04187521)"""
"MCP28770040,170521080,Montgomery County Police,Property Damage Crash,07/26/2017 03:00:00 PM,,,,IN FRONT OF 8639 16TH ST.,,,OTHER,CLEAR,,DAYLIGHT,NO CONTROLS,UNKNOWN,,7F47F668-D242-4509-B76B-D98F6B076B4B,Unknown,NO APPARENT INJURY,N/A,UNKNOWN,MD,CC7CEC3A-A312-4102-B2CE-40AE1D40D4CC,UNKNOWN,UNKNOWN,PASSENGER CAR,OTHER,Unknown,15,No,No,2007,HONDA,FIT,38.99843644,-77.03837648,""(38.99843644, -77.03837648)"""
"MCP2592003C,230063523,Montgomery County Police,Property Damage Crash,11/01/2023 07:26:00 AM,County,CHRISTOPHER AVE,HELLINGLY PL,,N/A,,STRAIGHT MOVEMENT ANGLE,CLEAR,DRY,DAWN,STOP SIGN,N/A,,0D80B8E2-DFDA-490B-A1F9-B41936C6BE04,No,NO APPARENT INJURY,N/A,NOT DISTRACTED,MD,8B7A9CFF-453E-4D80-865E-4CEE04BBC83C,SUPERFICIAL,TWELVE OCLOCK,""OTHER LIGHT TRUCKS (10,000LBS (4,536KG) OR LESS)"",MOVING CONSTANT SPEED,North,30,No,No,2011,FRHT,TRUCK,39.15942968,-77.20580035,""(39.15942968, -77.20580035)"""
"DM85220015,230073912,Takoma Park Police Depart,Property Damage Crash,12/27/2023 08:50:00 PM,,UNIVERSITY BLVD E,NEW HAMPSHIRE AVE,,N/A,,OTHER,RAINING,WET,DARK LIGHTS ON,TRAFFIC SIGNAL,NONE DETECTED,,AAE0EA03-B119-4A93-8C72-011818644C3C,No,NO APPARENT INJURY,N/A,NOT DISTRACTED,VA,3C733EC5-171D-492D-92DD-8C3C71C1DA5D,FUNCTIONAL,TWELVE OCLOCK,PASSENGER CAR,PARKED,,30,No,Yes,2016,TOYT,4S,38.98948865,-76.98845029,""(38.98948865, -76.98845029)"""
"MCP3063004K,230070316,Montgomery County Police,Injury Crash,12/07/2023 06:21:00 AM,Maryland (State),GEORGIA AVE,SEMINARY PL,,N/A,,SAME DIR REAR END,CLEAR,DRY,DARK LIGHTS ON,TRAFFIC SIGNAL,NONE DETECTED,,F145E0A6-AF84-4574-8014-E1657A254993,Yes,NO APPARENT INJURY,N/A,OTHER DISTRACTION,MD,01A2BC9C-0002-45B6-9CF2-2B53EEC427FA,DISABLING,TWELVE OCLOCK,PASSENGER CAR,SLOWING OR STOPPING,South,35,No,No,2008,LEXS,TK,39.00974086,-77.04061674,""(39.00974086, -77.04061674)"""
"MCP33500029,230070130,Montgomery County Police,Property Damage Crash,12/06/2023 07:18:00 AM,Maryland (State),ROCKVILLE PIKE,GROSVENOR LA,,N/A,,SAME DIRECTION SIDESWIPE,CLOUDY,DRY,DAYLIGHT,NO CONTROLS,NONE DETECTED,,A20F88C9-8634-4E5B-BBEA-1C3030F769CA,No,NO APPARENT INJURY,N/A,NOT DISTRACTED,MD,5B52277F-A742-4BE9-A7EF-2A2AA95211A5,FUNCTIONAL,ONE OCLOCK,STATION WAGON,MOVING CONSTANT SPEED,North,35,No,No,2011,FORD,EXPLORER,39.02254833,-77.10271333,""(39.02254833, -77.10271333)"""
"MCP28000064,230074243,Montgomery County Police,Property Damage Crash,12/30/2023 03:47:00 AM,Maryland (State),ROCKVILLE PIKE,ENT TO NATIONAL NAVAL MEDICAL CTR,,N/A,,SINGLE VEHICLE,CLEAR,DRY,DARK LIGHTS ON,TRAFFIC SIGNAL,ALCOHOL CONTRIBUTED,,BE0A1EE9-5296-46EE-902F-A42E6AEC059C,Yes,NO APPARENT INJURY,N/A,LOOKED BUT DID NOT SEE,MD,7D643EB1-259C-4E40-962B-28AC41F29BC9,FUNCTIONAL,TWELVE OCLOCK,PASSENGER CAR,MOVING CONSTANT SPEED,North,35,No,No,1999,JEEP,UT,39.00416167,-77.097305,""(39.00416167, -77.097305)"""
"MCP263900G0,230046232,Montgomery County Police,Injury Crash,07/25/2023 12:51:00 PM,Maryland (State),GEORGIA AVE,ENT TO BUSINESS,,N/A,,HEAD ON LEFT TURN,CLEAR,DRY,DAYLIGHT,NO CONTROLS,NONE DETECTED,,362908C4-A038-4E19-A2D1-D75B67879DB6,No,NO APPARENT INJURY,""BACKUP DUE TO REGULAR CONGESTION, N/A"",NOT DISTRACTED,MD,5E556391-B7C5-4111-BB45-40B32E68644A,FUNCTIONAL,ELEVEN OCLOCK,PASSENGER CAR,STOPPED IN TRAFFIC LANE,East,15,No,No,2011,FORD,VAN,39.0851605,-77.0787055,""(39.0851605, -77.0787055)"""
"MCP2752001H,16056944,Montgomery County Police,Injury Crash,11/04/2016 06:20:00 PM,County,MONTGOMERY DR,BEECH AVE,,N/A,,SAME DIR REAR END,CLEAR,DRY,DARK LIGHTS ON,NO CONTROLS,N/A,,9AF80F23-3984-4470-BB20-7B0AA67B5258,Yes,POSSIBLE INJURY,N/A,NOT DISTRACTED,MD,2CA6A406-F170-457E-A5C3-47458DC6611D,DISABLING,TWELVE OCLOCK,PASSENGER CAR,N/A,West,25,No,No,2013,TOYOTA,AVALON,39.01181333,-77.11199,""(39.01181333, -77.11199)"""
"MCP291700CX,230071897,Montgomery County Police,Injury Crash,12/15/2023 01:15:00 PM,Maryland (State),UNIVERSITY BLVD W,VEIRS MILL RD,,N/A,,SAME DIRECTION SIDESWIPE,CLEAR,DRY,DAYLIGHT,NO CONTROLS,NONE DETECTED,,B37EB780-8F46-41DF-B203-02153D029C7C,No,POSSIBLE INJURY,N/A,NOT DISTRACTED,MD,C0EE532E-687B-46F2-BF16-A7753540F3C3,FUNCTIONAL,SIX OCLOCK,PASSENGER CAR,STOPPED IN TRAFFIC LANE,South,35,No,No,2015,TOYOTA,RAV4,39.03919533,-77.05413233,""(39.03919533, -77.05413233)"""
"MCP3209004G,230065858,Montgomery County Police,Property Damage Crash,11/11/2023 11:12:00 PM,US (State),COLUMBIA PIKE,RAMP 4 FR US 29 NB TO MD 198 EB,,N/A,,OTHER,CLEAR,DRY,DARK NO LIGHTS,NO CONTROLS,ALCOHOL PRESENT,,DE744519-E4F1-47DB-9C88-AADC59B60E5C,Yes,NO APPARENT INJURY,N/A,LOOKED BUT DID NOT SEE,MD,BE9270FC-B497-4CE7-AA2A-3BE132DFDB19,DISABLING,TEN OCLOCK,PASSENGER CAR,MOVING CONSTANT SPEED,North,45,No,No,2004,DODGE,RAM,39.11153278,-76.92915932,""(39.11153278, -76.92915932)"""
"MCP2948006C,230047713,Montgomery County Police,Injury Crash,08/03/2023 09:50:00 PM,County,RANDOLPH RD,CONNECTICUT AVE,,N/A,,HEAD ON LEFT TURN,RAINING,WET,DARK -- UNKNOWN LIGHTING,TRAFFIC SIGNAL,N/A,,0C5CD650-32C2-418D-911E-27F366583E36,No,NO APPARENT INJURY,""RAIN, SNOW, WET"",NOT DISTRACTED,VA,13087993-F7B1-470B-AE08-C94D65FA8A47,DISABLING,TWELVE OCLOCK,PASSENGER CAR,MOVING CONSTANT SPEED,East,35,No,No,2012,NISSAN,ALTIMA,39.05699167,-77.07359167,""(39.05699167, -77.07359167)"""
"MCP2893001F,15042137,MONTGOMERY,Injury Crash,08/22/2015 07:49:00 PM,Maryland (State),OLD HUNDRED RD,RAMP 6 FR MD 109 EB TO IS 270 SB,,N/A,,HEAD ON LEFT TURN,CLEAR,DRY,DUSK,NO CONTROLS,NONE DETECTED,,FF35E4C5-3E2F-4960-A509-786A2353A002,Yes,NO APPARENT INJURY,N/A,LOOKED BUT DID NOT SEE,MD,A9FFA8C8-DD25-47A6-8E6E-52EC18E18104,FUNCTIONAL,ONE OCLOCK,PASSENGER CAR,MAKING LEFT TURN,South,40,No,No,2005,CHRYSLER,CN,39.27744,-77.32454,""(39.27744, -77.32454)"""
"MCP3256002N,230071180,Montgomery County Police,Property Damage Crash,12/11/2023 08:52:00 PM,US (State),COLUMBIA PIKE,FAIRLAND RD,,N/A,,SAME DIR REAR END,CLEAR,DRY,DARK LIGHTS ON,TRAFFIC SIGNAL,NONE DETECTED,,CBCD5F18-F2F6-44E5-BB8A-313CA066105A,No,NO APPARENT INJURY,N/A,NOT DISTRACTED,MD,945FC502-20BF-413D-A10B-C0925711448D,FUNCTIONAL,SIX OCLOCK,PASSENGER CAR,SLOWING OR STOPPING,South,55,No,No,2012,CHEVY,CRUISE,39.07362383,-76.95564633,""(39.07362383, -76.95564633)"""
"MCP2708008D,230050302,Montgomery County Police,Property Damage Crash,08/19/2023 09:54:00 PM,Maryland (State),UNIVERSITY BLVD E,ENT TO BUSINESS,,N/A,PEDESTRIAN,STRAIGHT MOVEMENT ANGLE,CLEAR,DRY,DARK LIGHTS ON,NO CONTROLS,UNKNOWN,NONE DETECTED,F47C5CC8-AA26-40DD-B315-5F747F47E4F7,Yes,NO APPARENT INJURY,N/A,UNKNOWN,,1A66AC3C-ABAC-4613-A3AA-F69B1E20A32A,NO DAMAGE,THREE OCLOCK,""CARGO VAN/LIGHT TRUCK 2 AXLES (OVER 10,000LBS (4,536 KG))"",ENTERING TRAFFIC LANE,East,35,No,No,2005,CHEVY,EXPRESS,39.00002827,-76.99580421,""(39.00002827, -76.99580421)"""
"MCP913000GP,230054261,Montgomery County Police,Injury Crash,09/11/2023 02:49:00 PM,US (State),COLESVILLE RD,SOUTHWOOD AVE,,N/A,,SAME DIR REAR END,CLOUDY,WET,DAYLIGHT,TRAFFIC SIGNAL,NONE DETECTED,,D049DBA2-6DEA-4FB2-8384-5C52D2A3B651,No,NO APPARENT INJURY,N/A,NOT DISTRACTED,MD,9B2D78A3-39EB-4D3A-9091-FF7257541B6C,DISABLING,SIX OCLOCK,(SPORT) UTILITY VEHICLE,STOPPED IN TRAFFIC LANE,South,40,No,No,2018,FORD,ESCAPE,39.02606564,-77.01089557,""(39.02606564, -77.01089557)"""
"MCP26820050,230067040,Montgomery County Police,Property Damage Crash,11/18/2023 06:13:00 AM,,,,PARKING LOT IN FRONT OF 10022 RIDGELINE DRIVE,,,OTHER,N/A,,UNKNOWN,N/A,UNKNOWN,,AF05BD22-1002-4BA6-A9F8-251FCC7E43AD,Yes,NO APPARENT INJURY,N/A,UNKNOWN,,BEEA31C1-CCC6-4C79-B1F7-5DDC6762A4E0,UNKNOWN,UNKNOWN,,UNKNOWN,North,25,No,No,0,UNKNOWN,UNKNOWN,39.17503733,-77.20483967,""(39.17503733, -77.20483967)"""
"EJ786600CR,230061661,Gaithersburg Police Depar,Injury Crash,10/20/2023 04:00:00 PM,Municipality,RUSSELL AVE,LAKE FOREST BLVD,,GAITHERSBURG,,HEAD ON LEFT TURN,RAINING,WET,DAYLIGHT,TRAFFIC SIGNAL,NONE DETECTED,,BBE2BBCA-D498-4551-A19C-6A29E938E36D,Yes,NO APPARENT INJURY,""RAIN, SNOW, WET"",UNKNOWN,MD,B4501335-64FF-4666-B121-9C28176B9DA7,FUNCTIONAL,THREE OCLOCK,PICKUP TRUCK,MAKING LEFT TURN,West,25,No,No,2000,CHEV,SILVERRADO,39.15143342,-77.20754097,""(39.15143342, -77.20754097)"""
"MCP2635008K,230063208,Montgomery County Police,Property Damage Crash,10/29/2023 01:10:00 PM,County,ASPEN HILL RD,EADES ST,,N/A,,SAME DIR REAR END,CLEAR,N/A,DAYLIGHT,NO CONTROLS,N/A,,4AED4DCF-C9B4-42EB-BF44-7F29A115E4E1,Yes,NO APPARENT INJURY,N/A,UNKNOWN,MD,F93F61A2-AE38-43AE-89DB-BDB63A55E03C,DISABLING,TWELVE OCLOCK,PASSENGER CAR,MOVING CONSTANT SPEED,North,30,No,No,2022,HYUNDAI,ACCENT,39.07361733,-77.09528983,""(39.07361733, -77.09528983)"""
"MCP235300C9,230055890,Montgomery County Police,Property Damage Crash,09/20/2023 10:18:00 AM,Maryland (State),WILSON LA,GLENBROOK RD,,N/A,,STRAIGHT MOVEMENT ANGLE,CLEAR,DRY,DAYLIGHT,STOP SIGN,NONE DETECTED,,CC63BE77-6FA5-4E11-93E0-168F08FC2EDD,No,NO APPARENT INJURY,N/A,NOT DISTRACTED,MD,BDF6961A-260D-414E-8703-F47A0A5E7107,SUPERFICIAL,TWELVE OCLOCK,TRANSIT BUS,MOVING CONSTANT SPEED,West,30,No,No,2013,GILLIS,BUS,38.98715683,-77.10686,""(38.98715683, -77.10686)"""