Report Number,Local Case Number,Agency Name,ACRS Report Type,Crash Date/Time,Route Type,Road Name,Cross-Street Name,Off-Road Description,Municipality,Related Non-Motorist,Collision Type,Weather,Surface Condition,Light,Traffic Control,Driver Substance Abuse,Non-Motorist Substance Abuse,Person ID,Driver At Fault,Injury Severity,Circumstance,Driver Distracted By,Drivers License State,Vehicle ID,Vehicle Damage Extent,Vehicle First Impact Location,Vehicle Body Type,Vehicle Movement,Vehicle Going Dir,Speed Limit,Driverless Vehicle,Parked Vehicle,Vehicle Year,Vehicle Make,Vehicle Model,Latitude,Longitude,Location
"MCP30590036,180055271,Montgomery County Police,Property Damage Crash,11/04/2018 03:18:00 AM,US (State),GEORGIA AVE,BLAIR RD,,N/A,,SAME DIR REAR END,CLEAR,DRY,DARK LIGHTS ON,TRAFFIC SIGNAL,NONE DETECTED,,FDF339D0-E366-463F-9A10-74DEF9D568B2,No,NO APPARENT INJURY,N/A,NOT DISTRACTED,MD,07D53F6A-0092-4DE6-98B8-D1472D90866A,FUNCTIONAL,SIX OCLOCK,(SPORT) UTILITY VEHICLE,STOPPED IN TRAFFIC LANE,South,35,No,No,2010,TOYOTA,RAV-4,38.98494167,-77.02670833,""(38.98494167, -77.02670833)"""
"MCP291400FD,230074078,Montgomery County Police,Injury Crash,12/28/2023 10:01:00 PM,Maryland (State),NEW HAMPSHIRE AVE,POWDER MILL RD,,N/A,,SAME DIR REAR END,CLEAR,N/A,DARK LIGHTS ON,TRAFFIC SIGNAL,N/A,,EA86A7BF-75E4-47C1-A5F5-8F14660266E9,No,POSSIBLE INJURY,N/A,NOT DISTRACTED,MD,DA8A2032-B3B8-471A-BE39-88364D6622E6,FUNCTIONAL,SIX OCLOCK,PASSENGER CAR,STOPPED IN TRAFFIC LANE,North,40,No,No,2016,TOYOTA,CORROLA,39.02225822,-76.9773771,""(39.02225822, -76.9773771)"""
"MCP1563008P,230057068,Montgomery County Police,Injury Crash,09/27/2023 06:49:00 AM,Maryland (State),CONNECTICUT AVE,LELAND ST,,CHEVY CHASE #4,,SAME DIR REAR END,CLOUDY,DRY,DAWN,NO CONTROLS,NONE DETECTED,,996F2388-FB58-44A5-8EB7-E720E632B5ED,No,SUSPECTED MINOR INJURY,N/A,NOT DISTRACTED,MD,BA3A3087-6A59-4E68-9A1F-C1E30CB2C369,DISABLING,SIX OCLOCK,PASSENGER CAR,MOVING CONSTANT SPEED,South,30,No,No,2013,LEXS,TK,38.98577167,-77.07720833,""(38.98577167, -77.07720833)"""
"MCP3008003W,230055324,Montgomery County Police,Injury Crash,09/17/2023 01:00:00 AM,Maryland (State),OLD COLUMBIA PIKE,SPUR TO RAMP 6 FR MD 198 EB TO US 29 SB,,N/A,,STRAIGHT MOVEMENT ANGLE,CLEAR,DRY,DARK LIGHTS ON,FLASHING TRAFFIC SIGNAL,NONE DETECTED,,89031F90-DD3E-430F-9E57-0FE10D29FB8E,Unknown,POSSIBLE INJURY,N/A,LOOKED BUT DID NOT SEE,MD,27D10A69-E6B3-4762-A3E8-B4D3216BA743,DISABLING,THREE OCLOCK,(SPORT) UTILITY VEHICLE,MOVING CONSTANT SPEED,South,25,No,No,2016,BMW,X3,39.11136167,-76.93192333,""(39.11136167, -76.93192333)"""
"DD56120040,230048700,Rockville Police Departme,Property Damage Crash,08/10/2023 08:43:00 AM,Maryland (State),ROCKVILLE PIKE,CROSSOVER,,N/A,,STRAIGHT MOVEMENT ANGLE,CLOUDY,DRY,DAYLIGHT,NO CONTROLS,NONE DETECTED,,972C36B4-CCF4-4538-B923-5B14D33FF8F1,No,NO APPARENT INJURY,N/A,NOT DISTRACTED,MD,B5646C29-C163-4EBD-8E49-7BC065B522B0,FUNCTIONAL,ELEVEN OCLOCK,PASSENGER CAR,STARTING FROM PARKED,East,0,No,No,2014,FORD,UT,39.07629437,-77.13848849,""(39.07629437, -77.13848849)"""
"MCP3037005J,230066552,Montgomery County Police,Property Damage Crash,11/15/2023 05:56:00 PM,Maryland (State),WOODFIELD RD,LOG HOUSE RD,,N/A,,SAME DIR REAR END,CLEAR,DRY,DARK LIGHTS ON,NO CONTROLS,NONE DETECTED,,D0F2BC76-CBC8-48F8-88E1-B091B46EA7DC,No,NO APPARENT INJURY,N/A,NOT DISTRACTED,MD,F7E927F4-8C58-4901-A3AE-62904E171079,FUNCTIONAL,SIX OCLOCK,(SPORT) UTILITY VEHICLE,STOPPED IN TRAFFIC LANE,South,35,No,No,2017,ACURA,RDX,39.25627833,-77.20061667,""(39.25627833, -77.20061667)"""
"MCP209400MP,230059093,Montgomery County Police,Property Damage Crash,10/07/2023 09:56:00 AM,County,MONTROSE RD,TILDENWOOD DR,,N/A,,SINGLE VEHICLE,RAINING,WET,DAYLIGHT,NO CONTROLS,NONE DETECTED,,082D345A-A637-4D69-9E1E-19A1D6428816,Yes,NO APPARENT INJURY,""RAIN, SNOW, WET"",UNKNOWN,MD,CF338B66-4C96-4A1E-BFAB-A222C7E14DB0,DISABLING,TWELVE OCLOCK,(SPORT) UTILITY VEHICLE,ACCELERATING,West,40,No,No,1999,ISUZU,RODEO,39.05340667,-77.13679,""(39.05340667, -77.13679)"""
"MCP2776004W,230060115,Montgomery County Police,Property Damage Crash,10/12/2023 03:58:00 PM,County,BOWIE MILL RD,DARNELL DR,,N/A,,SAME DIR REAR END,CLEAR,DRY,DAYLIGHT,NO CONTROLS,N/A,,11E119A7-33E7-4E42-ACB5-F87C7BFA6A04,No,NO APPARENT INJURY,N/A,NOT DISTRACTED,MD,57A4A3BD-B34A-49D2-9C65-0147F6952CA8,FUNCTIONAL,SIX OCLOCK,PICKUP TRUCK,STOPPED IN TRAFFIC LANE,West,30,No,No,2019,TOYT,TACOMA,39.15829,-77.08612333,""(39.15829, -77.08612333)"""
"MCP3339002T,230061761,Montgomery County Police,Injury Crash,10/21/2023 06:17:00 AM,Maryland (State),VEIRS MILL RD,ARBUTUS AVE,,N/A,,SAME DIR REAR END,CLEAR,WET,DARK -- UNKNOWN LIGHTING,STOP SIGN,NONE DETECTED,,6C7AB1B6-27AB-4BE9-85AE-5A62B41FDD66,No,NO APPARENT INJURY,N/A,NOT DISTRACTED,MD,CADC8E87-A75F-4EE0-A4B4-0B3738D28E79,DISABLING,ELEVEN OCLOCK,(SPORT) UTILITY VEHICLE,MOVING CONSTANT SPEED,South,35,No,No,2013,HONDA,CRV,39.066864,-77.100856,""(39.066864, -77.100856)"""
"MCP28460094,230064972,Montgomery County Police,Injury Crash,11/07/2023 06:10:00 PM,Maryland (State),UNIVERSITY BLVD W,REEDIE DR,,N/A,PEDESTRIAN,SINGLE VEHICLE,CLEAR,DRY,DARK NO LIGHTS,TRAFFIC SIGNAL,NONE DETECTED,NONE DETECTED,23D4CF00-D8CD-4291-B28E-17AFAC8C68EB,Yes,NO APPARENT INJURY,N/A,LOOKED BUT DID NOT SEE,DC,CE5767EF-E067-4C31-8917-FA2E9BA43025,SUPERFICIAL,TWELVE OCLOCK,PASSENGER CAR,MOVING CONSTANT SPEED,East,35,No,No,2022,TOYT,PV,39.03956833,-77.04312,""(39.03956833, -77.04312)"""
"MCP2948006C,230047713,Montgomery County Police,Injury Crash,08/03/2023 09:50:00 PM,County,RANDOLPH RD,CONNECTICUT AVE,,N/A,,HEAD ON LEFT TURN,RAINING,WET,DARK -- UNKNOWN LIGHTING,TRAFFIC SIGNAL,N/A,,7DDA3049-BDCF-4B7A-9B02-4FD4B6B895AC,Yes,NO APPARENT INJURY,""RAIN, SNOW, WET"",UNKNOWN,MD,00888E8A-C6E3-4E62-BAA7-4627D099B6E5,DISABLING,ONE OCLOCK,PASSENGER CAR,MAKING LEFT TURN,West,35,No,No,2021,TOYOTA,HIGHLANDER,39.05699167,-77.07359167,""(39.05699167, -77.07359167)"""
"MCP31290084,230063761,Montgomery County Police,Property Damage Crash,11/01/2023 10:03:00 AM,County,ASPEN HILL RD,BALTIC AVE,,N/A,,SAME DIRECTION SIDESWIPE,CLEAR,DRY,DAYLIGHT,N/A,NONE DETECTED,,9FBCDD30-42C6-4FF0-A5EC-4E62D5D9A6E9,Yes,NO APPARENT INJURY,N/A,LOOKED BUT DID NOT SEE,MD,433A98CE-32C5-450E-BA83-693EA5BD6C0B,SUPERFICIAL,TWO OCLOCK,PASSENGER CAR,ACCELERATING,South,30,No,No,2024,ACUR,HB,39.0710825,-77.1019165,""(39.0710825, -77.1019165)"""
"MCP2385002X,230060599,Montgomery County Police,Property Damage Crash,10/15/2023 12:25:00 AM,County,BRINK RD,WOODFIELD RD,,N/A,,HEAD ON LEFT TURN,RAINING,WET,DARK LIGHTS ON,TRAFFIC SIGNAL,NONE DETECTED,,E1E18A85-8927-4705-A05B-904FEF48FEF4,No,NO APPARENT INJURY,""N/A, RAIN, SNOW"",NOT DISTRACTED,NY,8E7A40E2-0045-42D3-AA63-E9EA1EF82B60,DISABLING,TWELVE OCLOCK,PASSENGER CAR,MOVING CONSTANT SPEED,West,40,No,No,2015,AUDI,A4,39.20856333,-77.16944167,""(39.20856333, -77.16944167)"""
"MCP2286005M,230061286,Montgomery County Police,Injury Crash,10/18/2023 05:20:00 PM,Maryland (State),FREDERICK RD,KING FARM BLVD,,ROCKVILLE,,SAME DIR REAR END,CLEAR,DRY,DAYLIGHT,N/A,NONE DETECTED,,D3E6F7C2-4E33-4090-905A-86923B0822E9,No,SUSPECTED MINOR INJURY,N/A,NOT DISTRACTED,VA,81FBCC08-9625-47A3-A575-9B683A832C08,DESTROYED,SIX OCLOCK,PASSENGER CAR,STOPPED IN TRAFFIC LANE,North,40,No,No,2014,HONDA,ACCORD,39.11662517,-77.167797,""(39.11662517, -77.167797)"""
"MCP3280004D,230071412,Montgomery County Police,Injury Crash,12/13/2023 07:00:00 AM,Maryland (State),NEW HAMPSHIRE AVE,HOLLYWOOD AVE,,N/A,,SAME DIR REAR END,CLEAR,DRY,DAWN,NO CONTROLS,NONE DETECTED,,009A17A3-22D8-4144-B521-187F9A5C4DDA,Yes,NO APPARENT INJURY,N/A,OTHER DISTRACTION,MD,44964205-C684-4C5C-B445-4FA7E8A79D96,DESTROYED,TWELVE OCLOCK,VAN,MOVING CONSTANT SPEED,South,40,No,No,2016,NISSAN,NV3500,39.0634945,-76.99930417,""(39.0634945, -76.99930417)"""
"DM8504001K,230073211,Takoma Park Police Depart,Property Damage Crash,12/22/2023 07:00:00 PM,Municipality,GLENSIDE DR,GLENSIDE DR,,TAKOMA PARK,,SAME DIRECTION SIDESWIPE,CLEAR,DRY,DARK NO LIGHTS,NO CONTROLS,N/A,,96FAA20B-37E8-47B5-8590-B61C57C78168,Yes,NO APPARENT INJURY,N/A,UNKNOWN,MD,C652C211-6109-4524-96F0-2252C67BEA29,SUPERFICIAL,TWO OCLOCK,PASSENGER CAR,MOVING CONSTANT SPEED,South,25,No,No,2010,TOYOTA,SD,38.98501,-76.992115,""(38.98501, -76.992115)"""
"MCP29660070,230071937,Montgomery County Police,Injury Crash,12/15/2023 03:50:00 PM,Maryland (State),KEMPTOWN RD,RIDGE RD,,N/A,,HEAD ON,N/A,N/A,N/A,NO CONTROLS,NONE DETECTED,,57A2419A-72B5-4A1A-802E-D0D6A2C08CF0,Yes,NO APPARENT INJURY,N/A,NOT DISTRACTED,MD,70EC33C5-36EE-4F27-BBAB-0D2E33C5C601,DISABLING,TWELVE OCLOCK,PASSENGER CAR,MOVING CONSTANT SPEED,South,35,No,No,2015,TOYOTA,CAMRY,39.32050167,-77.20024167,""(39.32050167, -77.20024167)"""
"MCP2800005Z,230053911,Montgomery County Police,Property Damage Crash,09/09/2023 02:42:00 AM,County,RANDOLPH RD,PARKLAWN DR,,N/A,,SINGLE VEHICLE,RAINING,WET,DARK LIGHTS ON,NO CONTROLS,UNKNOWN,,CB89EE14-2DF1-4E72-B5E5-AFE18190B87D,Yes,NO APPARENT INJURY,""RAIN, SNOW, WET"",UNKNOWN,,086F2097-C1BE-478A-9364-9A6A7DA41332,FUNCTIONAL,TWELVE OCLOCK,PASSENGER CAR,MOVING CONSTANT SPEED,East,35,No,No,2017,HYUN,ELANTRA,39.05338667,-77.108785,""(39.05338667, -77.108785)"""
"MCP31090080,230023258,Montgomery County Police,Property Damage Crash,05/15/2023 12:40:00 PM,County,SOUTHAMPTON DR,BEACON RD,,N/A,,SAME DIR REND RIGHT TURN,CLEAR,DRY,DAYLIGHT,NO CONTROLS,NONE DETECTED,,23070437-2351-40DB-A4C1-20DC88972394,Yes,NO APPARENT INJURY,N/A,LOOKED BUT DID NOT SEE,MD,4D70FE7B-7591-4828-B642-0CDE178E2348,SUPERFICIAL,SEVEN OCLOCK,PASSENGER CAR,BACKING,West,25,No,No,2022,MERZ,CG,39.00620326,-76.98439356,""(39.00620326, -76.98439356)"""
"MCP3208004V,230064794,Montgomery County Police,Property Damage Crash,11/06/2023 02:45:00 AM,US (State),GEORGIA AVE,THAYER AVE,,N/A,,SAME DIR REAR END,CLEAR,DRY,DARK LIGHTS ON,NO CONTROLS,N/A,,19981684-08ED-45C5-99C8-7E16F1FC1DD0,No,NO APPARENT INJURY,N/A,NOT DISTRACTED,MD,3B8BC6F7-26BA-450F-81F2-31D23D41FB40,SUPERFICIAL,SIX OCLOCK,PASSENGER CAR,PARKED,,30,No,Yes,2010,INFINITI,SEDAN,38.99271747,-77.02652262,""(38.99271747, -77.02652262)"""
"MCP3084006Z,230067689,Montgomery County Police,Property Damage Crash,11/21/2023 06:23:00 PM,County,PARKLAWN DR,BOILING BROOK PKWY,,N/A,,SAME DIR BOTH LEFT TURN,RAINING,WET,DARK LIGHTS ON,TRAFFIC SIGNAL,NONE DETECTED,,63032764-53B0-4EFC-AA74-DFE4B6E7992D,Yes,NO APPARENT INJURY,""N/A, RAIN, SNOW"",LOOKED BUT DID NOT SEE,MD,F278ED2F-4254-407D-BF29-E7EFCFC4F496,SUPERFICIAL,ONE OCLOCK,TRANSIT BUS,MAKING LEFT TURN,West,30,No,No,2013,OTHR,BUS,39.04869833,-77.10204833,""(39.04869833, -77.10204833)"""
"MCP2686006P,230058370,Montgomery County Police,Property Damage Crash,10/03/2023 07:44:00 PM,Maryland (State),GERMANTOWN RD,AIRCRAFT DR,,N/A,,SAME DIR REAR END,CLEAR,DRY,DARK LIGHTS ON,NO CONTROLS,NONE DETECTED,,4CCEC333-2D54-4E02-A2FF-18C116031FF4,Yes,NO APPARENT INJURY,N/A,UNKNOWN,MD,D16F40BC-334C-4EE6-B74B-6CAD90C27925,DISABLING,TWELVE OCLOCK,(SPORT) UTILITY VEHICLE,MOVING CONSTANT SPEED,South,40,No,No,2013,LNDR,TK,39.18160499,-77.26143454,""(39.18160499, -77.26143454)"""
"MCP2552006B,230047506,Montgomery County Police,Injury Crash,08/02/2023 06:27:00 PM,Maryland (State),HUNGERFORD DR,BEALL AVE #2,,ROCKVILLE,,HEAD ON LEFT TURN,CLEAR,DRY,DAYLIGHT,TRAFFIC SIGNAL,N/A,,08A79FBD-D44D-4FCF-945F-3EBD273DFD28,No,POSSIBLE INJURY,N/A,NOT DISTRACTED,MD,EC0AB1BD-1CF0-40D0-A056-D1796B0BE8D2,DISABLING,TWELVE OCLOCK,PASSENGER CAR,MOVING CONSTANT SPEED,South,35,No,No,2017,LEXUS,ES350,39.08741667,-77.15017167,""(39.08741667, -77.15017167)"""
"MCP1099000N,16007442,Montgomery County Police,Property Damage Crash,02/13/2016 01:50:00 PM,Maryland (State),MUNCASTER MILL RD,MUNCASTER RD,,N/A,,SAME DIR REAR END,CLEAR,DRY,DAYLIGHT,N/A,NONE DETECTED,,AD25DEDB-2699-488E-9775-6104FCCC5C99,Yes,NO APPARENT INJURY,N/A,NOT DISTRACTED,MA,0B9CB1F3-7229-401B-ACE8-5A647F2098C8,SUPERFICIAL,ONE OCLOCK,PASSENGER CAR,MOVING CONSTANT SPEED,West,35,No,No,2005,MAZDA,TRIBUTE,39.14582966,-77.14429021,""(39.14582966, -77.14429021)"""
"DD5665001Q,230065045,Rockville Police Departme,Property Damage Crash,11/08/2023 07:20:00 AM,Municipality,SADDLE RIDGE LA,WATKINS CIR,,ROCKVILLE,,STRAIGHT MOVEMENT ANGLE,CLEAR,DRY,DAYLIGHT,STOP SIGN,NONE DETECTED,,BFE12310-6156-44FF-89A2-D0AB2DBD296A,Yes,NO APPARENT INJURY,N/A,NOT DISTRACTED,MD,E5093034-8060-4DB1-8D31-96D470445325,DISABLING,ONE OCLOCK,PASSENGER CAR,MOVING CONSTANT SPEED,West,25,No,No,2010,TOYT,TK,39.10881227,-77.17209494,""(39.10881227, -77.17209494)"""
"MCP102200HF,230057088,Montgomery County Police,Property Damage Crash,09/27/2023 08:58:00 AM,Maryland (State),FREDERICK RD,APPLEDOWRE WAY,,N/A,,HEAD ON LEFT TURN,CLOUDY,DRY,DAYLIGHT,NO CONTROLS,NONE DETECTED,,1C4A4ECF-C8FE-4E78-ACEC-85BE9E780FE6,Yes,NO APPARENT INJURY,N/A,NOT DISTRACTED,MD,94A2DCD1-A09B-4C20-B083-4823E42856B1,SUPERFICIAL,TWELVE OCLOCK,PASSENGER CAR,STARTING FROM LANE,South,40,No,No,2023,VOLKSWAGEN,JETTA,39.18561333,-77.23976167,""(39.18561333, -77.23976167)"""
"MCP30370059,230052079,Montgomery County Police,Injury Crash,08/29/2023 08:09:00 PM,County,FATHER HURLEY BLVD,WATERS LANDING DR,,N/A,,HEAD ON LEFT TURN,CLEAR,DRY,DARK LIGHTS ON,TRAFFIC SIGNAL,NONE DETECTED,,ED485BBA-97D2-4937-81B6-5C7220D55DDB,Yes,SUSPECTED MINOR INJURY,N/A,LOOKED BUT DID NOT SEE,MD,1E0519F1-6EEF-441A-B1B2-2EFB69610704,DISABLING,TWELVE OCLOCK,(SPORT) UTILITY VEHICLE,MAKING LEFT TURN,North,35,No,No,2020,NISSAN,ROGUE,39.1919,-77.27187167,""(39.1919, -77.27187167)"""
"MCP3051006Y,230051531,Montgomery County Police,Property Damage Crash,08/26/2023 06:35:00 PM,Interstate (State),EISENHOWER MEMORIAL HWY,EXIT #1B,,N/A,,SINGLE VEHICLE,CLEAR,DRY,DAYLIGHT,NO CONTROLS,ALCOHOL PRESENT,,2C5561F6-BBFD-4AFD-AF40-DA29507C731C,Yes,NO APPARENT INJURY,N/A,UNKNOWN,MD,C79E36B1-24B9-405D-8A8C-C477B9DE7E57,DISABLING,TWELVE OCLOCK,PASSENGER CAR,MOVING CONSTANT SPEED,South,55,No,No,2005,CHEVROLET,SUBURBAN,39.030245,-77.12552333,""(39.030245, -77.12552333)"""
"MCP32800049,230069257,Montgomery County Police,Injury Crash,12/01/2023 09:30:00 AM,US (State),COLUMBIA PIKE,TECH RD,,N/A,,ANGLE MEETS RIGHT TURN,CLEAR,DRY,DAYLIGHT,NO CONTROLS,NONE DETECTED,,32D9A8F0-6F64-4F00-BEEE-9D4460366E01,Yes,SUSPECTED MINOR INJURY,N/A,NOT DISTRACTED,MD,F8A769A7-7965-40F2-A71A-62A3B3B7D537,DISABLING,TEN OCLOCK,PICKUP TRUCK,MAKING RIGHT TURN,East,30,No,No,2022,RAM,1500,39.0566195,-76.9672425,""(39.0566195, -76.9672425)"""
"MCP3277003B,230059315,Montgomery County Police,Property Damage Crash,10/08/2023 03:25:00 PM,,,,PARKING LOT OF 19225 MONTGOMERY VILLAGE AVE,,,OTHER,CLEAR,,DAYLIGHT,NO CONTROLS,NONE DETECTED,,F5E277DB-7B3A-424B-A70D-50562B1A7244,Yes,NO APPARENT INJURY,N/A,UNKNOWN,MD,2FAA58A8-6540-41CD-8DCC-796C129F9D88,SUPERFICIAL,EIGHT OCLOCK,PASSENGER CAR,BACKING,Unknown,10,No,No,2012,TOYOTA,CAMRY,39.17168817,-77.20285134,""(39.17168817, -77.20285134)"""
"MCP137800V9,200044248,Montgomery County Police,Injury Crash,11/09/2020 03:07:00 PM,Municipality,CHRISTOPHER AVE,RUSSELL AVE,,GAITHERSBURG,,SAME DIR REAR END,CLEAR,DRY,DAYLIGHT,NO CONTROLS,NONE DETECTED,,56384BA9-C15B-4539-8610-D302A344BC56,No,POSSIBLE INJURY,N/A,NOT DISTRACTED,MD,51AFC270-9957-4FAE-ACF4-1D66DA45CA2E,SUPERFICIAL,SIX OCLOCK,PICKUP TRUCK,STOPPED IN TRAFFIC LANE,South,30,No,No,2008,DODG,TK,39.15726512,-77.21421484,""(39.15726512, -77.21421484)"""
"MCP3267001S,230034991,Montgomery County Police,Injury Crash,07/23/2023 01:10:00 AM,Maryland (State),CONNECTICUT AVE,DEAN RD,,N/A,,STRAIGHT MOVEMENT ANGLE,CLEAR,DRY,DARK LIGHTS ON,NO CONTROLS,NONE DETECTED,,721887D1-FCAA-440B-9A86-372E3DE17461,Yes,SUSPECTED MINOR INJURY,N/A,NOT DISTRACTED,MD,BD01B04E-6249-4DD6-A7E3-8652EE97409A,DISABLING,TWELVE OCLOCK,PASSENGER CAR,MOVING CONSTANT SPEED,North,35,No,No,2011,MAZDA,6,39.06901297,-77.07533162,""(39.06901297, -77.07533162)"""
"MCP31380066,230072622,Montgomery County Police,Injury Crash,12/19/2023 05:23:00 PM,Maryland (State),GEORGIA AVE,KING WILLIAM DR,,N/A,,SAME DIR REAR END,CLEAR,DRY,DARK LIGHTS ON,N/A,NONE DETECTED,,D38FDCF5-ABC5-45CD-A6E5-03505AC0D671,Yes,POSSIBLE INJURY,N/A,LOOKED BUT DID NOT SEE,MD,5A112AC9-F10E-4BFE-80DE-4225C5BE4A51,DISABLING,TWELVE OCLOCK,PASSENGER CAR,SLOWING OR STOPPING,South,30,No,No,2010,NISSAN,ROGUE,39.14761,-77.06709317,""(39.14761, -77.06709317)"""
"MCP2440001G,230053760,Montgomery County Police,Injury Crash,09/08/2023 09:40:00 AM,Maryland (State),MUNCASTER MILL RD,GRIST MILL DR,,N/A,,SAME DIR REAR END,CLEAR,DRY,DAYLIGHT,N/A,NONE DETECTED,,8FB0CED5-CC8B-4236-B991-1091FA7EFFDC,No,POSSIBLE INJURY,N/A,NOT DISTRACTED,MD,DF3BB114-ED2A-4672-BFF6-4E4D4B72570C,DISABLING,SIX OCLOCK,""CARGO VAN/LIGHT TRUCK 2 AXLES (OVER 10,000LBS (4,536 KG))"",STOPPED IN TRAFFIC LANE,East,35,No,No,2015,NISSAN,CG,39.11936433,-77.1076515,""(39.11936433, -77.1076515)"""
"EJ7826001R,17013672,Gaithersburg Police Depar,Property Damage Crash,03/17/2017 08:40:00 AM,,,,PARKING LOT OF 506 S FREDERICK AVE,,,OTHER,N/A,,DAYLIGHT,N/A,N/A,,93BEA1F0-B57A-44A0-825B-DACB4E706CD1,Yes,NO APPARENT INJURY,N/A,LOOKED BUT DID NOT SEE,MD,65BD3629-D3BE-437E-B4D3-B0C4E410CF23,FUNCTIONAL,ONE OCLOCK,PASSENGER CAR,PARKING,South,15,No,No,2009,GMC,YUKON XL,39.13380667,-77.19526833,""(39.13380667, -77.19526833)"""
"EJ78950046,230048513,Gaithersburg Police Depar,Property Damage Crash,08/09/2023 09:00:00 AM,Municipality,E DIAMOND AVE,ALLEY #3,,GAITHERSBURG,,SAME DIRECTION RIGHT TURN,CLEAR,DRY,DAYLIGHT,NO CONTROLS,NONE DETECTED,,620DDAFF-DEC1-4F99-963C-02BE9B1558C9,Yes,NO APPARENT INJURY,N/A,NOT DISTRACTED,XX,B90303F4-4356-41DB-B56D-C24A18A88642,SUPERFICIAL,TWO OCLOCK,(SPORT) UTILITY VEHICLE,PASSING,West,30,No,No,2022,TOYOTA,UT,39.14192523,-77.18721895,""(39.14192523, -77.18721895)"""
"EJ7898001T,230068177,Gaithersburg Police Depar,Injury Crash,11/25/2023 11:40:00 AM,,,,821 CENTER POINT WAY,,,SAME DIR REAR END,CLEAR,,DAYLIGHT,NO CONTROLS,NONE DETECTED,,4AAEFBE2-8B51-4219-B6E3-528D9B7C1051,No,POSSIBLE INJURY,N/A,NOT DISTRACTED,MD,100D9529-ACEE-483E-BDB1-312B2AFA4B27,SUPERFICIAL,ELEVEN OCLOCK,OTHER,MAKING LEFT TURN,South,15,No,No,2023,GATOR,CS,39.12140527,-77.23664815,""(39.12140527, -77.23664815)"""
"MCP2116001W,15021032,Montgomery County Police,Property Damage Crash,05/04/2015 07:30:00 AM,County,E GUDE DR,CALHOUN DR,,N/A,,SAME DIR REAR END,CLEAR,DRY,DAYLIGHT,N/A,NONE DETECTED,,BF545D70-0BF8-4450-B0FC-2570EFDD86D2,No,NO APPARENT INJURY,N/A,NOT DISTRACTED,MD,1C311047-E0E7-48F2-828D-5584881569D6,SUPERFICIAL,SIX OCLOCK,PASSENGER CAR,PARKED,,35,No,Yes,2009,BMW,2H,39.105666,-77.144811,""(39.105666, -77.144811)"""
"MCP3038006N,230067687,Montgomery County Police,Property Damage Crash,11/21/2023 05:37:00 PM,,,,""SECOND FLOOR OF BUS TRANSIT CENTER AT 8404 COLESVILLE RD. SILVER SPRING, MD"",,,OTHER,RAINING,,DARK LIGHTS ON,NO CONTROLS,NONE DETECTED,,96ADB6E7-8830-40E1-977A-E91374FCDEEB,Yes,NO APPARENT INJURY,N/A,LOOKED BUT DID NOT SEE,MD,8933FA73-324B-4C26-A48A-92E1CBC61B7F,SUPERFICIAL,FOUR OCLOCK,CROSS COUNTRY BUS,PARKING,West,15,No,No,2010,MCI,D4505,38.9937371,-77.02984303,""(38.9937371, -77.02984303)"""
"MCP3356000S,230059362,Montgomery County Police,Injury Crash,10/08/2023 08:34:00 PM,Maryland (State),FREDERICK RD,APPLEDOWRE WAY,,N/A,,SINGLE VEHICLE,CLEAR,DRY,DARK LIGHTS ON,NO CONTROLS,NONE DETECTED,,1626D4B5-1BBE-4E67-B37D-20FABFDB97EB,Yes,SUSPECTED MINOR INJURY,N/A,UNKNOWN,MD,5932B773-3DF9-4385-A4D4-5D5F5B61034A,DISABLING,ONE OCLOCK,PASSENGER CAR,MOVING CONSTANT SPEED,North,45,No,No,2023,CHEVROLET,MALIBU,39.18547164,-77.23952333,""(39.18547164, -77.23952333)"""
"MCP24870039,230054462,Montgomery County Police,Injury Crash,09/12/2023 01:50:00 PM,County,RIVER RD,HUNTING QUARTER RD,,N/A,,HEAD ON LEFT TURN,CLEAR,DRY,DAYLIGHT,NO CONTROLS,NONE DETECTED,,E085E38F-EB14-4ECA-ABEF-00E1619D928E,No,SUSPECTED MINOR INJURY,N/A,NOT DISTRACTED,MD,E1641CD2-3849-492E-9B55-087D8A97C8C5,FUNCTIONAL,TWELVE OCLOCK,PASSENGER CAR,MOVING CONSTANT SPEED,East,50,No,No,2019,HYN,ELANTRA,39.08187667,-77.382855,""(39.08187667, -77.382855)"""
"MCP22910070,230054647,Montgomery County Police,Property Damage Crash,09/13/2023 03:50:00 PM,County,FALLS RD,ENT SHOPPING CENTER,,N/A,,STRAIGHT MOVEMENT ANGLE,CLEAR,DRY,DAYLIGHT,TRAFFIC SIGNAL,NONE DETECTED,,972C04C8-3E62-49CB-B258-E65DCCBC2471,Yes,NO APPARENT INJURY,N/A,NOT DISTRACTED,MD,3923ED65-E334-4473-9E16-4F3AE8EF2C47,DISABLING,TWELVE OCLOCK,PASSENGER CAR,ACCELERATING,West,30,No,No,2007,BMW,4D,39.01738617,-77.20977033,""(39.01738617, -77.20977033)"""