Report Number,Local Case Number,Agency Name,ACRS Report Type,Crash Date/Time,Route Type,Road Name,Cross-Street Name,Off-Road Description,Municipality,Related Non-Motorist,Collision Type,Weather,Surface Condition,Light,Traffic Control,Driver Substance Abuse,Non-Motorist Substance Abuse,Person ID,Driver At Fault,Injury Severity,Circumstance,Driver Distracted By,Drivers License State,Vehicle ID,Vehicle Damage Extent,Vehicle First Impact Location,Vehicle Body Type,Vehicle Movement,Vehicle Going Dir,Speed Limit,Driverless Vehicle,Parked Vehicle,Vehicle Year,Vehicle Make,Vehicle Model,Latitude,Longitude,Location
"MCP26410037,230047568,Montgomery County Police,Property Damage Crash,08/03/2023 06:55:00 AM,County,JOHNSON DR,BETHESDA CHURCH RD,,N/A,,SINGLE VEHICLE,CLOUDY,DRY,DAYLIGHT,N/A,NONE DETECTED,,53656732-93DE-4420-871B-DE18D86B6320,Yes,NO APPARENT INJURY,N/A,UNKNOWN,MD,939BA56E-01D7-4F2F-B256-CFC3AAB3E3F2,DESTROYED,TWELVE OCLOCK,PICKUP TRUCK,MOVING CONSTANT SPEED,West,35,No,No,2001,FORD,F250,39.28674333,-77.22658333,""(39.28674333, -77.22658333)"""
"MCP32140026,230057376,Montgomery County Police,Injury Crash,09/28/2023 07:32:00 PM,County,BARNESVILLE RD,HARRIS RD,,N/A,,SINGLE VEHICLE,CLEAR,DRY,DARK NO LIGHTS,NO CONTROLS,NONE DETECTED,,28136DC5-4722-4C02-8BED-BCC2160306C2,Yes,POSSIBLE INJURY,N/A,NOT DISTRACTED,VA,4BB60A9A-68D1-4A39-AAD6-759248C9AE80,DISABLING,TWELVE OCLOCK,PICKUP TRUCK,MOVING CONSTANT SPEED,West,30,No,No,2015,NISSAN,FRONTIER,39.221885,-77.385756,""(39.221885, -77.385756)"""
"MCP29870084,230065947,Montgomery County Police,Property Damage Crash,11/12/2023 03:03:00 PM,US (State),COLUMBIA PIKE,INDUSTRIAL PKWY,,N/A,,SAME DIR REAR END,CLEAR,DRY,DAYLIGHT,NO CONTROLS,NONE DETECTED,,B552B5B2-286D-4128-A003-93BA341BC669,Yes,NO APPARENT INJURY,N/A,INATTENTIVE OR LOST IN THOUGHT,MD,D644A823-5D85-4DCE-85D1-4BBF02735F8C,DESTROYED,TWELVE OCLOCK,PASSENGER CAR,MOVING CONSTANT SPEED,North,50,No,No,2005,TOYOTA,CAMRY,39.05408333,-76.97432167,""(39.05408333, -76.97432167)"""
"MCP27220051,230071931,Montgomery County Police,Property Damage Crash,12/15/2023 03:55:00 PM,Maryland (State),VEIRS MILL RD,ENT TO STONEY MILL SQUARE,,N/A,,SAME DIRECTION SIDESWIPE,CLEAR,DRY,DAYLIGHT,NO CONTROLS,NONE DETECTED,,9411E8F2-09F1-4BE3-B90A-6EB8AC5BA7D7,Yes,NO APPARENT INJURY,N/A,NOT DISTRACTED,DC,5BA1347A-ED2C-44DF-8AFF-FF7BADFC9DA2,DISABLING,ELEVEN OCLOCK,PASSENGER CAR,MAKING RIGHT TURN,South,15,No,No,2014,HONDA,ACCORD,39.0565889,-77.08317992,""(39.0565889, -77.08317992)"""
"MCP2861005Z,230034963,Montgomery County Police,Injury Crash,07/22/2023 06:58:00 PM,,,,PARKING LOT OF 7101 DEMOCRACY BLVD,,PEDESTRIAN,SINGLE VEHICLE,CLEAR,,DAYLIGHT,NO CONTROLS,NONE DETECTED,NONE DETECTED,479C9725-0B68-4459-AF6B-D98156E58298,Yes,NO APPARENT INJURY,N/A,NOT DISTRACTED,MD,A4865501-90DF-44AA-8731-C68B255EC0BD,NO DAMAGE,FOUR OCLOCK,PASSENGER CAR,ACCELERATING,North,25,No,No,2022,VOLVO,C60,39.02406091,-77.14761954,""(39.02406091, -77.14761954)"""
"MCP3238002R,230055381,Montgomery County Police,Injury Crash,09/17/2023 01:42:00 PM,US (State),COLESVILLE RD,NOYES DR,,N/A,,HEAD ON LEFT TURN,N/A,DRY,DAYLIGHT,NO CONTROLS,NONE DETECTED,,E72722A7-F8A9-44D2-9AC0-EFF2054D8009,Yes,NO APPARENT INJURY,N/A,NOT DISTRACTED,MD,136FCA55-E0B6-4572-A6DE-66C5B05A8241,DISABLING,TWELVE OCLOCK,PASSENGER CAR,MOVING CONSTANT SPEED,South,35,No,No,2004,CHEV,UT,39.00010033,-77.02586867,""(39.00010033, -77.02586867)"""
"MCP9429000F,230063656,Montgomery County Police,Property Damage Crash,10/31/2023 05:33:00 PM,County,EASLEY ST,GROVE ST,,N/A,,OTHER,CLEAR,DRY,DAYLIGHT,NO CONTROLS,NONE DETECTED,,8A062EAA-CFC8-4A92-8215-02445E9AA789,No,NO APPARENT INJURY,N/A,NOT DISTRACTED,MD,9F5BD372-ECF7-4F41-BDC9-E01767E9FD33,SUPERFICIAL,TEN OCLOCK,VAN,MOVING CONSTANT SPEED,North,25,No,No,1992,GM,LLV-A,38.99405596,-77.02202564,""(38.99405596, -77.02202564)"""
"MCP3200008Y,230048950,Montgomery County Police,Injury Crash,08/11/2023 01:10:00 PM,County,SLIGO AVE,CHICAGO AVE,,N/A,OTHER CONVEYANCE,OTHER,CLEAR,DRY,DAYLIGHT,UNKNOWN,UNKNOWN,NONE DETECTED,365E78CF-7C4E-4EDF-A8E6-9FAEEC5843F4,Unknown,NO APPARENT INJURY,N/A,UNKNOWN,,B4E83DE9-C59D-4814-8847-CDDE4DAF28DA,UNKNOWN,UNKNOWN,,UNKNOWN,Unknown,5,No,No,0,UNKNOWN,UNKNOWN,38.99013729,-77.01976111,""(38.99013729, -77.01976111)"""
"MCP271700Y9,230068779,Montgomery County Police,Injury Crash,11/28/2023 05:30:00 PM,Municipality,N STONESTREET AVE,PARK RD,,ROCKVILLE,,OTHER,CLEAR,DRY,DARK LIGHTS ON,TRAFFIC SIGNAL,NONE DETECTED,,42CFA032-7964-4BB0-850E-9998A3072C3B,No,NO APPARENT INJURY,N/A,NOT DISTRACTED,MD,763F6CA4-1BE0-4815-AA0C-D8643B85CD60,DISABLING,TWELVE OCLOCK,(SPORT) UTILITY VEHICLE,STOPPED IN TRAFFIC LANE,South,35,No,No,2010,HONDA,CRV,39.08551,-77.14673833,""(39.08551, -77.14673833)"""
"MCP2347004K,230071049,Montgomery County Police,Injury Crash,12/11/2023 10:07:00 AM,Maryland (State),NEW HAMPSHIRE AVE,THOMAS DR,,N/A,,SAME DIR REAR END,WINTRY MIX,WET,DAYLIGHT,NO CONTROLS,NONE DETECTED,,ABA15930-AD9E-49C5-9EEB-A9AB3FBA99EB,Yes,NO APPARENT INJURY,""RAIN, SNOW, WET"",NOT DISTRACTED,MD,71C34DB9-884F-4F65-AECC-9C49B836E4D4,NO DAMAGE,TWELVE OCLOCK,PASSENGER CAR,SLOWING OR STOPPING,South,35,No,No,2008,KIA,SPECTRA,39.0686915,-77.0024965,""(39.0686915, -77.0024965)"""
"MCP3294001N,230051518,Montgomery County Police,Injury Crash,08/26/2023 05:00:00 PM,County,GOSHEN RD,CENTERWAY RD,,N/A,,HEAD ON LEFT TURN,CLEAR,DRY,DAYLIGHT,TRAFFIC SIGNAL,NONE DETECTED,,2BF0AD87-6A53-4CE7-9762-D429EB8E8F0B,No,POSSIBLE INJURY,N/A,NOT DISTRACTED,MD,E0EF38A3-EA17-4DA2-9468-7DBB58BBCD0F,DISABLING,TWELVE OCLOCK,POLICE VEHICLE/EMERGENCY,MOVING CONSTANT SPEED,North,35,No,No,2022,ACUR,SD,39.16976667,-77.19047833,""(39.16976667, -77.19047833)"""
"MCP3313001N,230062997,Montgomery County Police,Injury Crash,10/28/2023 02:18:00 AM,Maryland (State),NORBECK RD,MUNCASTER MILL RD,,N/A,,STRAIGHT MOVEMENT ANGLE,CLEAR,DRY,DARK LIGHTS ON,FLASHING TRAFFIC SIGNAL,NONE DETECTED,,B609030E-1317-4D77-837C-E2122C8F5714,No,POSSIBLE INJURY,N/A,NOT DISTRACTED,MD,CAC49851-EFCA-4F46-813C-098E7DEF4C5F,DESTROYED,THREE OCLOCK,PASSENGER CAR,MOVING CONSTANT SPEED,West,35,No,No,2014,FORD,FUSION,39.109005,-77.08006333,""(39.109005, -77.08006333)"""
"MCP25070022,230056391,Montgomery County Police,Property Damage Crash,09/22/2023 08:37:00 PM,Maryland (State),DARNESTOWN RD,RIFFLE FORD RD,,N/A,,OTHER,CLEAR,DRY,DARK LIGHTS ON,N/A,NONE DETECTED,,9B0377EC-05E5-40D3-AF8C-187F4F643949,No,NO APPARENT INJURY,N/A,NOT DISTRACTED,MD,7864ED70-0B80-4B9F-9109-A7A887199AB9,FUNCTIONAL,SEVEN OCLOCK,(SPORT) UTILITY VEHICLE,MAKING U TURN,East,40,No,No,2020,LANDROVER,UT,39.11722667,-77.26238,""(39.11722667, -77.26238)"""
"MCP285900F7,230067611,Montgomery County Police,Injury Crash,11/21/2023 12:50:00 PM,County,SHADY GROVE RD,EISENHOWER MEMORIAL HWY,,N/A,,STRAIGHT MOVEMENT ANGLE,RAINING,WET,DAYLIGHT,TRAFFIC SIGNAL,NONE DETECTED,,1149ACCE-3E54-48A0-992A-ADDA1982AC27,No,POSSIBLE INJURY,""N/A, RAIN, SNOW"",NOT DISTRACTED,MD,7137290C-505F-453E-8AC3-02DD4D9E1935,DESTROYED,TWELVE OCLOCK,PASSENGER CAR,MAKING LEFT TURN,North,30,No,No,2019,JEEP,GRAND CHEROKEE,39.11179383,-77.187093,""(39.11179383, -77.187093)"""
"MCP3161005R,230058120,Montgomery County Police,Property Damage Crash,10/02/2023 04:20:00 PM,Maryland (State),CAPITOL VIEW AVE,BEECHBANK RD,,N/A,,SAME DIR REAR END,CLEAR,DRY,DAYLIGHT,NO CONTROLS,NONE DETECTED,,20044C09-004B-42DF-B655-9FD76DF98EF9,Yes,NO APPARENT INJURY,N/A,UNKNOWN,MD,211F35AF-8F6F-40D8-9E0D-24C2815A5459,DISABLING,TWELVE OCLOCK,PASSENGER CAR,MOVING CONSTANT SPEED,West,25,No,No,2010,TOYT,CAMRY,39.016358,-77.05767867,""(39.016358, -77.05767867)"""
"MCP3258003M,230070784,Montgomery County Police,Property Damage Crash,12/09/2023 03:07:00 PM,,,,PARKING LOT OF COSTCO 11160 VEIRS MILL RD SILVER SPRING,,,SAME DIR REND LEFT TURN,CLEAR,,DAYLIGHT,NO CONTROLS,N/A,,6210012C-5CD4-461F-B5B9-BDD2F616364B,No,NO APPARENT INJURY,N/A,NOT DISTRACTED,US,312E7BCB-6ACA-428D-9A91-AFC68C87D484,SUPERFICIAL,EIGHT OCLOCK,PASSENGER CAR,OTHER,North,5,No,No,2016,MAZDA,MAZDA 3,39.03541,-77.05616667,""(39.03541, -77.05616667)"""
"MCP3016004Q,230071722,Montgomery County Police,Property Damage Crash,12/14/2023 02:15:00 PM,County,MIDDLEBROOK RD,LOCBURY DR,,N/A,,STRAIGHT MOVEMENT ANGLE,CLEAR,DRY,DAYLIGHT,STOP SIGN,N/A,,86AB8083-EBDF-4BF1-8EA0-5EA2DC04C6E8,No,NO APPARENT INJURY,N/A,NOT DISTRACTED,MD,89573FF1-387B-41BF-84F4-B1DCBE05EBF5,DISABLING,TWELVE OCLOCK,PASSENGER CAR,MOVING CONSTANT SPEED,East,35,No,No,1997,GMC,SONOMA,39.18282678,-77.27092036,""(39.18282678, -77.27092036)"""
"MCP2641003G,230064889,Montgomery County Police,Injury Crash,11/07/2023 12:30:00 PM,Maryland (State),BRADLEY BLVD,HILLMEAD RD,,N/A,,SAME DIR REAR END,CLOUDY,DRY,DAYLIGHT,NO CONTROLS,NONE DETECTED,,A567FD8D-1300-4025-939D-3EF1FD460E9A,Yes,NO APPARENT INJURY,N/A,NOT DISTRACTED,MD,3BFCC72D-1923-463C-BBB8-B8B623A0624E,FUNCTIONAL,TWELVE OCLOCK,PASSENGER CAR,SLOWING OR STOPPING,South,35,No,No,2021,BMW,CV,39.00114333,-77.13235833,""(39.00114333, -77.13235833)"""
"MCP2965007P,230062830,Montgomery County Police,Property Damage Crash,10/27/2023 09:00:00 AM,Maryland (State),SPENCERVILLE RD,NEW HAMPSHIRE AVE,,N/A,,SAME DIR REND RIGHT TURN,CLEAR,DRY,DAYLIGHT,YIELD SIGN,NONE DETECTED,,F7C37F6F-D20E-414F-A4D9-AD33C79393FA,No,NO APPARENT INJURY,N/A,NOT DISTRACTED,MD,92A94FC4-5188-4D52-A70C-1370B197310C,FUNCTIONAL,SIX OCLOCK,PASSENGER CAR,STOPPED IN TRAFFIC LANE,East,35,No,No,2021,TOYT,WG,39.12097167,-76.98823167,""(39.12097167, -76.98823167)"""
"MCP29660071,230071958,Montgomery County Police,Property Damage Crash,12/15/2023 05:40:00 PM,Maryland (State),GERMANTOWN RD,GOLDENROD LA,,N/A,,SAME DIR REAR END,N/A,N/A,N/A,NO CONTROLS,NONE DETECTED,,FEA526A1-1C5A-4C3C-98D5-F79A393B430B,No,NO APPARENT INJURY,N/A,NOT DISTRACTED,MD,CA8D4557-5568-4FEE-B925-CCC3C2E83E1D,FUNCTIONAL,SIX OCLOCK,PASSENGER CAR,SLOWING OR STOPPING,West,45,No,No,2021,TOYT,UT,39.18941833,-77.250765,""(39.18941833, -77.250765)"""
"MCP3280003Z,230054376,Montgomery County Police,Injury Crash,09/12/2023 07:50:00 AM,Maryland (State),SPENCERVILLE RD,SPENCERVILLE ADVENTIST ACADEMY,,N/A,,HEAD ON LEFT TURN,CLEAR,DRY,DAYLIGHT,NO CONTROLS,NONE DETECTED,,BB3FC8E3-837C-4371-8E2D-04CE3C3C45B6,No,SUSPECTED MINOR INJURY,N/A,NOT DISTRACTED,MD,B41D94D0-3952-44CE-9D13-A093DB267E93,DISABLING,NINE OCLOCK,PASSENGER CAR,MOVING CONSTANT SPEED,West,35,No,No,2018,HONDA,ACCORD,39.11475,-76.95949333,""(39.11475, -76.95949333)"""
"MCP3348001Z,230073772,Montgomery County Police,Property Damage Crash,12/27/2023 05:51:00 AM,Maryland (State),NORBECK RD,END BRIDGE,,N/A,,SINGLE VEHICLE,RAINING,WET,DARK NO LIGHTS,NO CONTROLS,NONE DETECTED,,E9D92FF4-E19B-4770-9ACF-134D367387C0,Unknown,NO APPARENT INJURY,""RAIN, SNOW, WET"",NOT DISTRACTED,MD,5811ABDB-1100-4765-ABE1-6841DBC4D050,DISABLING,ELEVEN OCLOCK,PASSENGER CAR,MOVING CONSTANT SPEED,East,45,No,No,2013,HONDA,CIVIC,39.09459667,-77.11578333,""(39.09459667, -77.11578333)"""
"MCP2082002V,230053731,Montgomery County Police,Injury Crash,09/08/2023 12:15:00 AM,County,KEMP MILL RD,GLENALLAN AVE,,N/A,,SINGLE VEHICLE,CLEAR,DRY,DARK LIGHTS ON,NO CONTROLS,NONE DETECTED,,D2E2ACB7-B3D7-48FA-B786-9CD006DAA740,Yes,SUSPECTED MINOR INJURY,N/A,NOT DISTRACTED,MD,44E0758D-13B2-4D3F-B381-7520FE7236D3,DESTROYED,TWELVE OCLOCK,PASSENGER CAR,MOVING CONSTANT SPEED,North,25,No,No,1997,FORD,F150,39.063235,-77.02727167,""(39.063235, -77.02727167)"""
"MCP3284001Q,230067034,Montgomery County Police,Property Damage Crash,11/18/2023 03:26:00 AM,County,BALLINGER DR,ROBEY RD,,N/A,,SAME DIRECTION SIDESWIPE,CLEAR,WET,DARK LIGHTS ON,NO CONTROLS,NONE DETECTED,,D3E9B6B1-A70D-4194-AF89-0672D20F3C6D,Yes,NO APPARENT INJURY,""N/A, WET"",INATTENTIVE OR LOST IN THOUGHT,MD,053AB5E2-DE84-465E-83A0-E0BB85DE4D87,DISABLING,ONE OCLOCK,PASSENGER CAR,MOVING CONSTANT SPEED,North,25,No,No,2007,TOYOTA,CAMRY,39.0869,-76.93621,""(39.0869, -76.93621)"""
"MCP2850002M,230055453,Montgomery County Police,Property Damage Crash,09/18/2023 05:38:00 AM,County,GOSHEN RD,BRINK RD,,N/A,,SINGLE VEHICLE,RAINING,WET,DARK NO LIGHTS,NO CONTROLS,N/A,,CFF2A655-27CF-4DD5-8E85-779DC5F67A4C,Unknown,NO APPARENT INJURY,""N/A, WET"",NOT DISTRACTED,MD,40A21ECC-1187-4834-A698-5A58C830CC66,DISABLING,ONE OCLOCK,PASSENGER CAR,SLOWING OR STOPPING,North,35,No,No,2022,CHEV,UT,39.20503333,-77.18657667,""(39.20503333, -77.18657667)"""
"MCP26870045,230060456,Montgomery County Police,Injury Crash,10/14/2023 10:01:00 AM,County,DEL RAY AVE,OLD GEORGETOWN RD,,N/A,,STRAIGHT MOVEMENT ANGLE,RAINING,WET,DAYLIGHT,NO CONTROLS,NONE DETECTED,,B8F1D001-7FC7-4B8B-BB08-5B7822E83643,Yes,NO APPARENT INJURY,""N/A, WET"",LOOKED BUT DID NOT SEE,MD,E2AB6F61-923B-49C5-886E-482477E6F7C3,DISABLING,EIGHT OCLOCK,PASSENGER CAR,ACCELERATING,East,25,No,No,2023,LEXUS,ES350,38.9882975,-77.100184,""(38.9882975, -77.100184)"""
"MCP2380000F,230068331,Montgomery County Police,Property Damage Crash,11/26/2023 11:40:00 AM,,,,PARKING LOT OF 6904 ARLIGTON ROAD,,,OTHER,CLEAR,,DAYLIGHT,N/A,UNKNOWN,,5EC7E663-4BC9-4B77-AD0F-11CCC2020298,Yes,NO APPARENT INJURY,N/A,UNKNOWN,,524337F1-E481-4F00-80B6-3BD2E65FC213,UNKNOWN,SIX OCLOCK,PASSENGER CAR,BACKING,Unknown,10,No,No,2016,TOYOTA,UNK,38.97860534,-77.09893724,""(38.97860534, -77.09893724)"""
"MCP2835003B,230073403,Montgomery County Police,Property Damage Crash,12/23/2023 11:27:00 PM,Maryland (State),WISCONSIN AVE,WILLARD AVE,,N/A,,SAME DIRECTION SIDESWIPE,CLEAR,DRY,N/A,TRAFFIC SIGNAL,NONE DETECTED,,0D44E716-7C61-4CA3-9263-847F18EC30FD,Yes,NO APPARENT INJURY,N/A,NOT DISTRACTED,MD,293C214B-5A74-4465-B798-267532144073,SUPERFICIAL,FOUR OCLOCK,PASSENGER CAR,MAKING LEFT TURN,West,30,No,No,2012,NWFL,XDE,38.96182833,-77.08632667,""(38.96182833, -77.08632667)"""
"MCP32330047,230048434,Montgomery County Police,Injury Crash,08/08/2023 05:07:00 PM,US (State),COLUMBIA PIKE,NORTHWEST DR,,N/A,,SINGLE VEHICLE,CLEAR,DRY,DAYLIGHT,NO CONTROLS,NONE DETECTED,,5C58E509-3682-483A-96EB-7A5E3480DAD0,No,NO APPARENT INJURY,N/A,NOT DISTRACTED,MD,EA05C358-A0B2-4E46-8A6A-427A86460932,DESTROYED,TWELVE OCLOCK,PASSENGER CAR,MOVING CONSTANT SPEED,South,35,No,No,2006,FORD,EXPEDITION,39.03350583,-77.0032945,""(39.03350583, -77.0032945)"""
"MCP3180003N,230049652,Montgomery County Police,Property Damage Crash,08/15/2023 08:25:00 PM,County,HINES RD,LAFAYETTE DR,,N/A,,HEAD ON LEFT TURN,RAINING,WET,DARK LIGHTS ON,NO CONTROLS,NONE DETECTED,,52986862-12D2-42E6-B13A-53C1DCC01EDE,Yes,NO APPARENT INJURY,""N/A, WET"",LOOKED BUT DID NOT SEE,MD,FA76D56E-5658-4D96-8E0F-2ED2111FC669,DISABLING,ONE OCLOCK,PASSENGER CAR,MAKING LEFT TURN,South,35,No,No,2018,CHEVY,EQUINOX,39.14174333,-77.07527,""(39.14174333, -77.07527)"""
"MCP2937002N,180042961,Montgomery County Police,Property Damage Crash,08/28/2018 10:30:00 PM,County,BRIGGS CHANEY RD,RAMP 1 FR US29 NB TO BRIGGS CHANEY RD WB,,N/A,,SAME DIR REAR END,CLEAR,DRY,DARK NO LIGHTS,TRAFFIC SIGNAL,NONE DETECTED,,4D702F29-FCFF-420B-AA5C-47035BA6E014,No,NO APPARENT INJURY,N/A,NOT DISTRACTED,MD,79350D5E-99D2-43AD-B41F-B588E0F57FAD,FUNCTIONAL,SIX OCLOCK,PASSENGER CAR,STOPPED IN TRAFFIC LANE,North,25,No,No,2018,NISSAN,ALTIMA,39.08265667,-76.94791333,""(39.08265667, -76.94791333)"""
"MCP33680019,230046353,Montgomery County Police,Injury Crash,07/25/2023 10:00:00 AM,Maryland (State),QUINCE ORCHARD RD,BANK ST,,GAITHERSBURG,,HEAD ON LEFT TURN,CLEAR,DRY,DAYLIGHT,TRAFFIC SIGNAL,NONE DETECTED,,CD7A33EA-F5DF-4EE2-BF49-C437B365DBAB,No,NO APPARENT INJURY,N/A,NOT DISTRACTED,MD,0BCD659A-FECB-4F46-8AE9-C3CA6DA1B610,DISABLING,TWELVE OCLOCK,PASSENGER CAR,MOVING CONSTANT SPEED,South,35,No,No,2020,PORSCHE,TK,39.14006583,-77.22206817,""(39.14006583, -77.22206817)"""
"MCP3039002P,180032500,Montgomery County Police,Injury Crash,07/01/2018 10:41:00 PM,Maryland (State),ROCKVILLE PIKE,BANGOR DR,,N/A,,SAME DIR REAR END,CLEAR,DRY,DARK LIGHTS ON,NO CONTROLS,NONE DETECTED,,36412FE1-B109-415D-A1F2-86CAA6CC8B91,Yes,SUSPECTED MINOR INJURY,N/A,INATTENTIVE OR LOST IN THOUGHT,MD,7016DF56-51A6-432E-B4D1-7108A54DDF67,DISABLING,TWELVE OCLOCK,PASSENGER CAR,MOVING CONSTANT SPEED,North,40,No,No,1998,HONDA,CIVIC,39.03752799,-77.10808039,""(39.03752799, -77.10808039)"""
"MCP2687003Z,230030943,Montgomery County Police,Property Damage Crash,06/08/2023 08:00:00 PM,,,,4854 CORDELL AVE,,,SAME DIRECTION SIDESWIPE,CLEAR,,DAYLIGHT,NO CONTROLS,NONE DETECTED,,28B36980-1167-41E0-A25E-2B8090D5660B,No,NO APPARENT INJURY,N/A,NO DRIVER PRESENT,MD,3C39EED3-FC9A-4EEB-A3DF-139F643B924B,SUPERFICIAL,EIGHT OCLOCK,PASSENGER CAR,PARKED,,15,No,Yes,2015,VOLK,JETTA,38.9880995,-77.0984357,""(38.9880995, -77.0984357)"""
"MCP3262003Q,230070953,Montgomery County Police,Injury Crash,12/10/2023 04:25:00 PM,US (State),COLUMBIA PIKE,GREENCASTLE RD,,N/A,,SAME DIR REAR END,RAINING,WET,DARK LIGHTS ON,TRAFFIC SIGNAL,NONE DETECTED,,4EB9D752-79A7-4C54-89C4-413CF5D7C42E,Yes,POSSIBLE INJURY,""N/A, WET"",OTHER DISTRACTION,MD,5B40BF80-6053-4D81-B88B-77AB11C49AE1,DISABLING,TWELVE OCLOCK,PASSENGER CAR,SLOWING OR STOPPING,South,45,No,No,2007,CHRY,PT CRUISER,39.09637017,-76.93775417,""(39.09637017, -76.93775417)"""
"MCP2932006K,230056413,Montgomery County Police,Property Damage Crash,09/23/2023 12:27:00 AM,US (State),COLESVILLE RD,UNIVERSITY BLVD E,,N/A,,STRAIGHT MOVEMENT ANGLE,RAINING,WET,DARK LIGHTS ON,TRAFFIC SIGNAL,UNKNOWN,,59EDCDDF-3C09-414C-B192-3D8B5F817E57,No,NO APPARENT INJURY,""RAIN, SNOW, WET"",UNKNOWN,,117FDBBE-E3D2-4428-85BE-53B9D40AE4F8,FUNCTIONAL,NINE OCLOCK,,MOVING CONSTANT SPEED,East,35,No,No,0,UNKNOWN,UNKNOWN,39.01978705,-77.01332145,""(39.01978705, -77.01332145)"""
"MCP2187001R,230063369,Montgomery County Police,Injury Crash,10/30/2023 11:45:00 AM,County,WASHINGTON GROVE LA,PEPPER RIDGE WAY,,N/A,,STRAIGHT MOVEMENT ANGLE,CLEAR,DRY,DAYLIGHT,NO CONTROLS,NONE DETECTED,,308835D3-2062-49E0-A855-BCDE598B2602,No,POSSIBLE INJURY,N/A,NOT DISTRACTED,MD,B35867E2-09EC-4785-87F0-6D6BFDEFAF5D,DISABLING,TWELVE OCLOCK,PASSENGER CAR,MOVING CONSTANT SPEED,North,35,No,No,2007,HOND,CP,39.15065167,-77.16545333,""(39.15065167, -77.16545333)"""
"MCP3161005M,230050157,Montgomery County Police,Injury Crash,08/18/2023 06:30:00 PM,Maryland (State),UNIVERSITY BLVD W,WEST AVE,,N/A,,SAME DIR REAR END,CLEAR,DRY,DAYLIGHT,NO CONTROLS,NONE DETECTED,,31955BF5-80FE-47A1-9900-A7AE05EB6DBC,No,POSSIBLE INJURY,N/A,NOT DISTRACTED,MD,E8EBDBE5-1DA0-42CF-8FCD-2749859CAEEF,FUNCTIONAL,SIX OCLOCK,PASSENGER CAR,SLOWING OR STOPPING,East,35,No,No,2018,AUDI,SQ5,39.03614967,-77.06284833,""(39.03614967, -77.06284833)"""
"MCP3330001D,230059909,Montgomery County Police,Property Damage Crash,10/11/2023 01:00:00 PM,,,,PARKING LOT OF 655 WATKINS MILL RD,,,OTHER,CLEAR,,DAYLIGHT,N/A,NONE DETECTED,,6DCCBF4B-A8D6-46AC-BDE6-34F5BA6ECE2D,Yes,NO APPARENT INJURY,N/A,UNKNOWN,MD,7517B4A2-C204-4AEB-AF8D-27DBB7A51069,FUNCTIONAL,ONE OCLOCK,PASSENGER CAR,PARKING,Unknown,5,No,No,2011,TOYT,4 RUNNER,39.156031,-77.222629,""(39.156031, -77.222629)"""
"MCP2039008S,230034579,Montgomery County Police,Injury Crash,07/20/2023 02:34:00 PM,Maryland (State),MUNCASTER MILL RD,LORDS KOREAN BAPTIST CHURCH,,N/A,,ANGLE MEETS RIGHT TURN,CLOUDY,DRY,DAYLIGHT,NO CONTROLS,N/A,,18B531D2-8808-44FC-9047-E39C75E9DDF9,Yes,NO APPARENT INJURY,N/A,LOOKED BUT DID NOT SEE,MD,609CC444-23C2-4F42-9F5A-97331BB5DFAD,DESTROYED,ELEVEN OCLOCK,PASSENGER CAR,MAKING RIGHT TURN,East,35,No,No,2018,CHRYSLER,PACIFICA,39.11270475,-77.08921363,""(39.11270475, -77.08921363)"""
"MCP2686006R,230069145,Montgomery County Police,Property Damage Crash,11/30/2023 03:36:00 PM,County,CENTURY BLVD,ENT TO SHOPPING CENTER,,N/A,,SAME DIRECTION RIGHT TURN,CLEAR,DRY,DAYLIGHT,NO CONTROLS,NONE DETECTED,,B55D8D3A-68E5-494D-8CD4-39472642D486,Yes,NO APPARENT INJURY,N/A,LOOKED BUT DID NOT SEE,MD,7134F41C-E55D-4047-B04F-38BC9C55E603,FUNCTIONAL,TWO OCLOCK,(SPORT) UTILITY VEHICLE,MAKING RIGHT TURN,North,25,No,No,2021,LEXS,UT,39.18339333,-77.26257567,""(39.18339333, -77.26257567)"""
"MCP3280003R,230048079,Montgomery County Police,Property Damage Crash,08/06/2023 12:46:00 PM,,,,""11305 LOCKWOOD DR, SILVER SPRING, MD 20904"",,,OTHER,CLEAR,,DAYLIGHT,NO CONTROLS,UNKNOWN,,1CC136E6-CB13-41F3-A1EF-B5F8211920E6,Yes,NO APPARENT INJURY,N/A,NOT DISTRACTED,,B0208D5E-B4A1-4D01-BD7C-A19ADDA7FF2D,UNKNOWN,ONE OCLOCK,PICKUP TRUCK,OTHER,West,5,No,No,2016,FORD,F-150,39.040125,-76.98874333,""(39.040125, -76.98874333)"""