Report Number,Local Case Number,Agency Name,ACRS Report Type,Crash Date/Time,Route Type,Road Name,Cross-Street Name,Off-Road Description,Municipality,Related Non-Motorist,Collision Type,Weather,Surface Condition,Light,Traffic Control,Driver Substance Abuse,Non-Motorist Substance Abuse,Person ID,Driver At Fault,Injury Severity,Circumstance,Driver Distracted By,Drivers License State,Vehicle ID,Vehicle Damage Extent,Vehicle First Impact Location,Vehicle Body Type,Vehicle Movement,Vehicle Going Dir,Speed Limit,Driverless Vehicle,Parked Vehicle,Vehicle Year,Vehicle Make,Vehicle Model,Latitude,Longitude,Location
"MCP3268003H,230070934,Montgomery County Police,Property Damage Crash,12/10/2023 02:21:00 PM,US (State),COLUMBIA PIKE,RAMP 5 FR US 29 SB TO BRIGGS CHANEY RD,,N/A,,SINGLE VEHICLE,RAINING,N/A,DAYLIGHT,NO CONTROLS,NONE DETECTED,,0F469A5C-2168-4E28-8486-8046785D65CF,Yes,NO APPARENT INJURY,""RAIN, SNOW, WET"",NOT DISTRACTED,MD,645766CD-7060-45D4-9F76-AF7A9AF58842,DISABLING,TWELVE OCLOCK,PASSENGER CAR,MOVING CONSTANT SPEED,South,50,No,No,2009,TOYOTA,COROLLA,39.08491883,-76.9476015,""(39.08491883, -76.9476015)"""
"MCP23990074,230054468,Montgomery County Police,Property Damage Crash,09/12/2023 03:15:00 PM,County,WIGHTMAN RD,SPARROW VALLEY DR,,N/A,,SAME DIR REAR END,CLEAR,DRY,DAYLIGHT,N/A,NONE DETECTED,,F48023B6-C333-4FFA-8A89-1C5BAD115FF1,Yes,NO APPARENT INJURY,N/A,NOT DISTRACTED,MD,A5F81F9C-7D5F-43EE-A8D4-CF7CEC22A00D,SUPERFICIAL,TWELVE OCLOCK,POLICE VEHICLE/NON EMERGENCY,SLOWING OR STOPPING,North,35,No,No,2016,FORD,INTERCEPTOR,39.18965064,-77.19123555,""(39.18965064, -77.19123555)"""
"MCP3126004S,230054702,Montgomery County Police,Property Damage Crash,09/13/2023 05:56:00 PM,Maryland (State),FREDERICK RD,REDGRAVE PL,,N/A,,STRAIGHT MOVEMENT ANGLE,CLEAR,DRY,DAYLIGHT,STOP SIGN,NONE DETECTED,,4070349F-C5DB-4065-AC91-639687505976,No,NO APPARENT INJURY,N/A,NOT DISTRACTED,MD,7C0162E7-B6DA-437A-8BFA-171D5E39D9D8,DISABLING,TWELVE OCLOCK,PASSENGER CAR,MOVING CONSTANT SPEED,South,40,No,No,2018,TOYOTA,CAMRY,39.239128,-77.2797625,""(39.239128, -77.2797625)"""
"MCP3348000T,230049119,Montgomery County Police,Property Damage Crash,08/12/2023 03:41:00 PM,,,,""PARKING LOT IN FRONT OF 13529 GEORGIA AVE SILVER SPRING, MD 20906"",,,OPPOSITE DIRECTION SIDESWIPE,CLEAR,,DAYLIGHT,N/A,UNKNOWN,,4978CC77-3FDB-452B-A7A9-B2C849659761,Yes,NO APPARENT INJURY,N/A,UNKNOWN,,C7AA9A02-026B-4737-884B-D105F5834CB8,SUPERFICIAL,ELEVEN OCLOCK,PASSENGER CAR,ACCELERATING,South,10,No,No,2014,HONDA,CRV,39.07967378,-77.07128993,""(39.07967378, -77.07128993)"""
"MCP3145004L,230074187,Montgomery County Police,Property Damage Crash,12/29/2023 05:00:00 PM,Maryland (State),UNIVERSITY BLVD W,DENNIS AVE,,N/A,,STRAIGHT MOVEMENT ANGLE,CLEAR,DRY,DARK LIGHTS ON,TRAFFIC SIGNAL,NONE DETECTED,,D28AAC6F-C3D9-4BC5-9AD6-F5A7066A28DA,No,NO APPARENT INJURY,N/A,NOT DISTRACTED,MD,7788EC33-B74E-4A4F-8245-B1185C2962BD,DISABLING,TWELVE OCLOCK,PASSENGER CAR,MOVING CONSTANT SPEED,North,35,No,No,2018,CHEV,CP,39.0261865,-77.020099,""(39.0261865, -77.020099)"""
"MCP3109008J,230061382,Montgomery County Police,Property Damage Crash,10/19/2023 09:20:00 AM,Maryland (State),UNIVERSITY BLVD E,COLESVILLE RD,,N/A,,SAME DIRECTION RIGHT TURN,CLEAR,DRY,DAYLIGHT,TRAFFIC SIGNAL,NONE DETECTED,,9A28B49B-70AE-4723-BEB6-E2299B8BD714,No,NO APPARENT INJURY,N/A,NOT DISTRACTED,MD,AF74088C-C606-4ECE-9741-BDC67BFAFAD5,SUPERFICIAL,ELEVEN OCLOCK,TRANSIT BUS,STARTING FROM LANE,East,35,No,No,2016,GILLIG,BUS,39.01935833,-77.01278417,""(39.01935833, -77.01278417)"""
"MCP28710098,230061856,Montgomery County Police,Injury Crash,10/21/2023 05:51:00 PM,Other Public Roadway,MONTROSE RD,MONTROSE PKWY,,N/A,,STRAIGHT MOVEMENT ANGLE,CLEAR,DRY,DAYLIGHT,TRAFFIC SIGNAL,NONE DETECTED,,CA651F92-2941-4067-82DD-96755E7316D4,Yes,POSSIBLE INJURY,N/A,NOT DISTRACTED,MD,2836C8B8-7156-4842-AFB0-2FF3679E1BF9,DISABLING,THREE OCLOCK,PASSENGER CAR,MAKING LEFT TURN,East,40,No,No,2009,HOND,ACCORD,39.05312,-77.13583833,""(39.05312, -77.13583833)"""
"MCP3372001Q,230062351,Montgomery County Police,Property Damage Crash,10/24/2023 04:58:00 PM,Maryland (State),GEORGIA AVE,BEL PRE RD,,N/A,,SAME DIRECTION SIDESWIPE,CLEAR,DRY,DAYLIGHT,NO CONTROLS,UNKNOWN,,04C04136-0686-4EC7-B8D9-DA63F3B42E00,Yes,NO APPARENT INJURY,N/A,UNKNOWN,,134E83EE-4449-47A8-B8F2-C4D02AC05858,FUNCTIONAL,ELEVEN OCLOCK,PASSENGER CAR,MOVING CONSTANT SPEED,North,35,No,No,2010,DODGE,CHARGER,39.09242901,-77.07982142,""(39.09242901, -77.07982142)"""
"MCP3330001G,230062867,Montgomery County Police,Property Damage Crash,10/27/2023 11:54:00 AM,County,TUCKERMAN LA,GAINSBOROUGH RD,,N/A,,OTHER,CLOUDY,DRY,DAYLIGHT,N/A,NONE DETECTED,,B7E8FDFE-F142-4E1E-B7A3-1E59A4423436,Yes,NO APPARENT INJURY,N/A,UNKNOWN,MD,8442467D-778E-43E3-96FA-A79B8537542D,DISABLING,ELEVEN OCLOCK,PASSENGER CAR,STARTING FROM PARKED,East,5,No,No,2021,HONDA,ACCORD,39.04084633,-77.17418667,""(39.04084633, -77.17418667)"""
"MCP12100038,190012222,Montgomery County Police,Property Damage Crash,03/16/2019 05:55:00 PM,,,,PARKING LOT OF 15700 SHADY GROVE RD,,,OTHER,N/A,,DAYLIGHT,N/A,NONE DETECTED,,D103AE70-B53F-4919-BBFA-301C63E78981,No,NO APPARENT INJURY,N/A,NOT DISTRACTED,VA,4CE070F2-2770-46F7-959A-0639F1FA9A52,SUPERFICIAL,SIX OCLOCK,PASSENGER CAR,PARKED,,0,No,Yes,2011,TOYOTA,RAV4,39.113285,-77.18729833,""(39.113285, -77.18729833)"""
"MCP3129007M,230048247,Montgomery County Police,Property Damage Crash,08/07/2023 02:04:00 PM,County,BONIFANT RD,SANDY RIDGE RD,,N/A,,SAME DIR REAR END,CLEAR,DRY,DAYLIGHT,NO CONTROLS,NONE DETECTED,,7EC4716D-B1D9-48B4-8FA9-E4D34ADA3FB4,No,NO APPARENT INJURY,N/A,NOT DISTRACTED,MD,01A9E419-C986-43B4-A0A4-92327AF7417B,FUNCTIONAL,SIX OCLOCK,OTHER,STOPPED IN TRAFFIC LANE,East,35,No,No,2022,TOYT,UT,39.092947,-77.01365033,""(39.092947, -77.01365033)"""
"MCP24550068,230067698,Montgomery County Police,Injury Crash,11/21/2023 06:19:00 PM,Maryland (State),NORBECK RD,BALTIMORE RD,,N/A,,SAME DIR REAR END,RAINING,WET,DARK NO LIGHTS,N/A,NONE DETECTED,,1F7ECD7B-AC31-4685-90BB-893CD4F3E337,Yes,NO APPARENT INJURY,""RAIN, SNOW, WET"",UNKNOWN,MD,C98B341B-EBFF-4E54-82FE-19786626EB9F,DISABLING,TWELVE OCLOCK,PICKUP TRUCK,MOVING CONSTANT SPEED,East,50,No,No,2022,CHEV,PK,39.09408206,-77.11723664,""(39.09408206, -77.11723664)"""
"MCP33670015,230052826,Montgomery County Police,Property Damage Crash,09/02/2023 05:18:00 PM,County,FLOWER AVE,FRANKLIN AVE,,N/A,,OTHER,CLEAR,DRY,DAYLIGHT,TRAFFIC SIGNAL,N/A,,34256514-F3AB-4A63-9782-9201F8ABD859,No,NO APPARENT INJURY,N/A,NOT DISTRACTED,MD,0219A378-BF50-423A-B4FC-8EB9160AD614,FUNCTIONAL,NINE OCLOCK,PASSENGER CAR,MAKING LEFT TURN,North,0,No,No,2011,FORD,SD,39.01112667,-77.008125,""(39.01112667, -77.008125)"""
"MCP2905005Z,230056083,Montgomery County Police,Property Damage Crash,09/21/2023 11:37:00 AM,County,HAMPDEN LA,MOORLAND LA,,N/A,,HEAD ON,CLEAR,DRY,DAYLIGHT,NO CONTROLS,N/A,,56F0BB8E-1C02-4428-A63E-56FC733A128B,Unknown,NO APPARENT INJURY,N/A,LOOKED BUT DID NOT SEE,MD,2A269141-1B93-4F1C-B7AF-67C5C75EBF27,SUPERFICIAL,ELEVEN OCLOCK,PASSENGER CAR,MAKING RIGHT TURN,East,25,No,No,2023,MNNI,PC,38.986695,-77.10995167,""(38.986695, -77.10995167)"""
"MCP3153004R,230030556,Montgomery County Police,Property Damage Crash,06/26/2023 01:58:00 PM,,INTERSTATE (IS) 270 SB RAMP EXIT 12,WATKINS MILL ROAD,,N/A,,SAME DIR REAR END,CLEAR,DRY,DAYLIGHT,TRAFFIC SIGNAL,NONE DETECTED,,717903C9-3FC4-4B28-870C-38574E85733A,No,NO APPARENT INJURY,N/A,NOT DISTRACTED,MD,123ECE91-5781-4F77-BDFA-9EE660E03FD2,NO DAMAGE,SIX OCLOCK,PASSENGER CAR,STARTING FROM LANE,South,35,No,No,1997,LEXUS,ES300,39.15568763,-77.22733134,""(39.15568763, -77.22733134)"""
"MCP9390002M,230066562,Montgomery County Police,Property Damage Crash,11/15/2023 06:05:00 PM,Interstate (State),EISENHOWER MEMORIAL HWY,GAME PRESERVE RD,,N/A,,SAME DIR REAR END,CLEAR,N/A,DARK LIGHTS ON,N/A,NONE DETECTED,,29D86BA5-3E84-4073-AEA0-EA834E4E063B,No,NO APPARENT INJURY,N/A,NOT DISTRACTED,MD,7BCE2219-2677-4CB9-A141-676197210F26,FUNCTIONAL,TWELVE OCLOCK,PASSENGER CAR,MOVING CONSTANT SPEED,South,55,No,No,2022,LEXUS,ES300H,39.16097627,-77.23212975,""(39.16097627, -77.23212975)"""
"MCP21070018,170526622,Montgomery County Police,Injury Crash,08/24/2017 02:22:00 PM,Maryland (State),CLOPPER RD,ETERNITY RD,,N/A,,STRAIGHT MOVEMENT ANGLE,CLEAR,DRY,DAYLIGHT,STOP SIGN,NONE DETECTED,,ACC8F6BE-D074-4A2E-8CE4-D6D1BE16D46D,No,POSSIBLE INJURY,N/A,NOT DISTRACTED,MD,8D75B3C5-10AA-4A4B-9C67-C97A6A2EBA91,DISABLING,TWELVE OCLOCK,POLICE VEHICLE/EMERGENCY,MOVING CONSTANT SPEED,East,40,No,No,2009,HYUNDAI,SONATA,39.16995833,-77.29651167,""(39.16995833, -77.29651167)"""
"MCP3259003V,230069156,Montgomery County Police,Property Damage Crash,11/30/2023 04:20:00 PM,Maryland (State),RIVER RD,LANDY LA,,N/A,,SAME DIR REAR END,CLEAR,DRY,DAYLIGHT,NO CONTROLS,NONE DETECTED,,D9B93001-8547-4EE3-928E-D6D439B6B757,No,NO APPARENT INJURY,N/A,NOT DISTRACTED,MD,CA549F72-28C9-48B2-9565-057D0AA7E95B,SUPERFICIAL,SIX OCLOCK,SCHOOL BUS,SLOWING OR STOPPING,West,40,No,No,2018,THOMAS,SBCB,38.9643767,-77.1032745,""(38.9643767, -77.1032745)"""
"MCP295200DW,230051782,Montgomery County Police,Injury Crash,08/28/2023 09:54:00 AM,US (State),COLESVILLE RD,SPUR FR HASTINGS DR,,N/A,,SAME DIR REAR END,CLOUDY,DRY,DAYLIGHT,TRAFFIC SIGNAL,NONE DETECTED,,A69295BD-716F-43C4-BEAE-4CA148712A88,Yes,POSSIBLE INJURY,N/A,NOT DISTRACTED,MD,0365AB3E-6290-4154-B1D2-377F1AE81479,DESTROYED,TWELVE OCLOCK,PASSENGER CAR,SLOWING OR STOPPING,North,35,No,No,2011,HONDA,ACCORD,39.0132281,-77.01659751,""(39.0132281, -77.01659751)"""
"MCP2513003D,230061906,Montgomery County Police,Injury Crash,10/22/2023 12:52:00 AM,US (State),COLUMBIA PIKE,RAMP 6 FR BRIGGS CHANEY RD TO US 29 SB,,N/A,,SAME DIR REAR END,CLEAR,DRY,DARK NO LIGHTS,NO CONTROLS,NONE DETECTED,,0C18FD08-4FA3-485F-90BA-239348D88584,Unknown,SUSPECTED MINOR INJURY,N/A,UNKNOWN,MD,D1F0A7F9-BCD3-45B4-A4FC-4BD5FCEF8467,FUNCTIONAL,ELEVEN OCLOCK,PASSENGER CAR,MOVING CONSTANT SPEED,South,50,No,No,2018,HONDA,ACCORD,39.08529856,-76.94671271,""(39.08529856, -76.94671271)"""
"MCP93790050,230067378,Montgomery County Police,Property Damage Crash,11/20/2023 10:50:00 AM,Municipality,FLEET ST,MARYLAND AVE,,ROCKVILLE,,SAME DIR REAR END,CLEAR,DRY,DAYLIGHT,TRAFFIC SIGNAL,NONE DETECTED,,D602F802-27BA-47CB-BA95-CA8383C358A5,No,NO APPARENT INJURY,N/A,NOT DISTRACTED,MD,EB304251-6EAD-4180-B030-4D096DA1C069,SUPERFICIAL,SIX OCLOCK,POLICE VEHICLE/NON EMERGENCY,STOPPED IN TRAFFIC LANE,West,30,No,No,2017,FORD,4S,39.08125017,-77.15155817,""(39.08125017, -77.15155817)"""
"MCP292300B4,230065938,Montgomery County Police,Property Damage Crash,11/12/2023 02:15:00 PM,County,ENNALLS AVE,GEORGIA AVE,,N/A,,OTHER,CLEAR,DRY,DAYLIGHT,NO CONTROLS,NONE DETECTED,,8EE76097-D9FE-4F7C-96CC-E205820EAA78,Yes,NO APPARENT INJURY,N/A,LOOKED BUT DID NOT SEE,MD,1ED221B1-5C89-4B04-9077-187B6287017F,DISABLING,ELEVEN OCLOCK,PICKUP TRUCK,MAKING LEFT TURN,South,25,No,No,2017,NISSAN,FRONTIER,39.03189437,-77.07470031,""(39.03189437, -77.07470031)"""
"EJ78870035,230061978,Gaithersburg Police Depar,Property Damage Crash,10/22/2023 03:00:00 PM,Maryland (State),MONTGOMERY VILLAGE AVE,RUSSELL AVE,,GAITHERSBURG,,SAME DIR REAR END,CLEAR,DRY,DARK -- UNKNOWN LIGHTING,NO CONTROLS,NONE DETECTED,,7274AC3F-653D-4E1D-9697-7A361E3F691B,No,NO APPARENT INJURY,N/A,NOT DISTRACTED,MD,4BE9E1BD-797C-48DF-B13B-95E5AC811127,FUNCTIONAL,SIX OCLOCK,PASSENGER CAR,MOVING CONSTANT SPEED,South,35,No,No,2022,NISS,SD,39.15462307,-77.2088226,""(39.15462307, -77.2088226)"""
"MCP2799004J,180042926,Montgomery County Police,Injury Crash,08/28/2018 10:29:00 AM,County,BONIFANT RD,ANTIETAM CT,,N/A,,SAME DIR REAR END,CLEAR,DRY,DARK LIGHTS ON,NO CONTROLS,NONE DETECTED,,1F525D78-0277-4F8A-8C1F-C7C4905CC65D,No,SUSPECTED MINOR INJURY,N/A,NOT DISTRACTED,MD,3D5D2E9C-E4B8-4551-8321-042521573E54,SUPERFICIAL,SIX OCLOCK,PASSENGER CAR,SLOWING OR STOPPING,West,35,No,No,2018,HYUN,TRUCK,39.09504,-77.00451333,""(39.09504, -77.00451333)"""
"MCP3372001Z,230067985,Montgomery County Police,Injury Crash,11/23/2023 09:49:00 PM,,,,""PARKING LOT OF 14119 WEEPING WILLOW DRIVE SILVER SPRING, MD 20906."",,,OPPOSITE DIRECTION SIDESWIPE,N/A,,DARK NO LIGHTS,NO CONTROLS,NONE DETECTED,,A1AF0B8B-8372-464F-B6F5-636CA4B88091,No,SUSPECTED MINOR INJURY,N/A,NOT DISTRACTED,MD,E129A2B3-1A4C-4CA8-9D04-AE70262091B7,FUNCTIONAL,ELEVEN OCLOCK,PASSENGER CAR,MOVING CONSTANT SPEED,South,25,No,No,2014,CHEV,PK,39.08962381,-77.06682987,""(39.08962381, -77.06682987)"""
"MCP3262003C,230054276,Montgomery County Police,Property Damage Crash,09/11/2023 04:38:00 PM,Maryland (State),OLD COLUMBIA PIKE,SPUR FR OLD COLUMBIA PIKE,,N/A,,STRAIGHT MOVEMENT ANGLE,CLEAR,DRY,DAYLIGHT,NO CONTROLS,NONE DETECTED,,0C5BFB54-889F-419A-9F20-CBA7E22AB8CB,Yes,NO APPARENT INJURY,N/A,LOOKED BUT DID NOT SEE,MD,9CB40530-9C46-49E0-A3C3-A71C70129F5C,DISABLING,THREE OCLOCK,PASSENGER CAR,ACCELERATING,West,35,No,No,2012,ACUR,SD,39.10726083,-76.93753717,""(39.10726083, -76.93753717)"""
"MCP2934005Q,230057740,Montgomery County Police,Property Damage Crash,09/30/2023 06:47:00 PM,,,,PARKING LOT OF 4910 ELM ST,,,SAME DIRECTION RIGHT TURN,CLEAR,,DAYLIGHT,NO CONTROLS,UNKNOWN,,F8025F11-9E94-49B5-8130-3E748A57BA0A,Yes,NO APPARENT INJURY,N/A,UNKNOWN,MD,398560F3-B804-40C3-A0E7-6BFC71482A79,FUNCTIONAL,THREE OCLOCK,(SPORT) UTILITY VEHICLE,MAKING RIGHT TURN,Unknown,0,No,No,2023,TOYOTA,HIGHLANDER,38.98178222,-77.09659243,""(38.98178222, -77.09659243)"""
"MCP13780155,230048270,Montgomery County Police,Injury Crash,08/07/2023 04:55:00 PM,Maryland (State),VEIRS MILL RD,ATLANTIC AVE,,ROCKVILLE,,SAME DIR REAR END,CLOUDY,DRY,DAYLIGHT,NO CONTROLS,NONE DETECTED,,512A8495-B49A-4743-8518-8E035589D772,No,NO APPARENT INJURY,N/A,NOT DISTRACTED,MD,452B740C-8638-49A7-B01E-AC96C8A2AA14,FUNCTIONAL,SIX OCLOCK,(SPORT) UTILITY VEHICLE,STOPPED IN TRAFFIC LANE,East,30,No,No,2011,TOYT,HIGHLANDER,39.07544167,-77.11728167,""(39.07544167, -77.11728167)"""
"MCP3068004Z,230057363,Montgomery County Police,Property Damage Crash,09/28/2023 06:30:00 PM,County,MONTGOMERY LA,WISCONSIN AVE,,N/A,,SAME DIRECTION SIDESWIPE,N/A,DRY,DAYLIGHT,N/A,N/A,,A20E9718-CE7D-44F1-B196-077E43F50667,Yes,NO APPARENT INJURY,N/A,NOT DISTRACTED,,CE3FB594-1A4B-4E77-87B5-00552561262A,UNKNOWN,UNKNOWN,,MOVING CONSTANT SPEED,East,35,No,No,0,UNKNOWN,UNKNOWN,38.9836705,-77.0928705,""(38.9836705, -77.0928705)"""
"MCP285900DM,230050094,Montgomery County Police,Property Damage Crash,08/18/2023 12:30:00 PM,Maryland (State),FREDERICK RD,PROFESSIONAL DR,,GAITHERSBURG,,HEAD ON LEFT TURN,CLEAR,DRY,DAYLIGHT,TRAFFIC SIGNAL,NONE DETECTED,,4C2634EF-BA2B-4BC5-B359-94F4955196A6,Yes,NO APPARENT INJURY,N/A,UNKNOWN,MD,A2702E06-A7BA-42AE-BA7A-A7342A926140,DISABLING,TWELVE OCLOCK,(SPORT) UTILITY VEHICLE,MAKING LEFT TURN,South,35,No,No,2013,NISS,ROGUE,39.16370167,-77.22618383,""(39.16370167, -77.22618383)"""
"MCP29320076,230071204,Montgomery County Police,Injury Crash,12/12/2023 05:00:00 AM,Maryland (State),NEW HAMPSHIRE AVE,MCCENEY AVE,,N/A,,SINGLE VEHICLE,CLEAR,ICE,DARK LIGHTS ON,N/A,NONE DETECTED,,346A84C4-4BEC-44F2-9843-028F823948E9,No,SUSPECTED MINOR INJURY,""ICY OR SNOW-COVERED, V WIPERS|W OTHER ENVIRONMENTAL"",NOT DISTRACTED,MD,DF900028-39FE-4615-83A0-5959F02AFBF0,DISABLING,ELEVEN OCLOCK,PASSENGER CAR,MOVING CONSTANT SPEED,North,40,No,No,2022,NISSAN,VERSA,39.03637867,-76.98909033,""(39.03637867, -76.98909033)"""
"MCP2904002Y,17006785,Montgomery County Police,Property Damage Crash,02/07/2017 11:15:00 PM,US (State),COLESVILLE RD,UNIVERSITY BLVD E,,N/A,,SAME DIRECTION RIGHT TURN,CLEAR,DRY,DARK LIGHTS ON,N/A,NONE DETECTED,,A367A18C-A659-482F-854F-544A5F6E3D08,No,NO APPARENT INJURY,N/A,NOT DISTRACTED,MD,B8575911-0A44-4D0F-869D-9FA7CA7A9B84,DISABLING,ELEVEN OCLOCK,PASSENGER CAR,MOVING CONSTANT SPEED,South,40,No,No,2009,LEXUS,ES350,39.020775,-77.01295167,""(39.020775, -77.01295167)"""
"MCP3182002B,230051135,Montgomery County Police,Property Damage Crash,08/24/2023 05:02:00 PM,Maryland (State),FREDERICK RD,GUNNERS BRANCH RD,,N/A,,HEAD ON LEFT TURN,CLEAR,DRY,DAYLIGHT,TRAFFIC SIGNAL,NONE DETECTED,,EAD267FE-EBE2-4BA5-93D3-AB4D66C2FCF9,Yes,NO APPARENT INJURY,N/A,NOT DISTRACTED,MD,F1F0F273-1258-4555-9D8D-473A1BA4AE5F,DISABLING,TWO OCLOCK,PASSENGER CAR,MAKING LEFT TURN,South,35,No,No,2013,FORD,ESCAPE,39.17840755,-77.2383721,""(39.17840755, -77.2383721)"""
"MCP28710033,16031382,Montgomery County Police,Property Damage Crash,06/21/2016 03:53:00 PM,Maryland (State),OLD GEORGETOWN RD,RYLAND DR,,N/A,,SAME DIR REAR END,RAINING,WET,OTHER,NO CONTROLS,NONE DETECTED,,2F4D2440-C414-4B67-9CD3-0D2F21EC959D,Yes,NO APPARENT INJURY,""N/A, WET"",NOT DISTRACTED,VA,9A777C79-D3F6-42EB-B234-CBD03D9DDC5D,FUNCTIONAL,TWELVE OCLOCK,PASSENGER CAR,MOVING CONSTANT SPEED,North,35,No,No,2002,HONDA,ACCORD,39.01325333,-77.11736,""(39.01325333, -77.11736)"""
"MCP3230004Q,230058179,Montgomery County Police,Property Damage Crash,10/02/2023 02:15:00 PM,County,CHESTERFIELD RD,CANTERBURY LA,,N/A,,OTHER,CLEAR,DRY,DAYLIGHT,NO CONTROLS,UNKNOWN,,C9DF0D80-E629-4985-86A8-9CA3D5D0E10D,Yes,NO APPARENT INJURY,N/A,NOT DISTRACTED,,5605020B-DE98-4515-82B0-5C6E358CCBD9,UNKNOWN,SIX OCLOCK,PASSENGER CAR,BACKING,North,25,No,No,0,CHEVY,MALIBU,39.09019235,-77.08401213,""(39.09019235, -77.08401213)"""
"DD5612004H,230063051,Rockville Police Departme,Property Damage Crash,10/28/2023 12:37:00 PM,Maryland (State),HUNGERFORD DR,ENT TO BUSINESSES,,N/A,,SAME DIR REAR END,CLEAR,DRY,DAYLIGHT,TRAFFIC SIGNAL,NONE DETECTED,,D02CDA73-90F0-48A2-AEFB-4616DC1BB48C,No,NO APPARENT INJURY,N/A,NOT DISTRACTED,MD,DD449D0D-D74D-470A-8E43-2169589DCD98,FUNCTIONAL,FIVE OCLOCK,PASSENGER CAR,STOPPED IN TRAFFIC LANE,South,30,No,No,2015,CHEVY,UT,39.08922302,-77.15163803,""(39.08922302, -77.15163803)"""
"MCP2586006G,230049960,Montgomery County Police,Property Damage Crash,08/17/2023 04:18:00 PM,Maryland (State),CLOPPER RD,WARING STATION RD,,N/A,,SAME DIR REAR END,CLEAR,DRY,DAYLIGHT,NO CONTROLS,NONE DETECTED,,1638FB82-3884-44D8-A352-24A774600F0D,Yes,NO APPARENT INJURY,""BACKUP DUE TO REGULAR CONGESTION, N/A"",UNKNOWN,MD,9F0687EF-0974-47CB-A6E6-E738E8A84805,DISABLING,TWELVE OCLOCK,PASSENGER CAR,MOVING CONSTANT SPEED,West,40,No,No,2017,INFINITI,Q50,39.15202884,-77.24731594,""(39.15202884, -77.24731594)"""
"EJ78860038,230061362,Gaithersburg Police Depar,Property Damage Crash,10/19/2023 07:22:00 AM,Municipality,W DEER PARK RD,S FREDERICK RD,,N/A,,SAME DIR REAR END,N/A,DRY,DAYLIGHT,NO CONTROLS,N/A,,4C32F401-650B-45CC-89F7-CF76AF675CD2,Yes,NO APPARENT INJURY,N/A,UNKNOWN,MD,887C3581-0884-42C9-983E-A5B6AAF14646,FUNCTIONAL,SIX OCLOCK,PASSENGER CAR,STOPPED IN TRAFFIC LANE,East,25,No,No,2012,NISSA,ALTIMA,39.128784,-77.19264467,""(39.128784, -77.19264467)"""
"MCP33760016,230062163,Montgomery County Police,Property Damage Crash,10/23/2023 04:45:00 PM,County,BEL PRE RD,GEORGIA AVE,,N/A,,SAME DIRECTION SIDESWIPE,CLEAR,DRY,DAYLIGHT,TRAFFIC SIGNAL,NONE DETECTED,,D638988F-F290-4C87-B816-4EA5CD825012,Yes,NO APPARENT INJURY,N/A,LOOKED BUT DID NOT SEE,MD,D1A7AFDB-3EC5-4F25-BADF-1F4C8F4C23A6,DISABLING,FOUR OCLOCK,PASSENGER CAR,CHANGING LANES,West,35,No,No,2019,TOYOTA,COROLLA,39.0933305,-77.07918583,""(39.0933305, -77.07918583)"""
"MCP3129007P,230052800,Montgomery County Police,Property Damage Crash,09/02/2023 01:12:00 PM,Maryland (State),VEIRS MILL RD,TURKEY BRANCH PKWY,,N/A,,SAME DIR REAR END,CLEAR,DRY,DAYLIGHT,TRAFFIC SIGNAL,NONE DETECTED,,EDE6CD0F-D0DA-449D-B901-CDF79C45E169,No,NO APPARENT INJURY,N/A,NOT DISTRACTED,MD,57BD018C-E9D4-4E58-8DE4-7F8A94884FD4,SUPERFICIAL,SIX OCLOCK,PASSENGER CAR,STOPPED IN TRAFFIC LANE,North,45,No,No,2014,TOYT,4S,39.05972717,-77.08867183,""(39.05972717, -77.08867183)"""
"MCP25910013,190032981,Montgomery County Police,Property Damage Crash,07/11/2019 04:30:00 PM,US (State),COLESVILLE RD,GRANVILLE DR,,N/A,,SAME DIRECTION SIDESWIPE,RAINING,WET,DAYLIGHT,N/A,NONE DETECTED,,BAD8FC8F-CD8D-44C8-803D-8CCA07F3A07D,Yes,NO APPARENT INJURY,""RAIN, SNOW, WET"",NOT DISTRACTED,MD,E6C97ADD-5A97-4816-B61F-AAC6FE0598E7,FUNCTIONAL,ONE OCLOCK,PASSENGER CAR,ACCELERATING,North,45,No,No,2002,TOYT,4S,39.01369833,-77.01669333,""(39.01369833, -77.01669333)"""
"MCP28710099,230067717,Montgomery County Police,Property Damage Crash,11/21/2023 09:18:00 PM,,,,PARKING LOT 11530G ROCKVILLE PIKE,,,OTHER,RAINING,,DARK LIGHTS ON,NO CONTROLS,NONE DETECTED,,C1630C49-BA44-429A-B9D6-3882BBDFE692,No,NO APPARENT INJURY,N/A,NOT DISTRACTED,MD,528C629F-BCD5-43B2-BE19-0B7D6B9EE534,SUPERFICIAL,ELEVEN OCLOCK,PASSENGER CAR,PARKED,,0,No,Yes,2018,MERZ,E400,39.046425,-77.112815,""(39.046425, -77.112815)"""