Report Number,Local Case Number,Agency Name,ACRS Report Type,Crash Date/Time,Route Type,Road Name,Cross-Street Name,Off-Road Description,Municipality,Related Non-Motorist,Collision Type,Weather,Surface Condition,Light,Traffic Control,Driver Substance Abuse,Non-Motorist Substance Abuse,Person ID,Driver At Fault,Injury Severity,Circumstance,Driver Distracted By,Drivers License State,Vehicle ID,Vehicle Damage Extent,Vehicle First Impact Location,Vehicle Body Type,Vehicle Movement,Vehicle Going Dir,Speed Limit,Driverless Vehicle,Parked Vehicle,Vehicle Year,Vehicle Make,Vehicle Model,Latitude,Longitude,Location
"MCP31450042,230055958,Montgomery County Police,Property Damage Crash,09/20/2023 04:20:00 PM,Maryland (State),NEW HAMPSHIRE AVE,ELTON RD,,N/A,,SAME DIRECTION LEFT TURN,CLEAR,DRY,DAYLIGHT,TRAFFIC SIGNAL,NONE DETECTED,,14D48780-18A2-4CDB-9587-A423BABB3EBD,No,NO APPARENT INJURY,N/A,NOT DISTRACTED,MD,930AAEB0-CCD6-4298-A23B-B7653DA409F0,SUPERFICIAL,TEN OCLOCK,PASSENGER CAR,SLOWING OR STOPPING,South,35,No,No,2016,MAZD,SD,39.02067167,-76.97683,""(39.02067167, -76.97683)"""
"MCP3174004K,230060462,Montgomery County Police,Property Damage Crash,10/14/2023 10:50:00 AM,County,LONGDRAFT RD,CLOPPER RD,,N/A,,HEAD ON LEFT TURN,CLEAR,DRY,DAYLIGHT,TRAFFIC SIGNAL,NONE DETECTED,,7E042706-ABDA-4A31-B721-689958CE8116,Yes,NO APPARENT INJURY,N/A,NOT DISTRACTED,WV,87FE0F22-2133-4AD7-AAA7-B74DA1B95195,FUNCTIONAL,TWELVE OCLOCK,PASSENGER CAR,MAKING LEFT TURN,North,35,No,No,2002,TOYOTA,CAMRY,39.15850833,-77.22605217,""(39.15850833, -77.22605217)"""
"MCP3372001H,230058829,Montgomery County Police,Property Damage Crash,10/05/2023 09:00:00 PM,County,PARKLAND DR,INDEPENDENCE ST,,N/A,,STRAIGHT MOVEMENT ANGLE,CLEAR,DRY,DARK NO LIGHTS,STOP SIGN,NONE DETECTED,,E244F061-721B-49A5-903E-3A8681661220,No,NO APPARENT INJURY,N/A,UNKNOWN,MD,BCFB1F04-AAFA-41FA-AFDD-DB279E1B69B0,DISABLING,TEN OCLOCK,PASSENGER CAR,MOVING CONSTANT SPEED,South,25,No,No,2007,HOND,4S,39.07280914,-77.08715527,""(39.07280914, -77.08715527)"""
"MCP2102004G,230065799,Montgomery County Police,Injury Crash,11/11/2023 02:48:00 PM,Maryland (State),GERMANTOWN RD,DAWSON FARM RD,,N/A,,SAME DIR REAR END,CLEAR,DRY,DAYLIGHT,NO CONTROLS,NONE DETECTED,,41A27C43-B63F-40D4-A966-4249C46FCE28,No,POSSIBLE INJURY,N/A,NOT DISTRACTED,MD,C8903AA1-5457-4A6B-B733-C92896F289B4,FUNCTIONAL,SIX OCLOCK,(SPORT) UTILITY VEHICLE,SLOWING OR STOPPING,South,40,No,No,2014,HONDA,CRV SUV,39.17330833,-77.27486667,""(39.17330833, -77.27486667)"""
"MCP32750021,230061310,Montgomery County Police,Property Damage Crash,10/15/2023 07:25:00 PM,Maryland (State),GEORGIA AVE,16TH ST,,N/A,,SAME DIR REAR END,CLEAR,DRY,DARK -- UNKNOWN LIGHTING,NO CONTROLS,NONE DETECTED,,BFE1101A-BB7F-4AA2-AD3C-F2A64E61DB39,Yes,NO APPARENT INJURY,N/A,UNKNOWN,,53EEE504-9AF8-4E4C-A24F-32C10ADA46B2,SUPERFICIAL,TWELVE OCLOCK,POLICE VEHICLE/EMERGENCY,MOVING CONSTANT SPEED,North,40,No,No,2016,ACURA,UNKNOWN,39.00608016,-77.03910547,""(39.00608016, -77.03910547)"""
"MCP29320073,230066407,Montgomery County Police,Property Damage Crash,11/15/2023 02:51:00 AM,Maryland (State),UNIVERSITY BLVD E,COLESVILLE RD,,N/A,,STRAIGHT MOVEMENT ANGLE,CLEAR,DRY,DARK LIGHTS ON,TRAFFIC SIGNAL,NONE DETECTED,,59BB51D9-69C9-43C7-B45A-375F6C8FA0BB,Unknown,NO APPARENT INJURY,N/A,NOT DISTRACTED,VA,745DEA1E-6958-41E5-A228-44233B2CBEDD,DISABLING,ONE OCLOCK,PASSENGER CAR,ACCELERATING,South,35,No,No,2022,KIA,RIO,39.01983183,-77.01309,""(39.01983183, -77.01309)"""
"MCP3009006Z,230063751,Montgomery County Police,Property Damage Crash,11/01/2023 09:40:00 AM,Maryland (State),RIDGE RD,FREDERICK RD,,N/A,,SAME DIR REAR END,CLEAR,DRY,DAYLIGHT,TRAFFIC SIGNAL,N/A,,137F5F76-BC32-4ED7-8AD7-7B6579A82349,No,NO APPARENT INJURY,N/A,NOT DISTRACTED,PA,028356EA-4714-4537-B860-B4FD9CA1A37F,SUPERFICIAL,SIX OCLOCK,VAN,STOPPED IN TRAFFIC LANE,South,45,No,No,2010,GMC,SAVANA,39.205095,-77.244385,""(39.205095, -77.244385)"""
"MCP3350002F,230072300,Montgomery County Police,Injury Crash,12/18/2023 05:56:00 AM,Maryland (State),CONNECTICUT AVE,ADAMS DR,,N/A,,STRAIGHT MOVEMENT ANGLE,RAINING,WET,DARK LIGHTS ON,TRAFFIC SIGNAL,NONE DETECTED,,84408472-236E-47EA-8DFE-853CE63E826B,No,POSSIBLE INJURY,N/A,NOT DISTRACTED,MD,5CA06DF3-4080-47A4-A0FB-709A9B0E7651,DESTROYED,TWELVE OCLOCK,STATION WAGON,MOVING CONSTANT SPEED,South,35,No,No,2006,TOYOTA,4RUNNER,39.04705833,-77.075995,""(39.04705833, -77.075995)"""
"MCP1378016K,230066753,Montgomery County Police,Injury Crash,11/16/2023 05:26:00 PM,Maryland (State),INTERCOUNTY CONNECTOR,RAMP 3 FR MD 200 EB TO MD 650 NB,,N/A,,SAME DIR REAR END,CLEAR,DRY,DARK LIGHTS ON,TRAFFIC SIGNAL,NONE DETECTED,,6F46A8CB-254C-4BB8-BC4B-51A21F73B7BC,No,POSSIBLE INJURY,N/A,NOT DISTRACTED,MD,BEFB92E0-E8D0-47D9-99B3-A9DBAC618B4F,FUNCTIONAL,SIX OCLOCK,(SPORT) UTILITY VEHICLE,SLOWING OR STOPPING,East,50,No,No,2021,SUBA,IMPREZA,39.08904676,-76.99947015,""(39.08904676, -76.99947015)"""
"MCP3148005F,230061710,Montgomery County Police,Property Damage Crash,10/20/2023 06:13:00 PM,Maryland (State),WISCONSIN AVE,FAIRMONT AVE,,N/A,,HEAD ON LEFT TURN,RAINING,WET,DUSK,N/A,NONE DETECTED,,00B189EE-88CF-42AB-A400-451FD51F10CD,No,NO APPARENT INJURY,""RAIN, SNOW, WET"",NOT DISTRACTED,MD,57A846BD-B54B-4AAC-92B3-9F734DCDA572,SUPERFICIAL,TWELVE OCLOCK,(SPORT) UTILITY VEHICLE,MOVING CONSTANT SPEED,South,25,No,No,2018,VOLKSWAGEN,TIGUAN,38.98915333,-77.095535,""(38.98915333, -77.095535)"""
"MCP3163006C,230069672,Montgomery County Police,Property Damage Crash,12/03/2023 06:47:00 PM,Maryland (State),ROCKVILLE PIKE,TUCKERMAN LA,,N/A,,SAME DIR REAR END,CLEAR,WET,DARK LIGHTS ON,TRAFFIC SIGNAL,N/A,,B594A18D-31B5-4EC5-ACAC-121AE0EE3293,No,NO APPARENT INJURY,""N/A, WET"",NOT DISTRACTED,MD,53474A40-DBAF-43EE-ACB1-DCB4AFBFDB05,DISABLING,SIX OCLOCK,(SPORT) UTILITY VEHICLE,SLOWING OR STOPPING,South,35,No,No,2017,HYUN,SD,39.024664,-77.10325217,""(39.024664, -77.10325217)"""
"MCP2921004R,230052720,Montgomery County Police,Property Damage Crash,09/01/2023 08:00:00 PM,,,,""PARKING LOT OF SUNOCO GAS STATION LOCATED AT 23300 CLARKSBURG RD. CLARKSBURG, MD 20871"",,,OTHER,CLEAR,,DARK LIGHTS ON,NO CONTROLS,UNKNOWN,,DD7B447D-AD14-4B5B-AF00-BD3ABD0A4E70,Yes,NO APPARENT INJURY,N/A,UNKNOWN,MD,2409FADB-AB15-4B95-B19A-82DF4E43F2E0,SUPERFICIAL,TWELVE OCLOCK,PASSENGER CAR,PARKING,Unknown,5,No,No,2004,LINCOLN,NAVIGATOR,39.23845702,-77.28235496,""(39.23845702, -77.28235496)"""
"MCP2703003J,230070496,Montgomery County Police,Property Damage Crash,12/07/2023 07:54:00 PM,Maryland (State),UNIVERSITY BLVD E,PINEY BRANCH RD,,N/A,,SAME DIRECTION SIDESWIPE,CLEAR,DRY,DARK LIGHTS ON,NO CONTROLS,N/A,,68816B25-4C42-4136-9E06-3458DA04C055,No,NO APPARENT INJURY,N/A,NOT DISTRACTED,MD,2E28F7F4-1DEB-43E7-8B9C-87049B6EB78D,UNKNOWN,ELEVEN OCLOCK,PASSENGER CAR,MOVING CONSTANT SPEED,West,35,No,No,2014,CHEV,4S,38.99974785,-76.99534367,""(38.99974785, -76.99534367)"""
"MCP3280004C,230071287,Montgomery County Police,Property Damage Crash,11/24/2023 05:50:00 PM,County,CHERRY HILL RD,PLUM ORCHARD DR,,N/A,,OTHER,UNKNOWN,DRY,DARK LIGHTS ON,TRAFFIC SIGNAL,UNKNOWN,,BD2D6F0D-6195-43BC-96D2-A55345A71588,Unknown,NO APPARENT INJURY,N/A,UNKNOWN,,81593A15-838C-42E8-922F-940DA2AFDFBB,UNKNOWN,UNKNOWN,UNKNOWN,MAKING RIGHT TURN,East,40,No,No,0,UNKNOWN,UNKNOWN,39.05252161,-76.95313025,""(39.05252161, -76.95313025)"""
"MCP32700027,230062221,Montgomery County Police,Injury Crash,10/23/2023 10:06:00 PM,US (State),COLESVILLE RD,UNIVERSITY BLVD E,,N/A,,SAME DIR REAR END,CLEAR,DRY,DARK LIGHTS ON,TRAFFIC SIGNAL,NONE DETECTED,,FA7F69EF-B295-4D91-9AD6-0FC6324149AD,No,POSSIBLE INJURY,N/A,NOT DISTRACTED,MD,A147357E-6785-426B-8642-3EA1A6C3DD4D,DISABLING,ELEVEN OCLOCK,PASSENGER CAR,STARTING FROM LANE,West,35,No,No,2021,CHEV,TRAILBLAZER,39.01979019,-77.01322597,""(39.01979019, -77.01322597)"""
"MCP32610017,230034668,Montgomery County Police,Property Damage Crash,07/20/2023 11:40:00 PM,Maryland (State),MUNCASTER MILL RD,SHADY GROVE RD,,N/A,,OTHER,N/A,DRY,DARK LIGHTS ON,TRAFFIC SIGNAL,UNKNOWN,,840FFC93-537C-49CF-AEEF-B92A23DF58D8,Yes,NO APPARENT INJURY,N/A,UNKNOWN,,A662BAD0-AA0B-41B5-8E16-2C139098AE43,UNKNOWN,FOUR OCLOCK,PASSENGER CAR,MAKING RIGHT TURN,East,45,No,No,2016,BMW,750,39.14872076,-77.14711061,""(39.14872076, -77.14711061)"""
"MCP2552006V,230070885,Montgomery County Police,Property Damage Crash,12/10/2023 08:51:00 AM,County,SHADY GROVE RD,CROSSOVER,,N/A,,STRAIGHT MOVEMENT ANGLE,RAINING,WET,DAYLIGHT,TRAFFIC SIGNAL,N/A,,DA3CEEE0-B466-43EE-A559-87BC78DF886E,Yes,NO APPARENT INJURY,""RAIN, SNOW, WET"",BY OTHER OCCUPANTS,MD,3B11D65A-327A-47D7-B5AB-13838650F4A8,FUNCTIONAL,TWELVE OCLOCK,PASSENGER CAR,MOVING CONSTANT SPEED,South,40,No,No,2014,RAM,PK,39.35410833,-77.29022667,""(39.35410833, -77.29022667)"""
"MCP30210078,230072967,Montgomery County Police,Injury Crash,12/21/2023 02:20:00 PM,,,,IFO 12044 CHERRY HILL ROAD IN PARKING LOT,,,STRAIGHT MOVEMENT ANGLE,N/A,,DAYLIGHT,NO CONTROLS,NONE DETECTED,,26D74FD3-0E03-4136-95B1-13D005290DAE,Yes,SUSPECTED MINOR INJURY,N/A,LOOKED BUT DID NOT SEE,MD,6C07533B-D64B-4F06-B5AC-F37970B1130D,SUPERFICIAL,EIGHT OCLOCK,PASSENGER CAR,MOVING CONSTANT SPEED,South,0,No,No,2004,TOYT,UT,39.05366833,-76.95484667,""(39.05366833, -76.95484667)"""
"HA24830018,23002065,Maryland-National Capital,Injury Crash,10/27/2023 03:52:00 PM,Government,BEACH DR,CONNECTICUT AVE,,N/A,,SINGLE VEHICLE,CLEAR,DRY,DAYLIGHT,N/A,NONE DETECTED,,BDE00DA2-0E4B-4CE8-8C8B-5F2F4E502516,Yes,SUSPECTED MINOR INJURY,N/A,UNKNOWN,MD,C0A8D74F-79D1-4446-BAE7-31B81A3442FC,DISABLING,TWELVE OCLOCK,PASSENGER CAR,MOVING CONSTANT SPEED,South,25,No,No,2022,TOYOTA,RAV4,39.00855102,-77.08232689,""(39.00855102, -77.08232689)"""
"MCP33720020,230068953,Montgomery County Police,Property Damage Crash,11/29/2023 04:05:00 PM,County,VEIRS MILL RD,GRIDLEY RD,,N/A,,SAME DIR REAR END,CLEAR,DRY,DAYLIGHT,NO CONTROLS,N/A,,D6369195-48F0-4599-B492-3C844CFAFD81,No,NO APPARENT INJURY,N/A,UNKNOWN,MD,8BF72616-0EC3-444A-BBB8-EB94F048B0A9,SUPERFICIAL,SIX OCLOCK,PASSENGER CAR,STOPPED IN TRAFFIC LANE,South,35,No,No,2010,TOYOTA,PRIUS,39.05705383,-77.08509917,""(39.05705383, -77.08509917)"""
"MCP29860008,16001239,Montgomery County Police,Injury Crash,01/07/2016 07:09:00 PM,Maryland (State),16TH ST,WASH DC LINE,,N/A,,STRAIGHT MOVEMENT ANGLE,N/A,N/A,DARK LIGHTS ON,NO CONTROLS,NONE DETECTED,,364070DC-7089-45B7-A451-CFAA893C8518,No,SUSPECTED SERIOUS INJURY,N/A,NOT DISTRACTED,MD,218DDD25-CE4B-442E-AA38-4A4238B085B1,DISABLING,ELEVEN OCLOCK,PASSENGER CAR,MOVING CONSTANT SPEED,South,35,No,No,2001,ACURA,RL,38.99799973,-77.03847975,""(38.99799973, -77.03847975)"""
"MCP3170003N,230067494,Montgomery County Police,Property Damage Crash,11/20/2023 04:00:00 PM,,,,""PARKING LOT OF 1776 E JEFFERSON ST ROCKVILLE, MD"",,,OTHER,CLEAR,,DARK LIGHTS ON,NO CONTROLS,UNKNOWN,,55A300D8-2EC5-48F0-BEB8-A6B6D3B24629,Yes,NO APPARENT INJURY,N/A,UNKNOWN,,23B532DF-502E-4F2B-A44C-B96407E21A59,UNKNOWN,UNKNOWN,PASSENGER CAR,BACKING,Unknown,0,No,No,2012,LEXUS,SPORT,39.0575457,-77.1244196,""(39.0575457, -77.1244196)"""
"MCP27530060,230054808,Montgomery County Police,Property Damage Crash,09/14/2023 11:08:00 AM,,,,PARKING LOT OF ALBERT EINSTEIN HIGH SCHOOL,,,OTHER,CLEAR,,DAYLIGHT,NO CONTROLS,NONE DETECTED,,EF67EE1C-0E6C-4BA9-BAC2-CA7ACBC05CFC,Yes,NO APPARENT INJURY,N/A,INATTENTIVE OR LOST IN THOUGHT,MD,4806A6A2-B52D-4C7F-B5A7-43876A524679,DISABLING,TWELVE OCLOCK,PASSENGER CAR,MOVING CONSTANT SPEED,South,15,No,No,2012,AUDI,TK,39.03902333,-77.06959333,""(39.03902333, -77.06959333)"""
"MCP3305002K,230052540,Montgomery County Police,Property Damage Crash,09/01/2023 01:33:00 AM,Maryland (State),NEW HAMPSHIRE AVE,HILLENDALE FIRE DEPARTMENT,,N/A,,SAME DIRECTION SIDESWIPE,CLEAR,DRY,DARK LIGHTS ON,NO CONTROLS,NONE DETECTED,,2121E200-6A8E-40CD-9470-6B3120275F35,No,NO APPARENT INJURY,N/A,NOT DISTRACTED,PA,20F18980-229C-410D-9ADE-7B56F8D4EEAA,SUPERFICIAL,ELEVEN OCLOCK,AMBULANCE/NON EMERGENCY,PARKED,,45,No,Yes,2016,FRHT,TK,39.02996155,-76.98355187,""(39.02996155, -76.98355187)"""
"MCP33290024,230060738,Montgomery County Police,Property Damage Crash,10/15/2023 07:00:00 PM,County,LOCKWOOD DR,NEW HAMPSHIRE AVE,,N/A,,SAME DIRECTION SIDESWIPE,CLEAR,DRY,DARK LIGHTS ON,TRAFFIC SIGNAL,NONE DETECTED,,EE8118A6-07A0-4F20-89F6-96AA627DA0DB,No,NO APPARENT INJURY,N/A,NOT DISTRACTED,MD,8DEA2BFA-C35F-4373-BDA0-FCA60004DDE1,SUPERFICIAL,NINE OCLOCK,TRANSIT BUS,ACCELERATING,West,35,No,No,2020,NOVA,BU,39.0396845,-76.99101883,""(39.0396845, -76.99101883)"""
"MCP9432003Z,230056629,Montgomery County Police,Injury Crash,09/24/2023 01:40:00 PM,County,LOCKWOOD DR,OAK LEAF DR,,N/A,,SAME DIR REAR END,CLOUDY,WET,DAYLIGHT,NO CONTROLS,NONE DETECTED,,19F7732B-E52E-4AF1-AA44-4AB4597B3054,No,NO APPARENT INJURY,""RAIN, SNOW, WET"",NOT DISTRACTED,MD,6601FA45-C94F-4592-9AA0-2A0F7D3560B3,DISABLING,TWELVE OCLOCK,(SPORT) UTILITY VEHICLE,MOVING CONSTANT SPEED,North,30,No,No,2023,ACURA,MDX,39.037779,-76.9945165,""(39.037779, -76.9945165)"""
"MCP3353001J,230049886,Montgomery County Police,Property Damage Crash,08/17/2023 09:32:00 AM,County,RIVER RD,RILEYS LOCK RD,,N/A,,STRAIGHT MOVEMENT ANGLE,CLEAR,DRY,DAYLIGHT,STOP SIGN,N/A,,DB5082A9-1E2F-48FC-AEDD-A325158F6639,Yes,NO APPARENT INJURY,N/A,UNKNOWN,MD,3A77559D-7B6D-4BBA-9E6D-2F8C44FC7B17,DISABLING,TWELVE OCLOCK,PASSENGER CAR,ACCELERATING,North,40,No,No,2023,SUBA,UT,39.0784905,-77.33945717,""(39.0784905, -77.33945717)"""
"MCP3322001T,230046088,Montgomery County Police,Injury Crash,07/25/2023 10:02:00 PM,County,BEL PRE RD,GEORGIA AVE,,N/A,,SAME DIRECTION LEFT TURN,CLEAR,DRY,DARK LIGHTS ON,TRAFFIC SIGNAL,N/A,,0C7A16B3-E13A-4DE6-8379-31B5732AC217,No,POSSIBLE INJURY,N/A,NOT DISTRACTED,MD,501107A2-5031-4E08-BA8A-8107F9BC4F59,DISABLING,TWO OCLOCK,PASSENGER CAR,MAKING LEFT TURN,West,35,No,No,2019,HONDA,FIT,39.09338467,-77.07892217,""(39.09338467, -77.07892217)"""
"MCP3339002C,230048540,Montgomery County Police,Property Damage Crash,08/09/2023 11:04:00 AM,Maryland (State),NORBECK RD,BAUER DR,,N/A,,SAME DIR REAR END,CLEAR,DRY,DAYLIGHT,NO CONTROLS,NONE DETECTED,,4669FD40-F541-4313-B847-ED0C292DCB19,Yes,NO APPARENT INJURY,N/A,NOT DISTRACTED,MD,43C825DC-1C2E-48DC-AC39-0EA7F5950603,DISABLING,TWELVE OCLOCK,(SPORT) UTILITY VEHICLE,SLOWING OR STOPPING,West,35,No,No,2012,MERCEDES,ML 350,39.09763867,-77.10577067,""(39.09763867, -77.10577067)"""
"MCP2760003Z,230050746,Montgomery County Police,Property Damage Crash,08/22/2023 05:20:00 PM,Maryland (State),MONTGOMERY VILLAGE AVE,SPUR FR MD 124 TO MD 124,,N/A,,SAME DIR REAR END,CLEAR,DRY,DAYLIGHT,NO CONTROLS,N/A,,81672B11-9A51-44F3-B845-6E38C1F4E03A,No,NO APPARENT INJURY,N/A,NOT DISTRACTED,NC,4B9C52F8-3590-48C8-AF92-712CC1FA9C77,FUNCTIONAL,SIX OCLOCK,PASSENGER CAR,SLOWING OR STOPPING,South,35,No,No,2018,TOYOTA,CAMRY,39.15947,-77.202375,""(39.15947, -77.202375)"""
"MCP3312004J,230071688,Montgomery County Police,Property Damage Crash,12/14/2023 11:15:00 AM,US (State),COLUMBIA PIKE,RAMP 6 FR BRIGGS CHANEY RD TO US 29 SB,,N/A,,SAME DIRECTION SIDESWIPE,CLEAR,DRY,DAYLIGHT,NO CONTROLS,NONE DETECTED,,278F237B-F008-4445-881B-842059A1BDCD,No,NO APPARENT INJURY,N/A,NOT DISTRACTED,MD,8BADA4FA-3D30-4857-915B-6B92DBAC5C4F,SUPERFICIAL,SEVEN OCLOCK,PASSENGER CAR,MOVING CONSTANT SPEED,South,50,No,No,2022,ACUR,UT,39.04759667,-76.98537333,""(39.04759667, -76.98537333)"""
"MCP24450050,230046634,Montgomery County Police,Property Damage Crash,07/28/2023 12:53:00 PM,Maryland (State),GERMANTOWN RD,MILLENNIUM CT,,N/A,,SAME DIR REAR END,CLEAR,DRY,DAYLIGHT,NO CONTROLS,NONE DETECTED,,3FEDDECC-A1F7-44F7-9FE2-D3FC11353BD8,No,NO APPARENT INJURY,N/A,NOT DISTRACTED,MD,C3FBAD09-4836-4990-B0C3-439BA9B2A034,FUNCTIONAL,SIX OCLOCK,PASSENGER CAR,SLOWING OR STOPPING,West,45,No,No,2022,GENISIS,GV80,39.19219217,-77.24368267,""(39.19219217, -77.24368267)"""
"MCP2586006Q,230058129,Montgomery County Police,Property Damage Crash,10/02/2023 04:50:00 PM,County,FATHER HURLEY BLVD,EISENHOWER MEMORIAL HWY,,N/A,,SAME DIR REAR END,CLEAR,DRY,DAYLIGHT,TRAFFIC SIGNAL,UNKNOWN,,823CF2AF-F422-4B23-9D2B-B2308665D3AE,Yes,NO APPARENT INJURY,N/A,UNKNOWN,,3BEDDE36-4247-479C-BA5C-7BB983FEE6DC,FUNCTIONAL,SIX OCLOCK,,SLOWING OR STOPPING,South,40,No,No,0,UNKNOWN,UNKNOWN,39.1992035,-77.2606635,""(39.1992035, -77.2606635)"""
"MCP2631000V,16040666,Montgomery County Police,Injury Crash,08/11/2016 05:12:00 AM,Maryland (State),EAST WEST HWY,ROSEMARY HILLS RD,,N/A,,SINGLE VEHICLE,CLEAR,DRY,DARK LIGHTS ON,N/A,NONE DETECTED,,D05B0458-7781-4A07-A0FA-CF8D7282E3CD,Yes,SUSPECTED MINOR INJURY,N/A,INATTENTIVE OR LOST IN THOUGHT,MD,B4D0568D-0D6A-4BFB-AF0C-7FADAF923C7E,DESTROYED,TWELVE OCLOCK,PASSENGER CAR,MOVING CONSTANT SPEED,West,25,No,No,2011,FORD,CROWN VICTORIA,38.99613667,-77.040975,""(38.99613667, -77.040975)"""
"MCP2974004R,230051767,Montgomery County Police,Property Damage Crash,08/28/2023 07:53:00 AM,County,OLD COLUMBIA PIKE,OLD BRIGGS CHANEY RD,,N/A,,SAME DIR REAR END,CLEAR,DRY,DAYLIGHT,NO CONTROLS,NONE DETECTED,,535E7C6C-BB53-4880-A98A-98FE7BAB7C03,No,NO APPARENT INJURY,""BACKUP DUE TO REGULAR CONGESTION, N/A"",NOT DISTRACTED,MD,198BA3EA-D25B-4DA5-9CBB-3ACEBA1042B3,FUNCTIONAL,SIX OCLOCK,SCHOOL BUS,SLOWING OR STOPPING,South,35,No,No,2021,FRHT,SCHOOL BUS,39.0859015,-76.9509255,""(39.0859015, -76.9509255)"""
"MCP31760028,230055184,Montgomery County Police,Property Damage Crash,09/16/2023 04:24:00 AM,Maryland (State),UNIVERSITY BLVD E,BUCKINGHAM DR,,N/A,,SAME DIR REAR END,CLEAR,DRY,DARK LIGHTS ON,NO CONTROLS,NONE DETECTED,,43653A48-0C91-43A2-9783-0D2DF069DCD4,Unknown,NO APPARENT INJURY,N/A,UNKNOWN,MD,DECD669F-6BE9-401F-9866-C3EE1FE59C24,FUNCTIONAL,ELEVEN OCLOCK,PASSENGER CAR,MOVING CONSTANT SPEED,East,45,No,No,2018,AUDI,Q3,39.00587259,-76.99756334,""(39.00587259, -76.99756334)"""
"MCP2921004T,230057387,Montgomery County Police,Property Damage Crash,09/28/2023 08:42:00 PM,County,MIDDLEBROOK RD,GREAT SENECA HWY,,N/A,,SAME DIR REAR END,RAINING,WET,DARK LIGHTS ON,TRAFFIC SIGNAL,N/A,,BFEFFC4B-898B-4876-A727-DB1BA9FC3C9B,No,NO APPARENT INJURY,""RAIN, SNOW, WET"",NOT DISTRACTED,MD,EEB0A5E6-A3F3-478D-85CC-E1558AD8C7E2,DESTROYED,SIX OCLOCK,PASSENGER CAR,STOPPED IN TRAFFIC LANE,East,35,No,No,2012,TOYT,TK,39.17502333,-77.261615,""(39.17502333, -77.261615)"""
"MCP3214002D,230065478,Montgomery County Police,Property Damage Crash,10/19/2023 02:27:00 AM,,,,18140 CHALET DR,,,OTHER,CLEAR,,DARK LIGHTS ON,NO CONTROLS,N/A,,429640F3-7151-4E9D-ABAA-3D82090A1485,Yes,NO APPARENT INJURY,N/A,LOOKED BUT DID NOT SEE,,9A2E6F01-926C-4117-9EE5-4D1ED652C474,SUPERFICIAL,SIX OCLOCK,PICKUP TRUCK,PARKING,East,25,No,No,2007,CADI,ESCLADE,39.15459049,-77.27454158,""(39.15459049, -77.27454158)"""
"EJ7888005K,230072404,Gaithersburg Police Depar,Property Damage Crash,12/18/2023 02:35:00 PM,Municipality,MAIN ST,KENTLANDS BLVD,,GAITHERSBURG,,SAME DIRECTION SIDESWIPE,CLEAR,DRY,DAYLIGHT,NO CONTROLS,NONE DETECTED,,D4ED3C12-A646-45BD-8FBD-885F008ABC95,Yes,NO APPARENT INJURY,N/A,LOOKED BUT DID NOT SEE,MD,B198DFAF-D760-47B9-A9B9-95799B7332D7,SUPERFICIAL,THREE OCLOCK,FIRE VEHICLE/EMERGENCY,MOVING CONSTANT SPEED,North,25,No,No,2021,PIRC,PIERCE,39.12269967,-77.2385155,""(39.12269967, -77.2385155)"""
"MCP2948006F,230054062,Montgomery County Police,Property Damage Crash,09/10/2023 03:43:00 AM,Maryland (State),NEW HAMPSHIRE AVE,BONIFANT RD,,N/A,,SINGLE VEHICLE,CLEAR,DRY,DARK LIGHTS ON,N/A,ALCOHOL CONTRIBUTED,,F62D03B1-A28B-44D8-8611-897CE837E6F9,Yes,NO APPARENT INJURY,N/A,UNKNOWN,MD,9C5B986C-C2A9-4295-B8C8-0388E5D067A9,DESTROYED,TWELVE OCLOCK,PASSENGER CAR,SKIDDING,North,45,No,No,2012,CHEVROLET,CRUZ,39.06578167,-77.03588,""(39.06578167, -77.03588)"""
"HA24830017,23001668,Maryland-National Capital,Property Damage Crash,08/26/2023 02:33:00 PM,Maryland (State),RIVER RD,LONGACRES PRESERVE CT,,N/A,,SAME DIR REND LEFT TURN,CLEAR,DRY,DAYLIGHT,N/A,NONE DETECTED,,49459806-0E25-4C8B-AFA1-32D3A164D7C5,No,NO APPARENT INJURY,N/A,NOT DISTRACTED,DC,6921DCB9-3A21-4CAF-B10F-4D54CAA76EF1,DISABLING,SIX OCLOCK,PASSENGER CAR,MAKING LEFT TURN,West,50,No,No,2014,NISSAN,VERSA,39.0632175,-77.2868775,""(39.0632175, -77.2868775)"""
"MCP24110005,15026385,Montgomery County Police,Injury Crash,06/01/2015 08:36:00 AM,County,E GUDE DR,DOVER RD,,N/A,,STRAIGHT MOVEMENT ANGLE,CLEAR,DRY,DAYLIGHT,NO CONTROLS,NONE DETECTED,,A29BC1A1-8C21-42C7-B937-73ACC904C087,Yes,NO APPARENT INJURY,N/A,NOT DISTRACTED,MD,C6DFCADB-7C46-49AB-B8DA-1A1A9D4A7156,NO DAMAGE,TWELVE OCLOCK,VAN,MAKING RIGHT TURN,North,5,No,No,2013,GMC,VAN,39.102735,-77.14279667,""(39.102735, -77.14279667)"""