Report Number,Local Case Number,Agency Name,ACRS Report Type,Crash Date/Time,Route Type,Road Name,Cross-Street Name,Off-Road Description,Municipality,Related Non-Motorist,Collision Type,Weather,Surface Condition,Light,Traffic Control,Driver Substance Abuse,Non-Motorist Substance Abuse,Person ID,Driver At Fault,Injury Severity,Circumstance,Driver Distracted By,Drivers License State,Vehicle ID,Vehicle Damage Extent,Vehicle First Impact Location,Vehicle Body Type,Vehicle Movement,Vehicle Going Dir,Speed Limit,Driverless Vehicle,Parked Vehicle,Vehicle Year,Vehicle Make,Vehicle Model,Latitude,Longitude,Location
"MCP3038006K,230059683,Montgomery County Police,Property Damage Crash,10/10/2023 03:27:00 PM,Maryland (State),BURLINGTON AVE,GEORGIA AVE,,N/A,,SAME DIRECTION SIDESWIPE,CLEAR,DRY,DAYLIGHT,STOP SIGN,UNKNOWN,,651642D9-70A3-468F-9F5A-AE320CF12EBF,Yes,NO APPARENT INJURY,N/A,UNKNOWN,,3CDB9EF2-377E-4805-B1EA-4E84130D6F29,SUPERFICIAL,THREE OCLOCK,,MOVING CONSTANT SPEED,East,25,No,No,0,UNKNOWN,UNKNOWN,38.98731859,-77.02641228,""(38.98731859, -77.02641228)"""
"DM8497001V,230050833,Takoma Park Police Depart,Property Damage Crash,08/23/2023 04:21:00 AM,,,,""DRIVEWAY AT 7511 JACKSON AVENUE TAKOMA PARK, MARYLAND."",,,OTHER,CLEAR,,DARK NO LIGHTS,N/A,N/A,,F44D2E11-F27B-4465-8E8A-FC9633C13E16,Yes,NO APPARENT INJURY,N/A,UNKNOWN,,778084CB-6D8A-46B2-BDA6-8B38E4E50AE5,UNKNOWN,SEVEN OCLOCK,PASSENGER CAR,BACKING,South,0,No,No,2017,SUBARU,OUTBACK,38.98114938,-76.9996547,""(38.98114938, -76.9996547)"""
"MCP2516003W,220044786,Montgomery County Police,Property Damage Crash,10/13/2022 08:16:00 AM,County,WISTERIA DR,CRYSTAL ROCK DR,,N/A,,SAME DIRECTION RIGHT TURN,RAINING,WET,DAYLIGHT,NO CONTROLS,N/A,,27E00328-8B98-4612-835F-43EE10126CEC,No,NO APPARENT INJURY,N/A,NOT DISTRACTED,DC,966817B2-B047-4DA8-BBCE-9273E35DB902,NO DAMAGE,SEVEN OCLOCK,OTHER,PARKED,,25,No,Yes,2021,GILG,BU,39.17310167,-77.26461333,""(39.17310167, -77.26461333)"""
"DM85220015,230073912,Takoma Park Police Depart,Property Damage Crash,12/27/2023 08:50:00 PM,,UNIVERSITY BLVD E,NEW HAMPSHIRE AVE,,N/A,,OTHER,RAINING,WET,DARK LIGHTS ON,TRAFFIC SIGNAL,N/A,,1262B966-EA36-4467-8150-576521853963,Yes,NO APPARENT INJURY,N/A,UNKNOWN,,4698989D-EF6D-4DFE-9437-16B790878D28,UNKNOWN,SIX OCLOCK,PASSENGER CAR,BACKING,East,30,No,No,2018,LAND ROVER,SUV,38.98948865,-76.98845029,""(38.98948865, -76.98845029)"""
"MCP2516004L,230069724,Montgomery County Police,Property Damage Crash,12/04/2023 07:49:00 AM,County,WISTERIA DR,CIRCLE GATE DR,,N/A,,SAME DIR REAR END,CLOUDY,DRY,DAYLIGHT,NO CONTROLS,NONE DETECTED,,8F65B95C-89E3-414D-B07B-0DC118E8CA3A,Yes,NO APPARENT INJURY,N/A,NOT DISTRACTED,MD,BB0A0243-604E-4445-A6F8-C2125541AED0,NO DAMAGE,TWELVE OCLOCK,OTHER,SLOWING OR STOPPING,East,25,No,No,2020,GILG,BUS,39.17240231,-77.26415547,""(39.17240231, -77.26415547)"""
"MCP1433000X,17009404,Montgomery County Police,Property Damage Crash,02/21/2017 06:49:00 PM,Maryland (State),FREDERICK RD,SHADY GROVE RD,,N/A,,SAME DIR REAR END,CLOUDY,DRY,DARK LIGHTS ON,NO CONTROLS,NONE DETECTED,,628E4648-BE80-46AC-B54C-25FFCD999AD3,Yes,NO APPARENT INJURY,N/A,LOOKED BUT DID NOT SEE,MD,160371D9-0E3E-45B0-9F72-3F4F5098263B,DISABLING,TWELVE OCLOCK,STATION WAGON,MOVING CONSTANT SPEED,North,40,No,No,2013,SUBA,IMPREZA,39.120426,-77.174181,""(39.120426, -77.174181)"""
"MCP27600048,230058529,Montgomery County Police,Injury Crash,10/04/2023 04:39:00 PM,Maryland (State),MONTGOMERY VILLAGE AVE,FREDERICK RD,,N/A,,SAME DIR REAR END,CLEAR,DRY,DAYLIGHT,YIELD SIGN,N/A,,8C88D3D2-EC74-4CC4-B571-6D72E6CF284A,No,NO APPARENT INJURY,N/A,NOT DISTRACTED,MD,FB036982-207E-402E-813D-905D2116091A,SUPERFICIAL,SIX OCLOCK,PASSENGER CAR,SLOWING OR STOPPING,North,35,No,No,2008,HOND,CP,39.15323791,-77.21148399,""(39.15323791, -77.21148399)"""
"MCP3330001L,230065360,Montgomery County Police,Property Damage Crash,11/09/2023 12:53:00 PM,Maryland (State),GEORGIA AVE,ENNALLS AVE,,N/A,,SAME DIR REAR END,CLEAR,DRY,DAYLIGHT,NO CONTROLS,NONE DETECTED,,96151EC6-84E3-43C6-A72D-6F3AAD640E47,Yes,NO APPARENT INJURY,N/A,UNKNOWN,MD,0C7D2BAD-F32E-4F3D-81F5-9DCABA7360E6,DISABLING,TWELVE OCLOCK,PASSENGER CAR,MOVING CONSTANT SPEED,South,25,No,No,2014,TOYOTA,SIENNA,39.0409965,-77.05174133,""(39.0409965, -77.05174133)"""
"MCP115100DD,230067551,Montgomery County Police,Injury Crash,11/21/2023 07:57:00 AM,County,WISTERIA DR,TEAKWOOD LA,,N/A,,SAME DIRECTION LEFT TURN,RAINING,WET,DAYLIGHT,N/A,NONE DETECTED,,FC880037-72BC-4E0C-9DCD-9922E123FFCE,Yes,POSSIBLE INJURY,""RAIN, SNOW, WET"",LOOKED BUT DID NOT SEE,MD,D4556633-1170-45FD-9D8C-669709C2CCBD,DISABLING,ELEVEN OCLOCK,PASSENGER CAR,MAKING U TURN,West,25,No,No,2022,MAZD,3,39.17998333,-77.28457833,""(39.17998333, -77.28457833)"""
"MCP1425001F,230059042,Montgomery County Police,Property Damage Crash,10/06/2023 11:11:00 PM,Maryland (State),RIVER RD,SPUR WHEEL LA,,N/A,,STRAIGHT MOVEMENT ANGLE,CLEAR,DRY,DARK NO LIGHTS,STOP SIGN,N/A,,F3992821-B5AB-4877-9842-749CC31B5E1B,No,NO APPARENT INJURY,N/A,NOT DISTRACTED,MD,B2EE4566-B191-4F58-A344-C0AC9E706F2C,DESTROYED,TWELVE OCLOCK,(SPORT) UTILITY VEHICLE,MOVING CONSTANT SPEED,West,40,No,No,2016,TOYOTA,RAV 4,39.03818833,-77.24659033,""(39.03818833, -77.24659033)"""
"MCP2930003Q,230056373,Montgomery County Police,Injury Crash,09/22/2023 07:56:00 PM,Maryland (State),GEORGIA AVE,BEL PRE RD,,N/A,,SAME DIR REAR END,CLEAR,DRY,DARK LIGHTS ON,N/A,NONE DETECTED,,B2C02DC6-D168-4FCB-B096-3378BEA02E27,No,SUSPECTED MINOR INJURY,N/A,NOT DISTRACTED,MD,5E902764-47FA-440B-A2F4-6EC550BC9F94,DISABLING,SIX OCLOCK,PASSENGER CAR,PARKED,,35,No,Yes,2009,DODG,SD,39.09103333,-77.079985,""(39.09103333, -77.079985)"""
"DD5653002T,230062567,Rockville Police Departme,Property Damage Crash,10/25/2023 06:45:00 PM,Municipality,ROLLINS AVE,ROCKVILLE PIKE,,N/A,,OTHER,CLEAR,DRY,DUSK,TRAFFIC SIGNAL,NONE DETECTED,,3F514E3B-6594-442A-B9A8-7BA480E9DAFB,No,NO APPARENT INJURY,N/A,NOT DISTRACTED,MD,3FD4643F-2662-464A-B8DD-641A0872CBC1,SUPERFICIAL,ONE OCLOCK,POLICE VEHICLE/EMERGENCY,MOVING CONSTANT SPEED,East,25,No,No,2019,CHEVROLET,TAHOE,39.05877525,-77.12055357,""(39.05877525, -77.12055357)"""
"MCP243600DY,210045063,Montgomery County Police,Injury Crash,11/07/2021 09:10:00 AM,Maryland (State),UNIVERSITY BLVD E,RAMP 7 FR RP 2 (FR IS495 WB) TO 193,,N/A,,STRAIGHT MOVEMENT ANGLE,CLEAR,DRY,DAYLIGHT,TRAFFIC SIGNAL,NONE DETECTED,,DB07C30C-B2B8-4D89-9F02-E483B98CC0D7,No,POSSIBLE INJURY,N/A,NOT DISTRACTED,MD,9D834FDC-E4FE-4DB0-B4A0-E3E0FD1A1867,DISABLING,ELEVEN OCLOCK,PASSENGER CAR,MAKING LEFT TURN,East,35,No,No,2014,FORD,FUSION,39.0159801,-77.0054239,""(39.0159801, -77.0054239)"""
"MCP2780007M,230072446,Montgomery County Police,Property Damage Crash,12/18/2023 06:10:00 PM,,,,""PARKING LOT OF N & S RENTAL LOCATED AT 19600 FREDERICK ROAD GERMANTOWN, MARYLAND 20876"",,,SAME DIR REAR END,N/A,,DARK LIGHTS ON,NO CONTROLS,NONE DETECTED,,9D6A38F2-B9B9-42E0-823A-8083CCB3AB0C,Yes,NO APPARENT INJURY,N/A,NOT DISTRACTED,MD,7167F865-F5CD-4EEF-97D5-9710FC56912F,FUNCTIONAL,TWO OCLOCK,(SPORT) UTILITY VEHICLE,MOVING CONSTANT SPEED,West,15,No,No,2013,TOYT,HIGHLANDER,39.17797333,-77.2389285,""(39.17797333, -77.2389285)"""
"MCP00360067,170504054,Montgomery County Police,Property Damage Crash,04/25/2017 07:42:00 AM,Maryland (State),CLOPPER RD,KINGSVIEW VILLAGE AVE,,N/A,,SAME DIR REAR END,RAINING,WET,DAYLIGHT,NO CONTROLS,NONE DETECTED,,422C62EB-6FF1-42B4-AE6D-6F275835EE9B,No,NO APPARENT INJURY,""N/A, WET"",NOT DISTRACTED,MD,B0228A45-2883-430D-9D01-78B64228ABB5,FUNCTIONAL,SIX OCLOCK,PASSENGER CAR,STOPPED IN TRAFFIC LANE,East,30,No,No,2005,VOLKSWAGON,4DR,39.16048081,-77.2787869,""(39.16048081, -77.2787869)"""
"MCP2962008N,230070207,Montgomery County Police,Injury Crash,12/06/2023 01:09:00 PM,Maryland (State),GERMANTOWN RD,AIRCRAFT DR,,N/A,,HEAD ON LEFT TURN,CLOUDY,DRY,DAYLIGHT,TRAFFIC SIGNAL,NONE DETECTED,,A239DB07-945B-4E87-8A3D-C5D87AA6BE73,Yes,POSSIBLE INJURY,N/A,LOOKED BUT DID NOT SEE,MD,7A7A7DFF-B45C-4635-A06A-9963DBAD99AE,DISABLING,ONE OCLOCK,PASSENGER CAR,MAKING U TURN,South,40,No,No,2017,HYUNDAI,SONATA,39.18201934,-77.26008444,""(39.18201934, -77.26008444)"""
"MCP1550004L,230048208,Montgomery County Police,Property Damage Crash,08/07/2023 12:30:00 PM,Maryland (State),KNOWLES AVE,CONNECTICUT AVE,,N/A,,SAME DIRECTION SIDESWIPE,CLEAR,DRY,DAYLIGHT,TRAFFIC SIGNAL,NONE DETECTED,,980C4CDF-9A91-435E-B480-3DB387628E99,Unknown,NO APPARENT INJURY,N/A,UNKNOWN,MD,84DD04BC-B613-4680-8CC4-19ECE35986BC,FUNCTIONAL,NINE OCLOCK,TRANSIT BUS,MOVING CONSTANT SPEED,East,25,No,No,2016,GILL,BUS,39.0273335,-77.07599633,""(39.0273335, -77.07599633)"""
"MCP3109008R,230065130,Montgomery County Police,Injury Crash,11/08/2023 01:05:00 PM,Maryland (State),UNIVERSITY BLVD E,WILLIAMSBURG DR,,N/A,,ANGLE MEETS LEFT TURN,CLEAR,DRY,DAYLIGHT,TRAFFIC SIGNAL,NONE DETECTED,,5069DADA-0A6C-48F7-A994-E756D8DAE1F0,Yes,NO APPARENT INJURY,N/A,NOT DISTRACTED,MD,0BD79A6D-7796-47D9-9740-CD6586609D06,DESTROYED,FOUR OCLOCK,PASSENGER CAR,MAKING LEFT TURN,West,35,No,No,2013,SUBARU,LEGACY,39.01787867,-77.00721517,""(39.01787867, -77.00721517)"""
"EJ7852008Y,230063110,Gaithersburg Police Depar,Injury Crash,10/28/2023 07:28:00 PM,County,SAM EIG HWY,FIELDS RD,,N/A,,STRAIGHT MOVEMENT ANGLE,N/A,DRY,DARK LIGHTS ON,TRAFFIC SIGNAL,NONE DETECTED,,3C263911-EF24-44D5-99B7-02EDB71123FC,Yes,NO APPARENT INJURY,N/A,UNKNOWN,MD,2A312CAD-35AD-423A-821B-251A07B1FFFF,DISABLING,TWELVE OCLOCK,PASSENGER CAR,MOVING CONSTANT SPEED,East,45,No,No,2017,TOYOTA,COROLLA,39.11632947,-77.20791439,""(39.11632947, -77.20791439)"""
"MCP20010023,230046753,Montgomery County Police,Fatal Crash,07/29/2023 05:49:00 AM,Maryland (State),VEIRS MILL RD,TWINBROOK PKWY,,N/A,,SINGLE VEHICLE,N/A,DRY,DAWN,N/A,NONE DETECTED,,48FBA1CC-0C4E-42A0-9CB0-7CCDE4F7832A,Yes,FATAL INJURY,N/A,UNKNOWN,VA,153804A1-305D-4822-B46D-D006DE39C6EA,DESTROYED,TWELVE OCLOCK,PASSENGER CAR,MOVING CONSTANT SPEED,East,45,No,No,2012,HONDA,CIVIC,39.07190333,-77.10959167,""(39.07190333, -77.10959167)"""
"MCP2450004N,230055638,Montgomery County Police,Property Damage Crash,09/18/2023 08:30:00 PM,Interstate (State),EISENHOWER MEMORIAL HWY,SHADY GROVE RD,,N/A,,SAME DIRECTION SIDESWIPE,N/A,N/A,DARK -- UNKNOWN LIGHTING,UNKNOWN,UNKNOWN,,AB46715B-CD90-45A2-9FC3-1FBEAC88DEC2,Yes,NO APPARENT INJURY,N/A,UNKNOWN,,570FA0C3-75A3-46BE-81F8-37FA8AE506F1,UNKNOWN,UNKNOWN,PASSENGER CAR,CHANGING LANES,North,55,No,No,2014,BMW,5,39.10976417,-77.1865733,""(39.10976417, -77.1865733)"""
"MCP2877007D,190042540,Montgomery County Police,Property Damage Crash,09/05/2019 12:40:00 PM,Maryland (State),GEORGIA AVE,CAPITAL BELTWAY,,N/A,,SAME DIRECTION SIDESWIPE,CLEAR,DRY,DAYLIGHT,NO CONTROLS,NONE DETECTED,,3BED6C5B-AC55-47C0-A389-9BD95A4F767A,Unknown,NO APPARENT INJURY,N/A,NOT DISTRACTED,MD,3EC5D454-6E3E-42C5-AC97-BC84ED408F01,FUNCTIONAL,TEN OCLOCK,PASSENGER CAR,MOVING CONSTANT SPEED,North,40,No,No,2016,TOYOTA,CAMRY,39.01231,-77.04143667,""(39.01231, -77.04143667)"""
"MCP3209003W,230001976,Montgomery County Police,Property Damage Crash,01/12/2023 07:34:00 PM,Maryland (State),16TH ST,WASH DC LINE,,N/A,,STRAIGHT MOVEMENT ANGLE,CLEAR,DRY,DARK LIGHTS ON,TRAFFIC SIGNAL,NONE DETECTED,,C56D1AE6-48C5-4D74-AA8A-95B2B406EC37,No,NO APPARENT INJURY,N/A,NOT DISTRACTED,DC,E1437CCA-6210-4DF7-9F60-A5CECDFC6E24,DISABLING,ONE OCLOCK,PASSENGER CAR,STARTING FROM LANE,East,25,No,No,2010,INFINITI,G37X,38.99213435,-77.03617722,""(38.99213435, -77.03617722)"""
"MCP291400DY,230048159,Montgomery County Police,Injury Crash,08/07/2023 05:07:00 AM,County,FENTON ST,KING ST,,N/A,PEDESTRIAN,OTHER,CLEAR,WET,DARK LIGHTS ON,NO CONTROLS,N/A,ILLEGAL DRUG CONTRIBUTED,20CD58E9-9BE9-479F-ADE2-34AE5073EDDC,Yes,NO APPARENT INJURY,N/A,UNKNOWN,,D94B5279-0E10-4A27-A482-06C896DF5676,UNKNOWN,UNKNOWN,,UNKNOWN,South,30,No,No,0,UNKNOWN,UNKNOWN,38.98759297,-77.02346754,""(38.98759297, -77.02346754)"""
"MCP3201004K,230054369,Montgomery County Police,Injury Crash,09/12/2023 07:40:00 AM,Maryland (State),CLARKSBURG RD,RAMP 7 FR MD 121 WB TO IS 270 SB,,N/A,,STRAIGHT MOVEMENT ANGLE,CLEAR,DRY,DAYLIGHT,TRAFFIC SIGNAL,NONE DETECTED,,837BCAAC-C8BC-40AE-88E1-D321A96E4DC1,No,POSSIBLE INJURY,N/A,NOT DISTRACTED,MD,449230D3-C8AB-4140-87CC-F9E3A9859E2F,DISABLING,EIGHT OCLOCK,PASSENGER CAR,MOVING CONSTANT SPEED,East,40,No,No,2010,MERZ,4S,39.23360685,-77.28276774,""(39.23360685, -77.28276774)"""
"MCP32510016,230056411,Montgomery County Police,Property Damage Crash,09/23/2023 12:23:00 AM,County,RIFFLE FORD RD,GERMANTOWN RD,,N/A,,SAME DIRECTION SIDESWIPE,RAINING,WET,DARK NO LIGHTS,STOP SIGN,NONE DETECTED,,85B410B7-5E01-4658-B8AD-8CEE65CE6F48,No,NO APPARENT INJURY,""N/A, WET"",NOT DISTRACTED,MD,C824FDF9-0BBB-486F-8D30-EFC8BBC02C26,SUPERFICIAL,ONE OCLOCK,PASSENGER CAR,MAKING RIGHT TURN,North,40,No,No,2018,HONDA,CRV,39.14803833,-77.29002167,""(39.14803833, -77.29002167)"""
"MCP2813008G,200025317,Montgomery County Police,Injury Crash,06/29/2020 05:30:00 PM,County,MEDWAY ST,LYTLE ST,,N/A,,HEAD ON,CLEAR,DRY,DAYLIGHT,N/A,N/A,,95E2901E-612E-4588-B384-851B86616837,Yes,NO APPARENT INJURY,N/A,LOOKED BUT DID NOT SEE,MD,76913FE1-6947-4CE2-B5E7-16B356A0685B,DISABLING,TWELVE OCLOCK,PASSENGER CAR,MAKING RIGHT TURN,West,25,No,No,2008,NISS,MAXIMA,39.050495,-77.06283167,""(39.050495, -77.06283167)"""
"MCP2941004W,230055207,Montgomery County Police,Injury Crash,09/16/2023 10:20:00 AM,County,CENTERWAY RD,GOSHEN RD,,N/A,,SAME DIRECTION RIGHT TURN,CLEAR,DRY,DAYLIGHT,TRAFFIC SIGNAL,NONE DETECTED,,5C4CF348-035F-469A-9272-F93457FDB99F,No,NO APPARENT INJURY,N/A,NOT DISTRACTED,MD,CB2DF494-DE16-4C21-84C5-95767D946659,DISABLING,TWO OCLOCK,PASSENGER CAR,MAKING RIGHT TURN,North,35,No,No,2018,RAM,PK,39.1695,-77.19073833,""(39.1695, -77.19073833)"""
"MCP3130006R,230058648,Montgomery County Police,Property Damage Crash,10/05/2023 07:50:00 AM,County,HATHAWAY DR,WELLER RD,,N/A,,STRAIGHT MOVEMENT ANGLE,CLOUDY,DRY,DUSK,STOP SIGN,NONE DETECTED,,6E8C9353-7C1C-4BC1-A213-E61A9D36088F,No,NO APPARENT INJURY,N/A,NOT DISTRACTED,MD,C3B18302-73BF-401E-8952-E12594AE93B7,DISABLING,NINE OCLOCK,PASSENGER CAR,MOVING CONSTANT SPEED,West,25,No,No,2013,TOYOTA,VENZA,39.07145983,-77.05577367,""(39.07145983, -77.05577367)"""
"MCP33560018,230073488,Montgomery County Police,Injury Crash,12/24/2023 06:31:00 PM,,,,PARKING LOT OF SAFEWAY GAS (26300 RIDGE RD),,PEDESTRIAN,OTHER,CLEAR,,DARK LIGHTS ON,NO CONTROLS,NONE DETECTED,NONE DETECTED,503A3F10-4362-4EAF-B7E9-FDBBDD6AD0D8,Yes,NO APPARENT INJURY,N/A,INATTENTIVE OR LOST IN THOUGHT,VA,59C35ECA-89A3-422F-A57C-271F65B3D02B,NO DAMAGE,TWELVE OCLOCK,PASSENGER CAR,STARTING FROM PARKED,South,5,No,No,2021,FORD,EXPLORER,39.28861683,-77.20493983,""(39.28861683, -77.20493983)"""
"EJ79000006,230064401,Gaithersburg Police Depar,Property Damage Crash,11/04/2023 02:50:00 PM,Maryland (State),GREAT SENECA HWY,LAKELANDS DR,,GAITHERSBURG,,OTHER,CLEAR,DRY,DAYLIGHT,TRAFFIC SIGNAL,NONE DETECTED,,D1F8FCEE-FE01-459B-AC3D-CFD10584A91D,Yes,NO APPARENT INJURY,N/A,LOOKED BUT DID NOT SEE,MD,B849CF91-1CD1-453B-9A4E-B21DC115A656,FUNCTIONAL,FIVE OCLOCK,PASSENGER CAR,CHANGING LANES,West,50,No,No,2012,TOYT,MV,39.12130093,-77.22597315,""(39.12130093, -77.22597315)"""
"MCP13780169,230063832,Montgomery County Police,Property Damage Crash,11/01/2023 05:10:00 PM,Maryland (State),FREDERICK RD,ENT TO MILESTONE SHOPPING CENTER,,N/A,,STRAIGHT MOVEMENT ANGLE,CLOUDY,DRY,DAYLIGHT,STOP SIGN,NONE DETECTED,,02C51ED6-0F30-4AAD-9B4F-9A085A2B50A7,Yes,NO APPARENT INJURY,N/A,NOT DISTRACTED,MD,4A586BFA-5B17-4071-9B22-D6A5A1E44062,FUNCTIONAL,TWELVE OCLOCK,PASSENGER CAR,ACCELERATING,South,15,No,No,2010,MAZDA,3,39.20016298,-77.24652363,""(39.20016298, -77.24652363)"""
"MCP3362002F,230071873,Montgomery County Police,Property Damage Crash,12/12/2023 06:30:00 AM,Maryland (State),UNIVERSITY BLVD W,DENNIS AVE,,N/A,,SAME DIR REAR END,CLEAR,ICE,DAWN,NO CONTROLS,NONE DETECTED,,AC109DE6-C261-4484-A90F-14C48D296A01,Yes,NO APPARENT INJURY,""BACKUP DUE TO PRIOR CRASH, ICY OR SNOW-COVERED, N/A"",DISTRACTED BY OUTSIDE PERSON OBJECT OR EVENT,MD,21BA7763-6891-4675-9DE8-0B490FD11014,FUNCTIONAL,SIX OCLOCK,PASSENGER CAR,MOVING CONSTANT SPEED,West,35,No,No,2024,TOYT,CAMRY,39.02698731,-77.02024175,""(39.02698731, -77.02024175)"""
"MCP2737005Z,230068000,Montgomery County Police,Injury Crash,11/24/2023 02:21:00 AM,Maryland (State),NEW HAMPSHIRE AVE,GOOD HOPE RD,,N/A,,STRAIGHT MOVEMENT ANGLE,CLEAR,DRY,DARK LIGHTS ON,TRAFFIC SIGNAL,NONE DETECTED,,3A703F5E-51A6-485E-9591-DF7296F3CD59,Yes,NO APPARENT INJURY,N/A,UNKNOWN,MD,A2BA32DA-3196-4669-884D-67A45FAB11B6,DISABLING,TWELVE OCLOCK,""OTHER LIGHT TRUCKS (10,000LBS (4,536KG) OR LESS)"",MOVING CONSTANT SPEED,East,35,No,No,2014,HONDA,TK,39.09570076,-77.00214832,""(39.09570076, -77.00214832)"""
"MCP3211002W,220035018,Montgomery County Police,Property Damage Crash,08/14/2022 03:00:00 PM,,,,PARKING LOT OF 5566 RANDOLPH RD,,,OTHER,CLEAR,,DAYLIGHT,NO CONTROLS,UNKNOWN,,4E3C3A61-019D-4260-A757-8CA56CAD801E,Yes,NO APPARENT INJURY,N/A,UNKNOWN,,C9F63E54-8331-4C01-9D36-5AB9D55B7D1A,UNKNOWN,SIX OCLOCK,PASSENGER CAR,BACKING,South,5,No,No,2022,KIA,NIRO,39.0529232,-77.1123453,""(39.0529232, -77.1123453)"""
"MCP2844006R,230050933,Montgomery County Police,Property Damage Crash,08/23/2023 03:40:00 PM,Maryland (State),GEORGIA AVE,JONES LA,,N/A,,OTHER,CLEAR,DRY,DAYLIGHT,NO CONTROLS,UNKNOWN,,28B57184-7C84-4A81-A284-15F716A5AFB9,Yes,NO APPARENT INJURY,N/A,UNKNOWN,MD,B73C872D-B84E-4A37-AEC4-57021CF59006,FUNCTIONAL,ONE OCLOCK,PASSENGER CAR,BACKING,Unknown,15,No,No,2016,HONDA,CIVIC,39.053911,-77.04803917,""(39.053911, -77.04803917)"""
"MCP27230082,230066963,Montgomery County Police,Property Damage Crash,11/17/2023 05:05:00 PM,County,RANDOLPH RD,CONNECTICUT AVE,,N/A,,SAME DIRECTION SIDESWIPE,CLEAR,DRY,DARK LIGHTS ON,TRAFFIC SIGNAL,NONE DETECTED,,412DF3FD-320D-47FE-A5D4-C79B0E37A885,No,NO APPARENT INJURY,N/A,NOT DISTRACTED,MD,2F9B67E9-74A6-419C-8F33-CE7BB1A9F20D,FUNCTIONAL,FOUR OCLOCK,PASSENGER CAR,STOPPED IN TRAFFIC LANE,East,35,No,No,2017,CHEVY,CRUZ,39.05722167,-77.07355767,""(39.05722167, -77.07355767)"""
"MCP94420037,230056624,Montgomery County Police,Injury Crash,09/24/2023 01:15:00 PM,Municipality,WATKINS MILL RD,TRAVIS AVE,,GAITHERSBURG,,SAME DIR REAR END,RAINING,WET,DAYLIGHT,STOP SIGN,NONE DETECTED,,B348512C-577C-4CD4-AA7E-9EAC5A1E32D2,No,POSSIBLE INJURY,""RAIN, SNOW, WET"",NOT DISTRACTED,MD,0FFB33BD-3B83-4770-B3A9-5ABD8414E12B,FUNCTIONAL,SIX OCLOCK,PASSENGER CAR,SLOWING OR STOPPING,North,35,No,No,2023,HONDA,HRV,39.16178483,-77.21429583,""(39.16178483, -77.21429583)"""
"MCP29370054,230066186,Montgomery County Police,Property Damage Crash,11/14/2023 01:20:00 AM,Maryland (State),UNIVERSITY BLVD E,E FRANKLIN AVE,,N/A,,HEAD ON LEFT TURN,CLEAR,DRY,DARK LIGHTS ON,TRAFFIC SIGNAL,NONE DETECTED,,288BA5FC-E32D-4C44-A452-8668071EAC62,Yes,NO APPARENT INJURY,N/A,NOT DISTRACTED,MD,1BE7C99E-4E57-4387-A962-6CC1A0563DD0,DISABLING,TWELVE OCLOCK,PASSENGER CAR,MAKING LEFT TURN,East,35,No,No,2015,TOYOTA,COROLLA,39.01224803,-77.00264623,""(39.01224803, -77.00264623)"""
"MCP3158001D,190020847,Montgomery County Police,Property Damage Crash,05/03/2019 06:15:00 AM,County,SNOUFFERS SCHOOL RD,STRUC #M0065 CABIN BRANCH,,N/A,,OTHER,CLEAR,DRY,DAYLIGHT,N/A,NONE DETECTED,,9D18699C-52EF-4773-B22A-C57848DB04B1,No,NO APPARENT INJURY,N/A,NOT DISTRACTED,,D4714301-0B9D-4412-812D-3786C170C73A,SUPERFICIAL,TWELVE OCLOCK,PASSENGER CAR,PARKED,,25,No,Yes,2007,CHEV,DS,39.17472,-77.17250333,""(39.17472, -77.17250333)"""
"DD559500DX,230051500,Rockville Police Departme,Property Damage Crash,08/26/2023 03:32:00 PM,Municipality,S STONESTREET AVE,HIGHLAND AVE,,ROCKVILLE,,OTHER,CLEAR,DRY,DAYLIGHT,TRAFFIC SIGNAL,NONE DETECTED,,E7FD07DD-0599-486B-9BA8-7E466E33F2A2,No,NO APPARENT INJURY,N/A,NOT DISTRACTED,MD,AF62380F-D7BC-473E-ABAB-3F534FC778D9,SUPERFICIAL,TWO OCLOCK,PASSENGER CAR,MOVING CONSTANT SPEED,South,25,No,No,2012,GMC,TK,39.08450067,-77.14489617,""(39.08450067, -77.14489617)"""
"MCP3268003F,230069437,Montgomery County Police,Property Damage Crash,12/02/2023 08:43:00 AM,US (State),COLUMBIA PIKE,STEWART LA,,N/A,,STRAIGHT MOVEMENT ANGLE,FOGGY,WET,DAWN,TRAFFIC SIGNAL,NONE DETECTED,,E77931C8-4F8C-4D05-ACC8-0C64133ADA60,No,NO APPARENT INJURY,""V WIPERS|W OTHER ENVIRONMENTAL, WET"",NOT DISTRACTED,MD,F105FAC5-8C5F-47B0-9E1F-D0D79E8255BC,DISABLING,EIGHT OCLOCK,PASSENGER CAR,MOVING CONSTANT SPEED,West,25,No,No,2013,NISSAN,SENTRA,39.04666767,-76.9865925,""(39.04666767, -76.9865925)"""