Report Number,Local Case Number,Agency Name,ACRS Report Type,Crash Date/Time,Route Type,Road Name,Cross-Street Name,Off-Road Description,Municipality,Related Non-Motorist,Collision Type,Weather,Surface Condition,Light,Traffic Control,Driver Substance Abuse,Non-Motorist Substance Abuse,Person ID,Driver At Fault,Injury Severity,Circumstance,Driver Distracted By,Drivers License State,Vehicle ID,Vehicle Damage Extent,Vehicle First Impact Location,Vehicle Body Type,Vehicle Movement,Vehicle Going Dir,Speed Limit,Driverless Vehicle,Parked Vehicle,Vehicle Year,Vehicle Make,Vehicle Model,Latitude,Longitude,Location
"MCP2667008N,230056233,Montgomery County Police,Property Damage Crash,09/22/2023 07:45:00 AM,County,MONTGOMERY VILLAGE AVE,APPLE RIDGE RD,,N/A,,HEAD ON LEFT TURN,CLEAR,DRY,DAYLIGHT,TRAFFIC SIGNAL,NONE DETECTED,,5D4A1123-D9FC-4674-B9EA-C5E0215FA646,No,NO APPARENT INJURY,N/A,NOT DISTRACTED,MD,2848FCE9-EE7C-4E6A-88D9-480CB935A08D,FUNCTIONAL,TWELVE OCLOCK,PASSENGER CAR,MOVING CONSTANT SPEED,North,35,No,No,2011,MERZ,WG,39.18693701,-77.19865193,""(39.18693701, -77.19865193)"""
"MCP32960023,230056652,Montgomery County Police,Property Damage Crash,09/24/2023 04:26:00 PM,US (State),COLUMBIA PIKE,RAMP 2 FR CHERRY HILL RD WB TO US 29 NB,,N/A,,SAME DIR REAR END,CLOUDY,WET,DAYLIGHT,NO CONTROLS,NONE DETECTED,,86546234-82CC-4293-8F8F-331F22757260,Yes,NO APPARENT INJURY,""N/A, WET"",UNKNOWN,MD,356C857D-FAEE-4733-9AC8-A300572537E1,DISABLING,TWELVE OCLOCK,(SPORT) UTILITY VEHICLE,SLOWING OR STOPPING,North,50,No,No,2011,NISS,ROGUE,39.06335283,-76.96224633,""(39.06335283, -76.96224633)"""
"MCP33560012,230070478,Montgomery County Police,Property Damage Crash,12/07/2023 07:26:00 PM,Maryland (State),RIDGE RD,PREAKNESS DR,,N/A,,SAME DIR REAR END,CLEAR,DRY,DARK LIGHTS ON,STOP SIGN,NONE DETECTED,,7E9E0823-1E8A-44F6-A204-D724C6DC95CF,Yes,NO APPARENT INJURY,N/A,INATTENTIVE OR LOST IN THOUGHT,XX,23A6D496-2E52-45DD-8E1C-2BD3C353207A,DISABLING,TWELVE OCLOCK,PASSENGER CAR,MOVING CONSTANT SPEED,West,25,No,No,2004,TOYOTA,COROLLA,39.260493,-77.22312083,""(39.260493, -77.22312083)"""
"MCP2703003F,230063488,Montgomery County Police,Injury Crash,10/30/2023 08:12:00 PM,US (State),GEORGIA AVE,SLIGO AVE,,N/A,,STRAIGHT MOVEMENT ANGLE,RAINING,WET,DARK LIGHTS ON,TRAFFIC SIGNAL,N/A,,82461774-E72F-4E65-B2CF-936230BB336F,No,POSSIBLE INJURY,N/A,NOT DISTRACTED,DC,6AD527E1-A594-41ED-8380-AEB23E6DE992,DISABLING,NINE OCLOCK,PASSENGER CAR,MOVING CONSTANT SPEED,North,35,No,No,2019,TOYOTA,UT,39.01567007,-77.04209593,""(39.01567007, -77.04209593)"""
"MCP3339002B,230047135,Montgomery County Police,Injury Crash,07/31/2023 02:24:00 PM,Maryland (State),GEORGIA AVE,MAY ST,,N/A,,SAME DIR REAR END,CLEAR,DRY,DAYLIGHT,TRAFFIC SIGNAL,NONE DETECTED,,5227DE3E-1574-449A-9895-B970C6636BFE,Yes,NO APPARENT INJURY,N/A,LOOKED BUT DID NOT SEE,MD,23EAABAE-149B-41D0-852D-7FD64B7823D4,DISABLING,TWELVE OCLOCK,""CARGO VAN/LIGHT TRUCK 2 AXLES (OVER 10,000LBS (4,536 KG))"",MOVING CONSTANT SPEED,South,35,No,No,2005,FREIGHT,TRUCK,39.07214717,-77.06525417,""(39.07214717, -77.06525417)"""
"MCP2906003C,230058514,Montgomery County Police,Injury Crash,10/04/2023 04:00:00 PM,County,MEDICAL CENTER DR,MEDICAL CENTER WAY,,N/A,,STRAIGHT MOVEMENT ANGLE,CLEAR,DRY,DAYLIGHT,STOP SIGN,N/A,,9C1A37B1-6B7A-46F4-903A-FDF96C888239,Yes,NO APPARENT INJURY,N/A,LOOKED BUT DID NOT SEE,MD,0F86D6FA-224F-470F-91FF-7CEC02BCA666,FUNCTIONAL,ONE OCLOCK,PASSENGER CAR,MAKING LEFT TURN,South,25,No,No,2022,TESLA,UT,39.10166667,-77.19542333,""(39.10166667, -77.19542333)"""
"MCP291400FG,230074331,Montgomery County Police,Property Damage Crash,12/30/2023 09:58:00 PM,,,,8404 COLESVILLE ROAD- 3RD LEVEL PARKING CIRCLE,,,SAME DIR REAR END,CLEAR,,DARK LIGHTS ON,NO CONTROLS,N/A,,152704A6-5C49-4E31-8BD7-3E1037AA6537,Yes,NO APPARENT INJURY,N/A,OTHER DISTRACTION,NC,243E86F6-ABBA-4A63-8976-19E32DCCADCB,NO DAMAGE,TWELVE OCLOCK,PASSENGER CAR,SLOWING OR STOPPING,South,0,No,No,2000,HONDA,CIVIC,38.99372068,-77.03023445,""(38.99372068, -77.03023445)"""
"MCP2347004B,230058490,Montgomery County Police,Injury Crash,10/04/2023 02:18:00 PM,US (State),COLUMBIA PIKE,TECH RD,,N/A,,HEAD ON LEFT TURN,CLEAR,DRY,DAYLIGHT,TRAFFIC SIGNAL,NONE DETECTED,,EC39E5E4-9686-47C5-A462-CF8A52A9389E,No,NO APPARENT INJURY,N/A,NOT DISTRACTED,MD,999A8358-BD84-4D97-AD9E-A9C9DBEC2BA0,SUPERFICIAL,TWELVE OCLOCK,PASSENGER CAR,STOPPED IN TRAFFIC LANE,East,40,No,No,2006,HONDA,CIVIC,39.05803554,-76.96852492,""(39.05803554, -76.96852492)"""
"MCP29870084,230065947,Montgomery County Police,Property Damage Crash,11/12/2023 03:03:00 PM,US (State),COLUMBIA PIKE,INDUSTRIAL PKWY,,N/A,,SAME DIR REAR END,CLEAR,DRY,DAYLIGHT,NO CONTROLS,NONE DETECTED,,0567EE18-6736-4C70-BB4C-94F7360C78D4,No,NO APPARENT INJURY,N/A,NOT DISTRACTED,MD,1D4EA972-41D5-4F0D-A3F5-05A5EB34E4CA,FUNCTIONAL,SIX OCLOCK,PASSENGER CAR,MOVING CONSTANT SPEED,North,50,No,No,2017,JEEP,RENEGADE,39.05408333,-76.97432167,""(39.05408333, -76.97432167)"""
"MCP3267001W,230050002,Montgomery County Police,Property Damage Crash,08/17/2023 09:43:00 PM,Maryland (State),CONNECTICUT AVE,CROSSOVER,,N/A,,SAME DIR REAR END,CLEAR,DRY,DARK LIGHTS ON,N/A,NONE DETECTED,,5A9ABDEE-F958-4113-A9F5-01D6004169E2,Yes,NO APPARENT INJURY,N/A,NOT DISTRACTED,VA,A0D1993D-4812-40F7-B3FE-851FB38E66BB,DISABLING,TWELVE OCLOCK,PASSENGER CAR,MOVING CONSTANT SPEED,North,35,No,No,2016,FORD,FOCUS,39.07815333,-77.08085833,""(39.07815333, -77.08085833)"""
"MCP9390002C,230050561,Montgomery County Police,Injury Crash,08/21/2023 04:33:00 PM,County,OMEGA DR,RESEARCH BLVD,,N/A,,STRAIGHT MOVEMENT ANGLE,CLEAR,DRY,DAYLIGHT,TRAFFIC SIGNAL,N/A,,097AEC48-5A50-4D51-BDB7-754466B94C4D,No,NO APPARENT INJURY,N/A,NOT DISTRACTED,MD,D37E5E1B-A164-4F49-B720-62892C6FF0E7,FUNCTIONAL,ELEVEN OCLOCK,TRANSIT BUS,STOPPED IN TRAFFIC LANE,South,35,No,No,2017,GILG BU,BU,39.107295,-77.195115,""(39.107295, -77.195115)"""
"MCP2837005N,230056897,Montgomery County Police,Property Damage Crash,09/26/2023 07:40:00 AM,Maryland (State),RIVER RD,TRAVILAH RD,,N/A,,HEAD ON LEFT TURN,RAINING,WET,DAYLIGHT,NO CONTROLS,NONE DETECTED,,38D74E7D-1D89-42AA-85A3-EB4BD99DEA12,Yes,NO APPARENT INJURY,""RAIN, SNOW, WET"",LOOKED BUT DID NOT SEE,MD,8B37CF94-AC9C-497F-92D3-18B6EEFBE6D8,FUNCTIONAL,TWELVE OCLOCK,PASSENGER CAR,MAKING LEFT TURN,East,40,No,No,2019,HONDA,PILOT,39.06092,-77.282285,""(39.06092, -77.282285)"""
"EJ786600CR,230061661,Gaithersburg Police Depar,Injury Crash,10/20/2023 04:00:00 PM,Municipality,RUSSELL AVE,LAKE FOREST BLVD,,GAITHERSBURG,,HEAD ON LEFT TURN,RAINING,WET,DAYLIGHT,TRAFFIC SIGNAL,NONE DETECTED,,8A272F0B-5065-4716-884B-445049E8F4C3,No,NO APPARENT INJURY,""RAIN, SNOW, WET"",NOT DISTRACTED,MD,010A0A07-EE66-413A-BDEB-43E212B7B884,DISABLING,TWELVE OCLOCK,PASSENGER CAR,MOVING CONSTANT SPEED,South,25,No,No,2009,LEXS,SD,39.15143342,-77.20754097,""(39.15143342, -77.20754097)"""
"MCP33220026,230065021,Montgomery County Police,Property Damage Crash,11/07/2023 10:11:00 PM,,DUNSINANE DR,BEL PRE RD,,N/A,,SAME DIRECTION RIGHT TURN,CLEAR,DRY,DARK LIGHTS ON,STOP SIGN,N/A,,21EF91A6-0079-424F-9E54-D49B926B5ED8,Yes,NO APPARENT INJURY,N/A,UNKNOWN,,57DEB82E-7988-4445-8C8E-CFACA0822278,SUPERFICIAL,ONE OCLOCK,PASSENGER CAR,MAKING RIGHT TURN,South,15,No,No,2019,TOYOTA,COROLLA,39.09389688,-77.07559305,""(39.09389688, -77.07559305)"""
"EJ7870006J,230069566,Gaithersburg Police Depar,Injury Crash,12/02/2023 11:55:00 PM,Maryland (State),GREAT SENECA HWY,KEY WEST AVE,,N/A,,SAME DIR REAR END,RAINING,WET,DARK LIGHTS ON,TRAFFIC SIGNAL,NONE DETECTED,,16B096D1-804E-4A74-87B0-DBFF82BC8653,No,POSSIBLE INJURY,""RAIN, SNOW, WET"",NOT DISTRACTED,MD,FC137689-3A01-45CD-888C-5C3FB37AB95F,SUPERFICIAL,SIX OCLOCK,PASSENGER CAR,STOPPED IN TRAFFIC LANE,North,50,No,No,2023,HYUN,SD,39.10330503,-77.2060767,""(39.10330503, -77.2060767)"""
"MCP27710036,230074140,Montgomery County Police,Injury Crash,12/29/2023 10:03:00 AM,,,,PARKING LOT IN FRONT OF GIANT FOOD STORE AT 13781 CONNECTICUT AVENUE,,,OTHER,CLOUDY,,DAYLIGHT,NO CONTROLS,N/A,,7CC160EE-3E15-4A7F-B20A-017DA9DFE1D5,Yes,NO APPARENT INJURY,N/A,NOT DISTRACTED,MD,03806D85-928E-40B9-9FF6-773EBB104BCD,SUPERFICIAL,TWELVE OCLOCK,PASSENGER CAR,BACKING,South,5,No,No,2013,HONDA,ODYSSEY,39.07949327,-77.07962236,""(39.07949327, -77.07962236)"""
"MCP3279002J,230054010,Montgomery County Police,Property Damage Crash,09/09/2023 06:16:00 PM,Maryland (State),UNIVERSITY BLVD W,REEDIE DR,,N/A,,SINGLE VEHICLE,RAINING,WET,DAYLIGHT,NO CONTROLS,NONE DETECTED,,1549E25B-EC8E-4CEE-AFC7-F7CB847E8743,No,NO APPARENT INJURY,""N/A, WET"",NOT DISTRACTED,MD,FFB2E373-A880-47A0-B61F-E43A9E4D4BB1,DISABLING,NINE OCLOCK,PASSENGER CAR,CHANGING LANES,East,35,No,No,2006,BMW,SD,39.04033167,-77.04341167,""(39.04033167, -77.04341167)"""
"MCP3227004R,230051358,Montgomery County Police,Property Damage Crash,08/25/2023 08:00:00 PM,Maryland (State),PINEY BRANCH RD,NO NAME,,N/A,,SINGLE VEHICLE,RAINING,WET,DUSK,NO CONTROLS,ALCOHOL PRESENT,,6689E5A0-9D0B-4261-930C-DA7B0BA1DE34,Yes,NO APPARENT INJURY,N/A,UNKNOWN,MD,A8AC08FF-DF3C-405E-B46E-69D50F9C6572,DISABLING,TWELVE OCLOCK,VAN,MOVING CONSTANT SPEED,South,35,No,No,2006,FORD,FREESTAR,39.00118708,-76.98774405,""(39.00118708, -76.98774405)"""
"MCP9419004F,23003437,Montgomery County Police,Property Damage Crash,07/19/2023 12:19:00 PM,County,CRABBS BRANCH WAY,REDLAND RD,,N/A,,SINGLE VEHICLE,CLEAR,DRY,DAYLIGHT,NO CONTROLS,NONE DETECTED,,D2335072-EEB8-4C8A-B6E7-77C542D2C5DE,Yes,NO APPARENT INJURY,N/A,USING OTHER DEVICE CONTROLS INTEGRAL TO VEHICLE,MD,BB574474-261F-4E34-BEC6-A49501B7BFFD,DISABLING,TWELVE OCLOCK,(SPORT) UTILITY VEHICLE,MOVING CONSTANT SPEED,North,40,No,No,2011,TOYOTA,RAV 4,39.11985,-77.15699333,""(39.11985, -77.15699333)"""
"MCP209400N3,230071256,Montgomery County Police,Property Damage Crash,12/12/2023 11:12:00 AM,Maryland (State),WISCONSIN AVE,COMMERCE LA,,N/A,,HEAD ON LEFT TURN,N/A,DRY,DAYLIGHT,NO CONTROLS,NONE DETECTED,,664125C2-46C3-4622-84AE-095E72EC9291,No,NO APPARENT INJURY,N/A,NOT DISTRACTED,MD,6FA76C9D-BA0B-4C47-8A7F-AB47910DC867,DISABLING,ELEVEN OCLOCK,PASSENGER CAR,MOVING CONSTANT SPEED,South,25,No,No,2012,MERCEDEZ,C300,38.98591167,-77.09467667,""(38.98591167, -77.09467667)"""
"DM85030015,230069170,Takoma Park Police Depart,Injury Crash,11/30/2023 05:18:00 PM,Municipality,POPLAR AVE,4TH AVE,,TAKOMA PARK,,OTHER,CLEAR,DRY,DARK LIGHTS ON,N/A,N/A,,0B61809D-CF85-42B5-B5CF-02AE9F3ADE20,Unknown,NO APPARENT INJURY,N/A,UNKNOWN,MD,FE1A64B5-CDB9-4D84-A57D-4A29C8260700,FUNCTIONAL,TWELVE OCLOCK,PASSENGER CAR,MAKING LEFT TURN,East,5,No,No,2009,HONDA,CIVIC,38.97095167,-77.00097,""(38.97095167, -77.00097)"""
"MCP2401001X,230073067,Montgomery County Police,Injury Crash,12/22/2023 05:00:00 AM,County,RANDOLPH RD,PARKLAWN DR,,N/A,,STRAIGHT MOVEMENT ANGLE,CLEAR,DRY,DARK LIGHTS ON,TRAFFIC SIGNAL,NONE DETECTED,,AF5724B5-26FE-414B-9265-E1D40AD0B178,Unknown,POSSIBLE INJURY,N/A,UNKNOWN,MD,B0EF2BF4-622D-479A-8518-2940056F2F13,DISABLING,TWELVE OCLOCK,PASSENGER CAR,MOVING CONSTANT SPEED,West,35,No,No,2011,NISSAN,ALTIMA,39.05351283,-77.10673399,""(39.05351283, -77.10673399)"""
"MCP29680059,230069284,Montgomery County Police,Property Damage Crash,12/01/2023 11:38:00 AM,County,TUCKERMAN LA,SEVEN LOCKS RD,,N/A,,HEAD ON LEFT TURN,CLEAR,DRY,DAYLIGHT,TRAFFIC SIGNAL,N/A,,97ACEC0C-2EF1-45AA-A4CE-647C7C517D77,No,NO APPARENT INJURY,N/A,NOT DISTRACTED,MD,8CEA6B3D-ED40-4177-BC12-52B40445636E,FUNCTIONAL,TWELVE OCLOCK,PASSENGER CAR,MOVING CONSTANT SPEED,West,35,No,No,2014,HOND,VN,39.04086667,-77.159195,""(39.04086667, -77.159195)"""
"MCP2872002T,230067799,Montgomery County Police,Property Damage Crash,11/22/2023 11:30:00 AM,US (State),COLUMBIA PIKE,RAMP 4 FR US 29 NB TO BLACKBURN RD,,N/A,,SAME DIRECTION SIDESWIPE,CLEAR,WET,DAYLIGHT,NO CONTROLS,NONE DETECTED,,87835C11-02C2-42A6-804D-17FC21F34260,Yes,NO APPARENT INJURY,N/A,NOT DISTRACTED,MD,6B7C8C23-3FC6-4F75-9CB5-06DE9692F5D8,SUPERFICIAL,EIGHT OCLOCK,VAN,MOVING CONSTANT SPEED,North,45,No,No,2018,FORD,PV,39.09857033,-76.9360355,""(39.09857033, -76.9360355)"""
"MCP3334001Z,230067144,Montgomery County Police,Property Damage Crash,11/18/2023 06:50:00 PM,County,SLIGO AVE,SCHRIDER ST,,N/A,,HEAD ON LEFT TURN,CLEAR,DRY,DARK LIGHTS ON,STOP SIGN,NONE DETECTED,,BF5CA623-9594-4CFB-978F-70D3A9102477,No,NO APPARENT INJURY,N/A,NOT DISTRACTED,MD,5E345A0D-DDE2-4101-A651-6855C0C7C7CC,DESTROYED,TWO OCLOCK,(SPORT) UTILITY VEHICLE,MOVING CONSTANT SPEED,West,30,No,No,2018,JEEP,UT,38.9911845,-77.01444367,""(38.9911845, -77.01444367)"""
"MCP25450003,16002142,Montgomery County Police,Property Damage Crash,01/12/2016 01:31:00 PM,,,,PARKING LOT OF 1800 RANDOLPH RD,,,STRAIGHT MOVEMENT ANGLE,CLEAR,,DAYLIGHT,NO CONTROLS,N/A,,F1621E3D-7E89-49F1-9228-D135013BDBA1,No,NO APPARENT INJURY,N/A,NO DRIVER PRESENT,MD,55AF9703-696A-4043-9696-C495041402F1,FUNCTIONAL,ONE OCLOCK,PASSENGER CAR,PARKED,,15,No,Yes,2004,CHRYSLER,CONVERTIBLE,39.06536,-77.03428333,""(39.06536, -77.03428333)"""
"MCP2657000Q,15039539,MONTGOMERY,Injury Crash,08/08/2015 11:59:00 PM,Maryland (State),NEW HAMPSHIRE AVE,ENT TO WHITE OAK SHOPPING CENTER,,N/A,,HEAD ON LEFT TURN,CLEAR,DRY,DARK LIGHTS ON,N/A,NONE DETECTED,,AE5F71F3-4689-42CD-BABA-50174C04ACA3,Yes,SUSPECTED MINOR INJURY,N/A,NOT DISTRACTED,MD,E70078F3-EFB3-4311-A6E5-5889BF4C7A7D,DISABLING,THREE OCLOCK,PASSENGER CAR,MAKING LEFT TURN,North,40,No,No,2007,NISSAN,ALTIMA,39.04068629,-76.99098587,""(39.04068629, -76.99098587)"""
"DM84720029,230031384,Takoma Park Police Depart,Injury Crash,07/01/2023 04:51:00 AM,Maryland (State),CARROLL AVE,PARK AVE,,TAKOMA PARK,,SINGLE VEHICLE,CLEAR,DRY,DARK LIGHTS ON,NO CONTROLS,NONE DETECTED,,76E670E6-9C10-4075-AF64-334AB87C1FBB,Yes,SUSPECTED MINOR INJURY,""N/A, SMOG, SMOKE"",OTHER CELLULAR PHONE RELATED,NJ,A6D1B3A6-DEF5-4E65-8EFC-B7A533EF059E,DISABLING,TWELVE OCLOCK,PASSENGER CAR,MOVING CONSTANT SPEED,South,25,No,No,2011,NISSAN,ALTIMA,38.975905,-77.00886167,""(38.975905, -77.00886167)"""
"MCP2946006B,230070323,Montgomery County Police,Property Damage Crash,12/07/2023 07:24:00 AM,County,HAWKES RD,RIDGE RD,,N/A,,SAME DIR REAR END,CLOUDY,DRY,DAWN,STOP SIGN,NONE DETECTED,,3E43D86F-DE6B-41FE-A185-6BAE12F33236,No,NO APPARENT INJURY,N/A,NOT DISTRACTED,MD,C511CA77-1B4F-4CD9-A5A3-7D12EF7944A8,SUPERFICIAL,SIX OCLOCK,SCHOOL BUS,STOPPED IN TRAFFIC LANE,East,30,No,No,2022,THOMAS,SCHOOL BUS,39.24692333,-77.23430733,""(39.24692333, -77.23430733)"""
"MCP32770034,230048290,Montgomery County Police,Property Damage Crash,08/07/2023 06:50:00 PM,County,AIRPARK RD,MUNCASTER MILL RD,,N/A,,SINGLE VEHICLE,CLEAR,WET,DAYLIGHT,NO CONTROLS,NONE DETECTED,,79B1854B-FD23-40F9-9B81-F9BF077C7446,Yes,NO APPARENT INJURY,""N/A, WET"",NOT DISTRACTED,MD,F96BA71C-1319-4B70-A0FB-E1F693D2A0C8,DISABLING,TWELVE OCLOCK,PASSENGER CAR,MOVING CONSTANT SPEED,North,40,No,No,2012,SUBA,SW,39.15460767,-77.1423345,""(39.15460767, -77.1423345)"""
"MCP263900G7,230058928,Montgomery County Police,Property Damage Crash,10/06/2023 01:20:00 PM,County,SHADY GROVE RD,OAKMONT AVE,,N/A,,SAME DIR REAR END,CLOUDY,DRY,DAYLIGHT,NO CONTROLS,NONE DETECTED,,63C286EF-5C50-454E-A5CB-E3A53CCBE2C7,Yes,NO APPARENT INJURY,N/A,NOT DISTRACTED,FL,79A16E0E-2403-42F4-839E-3B4C0DAE78C8,SUPERFICIAL,TWELVE OCLOCK,PASSENGER CAR,SLOWING OR STOPPING,South,40,No,No,2013,HYUNDAI,GENESIS,39.12723283,-77.17310783,""(39.12723283, -77.17310783)"""
"MCP32750020,230059968,Montgomery County Police,Property Damage Crash,10/10/2023 07:52:00 PM,US (State),COLUMBIA PIKE,GREENCASTLE RD,,N/A,,SAME DIRECTION SIDESWIPE,CLEAR,DRY,DARK LIGHTS ON,NO CONTROLS,NONE DETECTED,,9E759EC6-73DB-44E6-BF2F-8811D83C3D84,Yes,NO APPARENT INJURY,N/A,UNKNOWN,DE,DCAA37B0-EF04-464D-BA5B-C13E907B7A82,SUPERFICIAL,ELEVEN OCLOCK,PASSENGER CAR,MOVING CONSTANT SPEED,North,45,No,No,2019,KIA,FORTE,39.09502896,-76.93835486,""(39.09502896, -76.93835486)"""
"MCP2586006X,230072599,Montgomery County Police,Injury Crash,12/19/2023 04:17:00 PM,County,FATHER HURLEY BLVD,RAMP 8 FR IS270 SB TO FATHER HURLEY BLVD,,N/A,,STRAIGHT MOVEMENT ANGLE,CLEAR,DRY,DAYLIGHT,TRAFFIC SIGNAL,NONE DETECTED,,93DEC0C7-6731-40DF-958C-64F2EFF222C5,No,NO APPARENT INJURY,N/A,NOT DISTRACTED,MD,2B42B41E-9AEC-4C27-B4A6-DA1EF1180340,FUNCTIONAL,ELEVEN OCLOCK,(SPORT) UTILITY VEHICLE,MAKING LEFT TURN,East,40,No,No,2007,FORD,EDGE,39.19664595,-77.26549956,""(39.19664595, -77.26549956)"""
"MCP25830039,230032905,Montgomery County Police,Property Damage Crash,07/10/2023 07:56:00 PM,County,BERRYVILLE RD,DARNESTOWN RD,,N/A,,SINGLE VEHICLE,CLEAR,DRY,DAYLIGHT,N/A,NONE DETECTED,,86A7D2A1-1F83-4195-A1F9-CFE98EA3E158,Yes,NO APPARENT INJURY,N/A,UNKNOWN,MD,FF668082-6C32-4C31-BD2B-4CF2C0F70F9F,DISABLING,TWELVE OCLOCK,(SPORT) UTILITY VEHICLE,NEGOTIATING A CURVE,West,30,No,No,2017,LINCOLN,MKC,39.10263292,-77.33326783,""(39.10263292, -77.33326783)"""
"MCP27200054,200040892,Montgomery County Police,Injury Crash,10/17/2020 02:40:00 AM,Maryland (State),VEIRS MILL RD,ASPEN HILL RD,,N/A,,SAME DIR REAR END,CLEAR,DRY,DARK LIGHTS ON,FLASHING TRAFFIC SIGNAL,ALCOHOL PRESENT,,41464E22-3BF7-4632-8A2F-3B19CEC6BB27,Yes,SUSPECTED MINOR INJURY,N/A,NOT DISTRACTED,MD,5846EEC7-62F8-4AA8-A32E-2AF72DB49E28,DISABLING,SIX OCLOCK,PASSENGER CAR,MAKING U TURN,East,45,No,No,2007,HONDA,CIVIC,39.06914333,-77.10462,""(39.06914333, -77.10462)"""
"MCP292300BD,230071515,Montgomery County Police,Property Damage Crash,12/13/2023 03:06:00 PM,County,WINDHAM LA,GEORGIA AVE,,N/A,,OTHER,CLEAR,DRY,DAYLIGHT,NO CONTROLS,NONE DETECTED,,B582D03D-EB8B-4541-BBFA-9E42E86E1FDD,No,NO APPARENT INJURY,N/A,NOT DISTRACTED,MD,2D0FE63B-AF96-4336-A0BF-8EE9335D29D2,SUPERFICIAL,FOUR OCLOCK,(SPORT) UTILITY VEHICLE,STOPPED IN TRAFFIC LANE,South,35,No,No,2022,HONDA,SUV,39.1842335,-77.26373167,""(39.1842335, -77.26373167)"""
"MCP29870082,230052677,Montgomery County Police,Injury Crash,09/01/2023 05:14:00 PM,County,BRIGGS CHANEY RD,ENT TO BRIGGS CHANEY SHOPPING CENTER,,N/A,,STRAIGHT MOVEMENT ANGLE,CLEAR,DRY,DAYLIGHT,STOP SIGN,NONE DETECTED,,23CFEDE3-EFF5-4D90-9E3D-21D678BA4BE5,No,NO APPARENT INJURY,N/A,NOT DISTRACTED,MD,DF1D73C1-EF2B-4492-A49F-C84CA922BD1A,FUNCTIONAL,TWELVE OCLOCK,PICKUP TRUCK,MOVING CONSTANT SPEED,West,35,No,No,2008,DODGE,RAM 1500,39.084635,-76.95154,""(39.084635, -76.95154)"""
"DD5658001K,230066918,Rockville Police Departme,Property Damage Crash,11/17/2023 02:43:00 PM,,1400 VEIRS MILL ROAD,NA,,N/A,,SAME DIR REAR END,CLEAR,DRY,DAYLIGHT,N/A,N/A,,FF3E9016-4383-40DE-BE0C-56516D578DBF,Yes,NO APPARENT INJURY,N/A,OTHER DISTRACTION,MD,B3F3EA61-AD72-45CA-89E5-DD74FFE8EB1C,DISABLING,TWELVE OCLOCK,PASSENGER CAR,MOVING CONSTANT SPEED,South,35,No,No,2016,RAM,TK,39.07778482,-77.12631412,""(39.07778482, -77.12631412)"""
"MCP3279002W,230065167,Montgomery County Police,Property Damage Crash,11/08/2023 02:50:00 PM,County,RANDOLPH RD,GLENALLAN AVE,,N/A,,STRAIGHT MOVEMENT ANGLE,N/A,DRY,DAYLIGHT,TRAFFIC SIGNAL,NONE DETECTED,,1FC2B924-19EF-4AC3-840F-A03497CF57ED,No,NO APPARENT INJURY,N/A,NOT DISTRACTED,MD,3D5AE0FE-BEB1-44FA-9797-EB786F34A710,DISABLING,TWELVE OCLOCK,PASSENGER CAR,MAKING LEFT TURN,West,25,No,No,2004,HONDA,ODYSSEY,39.06048814,-77.04483823,""(39.06048814, -77.04483823)"""
"DD56300001,180028842,Rockville Police Departme,Property Damage Crash,06/11/2018 02:08:00 PM,,,,1500 ROCKVILLE PIKE - PARKING LOT,,,OTHER,CLOUDY,,DAYLIGHT,N/A,NONE DETECTED,,DD206C5F-905D-437D-A6F6-4048E791A517,Yes,NO APPARENT INJURY,N/A,NOT DISTRACTED,MD,6804E02E-DCEE-4563-9A9D-ED3E44E0F7FB,FUNCTIONAL,FIVE OCLOCK,PASSENGER CAR,BACKING,East,5,No,No,2007,TOYT,4S,39.06519333,-77.12619833,""(39.06519333, -77.12619833)"""
"MCP2059007S,230054415,Montgomery County Police,Property Damage Crash,09/12/2023 07:15:00 AM,County,PARKLAWN DR,BOILING BROOK PKWY,,N/A,,SAME DIRECTION SIDESWIPE,CLEAR,DRY,DAYLIGHT,TRAFFIC SIGNAL,UNKNOWN,,C7D73FC2-4410-4A96-A4C3-26BC7F05B48E,Yes,NO APPARENT INJURY,N/A,UNKNOWN,,61C4D9A6-05EA-49AF-9F8C-AFA19403C859,SUPERFICIAL,TWO OCLOCK,""MEDIUM/HEAVY TRUCKS 3 AXLES (OVER 10,000LBS (4,536KG))"",MOVING CONSTANT SPEED,South,30,No,No,0,UNKNOWN,UNKNOWN,39.04899424,-77.10212701,""(39.04899424, -77.10212701)"""
"EJ7887003M,230073441,Gaithersburg Police Depar,Property Damage Crash,12/24/2023 11:50:00 AM,County,MUDDY BRANCH RD,KING JAMES WAY,,N/A,,SAME DIR REAR END,CLEAR,WET,DAYLIGHT,FLASHING TRAFFIC SIGNAL,UNKNOWN,,B427AFBF-6C49-435F-818C-D4D5DB1796B8,Yes,NO APPARENT INJURY,N/A,UNKNOWN,,65B6E782-387D-4F8E-B189-DF79A633BB31,UNKNOWN,TWELVE OCLOCK,PASSENGER CAR,UNKNOWN,South,30,No,No,2009,HONDA,CIVIC,39.13657371,-77.20580096,""(39.13657371, -77.20580096)"""