Report Number,Local Case Number,Agency Name,ACRS Report Type,Crash Date/Time,Route Type,Road Name,Cross-Street Name,Off-Road Description,Municipality,Related Non-Motorist,Collision Type,Weather,Surface Condition,Light,Traffic Control,Driver Substance Abuse,Non-Motorist Substance Abuse,Person ID,Driver At Fault,Injury Severity,Circumstance,Driver Distracted By,Drivers License State,Vehicle ID,Vehicle Damage Extent,Vehicle First Impact Location,Vehicle Body Type,Vehicle Movement,Vehicle Going Dir,Speed Limit,Driverless Vehicle,Parked Vehicle,Vehicle Year,Vehicle Make,Vehicle Model,Latitude,Longitude,Location
"MCP3290002L,230059290,Montgomery County Police,Property Damage Crash,10/08/2023 01:17:00 PM,County,DALE DR,COLESVILLE RD,,N/A,BICYCLIST,OTHER,CLEAR,DRY,DAYLIGHT,TRAFFIC SIGNAL,NONE DETECTED,NONE DETECTED,F27C29CD-32F2-4E2A-B5C7-47DD176820FA,Yes,NO APPARENT INJURY,N/A,UNKNOWN,MD,4AD7C9B9-5EC5-4AF1-9F35-67259DBFA428,NO DAMAGE,TWELVE OCLOCK,PASSENGER CAR,MAKING RIGHT TURN,North,35,No,No,2021,TOYT,UT,39.00527984,-77.02282108,""(39.00527984, -77.02282108)"""
"MCP2339008M,230050402,Montgomery County Police,Property Damage Crash,08/20/2023 04:18:00 PM,County,TWINBROOK PKWY,PARKLAWN DR,,N/A,,SINGLE VEHICLE,CLEAR,DRY,DAYLIGHT,TRAFFIC SIGNAL,NONE DETECTED,,CBECDAE6-2B36-499D-B5FB-1DFB80B1DB7A,Yes,NO APPARENT INJURY,N/A,UNKNOWN,MD,FB5E90FA-1D53-4592-A2F7-50E2671CB3A1,DISABLING,ONE OCLOCK,PASSENGER CAR,MOVING CONSTANT SPEED,South,35,No,No,2020,DODGE,CHARGER,39.06104817,-77.11656617,""(39.06104817, -77.11656617)"""
"DD5658001D,230062625,Rockville Police Departme,Property Damage Crash,10/26/2023 08:58:00 AM,,HALPINE ROAD,ROCKVILLE PIKE,,N/A,PEDESTRIAN,OTHER,CLEAR,DRY,DAYLIGHT,N/A,N/A,N/A,6D3D1985-A68E-42AE-BCED-4E8471B91151,Unknown,NO APPARENT INJURY,N/A,UNKNOWN,MD,233972F2-640D-48D6-A731-05A6C8FCD592,N/A,TWELVE OCLOCK,PASSENGER CAR,MOVING CONSTANT SPEED,East,35,No,No,2016,FORD,UT,39.0620035,-77.12353017,""(39.0620035, -77.12353017)"""
"EJ7887002Y,230051802,Gaithersburg Police Depar,Injury Crash,08/28/2023 11:10:00 AM,County,MUDDY BRANCH RD,GREAT SENECA HWY,,N/A,,SAME DIR REAR END,CLOUDY,DRY,DAYLIGHT,TRAFFIC SIGNAL,NONE DETECTED,,2B96F186-6F4F-4FA0-994D-B29F325F9558,Yes,NO APPARENT INJURY,N/A,NOT DISTRACTED,MD,2BAA1E50-1850-4AD1-BD45-EDC449125295,FUNCTIONAL,TWELVE OCLOCK,""CARGO VAN/LIGHT TRUCK 2 AXLES (OVER 10,000LBS (4,536 KG))"",SLOWING OR STOPPING,West,35,No,No,2017,FORD,YY,39.11062633,-77.21836953,""(39.11062633, -77.21836953)"""
"MCP2347004H,230066498,Montgomery County Police,Property Damage Crash,11/15/2023 02:11:00 PM,US (State),COLUMBIA PIKE,GREENCASTLE RD,,N/A,,HEAD ON LEFT TURN,CLEAR,DRY,DAYLIGHT,TRAFFIC SIGNAL,NONE DETECTED,,5412C500-9A67-4352-91B2-796EF682ECF8,No,NO APPARENT INJURY,N/A,NOT DISTRACTED,MD,6A1A3C09-FB1D-4A58-AC99-EB33BB765671,DISABLING,TWELVE OCLOCK,PASSENGER CAR,STARTING FROM LANE,North,50,No,No,2013,HONDA,ACCORD,39.09542967,-76.93777867,""(39.09542967, -76.93777867)"""
"MCP32700025,230058209,Montgomery County Police,Property Damage Crash,10/03/2023 05:35:00 AM,US (State),COLUMBIA PIKE,PRELUDE DR,,N/A,,SAME DIR REAR END,CLEAR,DRY,DARK LIGHTS ON,TRAFFIC SIGNAL,NONE DETECTED,,6CD52065-0E7B-4023-90D9-D9478B3454C8,Yes,NO APPARENT INJURY,N/A,LOOKED BUT DID NOT SEE,MD,276B9634-E2F8-4398-98AB-01F68FB06E0D,SUPERFICIAL,SIX OCLOCK,PASSENGER CAR,CHANGING LANES,South,40,No,No,2010,TOYOTA,PK,39.03928167,-76.99795333,""(39.03928167, -76.99795333)"""
"MCP28950035,230065676,Montgomery County Police,Property Damage Crash,11/10/2023 03:21:00 PM,County,STALEYBRIDGE RD,ARCHDALE RD,,N/A,,SAME DIRECTION SIDESWIPE,CLEAR,DRY,DAYLIGHT,N/A,UNKNOWN,,C840A14D-DBE8-4125-99FE-69516F5DC2EC,Yes,NO APPARENT INJURY,N/A,UNKNOWN,,0D81B97E-C5EB-499B-BEF0-1ED02258F250,SUPERFICIAL,TWO OCLOCK,PASSENGER CAR,PASSING,South,25,No,No,2006,TOYOTA,PRIUS,39.1712506,-77.2430461,""(39.1712506, -77.2430461)"""
"HA2386001P,23002339,Maryland-National Capital,Property Damage Crash,12/11/2023 10:20:00 AM,Interstate (State),EISENHOWER MEMORIAL HWY,RAMP 6 FR MIDDLEBROOK RD EB TO IS 270 SB,,N/A,,SAME DIR REAR END,CLEAR,WET,DAYLIGHT,NO CONTROLS,N/A,,2D5C048C-CDDF-406D-A2A1-30D8C31BDAAC,No,NO APPARENT INJURY,""N/A, WET"",NOT DISTRACTED,NC,E44CF1F7-F7DF-4308-8487-4D6E9048FBD3,FUNCTIONAL,SIX OCLOCK,PASSENGER CAR,MOVING CONSTANT SPEED,South,55,No,No,2016,TOYO,SUV,39.17166183,-77.24468883,""(39.17166183, -77.24468883)"""
"MCP3263003X,230063645,Montgomery County Police,Property Damage Crash,10/31/2023 05:28:00 PM,County,ARLINGTON RD,BETHESDA AVE,,N/A,BICYCLIST,OTHER,CLEAR,DRY,DAYLIGHT,TRAFFIC SIGNAL,UNKNOWN,NONE DETECTED,20EB7EF4-5D4A-4562-8AA3-A6E54A564F56,Yes,NO APPARENT INJURY,N/A,UNKNOWN,,08D0243D-D749-4ADB-B193-5BDA01ACCCF9,UNKNOWN,TWO OCLOCK,UNKNOWN,MAKING RIGHT TURN,South,25,No,No,0,UNKNOWN,UNKNOWN,38.98111189,-77.09848336,""(38.98111189, -77.09848336)"""
"DD56120042,230049588,Rockville Police Departme,Injury Crash,08/15/2023 02:26:00 PM,Maryland (State),ROCKVILLE PIKE,CONGRESSIONAL LA,,N/A,,STRAIGHT MOVEMENT ANGLE,CLOUDY,DRY,DAYLIGHT,TRAFFIC SIGNAL,NONE DETECTED,,865DEA78-521D-4754-82F0-CAD87EC0243F,Yes,POSSIBLE INJURY,N/A,UNKNOWN,MD,1ADF2B0C-6405-4B5A-A5B6-5CD74B7D019B,DISABLING,TWELVE OCLOCK,PASSENGER CAR,MOVING CONSTANT SPEED,South,35,No,No,2018,VOLK,TK,39.06428,-77.12614,""(39.06428, -77.12614)"""
"MCP29050060,230056894,Montgomery County Police,Injury Crash,09/26/2023 07:06:00 AM,County,MACARTHUR BLVD,MARYLAND AVE,,N/A,,SAME DIR REAR END,RAINING,WET,DAYLIGHT,NO CONTROLS,N/A,,581FA410-425E-4B78-BF94-83B195B56210,No,POSSIBLE INJURY,""RAIN, SNOW, WET"",NOT DISTRACTED,MD,3E34A640-532C-4FA9-90FD-51BD173DBF8B,SUPERFICIAL,SIX OCLOCK,PASSENGER CAR,MAKING LEFT TURN,North,30,No,No,2023,HYUN,PALISADES,38.946175,-77.12024167,""(38.946175, -77.12024167)"""
"MCP3208004W,230065850,Montgomery County Police,Property Damage Crash,11/11/2023 10:44:00 PM,US (State),COLESVILLE RD,DALE DR,,N/A,,SAME DIR REAR END,CLEAR,DRY,DARK LIGHTS ON,TRAFFIC SIGNAL,NONE DETECTED,,F9A043EE-2601-4D11-8368-673506687480,No,NO APPARENT INJURY,N/A,NOT DISTRACTED,DC,F1F9B438-4075-43D1-BAA1-F8AB1C32F7A5,FUNCTIONAL,SIX OCLOCK,PASSENGER CAR,STOPPED IN TRAFFIC LANE,North,35,No,No,2018,HONDA,SD,39.0043195,-77.023588,""(39.0043195, -77.023588)"""
"MCP3059005P,210006853,Montgomery County Police,Injury Crash,02/22/2021 05:59:00 PM,Maryland (State),GERMANTOWN RD,GOLDENROD LA,,N/A,,HEAD ON LEFT TURN,N/A,WET,DUSK,TRAFFIC SIGNAL,NONE DETECTED,,ABCECB5A-7A1F-41FA-A0E5-44CB61BE4101,No,NO APPARENT INJURY,N/A,NOT DISTRACTED,MD,C0C657EC-A079-4EA0-A095-54A357276D1B,DISABLING,TWELVE OCLOCK,(SPORT) UTILITY VEHICLE,MOVING CONSTANT SPEED,North,45,No,No,2012,SUBARU,FORESTER,39.18842333,-77.25153167,""(39.18842333, -77.25153167)"""
"MCP2665000X,15016667,Montgomery County Police,Injury Crash,04/10/2015 06:20:00 PM,County,FLANDERS AVE,DRUID DR,,N/A,,STRAIGHT MOVEMENT ANGLE,CLEAR,DRY,DAYLIGHT,NO CONTROLS,N/A,,64410639-BF4F-46B0-86AD-B848391A1C73,No,POSSIBLE INJURY,N/A,NOT DISTRACTED,MD,8CB6B197-1467-4E82-9FEE-392A6E0495E8,DISABLING,ONE OCLOCK,PASSENGER CAR,MOVING CONSTANT SPEED,West,30,No,No,2007,TOYOTA,PRIUS,39.038405,-77.09813333,""(39.038405, -77.09813333)"""
"EJ7888004Y,230052977,Gaithersburg Police Depar,Property Damage Crash,09/03/2023 04:00:00 PM,,,,PARKING LOT OF 448 N FREDERICK AVE,,,SAME DIR REAR END,CLEAR,,DAYLIGHT,TRAFFIC SIGNAL,NONE DETECTED,,F0B56585-3719-4EE1-BFA2-34AE87731451,No,NO APPARENT INJURY,N/A,NOT DISTRACTED,MD,3D3268B5-3173-4875-85A0-555CFC31A068,FUNCTIONAL,SIX OCLOCK,(SPORT) UTILITY VEHICLE,STOPPED IN TRAFFIC LANE,Unknown,5,No,No,2012,GMC,UT,39.14817647,-77.20708393,""(39.14817647, -77.20708393)"""
"MCP28570043,230064470,Montgomery County Police,Injury Crash,11/05/2023 12:58:00 AM,Maryland (State),MIDCOUNTY HWY,SPUR TO SAYBROOKE OAKS BLVD,,N/A,,SAME DIRECTION SIDESWIPE,CLEAR,DRY,DARK NO LIGHTS,FLASHING TRAFFIC SIGNAL,NONE DETECTED,,ED698675-0CBA-4CFC-925B-66E03F5130C8,No,SUSPECTED MINOR INJURY,N/A,NOT DISTRACTED,MD,297A2869-5C75-4B6F-909B-BFFA4B7E9FAB,DISABLING,ELEVEN OCLOCK,PASSENGER CAR,MOVING CONSTANT SPEED,South,50,No,No,2009,TOYOTA,VENZA,39.15201281,-77.17651997,""(39.15201281, -77.17651997)"""
"MCP3010004Y,190062269,Montgomery County Police,Property Damage Crash,12/27/2019 05:50:00 AM,,,,PARKING LOT OF 11564 ROCKVILLE PIKE,,,OTHER,FOGGY,,DUSK,N/A,N/A,,BAD7141F-18C2-41D8-BC3C-2D487ED49A00,Yes,NO APPARENT INJURY,N/A,UNKNOWN,,525AA85D-DF61-4DE8-88A6-E0E266FBF5CA,UNKNOWN,UNKNOWN,PASSENGER CAR,BACKING,North,20,No,No,2016,TOYOTA,4S,39.046655,-77.11347333,""(39.046655, -77.11347333)"""
"MCP2667008S,230057460,Montgomery County Police,Injury Crash,09/29/2023 11:55:00 AM,Maryland (State),WOODFIELD RD,FLOWER HILL WAY,,N/A,,HEAD ON LEFT TURN,CLEAR,DRY,DAYLIGHT,TRAFFIC SIGNAL,NONE DETECTED,,C023935A-876B-4507-93BD-586DF9639730,No,POSSIBLE INJURY,N/A,NOT DISTRACTED,MD,7366E5E9-F969-4A47-81FF-1C9AD9BE00FF,DESTROYED,TWELVE OCLOCK,PASSENGER CAR,MOVING CONSTANT SPEED,North,35,No,No,2003,TOYOTA,RAV4,39.15648357,-77.16547676,""(39.15648357, -77.16547676)"""
"DD5614000S,16032195,Rockville Police Departme,Property Damage Crash,06/25/2016 02:00:00 PM,,,,BOTTOM PARKING LOT 14625 ROTHGEB DR,,,OTHER,CLEAR,,DAYLIGHT,NO CONTROLS,UNKNOWN,,F9F9CA71-472F-42C3-91CE-0674E8039192,Yes,NO APPARENT INJURY,N/A,UNKNOWN,,BB509E9F-BF86-4E57-8A5F-E150A7018BE4,UNKNOWN,UNKNOWN,,UNKNOWN,Unknown,15,No,No,0,UNKNOWN,UNKNOWN,39.09863333,-77.13280167,""(39.09863333, -77.13280167)"""
"MCP241100CC,230063316,Montgomery County Police,Property Damage Crash,10/30/2023 07:35:00 AM,County,ASPEN HILL RD,VEIRS MILL RD,,N/A,,SAME DIRECTION RIGHT TURN,CLEAR,DRY,DAYLIGHT,TRAFFIC SIGNAL,UNKNOWN,,4E7638E6-0835-48B0-A3D0-82613B1C1814,Yes,NO APPARENT INJURY,N/A,UNKNOWN,,13E04E47-5881-486C-B11E-2B96D0356743,FUNCTIONAL,FIVE OCLOCK,PASSENGER CAR,ENTERING TRAFFIC LANE,South,30,No,No,2022,TOYOTA,RAV4,39.06935804,-77.10472858,""(39.06935804, -77.10472858)"""
"MCP3022001W,180026081,Montgomery County Police,Property Damage Crash,05/27/2018 05:58:00 PM,,SHAKESPEARE BLVD,GERMANTOWN ROAD,,N/A,,SAME DIR REAR END,CLEAR,DRY,DAYLIGHT,STOP SIGN,N/A,,38EE960A-670B-460B-8A0A-8D108AE375A2,Yes,NO APPARENT INJURY,N/A,UNKNOWN,MD,61BDEE57-3A70-45EA-80FD-FF25E485DDDD,SUPERFICIAL,TWELVE OCLOCK,PASSENGER CAR,SLOWING OR STOPPING,South,15,No,No,2017,TOYOTA,HIGHLANDER,39.192834,-77.23856449,""(39.192834, -77.23856449)"""
"MCP2829004M,180019863,Montgomery County Police,Property Damage Crash,04/23/2018 02:12:00 PM,US (State),COLUMBIA PIKE,FAIRLAND RD,,N/A,,SAME DIRECTION RIGHT TURN,CLOUDY,DRY,DAYLIGHT,TRAFFIC SIGNAL,NONE DETECTED,,E98B4733-B290-4B80-8187-966FBB9BC46F,No,NO APPARENT INJURY,N/A,NOT DISTRACTED,MD,06756F30-A251-4C66-A099-BA5C0735194A,DISABLING,TWELVE OCLOCK,""OTHER LIGHT TRUCKS (10,000LBS (4,536KG) OR LESS)"",MOVING CONSTANT SPEED,South,40,No,No,2005,CHEVROLET,TRUCK,39.073865,-76.95575333,""(39.073865, -76.95575333)"""
"MCP1550004X,230069801,Montgomery County Police,Property Damage Crash,12/04/2023 01:48:00 PM,Municipality,GEORGIA ST,RAYMOND ST,,CHEVY CHASE #3,,SAME DIRECTION SIDESWIPE,CLOUDY,DRY,DAYLIGHT,NO CONTROLS,UNKNOWN,,920D8424-5765-4D44-A41E-795671127816,Yes,NO APPARENT INJURY,N/A,UNKNOWN,MD,90539219-7124-4221-A5C5-4251985945C4,SUPERFICIAL,ONE OCLOCK,(SPORT) UTILITY VEHICLE,MOVING CONSTANT SPEED,South,20,No,No,2017,JEEP,GRAND CHEROKEE,38.97709633,-77.07244717,""(38.97709633, -77.07244717)"""
"DD5630002P,200004801,Rockville Police Departme,Injury Crash,01/29/2020 03:09:00 PM,Municipality,EDMONSTON DR,LEWIS AVE,,ROCKVILLE,,STRAIGHT MOVEMENT ANGLE,CLEAR,DRY,DAYLIGHT,NO CONTROLS,NONE DETECTED,,5C65D9C5-AA42-4C32-9275-4630B281AB29,Yes,NO APPARENT INJURY,N/A,LOOKED BUT DID NOT SEE,MD,BDDF0890-C691-4E42-A13A-C9847FFB1298,DISABLING,TWELVE OCLOCK,PASSENGER CAR,MAKING LEFT TURN,North,25,No,No,2011,BMW,TK,39.07490026,-77.13407832,""(39.07490026, -77.13407832)"""
"MCP33760013,230050165,Montgomery County Police,Injury Crash,08/18/2023 07:32:00 PM,County,GOOD HOPE RD,NEW HAMPSHIRE AVE,,N/A,,HEAD ON LEFT TURN,CLEAR,DRY,DAYLIGHT,TRAFFIC SIGNAL,NONE DETECTED,,97995EEE-B3DC-45E8-9B50-B27250FCEC2F,Yes,SUSPECTED MINOR INJURY,N/A,NOT DISTRACTED,NH,EFAEAF2F-715D-4083-AFD2-1CC12A57FD79,DISABLING,TWELVE OCLOCK,PASSENGER CAR,MAKING LEFT TURN,West,35,No,No,2015,SUBA,OUTBACK,39.095687,-77.00191083,""(39.095687, -77.00191083)"""
"MCP271700Y4,230059948,Montgomery County Police,Injury Crash,10/11/2023 07:15:00 PM,Maryland (State),NEW HAMPSHIRE AVE,LOCKWOOD DR,,N/A,,SAME DIR REAR END,CLEAR,DRY,DARK LIGHTS ON,TRAFFIC SIGNAL,ALCOHOL CONTRIBUTED,,A63511C0-720B-4052-9658-8C626D25A496,Yes,NO APPARENT INJURY,N/A,UNKNOWN,MD,68622E20-73AF-4C62-A352-3C98469B19DE,FUNCTIONAL,TWELVE OCLOCK,(SPORT) UTILITY VEHICLE,MOVING CONSTANT SPEED,North,40,No,No,2015,HONDA,CRV,39.03944167,-76.99014333,""(39.03944167, -76.99014333)"""
"MCP32080052,230072282,Montgomery County Police,Property Damage Crash,12/18/2023 12:07:00 AM,Interstate (State),CAPITAL BELTWAY,R/R #CSX 140 487 W,,N/A,,SINGLE VEHICLE,RAINING,WET,DARK LIGHTS ON,NO CONTROLS,NONE DETECTED,,6BF80C76-A454-46D7-B7CC-0A9605B1C65D,Unknown,NO APPARENT INJURY,""RAIN, SNOW, WET"",NOT DISTRACTED,VA,A82164DE-8310-4BC1-B866-EDC9A3841442,DISABLING,TWELVE OCLOCK,PASSENGER CAR,MOVING CONSTANT SPEED,West,55,No,No,2016,HYUNDAI,ACCENT,39.01450167,-77.06043383,""(39.01450167, -77.06043383)"""
"MCP32950031,230048965,Montgomery County Police,Property Damage Crash,08/07/2023 11:24:00 PM,,,,PARKING LOT OF 13831 CASTLE BLVD,,,OTHER,RAINING,,DARK LIGHTS ON,NO CONTROLS,UNKNOWN,,4C558DB4-5B95-405A-BFC7-D9F77DE00C15,Yes,NO APPARENT INJURY,N/A,UNKNOWN,,0AC22E4E-A36A-4F65-9091-82159E726A4E,UNKNOWN,FIVE OCLOCK,PASSENGER CAR,BACKING,West,25,No,No,2016,TOYOTA,COROLLA,39.082419,-76.941733,""(39.082419, -76.941733)"""
"MCP2752005P,230049601,Montgomery County Police,Property Damage Crash,08/15/2023 04:00:00 PM,Maryland (State),CONNECTICUT AVE,FRANKLIN ST,,CHEVY CHASE VIEW,,SAME DIRECTION RIGHT TURN,CLOUDY,DRY,DAYLIGHT,NO CONTROLS,NONE DETECTED,,010BAA4F-30E7-4DAA-887A-433E09E52585,No,NO APPARENT INJURY,N/A,NOT DISTRACTED,MD,6E55B21F-48F5-44FE-80EB-E4CB44510209,DISABLING,TWO OCLOCK,PASSENGER CAR,MOVING CONSTANT SPEED,North,35,No,No,2022,HYUNDAI,ELANTRA,39.017675,-77.07782167,""(39.017675, -77.07782167)"""
"MCP3301001Y,230065853,Montgomery County Police,Property Damage Crash,11/11/2023 11:11:00 PM,County,CHERRY HILL RD,ENT TO BUSINESS,,N/A,,SAME DIR REAR END,CLEAR,DRY,DARK LIGHTS ON,NO CONTROLS,NONE DETECTED,,43DB84B2-A37B-4F78-9456-A9259A1AF1D4,Unknown,NO APPARENT INJURY,N/A,UNKNOWN,MD,7FADF6C1-3B74-4A2E-B2A0-B7ED06BA85BD,SUPERFICIAL,SIX OCLOCK,PASSENGER CAR,SLOWING OR STOPPING,North,35,No,No,2015,HOND,SD,39.0457,-76.95562683,""(39.0457, -76.95562683)"""
"MCP1291003S,230002529,Montgomery County Police,Property Damage Crash,01/16/2023 07:00:00 PM,,,,UNKNOWN LOCATION,,,UNKNOWN,N/A,,UNKNOWN,UNKNOWN,N/A,,E3AC017E-08B9-41AF-82AB-5286E9AE828E,No,NO APPARENT INJURY,N/A,UNKNOWN,MD,4244A304-CD46-4E43-9F57-D0954CA478AB,UNKNOWN,UNDERSIDE,POLICE VEHICLE/EMERGENCY,UNKNOWN,Unknown,0,No,No,2019,DODGE,CHARGER,39.14821167,-77.23766167,""(39.14821167, -77.23766167)"""
"MCP3274001S,230034541,Montgomery County Police,Property Damage Crash,07/20/2023 12:14:00 PM,Maryland (State),OLD GEORGETOWN RD,SPUR TO MD 355,,N/A,,HEAD ON LEFT TURN,CLEAR,DRY,DAYLIGHT,TRAFFIC SIGNAL,NONE DETECTED,,E203A8EA-99D5-4590-87A6-8D0604206A8E,Yes,NO APPARENT INJURY,N/A,NOT DISTRACTED,MD,1469EB1B-CFE1-487D-BCBF-D6D2932867F6,SUPERFICIAL,ELEVEN OCLOCK,PASSENGER CAR,ACCELERATING,North,35,No,No,2017,KIA,UT,39.04914683,-77.11713317,""(39.04914683, -77.11713317)"""
"DD55270050,230065472,Rockville Police Departme,Property Damage Crash,11/09/2023 09:00:00 PM,Maryland (State),FREDERICK RD,W GUDE DR,,ROCKVILLE,,OTHER,CLEAR,DRY,DARK LIGHTS ON,NO CONTROLS,NONE DETECTED,,8FBBC00E-55CE-4161-AFD1-596A2C36337E,No,NO APPARENT INJURY,N/A,NOT DISTRACTED,MD,E6083EF0-A982-4F9A-88A1-12205E8E7CC5,DISABLING,TEN OCLOCK,PASSENGER CAR,MOVING CONSTANT SPEED,South,40,No,No,2019,HONDA,4DR,39.10532987,-77.15734644,""(39.10532987, -77.15734644)"""
"MCP28230044,230066876,Montgomery County Police,Injury Crash,11/17/2023 11:14:00 AM,Maryland (State),OLD GEORGETOWN RD,TUCKERMAN LA,,N/A,,STRAIGHT MOVEMENT ANGLE,CLEAR,DRY,DAYLIGHT,TRAFFIC SIGNAL,NONE DETECTED,,CF390D37-CCCE-4970-A188-B29722781109,No,NO APPARENT INJURY,N/A,NOT DISTRACTED,MD,24C3DB25-1B40-4D1F-B4E4-8BFE48C435BB,DISABLING,TWELVE OCLOCK,PASSENGER CAR,MOVING CONSTANT SPEED,South,40,No,No,2019,TOYOTA,COROLLA,39.03459333,-77.12500167,""(39.03459333, -77.12500167)"""
"DM8370001Y,230065035,Takoma Park Police Depart,Property Damage Crash,11/12/2023 04:12:00 AM,Municipality,SHERIDAN ST,NEW HAMPSHIRE AVE,,N/A,,SINGLE VEHICLE,CLEAR,DRY,DARK LIGHTS ON,NO CONTROLS,NONE DETECTED,,CB923FEF-C452-4F6B-A000-BDE98285B727,Yes,NO APPARENT INJURY,N/A,NOT DISTRACTED,MD,F0966DE1-EA47-432F-AA99-DADCF8DBC710,DISABLING,TWELVE OCLOCK,PASSENGER CAR,MOVING CONSTANT SPEED,South,35,No,No,2015,DODGE,DART,38.96880797,-77.00033742,""(38.96880797, -77.00033742)"""
"MCP33090025,230072145,Montgomery County Police,Injury Crash,12/17/2023 04:09:00 AM,Maryland (State),NEW HAMPSHIRE AVE,BROOKE RD,,N/A,,SINGLE VEHICLE,FOGGY,WET,DARK NO LIGHTS,NO CONTROLS,NONE DETECTED,,88617A40-C3D7-4359-9805-428C4CDCB69D,Yes,SUSPECTED SERIOUS INJURY,""N/A, WET"",NOT DISTRACTED,MD,7B154C60-E72C-4CC8-9DC1-BAB086821050,DESTROYED,TWELVE OCLOCK,PASSENGER CAR,MOVING CONSTANT SPEED,North,35,No,No,2020,TOYT,CAMRY,39.16653147,-77.01543467,""(39.16653147, -77.01543467)"""
"EJ7888004T,230051121,Gaithersburg Police Depar,Injury Crash,08/24/2023 04:30:00 PM,Maryland (State),FREDERICK RD,MONTGOMERY AVE,,GAITHERSBURG,,HEAD ON LEFT TURN,CLEAR,DRY,DAYLIGHT,STOP SIGN,NONE DETECTED,,5641DF11-B121-45E7-AC59-1EEE7F0869F1,Yes,SUSPECTED MINOR INJURY,N/A,LOOKED BUT DID NOT SEE,DC,0D45FBC7-6B63-4882-B71F-18564A77AE05,DISABLING,ELEVEN OCLOCK,(SPORT) UTILITY VEHICLE,MAKING LEFT TURN,West,35,No,No,2019,HONDA,CRV,39.1461273,-77.2040884,""(39.1461273, -77.2040884)"""
"MCP1564007M,230062102,Montgomery County Police,Property Damage Crash,10/23/2023 12:08:00 PM,,,,""PARKING LOT 18140 VILLAGE CENTER DR, OLNEY, MD 20832"",,,OTHER,CLEAR,,DAYLIGHT,NO CONTROLS,UNKNOWN,,42A802B3-03DD-4F04-BED6-DF5F6F0CF25D,Yes,NO APPARENT INJURY,N/A,UNKNOWN,,EF9DDEFD-F6E3-4E91-8072-08D5FA93E9B9,FUNCTIONAL,TWELVE OCLOCK,PASSENGER CAR,PARKING,North,15,No,No,2017,HONDA,4DR,39.15296657,-77.06394071,""(39.15296657, -77.06394071)"""
"MCP2970001N,16024116,Montgomery County Police,Injury Crash,05/15/2016 11:44:00 AM,Maryland (State),UNIVERSITY BLVD W,VALLEY VIEW AVE,,N/A,,SAME DIRECTION RIGHT TURN,CLEAR,DRY,DAYLIGHT,YIELD SIGN,N/A,,92AE750E-A375-4BB7-B7A0-7C4B0242A31B,Yes,NO APPARENT INJURY,N/A,LOOKED BUT DID NOT SEE,MD,CED0A717-FC23-4A2B-A4EB-8F2F5F380987,DISABLING,FOUR OCLOCK,PASSENGER CAR,CHANGING LANES,East,40,No,No,2014,ACUR,TLX,39.03743333,-77.05972667,""(39.03743333, -77.05972667)"""
"MCP3350002C,230071929,Montgomery County Police,Property Damage Crash,12/15/2023 03:11:00 PM,Maryland (State),EAST WEST HWY,GLENDALE RD,,N/A,,SAME DIRECTION SIDESWIPE,CLEAR,DRY,DAYLIGHT,NO CONTROLS,NONE DETECTED,,4FE0892C-2609-48B1-B656-602D70DDBFBA,No,NO APPARENT INJURY,N/A,NOT DISTRACTED,MD,22AC2434-D6C8-495E-B940-FF643D7142C1,SUPERFICIAL,ONE OCLOCK,VAN,ACCELERATING,West,30,No,No,2023,RAM,CG,38.98827083,-77.07541503,""(38.98827083, -77.07541503)"""
"MCP3160004T,230046222,Montgomery County Police,Property Damage Crash,07/26/2023 02:00:00 PM,County,OLD GEORGETOWN RD,ROCKVILLE PIKE,,N/A,,SAME DIRECTION SIDESWIPE,CLEAR,DRY,DAYLIGHT,TRAFFIC SIGNAL,NONE DETECTED,,DF3319CE-0BD3-416F-8D4A-1CF51F54CC9C,Yes,NO APPARENT INJURY,N/A,LOOKED BUT DID NOT SEE,MD,257EEBC1-233A-40B8-9C61-B45C582834F3,SUPERFICIAL,TWO OCLOCK,PASSENGER CAR,MOVING CONSTANT SPEED,East,35,No,No,2023,FORD,MAVERICK,39.04963367,-77.11906317,""(39.04963367, -77.11906317)"""
"MCP2881005X,230058918,Montgomery County Police,Injury Crash,10/06/2023 12:15:00 PM,County,SCENERY DR,BLUNT RD,,N/A,,STRAIGHT MOVEMENT ANGLE,CLEAR,DRY,DAYLIGHT,NO CONTROLS,NONE DETECTED,,81CA44FB-E17F-467F-890F-4C1082B296A0,No,POSSIBLE INJURY,N/A,NOT DISTRACTED,MD,574C75C5-046B-446F-8B9E-F0952F839952,FUNCTIONAL,TEN OCLOCK,PASSENGER CAR,MAKING LEFT TURN,South,40,No,No,2012,SUBA,SD,39.18437333,-77.232285,""(39.18437333, -77.232285)"""
"MCP3337001X,230057382,Montgomery County Police,Property Damage Crash,09/28/2023 08:03:00 PM,County,CONNECTICUT AVE,GRAND PRE RD,,N/A,,SAME DIR REAR END,CLEAR,DRY,DARK LIGHTS ON,NO CONTROLS,NONE DETECTED,,EB5529C9-1666-4C08-8AB1-CFB5C9DCA191,No,NO APPARENT INJURY,N/A,NOT DISTRACTED,MD,9967ABE6-869D-4134-B091-22C6F9F75B35,DISABLING,SIX OCLOCK,PASSENGER CAR,SLOWING OR STOPPING,North,30,No,No,2005,BMW,330XI,39.08683617,-77.07382067,""(39.08683617, -77.07382067)"""