Report Number,Local Case Number,Agency Name,ACRS Report Type,Crash Date/Time,Route Type,Road Name,Cross-Street Name,Off-Road Description,Municipality,Related Non-Motorist,Collision Type,Weather,Surface Condition,Light,Traffic Control,Driver Substance Abuse,Non-Motorist Substance Abuse,Person ID,Driver At Fault,Injury Severity,Circumstance,Driver Distracted By,Drivers License State,Vehicle ID,Vehicle Damage Extent,Vehicle First Impact Location,Vehicle Body Type,Vehicle Movement,Vehicle Going Dir,Speed Limit,Driverless Vehicle,Parked Vehicle,Vehicle Year,Vehicle Make,Vehicle Model,Latitude,Longitude,Location
"MCP2760004G,230066367,Montgomery County Police,Property Damage Crash,11/14/2023 08:00:00 PM,County,SNOUFFERS SCHOOL RD,CHERRY LAUREL LA,,N/A,,ANGLE MEETS LEFT TURN,CLEAR,DRY,DARK LIGHTS ON,NO CONTROLS,N/A,,15FF0D24-1FA2-4F26-8824-73B816DB4E1A,No,NO APPARENT INJURY,N/A,NOT DISTRACTED,MD,BD5C93EF-9EF2-47C0-956D-67342FCB0F01,SUPERFICIAL,TWELVE OCLOCK,""CARGO VAN/LIGHT TRUCK 2 AXLES (OVER 10,000LBS (4,536 KG))"",MOVING CONSTANT SPEED,South,35,No,No,2021,ISU,ST,39.16083667,-77.163425,""(39.16083667, -77.163425)"""
"DD559500FC,230066545,Rockville Police Departme,Injury Crash,11/15/2023 05:42:00 PM,Maryland (State),ROCKVILLE PIKE,HALPINE RD,,ROCKVILLE,PEDESTRIAN,OTHER,CLEAR,DRY,DARK LIGHTS ON,TRAFFIC SIGNAL,NONE DETECTED,N/A,F08228E6-1375-4926-8CDD-133F60D8AA80,Yes,NO APPARENT INJURY,N/A,LOOKED BUT DID NOT SEE,MD,3D70FD0D-20B9-41EB-AA94-91358731D215,NO DAMAGE,TWELVE OCLOCK,PASSENGER CAR,MAKING LEFT TURN,North,40,No,No,2019,NISSAN,ROGUE,39.06202133,-77.12405017,""(39.06202133, -77.12405017)"""
"MCP26740047,230051529,Montgomery County Police,Injury Crash,08/26/2023 06:34:00 PM,Ramp,RAMP 2 FR MD 118 WB TO IS 270 NB,GERMANTOWN RD,,N/A,,SINGLE VEHICLE,CLEAR,DRY,DAYLIGHT,NO CONTROLS,NONE DETECTED,,F9EF6112-1588-4E4F-A9EC-E1AB65F6B781,Yes,POSSIBLE INJURY,N/A,UNKNOWN,MD,178C55C9-1094-43DF-A851-7C5869795E1B,DISABLING,TWELVE OCLOCK,PASSENGER CAR,ACCELERATING,North,25,No,No,2013,CHEVY,CAMERO,39.18680517,-77.25325133,""(39.18680517, -77.25325133)"""
"MCP31840037,230061921,Montgomery County Police,Property Damage Crash,10/22/2023 05:51:00 AM,Maryland (State),UNIVERSITY BLVD E,LEXINGTON DR,,N/A,,SINGLE VEHICLE,CLEAR,DRY,DAWN,N/A,ALCOHOL PRESENT,,BB56AF51-D4C1-4793-8FEA-9389DBC7F7D7,Yes,NO APPARENT INJURY,N/A,NOT DISTRACTED,MD,3C739153-2842-47B1-91A2-052F272E859F,FUNCTIONAL,TWELVE OCLOCK,PASSENGER CAR,MOVING CONSTANT SPEED,West,35,No,No,2015,MAZDA,3,39.0190628,-77.01091391,""(39.0190628, -77.01091391)"""
"MCP2797001R,180001321,Montgomery County Police,Property Damage Crash,01/09/2018 03:24:00 PM,County,BLUERIDGE AVE,GEORGIA AVE,,N/A,,SAME DIRECTION LEFT TURN,CLEAR,DRY,DAYLIGHT,TRAFFIC SIGNAL,NONE DETECTED,,7E3958D2-063F-4C95-8ADF-A3EDD1045F87,No,NO APPARENT INJURY,N/A,NOT DISTRACTED,MD,6380E225-1486-4B30-8EE8-E43342B37852,SUPERFICIAL,ELEVEN OCLOCK,TRANSIT BUS,MAKING LEFT TURN,East,35,No,No,2013,NEW FLYER,BUS,39.04352333,-77.05191,""(39.04352333, -77.05191)"""
"EJ7885003V,230067707,Gaithersburg Police Depar,Property Damage Crash,11/21/2023 08:16:00 PM,Maryland (State),QUINCE ORCHARD RD,W DIAMOND AVE,,N/A,,SAME DIRECTION SIDESWIPE,N/A,DRY,DARK LIGHTS ON,NO CONTROLS,NONE DETECTED,,002E6C87-6CA9-40BC-889D-D69E653E3063,No,NO APPARENT INJURY,N/A,NOT DISTRACTED,MD,FD446AF7-92E3-46DD-A186-B7B2D33846D1,FUNCTIONAL,TEN OCLOCK,PASSENGER CAR,MOVING CONSTANT SPEED,North,35,No,No,2015,FORD,4S,39.14310833,-77.21872417,""(39.14310833, -77.21872417)"""
"MCP24560084,230069744,Montgomery County Police,Property Damage Crash,12/04/2023 09:45:00 AM,Maryland (State),NEW HAMPSHIRE AVE,DILSTON RD,,N/A,,SAME DIRECTION SIDESWIPE,CLEAR,DRY,DAYLIGHT,TRAFFIC SIGNAL,NONE DETECTED,,83E12048-C6B7-4890-83C5-362AB315B9E7,No,NO APPARENT INJURY,N/A,NOT DISTRACTED,MD,CA144DCA-AEFC-41E3-9AD2-4EE1CB036D56,SUPERFICIAL,TEN OCLOCK,PICKUP TRUCK,MOVING CONSTANT SPEED,South,35,No,No,2017,TOYOTA,TUNDRA,39.01167536,-76.97898841,""(39.01167536, -76.97898841)"""
"MCP2633003C,230056383,Montgomery County Police,Property Damage Crash,09/22/2023 08:29:00 PM,Maryland (State),OLD GEORGETOWN RD,ENT TO MID-PIKE PLAZA,,N/A,,OTHER,CLEAR,DRY,DARK LIGHTS ON,TRAFFIC SIGNAL,NONE DETECTED,,DDAE9AC5-F02C-4992-9F73-421F41742D5A,Yes,NO APPARENT INJURY,N/A,UNKNOWN,MD,45887D75-2BD0-4C91-A3B3-9470718F4A25,DISABLING,TWELVE OCLOCK,PASSENGER CAR,MAKING U TURN,South,35,No,No,2016,TOYT,4S,39.04899167,-77.116445,""(39.04899167, -77.116445)"""
"MCP235800C1,230066432,Montgomery County Police,Property Damage Crash,11/15/2023 08:30:00 AM,Maryland (State),CONNECTICUT AVE,HOWARD AVE,,KENSINGTON,,SAME DIRECTION LEFT TURN,CLEAR,DRY,DAYLIGHT,NO CONTROLS,NONE DETECTED,,73A4F644-D786-48BF-A410-C229B85EAC52,Unknown,NO APPARENT INJURY,N/A,NOT DISTRACTED,MD,4C505D6F-7E5D-4B80-8B7D-FEED4B4C3CF2,SUPERFICIAL,EIGHT OCLOCK,TRANSIT BUS,MAKING LEFT TURN,South,35,No,No,2020,GILG,BUS,39.02854433,-77.0759345,""(39.02854433, -77.0759345)"""
"MCP3300002H,230065252,Montgomery County Police,Property Damage Crash,11/08/2023 09:30:00 PM,Maryland (State),GEORGIA AVE,CONNECTICUT AVE,,N/A,,HEAD ON LEFT TURN,CLEAR,DRY,DARK LIGHTS ON,TRAFFIC SIGNAL,NONE DETECTED,,DB038C65-FB60-4CF0-9D27-49F9C0997EF6,No,NO APPARENT INJURY,N/A,NOT DISTRACTED,MD,5887BDFB-60BB-43DC-B1D9-2BCD81E2FDCD,SUPERFICIAL,TEN OCLOCK,PASSENGER CAR,MOVING CONSTANT SPEED,North,35,No,No,2008,CHEV,COBALT,39.08386726,-77.07767843,""(39.08386726, -77.07767843)"""
"MCP93650028,230069308,Montgomery County Police,Property Damage Crash,12/01/2023 01:31:00 PM,US (State),COLUMBIA PIKE,RAMP 10 FR US 29 SB TO FAIRLAND RD WB,,N/A,,SAME DIR REAR END,RAINING,WET,DAYLIGHT,STOP SIGN,NONE DETECTED,,FDD2BDC2-7A33-4010-8189-E6C8FF63F6A1,Yes,NO APPARENT INJURY,""RAIN, SNOW, WET"",UNKNOWN,MD,4EB55101-84F0-41EC-B0D6-B2120B569AC2,NO DAMAGE,TWELVE OCLOCK,SCHOOL BUS,SLOWING OR STOPPING,West,15,No,No,2013,THOMAS,BUS,39.07675862,-76.95777913,""(39.07675862, -76.95777913)"""
"MCP2760004H,230066932,Montgomery County Police,Injury Crash,11/17/2023 04:10:00 PM,County,MONTGOMERY VILLAGE AVE,CENTERWAY RD,,N/A,PEDESTRIAN,OTHER,CLEAR,DRY,DUSK,NO CONTROLS,N/A,N/A,AD7641C3-56AE-48F0-AD27-D40054026D26,No,NO APPARENT INJURY,N/A,NOT DISTRACTED,MD,A1F76693-BD2B-4E4D-B8E4-E196EBE38433,FUNCTIONAL,TWELVE OCLOCK,PASSENGER CAR,MOVING CONSTANT SPEED,West,35,No,No,2009,TOYT,SD,39.17238667,-77.20381167,""(39.17238667, -77.20381167)"""
"MCP2456008B,230074353,Montgomery County Police,Injury Crash,12/31/2023 09:30:00 AM,US (State),COLESVILLE RD,LORAIN AVE,,N/A,,SINGLE VEHICLE,CLEAR,DRY,DAYLIGHT,NO CONTROLS,UNKNOWN,,0C80A645-7748-4DA4-A0CF-10E3E7401EE1,Yes,POSSIBLE INJURY,N/A,UNKNOWN,MD,567651CB-BAE5-4DDD-A707-3E491B35EF09,DISABLING,FOUR OCLOCK,PASSENGER CAR,MOVING CONSTANT SPEED,North,40,No,No,2023,HOND,SD,39.0245115,-77.01112183,""(39.0245115, -77.01112183)"""
"MCP3044006W,230060175,Montgomery County Police,Property Damage Crash,10/12/2023 09:07:00 PM,County,FAIRLAND RD,OLD COLUMBIA PIKE,,N/A,,STRAIGHT MOVEMENT ANGLE,CLEAR,DRY,DARK LIGHTS ON,TRAFFIC SIGNAL,NONE DETECTED,,D950582E-D180-44C9-B21F-0556C00EF43C,No,NO APPARENT INJURY,N/A,NOT DISTRACTED,MD,F0EBCED9-9F71-472D-9BAF-B3AD44DBE6BC,FUNCTIONAL,TWELVE OCLOCK,SCHOOL BUS,MOVING CONSTANT SPEED,South,30,No,No,2022,THOMAS,SCHOOL BUS,39.0765335,-76.95777833,""(39.0765335, -76.95777833)"""
"MCP3170003V,240000438,Montgomery County Police,Property Damage Crash,01/03/2024 02:55:00 PM,,,,IN FRONT OF 18900 BIRDSEYE DR,,,OPPOSITE DIRECTION SIDESWIPE,CLOUDY,,DAYLIGHT,NO CONTROLS,NONE DETECTED,,D651C16B-F61D-49D4-9F27-A3513DD40A1C,Yes,NO APPARENT INJURY,N/A,LOOKED BUT DID NOT SEE,MD,904F2114-2B56-46D9-B105-356073FA1D8A,NO DAMAGE,EIGHT OCLOCK,SCHOOL BUS,MOVING CONSTANT SPEED,North,0,No,No,2015,FRHT,BU,39.16500483,-77.24931,""(39.16500483, -77.24931)"""
"EJ7837006Z,230050232,Gaithersburg Police Depar,Property Damage Crash,08/19/2023 10:10:00 AM,Maryland (State),CLOPPER RD,SPUR FR MD 124,,N/A,,SAME DIRECTION SIDESWIPE,CLEAR,DRY,DAYLIGHT,TRAFFIC SIGNAL,N/A,,12F3B27F-B96B-4B7C-AAC6-59731EE47607,Yes,NO APPARENT INJURY,N/A,DISTRACTED BY OUTSIDE PERSON OBJECT OR EVENT,MD,D2E78AC1-BF42-4722-9A0C-8E7290B7BDD3,DISABLING,ELEVEN OCLOCK,PASSENGER CAR,CHANGING LANES,West,35,No,No,2022,KIA,UT,39.1427571,-77.22108425,""(39.1427571, -77.22108425)"""
"MCP2286005F,230054709,Montgomery County Police,Injury Crash,09/13/2023 06:30:00 PM,County,E GUDE DR,CECIL ST,,N/A,,HEAD ON LEFT TURN,CLEAR,DRY,DAYLIGHT,TRAFFIC SIGNAL,N/A,,24AC39B1-71B7-46B2-A3B0-16D57C8F5B1F,Unknown,NO APPARENT INJURY,N/A,LOOKED BUT DID NOT SEE,MD,4D383DE7-E957-4B78-AE25-949BCCF2E637,FUNCTIONAL,TWELVE OCLOCK,PASSENGER CAR,MAKING LEFT TURN,South,40,No,No,2007,NISSAN,SENTRA,39.10635686,-77.15228824,""(39.10635686, -77.15228824)"""
"MCP3090002Y,190041546,Montgomery County Police,Property Damage Crash,08/30/2019 10:39:00 AM,,,,PARKING LOT OF 15813 GAITHER DR,,,OTHER,CLEAR,,DAYLIGHT,N/A,N/A,,6E8A3D53-8D89-4E3D-8001-156E8F322EBD,Yes,NO APPARENT INJURY,N/A,UNKNOWN,MD,173C4C72-E173-4EDF-A4BC-CA61D056ABB2,SUPERFICIAL,SIX OCLOCK,(SPORT) UTILITY VEHICLE,BACKING,South,5,No,No,2013,HONDA,PILOT,39.11552933,-77.19055817,""(39.11552933, -77.19055817)"""
"MCP2603005M,230063559,Montgomery County Police,Property Damage Crash,10/31/2023 10:24:00 AM,County,MONTGOMERY VILLAGE AVE,WALKERS CHOICE RD,,N/A,,SAME DIR REAR END,N/A,DRY,DAYLIGHT,N/A,N/A,,C35E9378-BC03-4A4C-AAD8-C304F9E83779,Yes,NO APPARENT INJURY,N/A,NOT DISTRACTED,MD,CBCE9E53-9CB9-4185-B62D-7C43647D7898,FUNCTIONAL,TWELVE OCLOCK,PASSENGER CAR,MOVING CONSTANT SPEED,South,35,No,No,2012,HOND,CP,39.16314,-77.203145,""(39.16314, -77.203145)"""
"MCP13780162,230060121,Montgomery County Police,Injury Crash,10/12/2023 04:25:00 PM,US (State),COLUMBIA PIKE,BEGIN BRIDGE,,N/A,,SAME DIR REAR END,CLEAR,DRY,DAYLIGHT,NO CONTROLS,NONE DETECTED,,68166C71-20F1-41BE-A552-3CF9B822A2C2,No,NO APPARENT INJURY,N/A,NOT DISTRACTED,PA,757002A1-FB24-44E5-860B-3FF504B35023,FUNCTIONAL,SIX OCLOCK,VAN,SLOWING OR STOPPING,North,55,No,No,2017,CHEVROLET,EXPRESS,39.129891,-76.9204345,""(39.129891, -76.9204345)"""
"MCP2723007N,230053526,Montgomery County Police,Injury Crash,09/06/2023 08:00:00 PM,County,GLENALLAN AVE,GEORGIA AVE,,N/A,PEDESTRIAN,SINGLE VEHICLE,CLEAR,DRY,DARK LIGHTS ON,TRAFFIC SIGNAL,NONE DETECTED,NONE DETECTED,CBAAEAF8-91D0-4E7C-A141-79B634BDB83A,No,NO APPARENT INJURY,N/A,LOOKED BUT DID NOT SEE,XX,BCE8BA5C-0B5E-4762-B122-538E4CCD2B31,NO DAMAGE,TWELVE OCLOCK,PASSENGER CAR,MAKING RIGHT TURN,West,30,No,No,2011,NISSAN,SENTRA,39.06360167,-77.054115,""(39.06360167, -77.054115)"""
"DD5657001J,230069793,Rockville Police Departme,Property Damage Crash,12/04/2023 01:20:00 PM,Municipality,E MONTGOMERY AVE,MARYLAND AVE,,ROCKVILLE,,SAME DIR REAR END,CLEAR,DRY,DAYLIGHT,N/A,NONE DETECTED,,B79DE42E-B18B-458B-B8A3-0EE1ACF572FD,Yes,NO APPARENT INJURY,N/A,NOT DISTRACTED,MD,AD03083F-D439-4BE9-9B2D-4F88A1287453,SUPERFICIAL,ONE OCLOCK,PASSENGER CAR,STOPPED IN TRAFFIC LANE,East,15,No,No,2000,TOYT,4S,39.08405068,-77.15057804,""(39.08405068, -77.15057804)"""
"MCP3322000C,220006397,Montgomery County Police,Injury Crash,02/14/2022 11:00:00 AM,County,CONNECTICUT AVE,GRAND PRE RD,,N/A,,STRAIGHT MOVEMENT ANGLE,N/A,DRY,DAYLIGHT,STOP SIGN,N/A,,4C4F76A9-4EE2-400E-A7AD-A7E3C8B5E4C9,No,POSSIBLE INJURY,N/A,NOT DISTRACTED,MD,5A977E69-25E1-47B6-879F-3F5D924C9F76,SUPERFICIAL,TEN OCLOCK,PASSENGER CAR,MOVING CONSTANT SPEED,East,40,No,No,2018,HYUN,4S,39.08697532,-77.07371237,""(39.08697532, -77.07371237)"""
"MCP2000001R,230060604,Montgomery County Police,Property Damage Crash,10/15/2023 01:34:00 AM,County,BRINK RD,TREVA CT,,N/A,,SAME DIR REAR END,RAINING,WET,DARK NO LIGHTS,NO CONTROLS,NONE DETECTED,,4B668626-7D8C-41C7-8AC8-42EF71B15E1F,No,NO APPARENT INJURY,""N/A, WET"",NOT DISTRACTED,MD,0B2C3AD5-BAF4-4694-97D4-CA6DBD9661E6,FUNCTIONAL,SIX OCLOCK,PASSENGER CAR,PARKED,,40,No,Yes,2014,MITSUBISHI,LANCER,39.20752155,-77.22629679,""(39.20752155, -77.22629679)"""
"MCP2848003K,16060897,Montgomery County Police,Property Damage Crash,11/27/2016 10:36:00 AM,Maryland (State),RIVER RD,WHITTIER BLVD,,N/A,,SAME DIR REAR END,CLEAR,DRY,DAYLIGHT,TRAFFIC SIGNAL,NONE DETECTED,,DA7B7DFD-2E54-416F-BB34-6912F41015F8,No,NO APPARENT INJURY,N/A,NOT DISTRACTED,MD,D76D1960-7DB8-4396-8CCF-51A49B08153B,FUNCTIONAL,SIX OCLOCK,PASSENGER CAR,SLOWING OR STOPPING,East,40,No,No,2013,CHEVROLET,SPARK,38.97551167,-77.126315,""(38.97551167, -77.126315)"""
"MCP31070025,230056412,Montgomery County Police,Injury Crash,09/23/2023 12:12:00 AM,County,AVERY RD,SOUTHLAWN LA,,N/A,,SINGLE VEHICLE,RAINING,WET,DARK NO LIGHTS,NO CONTROLS,NONE DETECTED,,A5E13735-C78D-4C44-90CC-95BD6ED6206C,Yes,SUSPECTED MINOR INJURY,""RAIN, SNOW, WET"",NOT DISTRACTED,MD,09743024-2DA3-43D7-AF05-63E6B3675D95,DESTROYED,ONE OCLOCK,PASSENGER CAR,PASSING,North,25,No,No,2007,NISSAN,SENTRA,39.10650451,-77.12104127,""(39.10650451, -77.12104127)"""
"MCP241100C8,230059855,Montgomery County Police,Property Damage Crash,10/11/2023 12:48:00 PM,Maryland (State),NORBECK RD,BALTIMORE RD,,N/A,,HEAD ON LEFT TURN,CLEAR,DRY,DAYLIGHT,TRAFFIC SIGNAL,NONE DETECTED,,8EDC4F7E-AFE4-40DD-A348-D0A650856E54,No,NO APPARENT INJURY,N/A,NOT DISTRACTED,MD,70091B30-9176-4F1F-8882-3308A09FF3AF,DISABLING,TWELVE OCLOCK,PASSENGER CAR,MOVING CONSTANT SPEED,East,40,No,No,2007,TOYOTA,CAMRY,39.09488167,-77.11237667,""(39.09488167, -77.11237667)"""
"MCP3263003P,230052815,Montgomery County Police,Injury Crash,09/02/2023 03:45:00 PM,Maryland (State),WISCONSIN AVE,CHELTENHAM DR,,N/A,PEDESTRIAN,OTHER,CLEAR,DRY,DAYLIGHT,TRAFFIC SIGNAL,NONE DETECTED,NONE DETECTED,4187DAB6-9C1C-4BBA-9362-307C5C766E3C,Yes,NO APPARENT INJURY,N/A,LOOKED BUT DID NOT SEE,MD,2FDFEE97-4164-4A3F-A6F3-D8A7D8EFFAE7,NO DAMAGE,TWELVE OCLOCK,PASSENGER CAR,MAKING RIGHT TURN,West,25,No,No,2021,VOLVO,XC90,38.98909,-77.095165,""(38.98909, -77.095165)"""
"EJ7893002X,230053722,Gaithersburg Police Depar,Injury Crash,09/07/2023 09:46:00 PM,Maryland (State),CLOPPER RD,FIRSTFIELD RD,,GAITHERSBURG,,STRAIGHT MOVEMENT ANGLE,CLEAR,DRY,DARK LIGHTS ON,TRAFFIC SIGNAL,NONE DETECTED,,F6290910-A8F6-4920-8F45-731C065CB37A,No,SUSPECTED MINOR INJURY,N/A,NOT DISTRACTED,MD,A73520B9-E0E2-4C36-A95E-C9358C37A247,DISABLING,TWELVE OCLOCK,PASSENGER CAR,MOVING CONSTANT SPEED,West,25,No,No,2018,MAZDA,2S,39.14346658,-77.22397843,""(39.14346658, -77.22397843)"""
"MCP1174006H,230057350,Montgomery County Police,Property Damage Crash,09/28/2023 05:16:00 PM,County,STANFORD ST,WISCONSIN AVE,,N/A,,SAME DIRECTION RIGHT TURN,CLEAR,DRY,DAYLIGHT,NO CONTROLS,NONE DETECTED,,3CBA1DBF-2E05-430D-A228-AA8F7EA926D7,Yes,NO APPARENT INJURY,N/A,NOT DISTRACTED,MD,FBA2D12B-211A-407C-83DB-870A85B30E0D,SUPERFICIAL,FOUR OCLOCK,PASSENGER CAR,MOVING CONSTANT SPEED,West,25,No,No,2020,TOYOTA,RAV4,38.97861832,-77.09010099,""(38.97861832, -77.09010099)"""
"MCP22700024,230052181,Montgomery County Police,Property Damage Crash,08/30/2023 11:15:00 AM,County,FERNWOOD RD,WINNEPEG RD,,N/A,,ANGLE MEETS LEFT TURN,CLEAR,DRY,DAYLIGHT,STOP SIGN,NONE DETECTED,,4ACCBBAF-D12C-47AE-9F43-0BC3B54CA9B6,Yes,NO APPARENT INJURY,N/A,LOOKED BUT DID NOT SEE,MD,71B2D424-6AD8-4D66-A91C-38089F11E9D4,FUNCTIONAL,TEN OCLOCK,VAN,MAKING LEFT TURN,West,30,No,No,2018,DODGE,PROMASTER,39.02089333,-77.13492167,""(39.02089333, -77.13492167)"""
"MCP31620043,220024591,Montgomery County Police,Injury Crash,06/08/2022 02:45:00 PM,Maryland (State),COLESVILLE RD,EAST WEST HWY,,N/A,,SAME DIRECTION SIDESWIPE,CLEAR,DRY,DAYLIGHT,N/A,NONE DETECTED,,BC34BF58-2D86-4665-A97D-821431B7D239,No,POSSIBLE INJURY,N/A,NOT DISTRACTED,VA,478AF74B-9453-47D1-A7C9-706D7C79F1A0,SUPERFICIAL,TEN OCLOCK,TRANSIT BUS,MOVING CONSTANT SPEED,North,35,No,No,2013,NEW FLYER,TRANSIT BUS,38.9934,-77.03268167,""(38.9934, -77.03268167)"""
"MCP9419004W,230063984,Montgomery County Police,Property Damage Crash,11/02/2023 12:29:00 PM,,,,PARKING LOT OF MCDONALD'S 15801 FREDERICK RD DERWOOD MD 20855,,,SINGLE VEHICLE,CLEAR,,DAYLIGHT,N/A,UNKNOWN,,B6035A9A-08B7-4A87-8368-788F812FD315,Yes,NO APPARENT INJURY,N/A,LOOKED BUT DID NOT SEE,MD,BE1B8C9C-147A-41BE-B268-786ED09DFDCB,NO DAMAGE,ROOF TOP,""CARGO VAN/LIGHT TRUCK 2 AXLES (OVER 10,000LBS (4,536 KG))"",STARTING FROM PARKED,West,0,No,No,2023,FREIGHTLINER,BOX TRUCK,39.1146938,-77.1634014,""(39.1146938, -77.1634014)"""
"MCP1205009X,230062485,Montgomery County Police,Property Damage Crash,10/25/2023 12:01:00 PM,Maryland (State),CONNECTICUT AVE,ROSEMARY ST #2,,CHEVY CHASE #4,,STRAIGHT MOVEMENT ANGLE,CLEAR,DRY,DAYLIGHT,TRAFFIC SIGNAL,NONE DETECTED,,61305B30-3FBA-4436-8DBA-9A02FC1D3F5D,Yes,NO APPARENT INJURY,N/A,NOT DISTRACTED,MD,E7379F5C-3C55-4522-B9AA-A84C14B66A25,DISABLING,TWELVE OCLOCK,VAN,MAKING LEFT TURN,North,30,No,No,2013,TOTOTA,SIENNA,38.97783333,-77.07727333,""(38.97783333, -77.07727333)"""
"DD561500FM,230049238,Rockville Police Departme,Property Damage Crash,08/13/2023 12:55:00 PM,Maryland (State),ROCKVILLE PIKE,ROLLINS AVE,,ROCKVILLE,,STRAIGHT MOVEMENT ANGLE,CLEAR,DRY,DAYLIGHT,TRAFFIC SIGNAL,NONE DETECTED,,55CB90F4-5C69-4D44-93CB-C06124297E44,Yes,NO APPARENT INJURY,N/A,LOOKED BUT DID NOT SEE,MD,5E12922F-17DB-4534-8975-36733B3549C0,FUNCTIONAL,TWELVE OCLOCK,PASSENGER CAR,MOVING CONSTANT SPEED,South,40,No,No,2016,MERCEDES,550,39.0754091,-77.13764598,""(39.0754091, -77.13764598)"""
"MCP2855004Z,230068811,Montgomery County Police,Property Damage Crash,11/28/2023 03:30:00 PM,Maryland (State),NEW HAMPSHIRE AVE,POWDER MILL RD,,N/A,,SAME DIR REAR END,CLEAR,DRY,DAYLIGHT,TRAFFIC SIGNAL,N/A,,ADFE4190-E7D6-4D54-BAD8-E7EBBE130850,Yes,NO APPARENT INJURY,N/A,UNKNOWN,XX,823A1612-8EA1-4814-82FD-7CF59F9C6E96,NO DAMAGE,TWELVE OCLOCK,PASSENGER CAR,SLOWING OR STOPPING,South,40,No,No,1994,TOYT,SD,39.02259335,-76.97786752,""(39.02259335, -76.97786752)"""
"MCP3347001L,230071966,Montgomery County Police,Property Damage Crash,12/15/2023 06:12:00 PM,Maryland (State),OLD GEORGETOWN RD,BEECH AVE,,N/A,,HEAD ON LEFT TURN,CLEAR,DRY,DARK LIGHTS ON,TRAFFIC SIGNAL,UNKNOWN,,EE52D7DB-34CB-4409-A441-1D52259287E6,Yes,NO APPARENT INJURY,N/A,UNKNOWN,,38BA3CBD-FC56-44AC-88EA-780B71BE8D23,UNKNOWN,TWELVE OCLOCK,,MAKING LEFT TURN,South,35,No,No,0,UNKNOWN,UNKNOWN,39.010088,-77.11483296,""(39.010088, -77.11483296)"""
"MCP3339002G,230050681,Montgomery County Police,Property Damage Crash,08/22/2023 11:48:00 AM,Maryland (State),CONNECTICUT AVE,RANDOLPH RD,,N/A,,SAME DIR REAR END,CLEAR,DRY,DAYLIGHT,TRAFFIC SIGNAL,NONE DETECTED,,D88F51EA-63FB-4C4D-B1C6-3A8E27D721B8,Yes,NO APPARENT INJURY,N/A,NOT DISTRACTED,MD,87F48FB7-96E2-4C69-89EC-DB4902529551,DISABLING,TWELVE OCLOCK,PASSENGER CAR,SLOWING OR STOPPING,North,35,No,No,2019,HYUNDAI,ELANTRA,39.057516,-77.07326633,""(39.057516, -77.07326633)"""
"MCP2881005T,230053276,Montgomery County Police,Property Damage Crash,09/05/2023 01:08:00 PM,Maryland (State),FREDERICK RD,HIGH POINT DR,,N/A,,SAME DIRECTION SIDESWIPE,CLEAR,DRY,DAYLIGHT,NO CONTROLS,NONE DETECTED,,B980E4C7-0765-4144-A1E4-C07FF55D603A,Yes,NO APPARENT INJURY,N/A,NOT DISTRACTED,MD,B745CD9F-755E-4C09-8D02-C34B98145D34,DISABLING,ONE OCLOCK,PASSENGER CAR,MOVING CONSTANT SPEED,North,40,No,No,2012,HOND,CRV,39.16925167,-77.23437667,""(39.16925167, -77.23437667)"""
"MCP3368001H,230050109,Montgomery County Police,Injury Crash,08/18/2023 01:51:00 PM,County,SHADY GROVE RD,RESEARCH BLVD,,ROCKVILLE,,HEAD ON LEFT TURN,CLEAR,DRY,DAYLIGHT,TRAFFIC SIGNAL,NONE DETECTED,,BA684C9E-5D3D-42BD-AE50-0C40C509F8EC,No,NO APPARENT INJURY,N/A,NOT DISTRACTED,MD,AD042246-7324-45D3-ABAC-9ED8679AB640,SUPERFICIAL,ELEVEN OCLOCK,OTHER BUS,MAKING LEFT TURN,East,35,No,No,2022,FORD,BUS,39.10499417,-77.19040496,""(39.10499417, -77.19040496)"""
"MCP29910094,230073787,Montgomery County Police,Property Damage Crash,12/27/2023 09:30:00 AM,Maryland (State),NEW HAMPSHIRE AVE,MIDLAND RD,,N/A,,STRAIGHT MOVEMENT ANGLE,N/A,WET,DAYLIGHT,TRAFFIC SIGNAL,NONE DETECTED,,1CA9DE50-89A7-486A-9C57-ED7BCA547863,No,NO APPARENT INJURY,""N/A, WET"",NOT DISTRACTED,MD,304A9448-78D8-4F84-B247-3922CFCD0A0D,DISABLING,TWELVE OCLOCK,PASSENGER CAR,MOVING CONSTANT SPEED,East,20,No,No,2002,FORD,MUSTANG,39.07691383,-77.00122983,""(39.07691383, -77.00122983)"""
"MCP2866008M,230058951,Montgomery County Police,Property Damage Crash,10/06/2023 02:55:00 PM,Maryland (State),RIDGE RD,FREDERICK RD,,N/A,,SAME DIR REAR END,CLEAR,DRY,DAYLIGHT,NO CONTROLS,NONE DETECTED,,72F731DE-4653-44AF-B533-E371E0BD021A,No,NO APPARENT INJURY,N/A,NOT DISTRACTED,MD,ACFE8174-D6D6-4C24-B3DA-0805E2F8EBF2,SUPERFICIAL,SIX OCLOCK,PASSENGER CAR,STOPPED IN TRAFFIC LANE,North,45,No,No,2012,HONDA,4S,39.20440581,-77.2469487,""(39.20440581, -77.2469487)"""