Report Number,Local Case Number,Agency Name,ACRS Report Type,Crash Date/Time,Route Type,Road Name,Cross-Street Name,Off-Road Description,Municipality,Related Non-Motorist,Collision Type,Weather,Surface Condition,Light,Traffic Control,Driver Substance Abuse,Non-Motorist Substance Abuse,Person ID,Driver At Fault,Injury Severity,Circumstance,Driver Distracted By,Drivers License State,Vehicle ID,Vehicle Damage Extent,Vehicle First Impact Location,Vehicle Body Type,Vehicle Movement,Vehicle Going Dir,Speed Limit,Driverless Vehicle,Parked Vehicle,Vehicle Year,Vehicle Make,Vehicle Model,Latitude,Longitude,Location
"MCP1213008J,230059499,Montgomery County Police,Injury Crash,10/09/2023 04:24:00 PM,County,RANDOLPH RD,HAMMONTON RD,,N/A,,SINGLE VEHICLE,CLEAR,DRY,DAYLIGHT,NO CONTROLS,NONE DETECTED,,08EA0E06-2960-483A-9F8C-AF94324E483E,Yes,POSSIBLE INJURY,N/A,OTHER DISTRACTION,MD,3E0C784A-4210-49C6-8FD6-73BD3297169D,DISABLING,ELEVEN OCLOCK,PASSENGER CAR,MOVING CONSTANT SPEED,East,40,No,No,2005,TOYOTA,COROLLA,39.06708167,-77.01890667,""(39.06708167, -77.01890667)"""
"MCP31920047,230053465,Montgomery County Police,Property Damage Crash,09/06/2023 04:03:00 PM,Maryland (State),GEORGIA AVE,ARCOLA AVE,,N/A,,SAME DIRECTION SIDESWIPE,CLEAR,DRY,DAYLIGHT,TRAFFIC SIGNAL,NONE DETECTED,,ADAC3DF1-D1A8-412C-93E1-21B423144CA5,No,NO APPARENT INJURY,N/A,NOT DISTRACTED,MD,82CD977C-009A-48C0-A173-49698CBD84DD,FUNCTIONAL,TWELVE OCLOCK,PASSENGER CAR,SLOWING OR STOPPING,South,25,No,No,2014,ACUR,RDX,39.0494607,-77.05232086,""(39.0494607, -77.05232086)"""
"DD561500FK,230047438,Rockville Police Departme,Injury Crash,08/02/2023 10:05:00 AM,Maryland (State),VEIRS MILL RD,FIRST ST,,N/A,,SAME DIR REAR END,CLEAR,DRY,DAYLIGHT,NO CONTROLS,NONE DETECTED,,4199839C-2BBB-47F6-A473-EABAADEC73A3,No,POSSIBLE INJURY,N/A,NOT DISTRACTED,MD,B1716681-F752-43E4-95D2-DB2689A3A79A,FUNCTIONAL,SIX OCLOCK,PASSENGER CAR,STOPPED IN TRAFFIC LANE,East,35,No,No,2023,KIA,SORENTO,39.07959817,-77.13663148,""(39.07959817, -77.13663148)"""
"MCP3080003L,230048626,Montgomery County Police,Injury Crash,08/09/2023 05:26:00 PM,Maryland (State),CLOPPER RD,GREAT SENECA HWY,,N/A,,SAME DIR REAR END,CLEAR,DRY,DAYLIGHT,TRAFFIC SIGNAL,N/A,,D8741B47-C390-41BC-931C-D82EE5F363FB,Yes,NO APPARENT INJURY,N/A,UNKNOWN,MD,7D3E6593-909D-4945-A05D-476CE01E7FFB,FUNCTIONAL,TWELVE OCLOCK,PASSENGER CAR,SLOWING OR STOPPING,South,40,No,No,2017,FORD,TK,39.15896942,-77.27528488,""(39.15896942, -77.27528488)"""
"MCP32630042,230066775,Montgomery County Police,Property Damage Crash,11/16/2023 05:54:00 PM,Maryland (State),RIVER RD,OGDEN RD,,N/A,,SAME DIRECTION RIGHT TURN,CLEAR,DRY,DARK NO LIGHTS,NO CONTROLS,NONE DETECTED,,D55330EC-416A-4CA4-83FC-D5C93ED908E9,No,NO APPARENT INJURY,N/A,NOT DISTRACTED,MD,D88CF6A2-FF04-4D65-8643-76E43B1E3B8C,DISABLING,TWELVE OCLOCK,PASSENGER CAR,MOVING CONSTANT SPEED,West,35,No,No,2013,HYUNDAI,VELOSTER,38.97072933,-77.1167175,""(38.97072933, -77.1167175)"""
"MCP3158004P,230072862,Montgomery County Police,Injury Crash,12/20/2023 10:42:00 PM,County,MUNCASTER RD,WILD FLOWER CT,,N/A,,SINGLE VEHICLE,CLEAR,DRY,DARK NO LIGHTS,NO CONTROLS,ALCOHOL PRESENT,,B94EB41C-B194-434D-B210-462E91314FC5,Yes,POSSIBLE INJURY,N/A,UNKNOWN,MD,A6CB5997-BB8D-44EB-BEEC-DC9E73E581FB,DISABLING,TWELVE OCLOCK,PASSENGER CAR,MOVING CONSTANT SPEED,South,30,No,No,1998,DODGE,DAKOTA,39.17623167,-77.11849667,""(39.17623167, -77.11849667)"""
"DD5663000J,230073691,Rockville Police Departme,Injury Crash,12/26/2023 02:34:00 PM,Maryland (State),ROCKVILLE PIKE,TWINBROOK PKWY,,ROCKVILLE,,SAME DIR REAR END,RAINING,WET,DUSK,TRAFFIC SIGNAL,NONE DETECTED,,7DD5D600-A591-4D47-8D01-435D7A082C2D,Yes,POSSIBLE INJURY,N/A,NOT DISTRACTED,MD,8DFBA4ED-DCA5-416B-A330-8F9A4EB8E4E4,DISABLING,TWELVE OCLOCK,PASSENGER CAR,MOVING CONSTANT SPEED,North,40,No,No,2001,ACUR,CP,39.05874888,-77.12118301,""(39.05874888, -77.12118301)"""
"MCP3271003M,230048424,Montgomery County Police,Property Damage Crash,08/02/2023 10:20:00 AM,Maryland (State),OLD GEORGETOWN RD,RAMP 5 FR MD 187 SB TO RAMP 4 (TO IS495),,N/A,,SAME DIR REAR END,CLEAR,DRY,DAYLIGHT,TRAFFIC SIGNAL,UNKNOWN,,76FE5928-48E1-47C8-BA6B-33024CF99724,Yes,NO APPARENT INJURY,N/A,UNKNOWN,MD,363B5A68-C873-4E8C-B2F3-0DC8C2C8EF6D,SUPERFICIAL,TWELVE OCLOCK,PASSENGER CAR,SLOWING OR STOPPING,South,35,No,No,2015,BMW,X1,39.01694217,-77.11997172,""(39.01694217, -77.11997172)"""
"MCP2399007B,230066546,Montgomery County Police,Property Damage Crash,11/15/2023 05:22:00 PM,Maryland (State),MUNCASTER MILL RD,NEEDWOOD RD,,N/A,,SAME DIR REAR END,CLEAR,DRY,DARK -- UNKNOWN LIGHTING,N/A,NONE DETECTED,,CD3D15DA-CB69-4B4D-80EB-5D43C50A1510,Yes,NO APPARENT INJURY,N/A,NOT DISTRACTED,MD,A8E3DE73-1D9F-495B-8084-4566DE981ED6,DISABLING,TWELVE OCLOCK,PASSENGER CAR,MOVING CONSTANT SPEED,West,40,No,No,2008,CHEV,IMPALA,39.131542,-77.12037967,""(39.131542, -77.12037967)"""
"MCP2347004J,230070605,Montgomery County Police,Property Damage Crash,12/08/2023 01:15:00 PM,County,BRIGGS CHANEY RD,OLD BRIGGS CHANEY RD,,N/A,,SAME DIRECTION LEFT TURN,CLEAR,DRY,DAYLIGHT,NO CONTROLS,NONE DETECTED,,ECF1304B-2978-42E3-BE34-DA16E4D2F46C,No,NO APPARENT INJURY,N/A,NOT DISTRACTED,MD,AA7E1FAE-1647-465D-8F5D-8C75DA6E761F,DISABLING,TWO OCLOCK,PASSENGER CAR,MOVING CONSTANT SPEED,East,35,No,No,2022,HONDA,CRV,39.085216,-76.952927,""(39.085216, -76.952927)"""
"MCP2039008T,230047312,Montgomery County Police,Injury Crash,08/01/2023 02:48:00 PM,County,WELLER RD,VALLEYWOOD DR,,N/A,,STRAIGHT MOVEMENT ANGLE,CLOUDY,DRY,DAYLIGHT,STOP SIGN,N/A,,D291E80F-CF9E-4F0F-BAD4-759086F09968,Yes,NO APPARENT INJURY,N/A,LOOKED BUT DID NOT SEE,MD,7D991476-2807-42C2-8251-7079B50ADCDD,DISABLING,TWO OCLOCK,PASSENGER CAR,STARTING FROM LANE,North,25,No,No,2018,BMW,43OI,39.06521833,-77.06462,""(39.06521833, -77.06462)"""
"MCP32640040,230053217,Montgomery County Police,Injury Crash,09/05/2023 09:00:00 AM,County,BLAIR MILL RD,CO/L WASH DC LINE,,N/A,PEDESTRIAN,OTHER,CLEAR,DRY,DAYLIGHT,STOP SIGN,NONE DETECTED,NONE DETECTED,0FC04E1F-AB95-4FBA-A956-51AD099C27A9,Yes,NO APPARENT INJURY,N/A,LOOKED BUT DID NOT SEE,DC,AE6C9FF9-5762-4553-9B2B-55447413519F,NO DAMAGE,TWELVE OCLOCK,PASSENGER CAR,MOVING CONSTANT SPEED,East,25,No,No,2019,TOYOTA,CARMY,38.98997584,-77.03333046,""(38.98997584, -77.03333046)"""
"MCP2603005D,230052798,Montgomery County Police,Property Damage Crash,09/02/2023 01:11:00 PM,,,,PARKING LOT OF 18667 NATHANS PLACE,,,SINGLE VEHICLE,CLEAR,,DAYLIGHT,N/A,N/A,,CB357F5A-7FB0-43A1-8FDF-A4535A15FB44,Yes,NO APPARENT INJURY,N/A,UNKNOWN,MD,945D3D87-D6E8-40DE-A660-95CA702E1DCA,SUPERFICIAL,TWELVE OCLOCK,PASSENGER CAR,PARKING,North,0,No,No,2012,HYUN,4S,39.16081667,-77.19995667,""(39.16081667, -77.19995667)"""
"MCP91180044,230050807,Montgomery County Police,Property Damage Crash,08/23/2023 01:19:00 AM,Maryland (State),VEIRS MILL RD,NEWPORT MILL RD,,N/A,,SAME DIRECTION SIDESWIPE,CLEAR,DRY,DARK LIGHTS ON,FLASHING TRAFFIC SIGNAL,NONE DETECTED,,479D6844-C1DA-496D-B9C9-54C6AAA6AF29,Yes,NO APPARENT INJURY,N/A,UNKNOWN,CA,BA8E8BD5-ED4B-4753-8583-D6C77D0F1578,DISABLING,TWELVE OCLOCK,PASSENGER CAR,MAKING RIGHT TURN,West,35,No,No,2013,FORD,FOCUS,39.04539817,-77.06555233,""(39.04539817, -77.06555233)"""
"DD5643003C,230073348,Rockville Police Departme,Property Damage Crash,12/23/2023 05:02:00 PM,Maryland (State),FIRST ST,ROCKVILLE PIKE,,N/A,,OTHER,N/A,DRY,DARK LIGHTS ON,TRAFFIC SIGNAL,NONE DETECTED,,7FBAED92-E59B-4FF8-BF75-AA04AD96D16B,Yes,NO APPARENT INJURY,N/A,LOOKED BUT DID NOT SEE,MD,637F0176-415C-4628-9131-12792726D67D,FUNCTIONAL,ELEVEN OCLOCK,PASSENGER CAR,RIGHT TURN ON RED,North,25,No,No,2013,BMW,SD,39.07732181,-77.13920643,""(39.07732181, -77.13920643)"""
"MCP32390034,230056453,Montgomery County Police,Property Damage Crash,09/23/2023 10:07:00 AM,County,RANDOLPH RD,HAMMONTON PL,,N/A,,SAME DIRECTION LEFT TURN,RAINING,WET,DAYLIGHT,NO CONTROLS,NONE DETECTED,,77EC8288-A5FF-4F3B-9D05-AAB63E3411B4,No,NO APPARENT INJURY,""SLEET, HAIL, FREEZ. RAIN, WET"",NOT DISTRACTED,MD,A0F9B9B3-E1BA-4B94-BCF8-C09266273D41,DISABLING,ONE OCLOCK,VAN,MOVING CONSTANT SPEED,West,50,No,No,2010,HONDA,CRV,39.068625,-77.0158005,""(39.068625, -77.0158005)"""
"MCP1354001X,230053464,Montgomery County Police,Injury Crash,09/06/2023 03:55:00 PM,Maryland (State),WHITES FERRY RD,SUGARLAND RD,,N/A,,STRAIGHT MOVEMENT ANGLE,CLEAR,DRY,DAYLIGHT,STOP SIGN,N/A,,E9D04CF8-2E13-45F6-AB2D-F5C5E1C52038,No,POSSIBLE INJURY,N/A,NOT DISTRACTED,MD,36D23403-6659-4C5C-BB7F-4343F74428A2,FUNCTIONAL,ELEVEN OCLOCK,PASSENGER CAR,MOVING CONSTANT SPEED,East,30,No,No,2008,VOLK,JETTA,39.12805833,-77.346915,""(39.12805833, -77.346915)"""
"MCP94320043,230068252,Montgomery County Police,Property Damage Crash,11/25/2023 07:50:00 PM,County,RANDOLPH RD,HAMMONTON RD,,N/A,,SAME DIR REAR END,CLEAR,DRY,DARK NO LIGHTS,NO CONTROLS,NONE DETECTED,,47F22D87-23DB-4275-BFEA-F3210C33AE3C,No,NO APPARENT INJURY,""ANIMAL, DEBRIS OR OBSTRUCTION"",NOT DISTRACTED,MD,9C06CD7C-F4DB-4572-A275-0953D1771A87,DISABLING,SIX OCLOCK,PASSENGER CAR,STOPPED IN TRAFFIC LANE,West,40,No,No,2019,BMW,X1,39.0685915,-77.01571667,""(39.0685915, -77.01571667)"""
"MCP1083000D,15048387,MONTGOMERY,Injury Crash,09/24/2015 08:54:00 AM,County,BRINK RD,BLUNT RD,,N/A,,SAME DIR REND LEFT TURN,CLEAR,DRY,DAYLIGHT,NO CONTROLS,NONE DETECTED,,21D3BC76-4CD4-4503-ADB7-0D8B081C2D56,Yes,SUSPECTED MINOR INJURY,N/A,NOT DISTRACTED,MD,AF12F866-3EFF-4463-84D3-7E4B5E4D018B,UNKNOWN,TWELVE OCLOCK,MOTORCYCLE,MOVING CONSTANT SPEED,West,35,No,No,2013,TRIUMPH,BONNEVILLE,39.20400861,-77.20711827,""(39.20400861, -77.20711827)"""
"MCP2552006H,230057765,Montgomery County Police,Injury Crash,09/30/2023 09:10:00 PM,County,E JEFFERSON ST,E JEFFERSON ST (AHEAD),,ROCKVILLE,,OTHER,CLEAR,DRY,DARK LIGHTS ON,N/A,N/A,,025B5151-0F79-4D41-B9B5-D7D95020D77B,No,NO APPARENT INJURY,N/A,NOT DISTRACTED,MD,F4477042-CFE3-43A8-9785-41E65D4B5C6B,SUPERFICIAL,SIX OCLOCK,PASSENGER CAR,STOPPED IN TRAFFIC LANE,North,35,No,No,2018,HYUNDAI,TUSCON,39.05753833,-77.12624667,""(39.05753833, -77.12624667)"""
"DD55830085,230035194,Rockville Police Departme,Injury Crash,07/24/2023 10:52:00 AM,Maryland (State),HUNGERFORD DR,MANNAKEE ST,,ROCKVILLE,,SAME DIR REAR END,CLEAR,DRY,DAYLIGHT,TRAFFIC SIGNAL,NONE DETECTED,,4B1A7E9C-5622-4A23-A9A8-89EAFB0133E2,Yes,NO APPARENT INJURY,N/A,UNKNOWN,MD,6B91A603-035D-49E2-BFA6-3ACF583D6D6E,DISABLING,TWELVE OCLOCK,PASSENGER CAR,SLOWING OR STOPPING,North,35,No,No,2017,HONDA,FIT,39.09632033,-77.153139,""(39.09632033, -77.153139)"""
"MCP3256002M,230067843,Montgomery County Police,Injury Crash,11/22/2023 03:49:00 PM,County,BROADBIRCH DR,TECH RD,,N/A,,SAME DIR REAR END,CLEAR,DRY,DAYLIGHT,STOP SIGN,NONE DETECTED,,082CDB63-4444-4759-A960-ECE3044D5036,Yes,NO APPARENT INJURY,N/A,LOOKED BUT DID NOT SEE,GA,4EC0715E-AD12-4F79-A41E-91BF0643F531,NO DAMAGE,TWELVE OCLOCK,PICKUP TRUCK,ACCELERATING,West,30,No,No,2017,DODGE,RAM,39.05613633,-76.966032,""(39.05613633, -76.966032)"""
"MCP1314000H,18050085,Montgomery County Police,Property Damage Crash,10/06/2018 10:55:00 PM,,,,DRIVEWAY OF 9205 SEVEN LOCKS ROAD,,,SINGLE VEHICLE,CLEAR,,DARK LIGHTS ON,N/A,N/A,,FF5232BC-AD07-4CB1-AB33-48A4C481DB88,Yes,NO APPARENT INJURY,N/A,NOT DISTRACTED,MD,E78A070D-3D62-4AF1-A2E3-FD4171D08542,SUPERFICIAL,FIVE OCLOCK,AMBULANCE/EMERGENCY,BACKING,East,0,No,No,2017,DODGE,RAM,39.00718333,-77.15966333,""(39.00718333, -77.15966333)"""
"MCP24870039,230054462,Montgomery County Police,Injury Crash,09/12/2023 01:50:00 PM,County,RIVER RD,HUNTING QUARTER RD,,N/A,,HEAD ON LEFT TURN,CLEAR,DRY,DAYLIGHT,NO CONTROLS,NONE DETECTED,,5E53E078-01C6-40CA-B61A-6DE58EBC265E,Yes,POSSIBLE INJURY,N/A,LOOKED BUT DID NOT SEE,MD,ECCDB04E-6582-4CE0-992E-2D1C6E5CCC82,DISABLING,FIVE OCLOCK,PASSENGER CAR,MAKING LEFT TURN,West,50,No,No,2004,HONDA,CIVIC,39.08187667,-77.382855,""(39.08187667, -77.382855)"""
"MCP2835003B,230073403,Montgomery County Police,Property Damage Crash,12/23/2023 11:27:00 PM,Maryland (State),WISCONSIN AVE,WILLARD AVE,,N/A,,SAME DIRECTION SIDESWIPE,CLEAR,DRY,N/A,TRAFFIC SIGNAL,NONE DETECTED,,CB906FF3-B0D0-4FE0-8943-F7FBC0043DB3,No,NO APPARENT INJURY,N/A,NOT DISTRACTED,MD,8F0CF51A-46D2-4045-ACC0-F9136C80831C,SUPERFICIAL,TEN OCLOCK,PASSENGER CAR,MOVING CONSTANT SPEED,North,30,No,No,2017,HOND,SD,38.96182833,-77.08632667,""(38.96182833, -77.08632667)"""
"MCP3374001J,230067018,Montgomery County Police,Property Damage Crash,11/18/2023 12:43:00 AM,County,MONTROSE RD,TILDENWOOD DR,,N/A,,SINGLE VEHICLE,RAINING,WET,DARK LIGHTS ON,N/A,NONE DETECTED,,81C174CE-D9A8-4150-AE46-BA1A1E835272,Yes,NO APPARENT INJURY,""N/A, WET"",UNKNOWN,MD,F7AD579E-7460-4678-969C-0D4CEBB8AB4E,DESTROYED,TWELVE OCLOCK,PASSENGER CAR,MOVING CONSTANT SPEED,East,35,No,No,2007,INFINITI,4D,39.05344006,-77.13696582,""(39.05344006, -77.13696582)"""
"MCP2782004S,230049980,Montgomery County Police,Injury Crash,08/17/2023 06:39:00 PM,Maryland (State),GEORGIA AVE,KAYSON ST,,N/A,PEDESTRIAN,STRAIGHT MOVEMENT ANGLE,CLEAR,DRY,DAYLIGHT,NO CONTROLS,NONE DETECTED,NONE DETECTED,A5FAD529-5314-4E7F-B01D-22D476A428F3,No,SUSPECTED MINOR INJURY,N/A,NOT DISTRACTED,MD,87EF00D6-8475-43A8-AD69-D068AEDF0C38,FUNCTIONAL,TWELVE OCLOCK,PASSENGER CAR,MOVING CONSTANT SPEED,North,35,No,No,2001,FORD,2S,39.070845,-77.06336667,""(39.070845, -77.06336667)"""
"MCP32390036,230058442,Montgomery County Police,Property Damage Crash,10/04/2023 08:54:00 AM,County,LOCKWOOD DR,NEW HAMPSHIRE AVE,,N/A,,SAME DIRECTION RIGHT TURN,CLEAR,DRY,DAYLIGHT,TRAFFIC SIGNAL,NONE DETECTED,,B3FAFF5C-5989-4E9F-B4F1-E479825D4D0B,Yes,NO APPARENT INJURY,N/A,LOOKED BUT DID NOT SEE,MD,810A8AF8-F892-4796-9B1A-0C11B8609BD0,SUPERFICIAL,TEN OCLOCK,TRANSIT BUS,MOVING CONSTANT SPEED,South,30,No,No,2020,NOVA,BUS,39.03913467,-76.9917685,""(39.03913467, -76.9917685)"""
"MCP120500B8,230071634,Montgomery County Police,Property Damage Crash,12/14/2023 08:13:00 AM,Maryland (State),EAST WEST HWY,MEADOWBROOK LA,,N/A,,SAME DIR REAR END,CLEAR,ICE,DAYLIGHT,TRAFFIC SIGNAL,NONE DETECTED,,14241020-7106-4368-A8E6-A02A1AB9ED1F,No,NO APPARENT INJURY,""ICY OR SNOW-COVERED, N/A"",NOT DISTRACTED,MD,9FBFA522-3F85-412E-BFC3-AAB39C5786AA,FUNCTIONAL,SIX OCLOCK,PASSENGER CAR,SLOWING OR STOPPING,West,30,No,No,2021,TOYOTA,HIGHLANDER,38.99283667,-77.06042,""(38.99283667, -77.06042)"""
"MCP30850043,230056843,Montgomery County Police,Property Damage Crash,09/25/2023 06:19:00 PM,,,,""PARKING LOT OF 5022 NICHOLSON LN. ROCKVILLE, MD 20852"",,,OTHER,RAINING,,DAYLIGHT,N/A,NONE DETECTED,,E8F8DA9D-43BC-433F-833D-2C7B73F68B32,Yes,NO APPARENT INJURY,""N/A, RAIN, SNOW"",OTHER DISTRACTION,MD,7B9E9DA1-3485-4A74-A811-2550E7A6D4C9,FUNCTIONAL,TWELVE OCLOCK,PASSENGER CAR,PARKING,East,25,No,No,2018,TESLA,4S,39.04619167,-77.103105,""(39.04619167, -77.103105)"""
"MCP1378015X,230059704,Montgomery County Police,Injury Crash,10/10/2023 05:03:00 PM,County,WAYNE AVE,DALE DR,,N/A,,ANGLE MEETS LEFT HEAD ON,CLEAR,DRY,DAYLIGHT,TRAFFIC SIGNAL,NONE DETECTED,,787071C8-BE03-4BAD-8D51-2F3E52882AEC,No,NO APPARENT INJURY,N/A,NOT DISTRACTED,MD,98F39CF2-8CB8-42F3-87C2-88EB8F56BB87,SUPERFICIAL,SEVEN OCLOCK,PASSENGER CAR,STOPPED IN TRAFFIC LANE,West,30,No,No,2003,INFI,G35,38.99930583,-77.0171455,""(38.99930583, -77.0171455)"""
"MCP3086009S,230070585,Montgomery County Police,Property Damage Crash,12/08/2023 11:50:00 AM,,FLOWER HILL WAY,ENR TO FLOWER HILL SHOPPING,,N/A,,STRAIGHT MOVEMENT ANGLE,CLEAR,DRY,DAYLIGHT,STOP SIGN,NONE DETECTED,,5084D787-7954-4C81-9FAE-A2705758EA3F,Yes,NO APPARENT INJURY,N/A,LOOKED BUT DID NOT SEE,MD,7037DEF9-89D9-496E-AFE7-714A10F2EC2F,DISABLING,TWELVE OCLOCK,PASSENGER CAR,MOVING CONSTANT SPEED,South,25,No,No,2023,LEXS,SD,39.15544217,-77.164679,""(39.15544217, -77.164679)"""
"MCP33670018,230055278,Montgomery County Police,Property Damage Crash,09/16/2023 07:15:00 PM,US (State),COLESVILLE RD,FENTON ST,,N/A,,SAME DIRECTION SIDESWIPE,N/A,DRY,DARK LIGHTS ON,TRAFFIC SIGNAL,N/A,,58B6D6F8-2DFB-4145-9127-58724A2D38BA,Yes,NO APPARENT INJURY,N/A,NOT DISTRACTED,MD,3F764AD1-9D2D-40F2-B7ED-EF2BF1E62AB6,NO DAMAGE,ONE OCLOCK,PASSENGER CAR,MOVING CONSTANT SPEED,South,30,No,No,2014,TOYOTA,4S,38.99808167,-77.02684167,""(38.99808167, -77.02684167)"""
"MCP31090088,230051456,Montgomery County Police,Injury Crash,08/26/2023 11:35:00 AM,Maryland (State),UNIVERSITY BLVD E,COLESVILLE RD,,N/A,,SAME DIR REAR END,CLEAR,DRY,DAYLIGHT,TRAFFIC SIGNAL,NONE DETECTED,,75042F78-9353-452F-B697-BB0D3AD4F812,Yes,NO APPARENT INJURY,N/A,UNKNOWN,MD,59B46B03-F71F-4982-8EFD-E81BA91CC2AF,SUPERFICIAL,TWELVE OCLOCK,PICKUP TRUCK,SLOWING OR STOPPING,East,35,No,No,2008,FORD,F250,39.02024417,-77.0134495,""(39.02024417, -77.0134495)"""
"MCP2780007D,230061496,Montgomery County Police,Injury Crash,10/19/2023 05:45:00 PM,,SNOWDEN FARM PARKWAY,EMERALD GREEN WAY,,N/A,,STRAIGHT MOVEMENT ANGLE,CLOUDY,DRY,DAYLIGHT,STOP SIGN,NONE DETECTED,,FC58D1A7-DC7E-4CC7-B61F-E35EF6639321,Yes,POSSIBLE INJURY,N/A,LOOKED BUT DID NOT SEE,MD,6BA6066F-203D-469F-ACAE-C3DC1987F9F6,FUNCTIONAL,TWELVE OCLOCK,(SPORT) UTILITY VEHICLE,MAKING LEFT TURN,West,40,No,No,2023,BWM,X3,39.22346567,-77.24439417,""(39.22346567, -77.24439417)"""
"MCP3113005R,230073129,Montgomery County Police,Property Damage Crash,12/22/2023 12:15:00 PM,County,BROADBIRCH DR,PLUM ORCHARD DR,,N/A,,HEAD ON LEFT TURN,CLEAR,DRY,DAYLIGHT,STOP SIGN,N/A,,FEA47F1D-84C2-4D8D-A02F-2A6F33094657,Yes,NO APPARENT INJURY,N/A,LOOKED BUT DID NOT SEE,MD,7175A272-1C12-4E3A-B871-B58CE7707A9F,DISABLING,EIGHT OCLOCK,PASSENGER CAR,MAKING LEFT TURN,South,30,No,No,2022,HONDA,CRV,39.05575411,-76.95602575,""(39.05575411, -76.95602575)"""
"MCP3207003H,230052485,Montgomery County Police,Property Damage Crash,08/31/2023 03:10:00 PM,County,LOCKWOOD DR,HEATHER HOLLOW CIR,,N/A,,OPPOSITE DIRECTION SIDESWIPE,CLEAR,DRY,DAYLIGHT,N/A,NONE DETECTED,,2062C5EB-A850-4A08-9E8F-1A67D8DDEA5C,No,NO APPARENT INJURY,N/A,NOT DISTRACTED,MD,7BD3A528-CD00-47BB-B00C-D79B3D8FEB92,FUNCTIONAL,NINE OCLOCK,PASSENGER CAR,STOPPED IN TRAFFIC LANE,North,25,No,No,2018,JEEP,UT,39.04141017,-76.982819,""(39.04141017, -76.982819)"""
"MCP3305002J,230051390,Montgomery County Police,Property Damage Crash,08/25/2023 11:38:00 PM,County,CARROLL AVE,OSAGE ST,,N/A,,SAME DIR BOTH LEFT TURN,CLEAR,DRY,DARK LIGHTS ON,NO CONTROLS,NONE DETECTED,,ADEF2930-679F-4CC3-B148-C0866E669F2B,Yes,NO APPARENT INJURY,N/A,LOOKED BUT DID NOT SEE,MD,7727BAB9-8EDF-4668-B5AE-2D3D5951BA9E,DISABLING,ONE OCLOCK,PASSENGER CAR,MOVING CONSTANT SPEED,North,25,No,No,2017,MAZDA,MAZDA6,38.99546667,-76.99230333,""(38.99546667, -76.99230333)"""
"MCP32270050,230064058,Montgomery County Police,Property Damage Crash,11/02/2023 06:56:00 PM,Maryland (State),PINEY BRANCH RD,SLIGO CREEK PKWY,,N/A,,SAME DIR REND LEFT TURN,CLEAR,DRY,DARK LIGHTS ON,TRAFFIC SIGNAL,N/A,,2346BBA6-5272-4A56-947F-9EF71191A6BA,Yes,NO APPARENT INJURY,N/A,UNKNOWN,,8CBCBAE3-55CC-4669-BE59-13DB5BC1A15B,UNKNOWN,ELEVEN OCLOCK,PASSENGER CAR,CHANGING LANES,North,35,No,No,2004,MAZDA,TRIBUTE,38.9958702,-77.00601348,""(38.9958702, -77.00601348)"""
"MCP2187001T,230069057,Montgomery County Police,Injury Crash,11/30/2023 09:20:00 AM,County,GAME PRESERVE RD,CLOPPER RD,,N/A,,HEAD ON LEFT TURN,CLEAR,DRY,DAYLIGHT,NO CONTROLS,NONE DETECTED,,F34B0E58-9FB9-41A3-BC83-1A5286A1583F,Yes,SUSPECTED MINOR INJURY,N/A,LOOKED BUT DID NOT SEE,MD,4ED9C8FF-3D63-4490-90FE-2568A11C8E48,DISABLING,TWELVE OCLOCK,PASSENGER CAR,MOVING CONSTANT SPEED,North,35,No,No,2012,VW,JETTA,39.14971167,-77.24324667,""(39.14971167, -77.24324667)"""
"MCP3174004N,230069055,Montgomery County Police,Property Damage Crash,11/30/2023 08:32:00 AM,Municipality,FIRSTFIELD RD,QUINCE ORCHARD RD,,N/A,,SAME DIRECTION SIDESWIPE,CLEAR,DRY,DAYLIGHT,TRAFFIC SIGNAL,N/A,,601CD84D-F757-40ED-985D-504DAC0C7F2F,No,NO APPARENT INJURY,N/A,NOT DISTRACTED,MD,D50D9788-7F53-4B0B-86DE-0E940EB6FAC4,SUPERFICIAL,SEVEN OCLOCK,SCHOOL BUS,STARTING FROM LANE,South,30,No,No,2016,THOMAS,BU,39.14527514,-77.22080099,""(39.14527514, -77.22080099)"""
"MCP137800L6,180023689,Montgomery County Police,Property Damage Crash,05/14/2018 02:40:00 PM,,,,PARKING LOT OF 119 FREDERICK RD,,,SINGLE VEHICLE,CLOUDY,,DAYLIGHT,N/A,UNKNOWN,,069A023D-2F55-411D-8E4A-39677700ED2E,Yes,NO APPARENT INJURY,N/A,UNKNOWN,,0C84363C-7532-4E2E-9165-9799D1274960,DISABLING,UNDERSIDE,PASSENGER CAR,ACCELERATING,North,5,No,No,2008,LINCOLN,TOWN CAR,39.1436409,-77.20050395,""(39.1436409, -77.20050395)"""