Report Number,Local Case Number,Agency Name,ACRS Report Type,Crash Date/Time,Route Type,Road Name,Cross-Street Name,Off-Road Description,Municipality,Related Non-Motorist,Collision Type,Weather,Surface Condition,Light,Traffic Control,Driver Substance Abuse,Non-Motorist Substance Abuse,Person ID,Driver At Fault,Injury Severity,Circumstance,Driver Distracted By,Drivers License State,Vehicle ID,Vehicle Damage Extent,Vehicle First Impact Location,Vehicle Body Type,Vehicle Movement,Vehicle Going Dir,Speed Limit,Driverless Vehicle,Parked Vehicle,Vehicle Year,Vehicle Make,Vehicle Model,Latitude,Longitude,Location
"MCP30890044,230060286,Montgomery County Police,Property Damage Crash,10/13/2023 11:59:00 AM,County,WAYNE AVE,GEORGIA AVE,,N/A,,OTHER,CLEAR,DRY,DAYLIGHT,TRAFFIC SIGNAL,N/A,,B4E86E6C-6517-4787-92C0-94AB5FBD0968,Unknown,NO APPARENT INJURY,N/A,LOOKED BUT DID NOT SEE,MD,D7EA0987-E2CF-447E-B79B-EDBACF2BA1EA,FUNCTIONAL,TWO OCLOCK,TRANSIT BUS,N/A,East,10,No,No,2000,GILL,BUS,38.994285,-77.02699667,""(38.994285, -77.02699667)"""
"DD5664000W,230051219,Rockville Police Departme,Injury Crash,08/25/2023 07:33:00 AM,Maryland (State),ROCKVILLE PIKE,VEIRS MILL RD,,N/A,,OTHER,CLOUDY,WET,DAYLIGHT,N/A,NONE DETECTED,,BA2BC60A-C56B-4533-A19A-AB42BA96EFBD,No,POSSIBLE INJURY,""N/A, WET"",NOT DISTRACTED,DC,56CD6812-29D3-4B5D-8D07-A03EF5CE582C,SUPERFICIAL,TWELVE OCLOCK,TRANSIT BUS,STOPPED IN TRAFFIC LANE,South,35,No,No,2019,BU,BUS,39.08155936,-77.14594738,""(39.08155936, -77.14594738)"""
"MCP285900FB,230068638,Montgomery County Police,Property Damage Crash,11/28/2023 06:30:00 AM,,,,""PARKING LOT OF 17124 KING JAMES WAY, GAITHERSBURG, MD 20878"",,,OTHER,CLOUDY,,DARK LIGHTS ON,NO CONTROLS,NONE DETECTED,,CD0989DD-FAB2-4931-9BE8-8217FBA51CE4,No,NO APPARENT INJURY,N/A,NOT DISTRACTED,MD,FE5DE897-F345-41BD-8074-AE78D2949F96,SUPERFICIAL,ONE OCLOCK,PASSENGER CAR,SLOWING OR STOPPING,East,25,No,No,2006,INFI,SEDAN,39.13763183,-77.2073,""(39.13763183, -77.2073)"""
"DM8522000Q,230047489,Takoma Park Police Depart,Property Damage Crash,08/02/2023 04:42:00 PM,,,,920 EAST WEST HIGHWAY CROWN GAS STATION LOT,,,OTHER,CLEAR,,DAYLIGHT,NO CONTROLS,UNKNOWN,,3E131E9B-7DC9-42B6-AC0E-8482D0A4E83A,Yes,NO APPARENT INJURY,N/A,UNKNOWN,,463D6435-C227-47EE-9E94-0DB77249FB16,UNKNOWN,UNKNOWN,(SPORT) UTILITY VEHICLE,ACCELERATING,South,5,No,No,2007,BMW,X5,38.97555833,-76.99300783,""(38.97555833, -76.99300783)"""
"MCP3140002G,230060402,Montgomery County Police,Injury Crash,10/13/2023 09:30:00 PM,Maryland (State),EAST WEST HWY,ROSEMARY HILLS RD,,N/A,,SAME DIR REAR END,CLEAR,DRY,DARK LIGHTS ON,TRAFFIC SIGNAL,N/A,,47C8EDD0-B9B5-4108-B98F-2DA70B8B03C8,Yes,POSSIBLE INJURY,N/A,UNKNOWN,MD,5BB7A7DB-2EF2-4D3C-814D-06D9FC07EAB8,FUNCTIONAL,TWELVE OCLOCK,PASSENGER CAR,OTHER,West,35,No,No,2012,NISSAN,MAXIMA,38.99565002,-77.04205565,""(38.99565002, -77.04205565)"""
"EJ7887002R,230047653,Gaithersburg Police Depar,Injury Crash,08/03/2023 03:40:00 PM,County,MUDDY BRANCH RD,WEST SIDE DR,,GAITHERSBURG,,STRAIGHT MOVEMENT ANGLE,CLOUDY,DRY,DAYLIGHT,TRAFFIC SIGNAL,NONE DETECTED,,CDB4F57D-1F27-4E7A-81EA-A7F1FEB2404F,Yes,NO APPARENT INJURY,N/A,NOT DISTRACTED,MD,AE0980BB-BA73-4443-9818-813D14A4509A,DISABLING,FOUR OCLOCK,(SPORT) UTILITY VEHICLE,MAKING LEFT TURN,West,35,No,No,2008,HOND,TK,39.12728747,-77.20937108,""(39.12728747, -77.20937108)"""
"MCP1563008R,230057550,Montgomery County Police,Injury Crash,09/29/2023 05:18:00 PM,,,,SIDEWALK/PAVED PATH IN FRONT OF 9111 RIVER RD. DRIVEWAY ADJACENT TO ROADWAY,,BICYCLIST,STRAIGHT MOVEMENT ANGLE,CLOUDY,,DAYLIGHT,STOP SIGN,NONE DETECTED,NONE DETECTED,6E7EDEE3-C471-4431-988E-B00174DC7A5E,Yes,NO APPARENT INJURY,N/A,LOOKED BUT DID NOT SEE,MD,D6BDC8CB-BAEB-4C98-9B3D-9F7428A6C5F9,SUPERFICIAL,TWELVE OCLOCK,PASSENGER CAR,STARTING FROM LANE,South,0,No,No,2021,TOYT,PV,39.00456,-77.18641167,""(39.00456, -77.18641167)"""
"MCP3360000S,230051475,Montgomery County Police,Property Damage Crash,08/26/2023 01:07:00 PM,Maryland (State),MONTGOMERY VILLAGE AVE,CHRISTOPHER AVE,,N/A,,SAME DIRECTION SIDESWIPE,CLEAR,DRY,DAYLIGHT,TRAFFIC SIGNAL,NONE DETECTED,,CED4439F-46C9-40AE-8BA0-BDC7E10432B5,No,NO APPARENT INJURY,N/A,NOT DISTRACTED,MD,3A613CAF-6BDD-4E66-A186-826A4E3BBFA6,SUPERFICIAL,TWO OCLOCK,PASSENGER CAR,MOVING CONSTANT SPEED,South,35,No,No,2013,DODG,PV,39.15894,-77.20306167,""(39.15894, -77.20306167)"""
"MCP12600018,230070839,Montgomery County Police,Property Damage Crash,12/09/2023 11:49:00 PM,Maryland (State),RIDGE RD,BELLISON RD,,N/A,,SINGLE VEHICLE,CLEAR,DRY,DARK LIGHTS ON,NO CONTROLS,NONE DETECTED,,D89291EE-D9D0-4117-B4E2-9F6EC18A7E66,Yes,NO APPARENT INJURY,N/A,NOT DISTRACTED,MD,F81CD1D9-5C48-4F4A-B1C4-6079E55C4562,DESTROYED,TWELVE OCLOCK,(SPORT) UTILITY VEHICLE,MOVING CONSTANT SPEED,South,40,No,No,2016,TOYOTA,HIGHLANDER,39.30669383,-77.19771233,""(39.30669383, -77.19771233)"""
"MCP1389001R,180032305,Montgomery County Police,Property Damage Crash,06/30/2018 04:05:00 PM,,,,""DRIVEWAY OF 19013 THRESHING PLACE MONTGOMERY VILLAGE, MD 20886"",,,SAME DIR REAR END,CLEAR,,DAYLIGHT,N/A,NONE DETECTED,,1543648B-7387-4F13-BAD4-15E39551AF08,No,NO APPARENT INJURY,N/A,NOT DISTRACTED,MD,CF8BAD97-D688-4591-B4BC-5C0E6D896294,SUPERFICIAL,SIX OCLOCK,PASSENGER CAR,SLOWING OR STOPPING,Unknown,0,No,No,2007,HYUNDAI,SONATA,39.16795913,-77.19396472,""(39.16795913, -77.19396472)"""
"MCP3145003J,230031387,Montgomery County Police,Injury Crash,07/01/2023 06:00:00 AM,Maryland (State),NEW HAMPSHIRE AVE,RUPPERT RD,,N/A,,HEAD ON LEFT TURN,CLEAR,DRY,DAWN,NO CONTROLS,NONE DETECTED,,EB35449B-1138-4CC0-9C0B-E82AF698C151,Yes,SUSPECTED MINOR INJURY,N/A,NOT DISTRACTED,VA,F011D368-EA9A-457D-9D83-5625A8343B5D,DESTROYED,TWELVE OCLOCK,PASSENGER CAR,MOVING CONSTANT SPEED,South,40,No,No,2015,INFINITY,4D,39.03218333,-76.984975,""(39.03218333, -76.984975)"""
"MCP9429000K,230068089,Montgomery County Police,Property Damage Crash,11/24/2023 03:20:00 PM,US (State),COLESVILLE RD,GEORGIA AVE,,N/A,,SAME DIR BOTH LEFT TURN,CLEAR,DRY,DAYLIGHT,TRAFFIC SIGNAL,NONE DETECTED,,804FCBAE-6AB0-402C-97EB-8B8FDA23F2CA,No,NO APPARENT INJURY,N/A,NOT DISTRACTED,MD,7E75F3C8-2158-44CE-9D05-CA4033F58273,SUPERFICIAL,TWO OCLOCK,PASSENGER CAR,MAKING LEFT TURN,West,35,No,No,2022,CHEVROLET,EQUINOX,38.99630592,-77.02798146,""(38.99630592, -77.02798146)"""
"MCP2905005X,230054776,Montgomery County Police,Injury Crash,09/14/2023 08:35:00 AM,Maryland (State),BRADLEY BLVD,VALLEY RD,,N/A,,SAME DIR REAR END,CLEAR,DRY,DAYLIGHT,NO CONTROLS,N/A,,48E8B498-583C-4822-9996-11A6C634764E,No,NO APPARENT INJURY,N/A,NOT DISTRACTED,MD,98A88D19-4EA0-4368-9EE1-BA7800CB5560,FUNCTIONAL,SIX OCLOCK,VAN,SLOWING OR STOPPING,South,35,No,No,2003,CHEV,EXPRESS,38.99554474,-77.12560609,""(38.99554474, -77.12560609)"""
"MCP3160004W,230062384,Montgomery County Police,Property Damage Crash,10/24/2023 08:15:00 PM,County,NICHOLSON LA,EXECUTIVE BLVD,,N/A,,OPPOSITE DIRECTION SIDESWIPE,CLEAR,DRY,DARK LIGHTS ON,FLASHING TRAFFIC SIGNAL,NONE DETECTED,,AA56A864-E6F8-4A48-AC31-9045E5789CDA,Yes,NO APPARENT INJURY,N/A,LOOKED BUT DID NOT SEE,MD,13B77858-0C71-4861-8B19-219D269CC1C4,DISABLING,ELEVEN OCLOCK,PASSENGER CAR,MOVING CONSTANT SPEED,West,30,No,No,2007,HYUNDAI,SANTA FE,39.04500333,-77.11670533,""(39.04500333, -77.11670533)"""
"MCP291400F5,230059782,Montgomery County Police,Injury Crash,10/11/2023 01:13:00 AM,Maryland (State),GEORGIA AVE,COLESVILLE RD,,N/A,,OTHER,CLEAR,N/A,DARK LIGHTS ON,N/A,N/A,,49264C76-6A61-436F-ADF9-977377D05397,No,POSSIBLE INJURY,N/A,NOT DISTRACTED,MD,37AD2CE5-75FF-40D5-B545-16EC2AE534A3,DISABLING,ELEVEN OCLOCK,PASSENGER CAR,MOVING CONSTANT SPEED,North,30,No,No,2012,INFI,G37,39.013425,-77.00425333,""(39.013425, -77.00425333)"""
"MCP26940030,230054745,Montgomery County Police,Property Damage Crash,09/13/2023 01:30:00 AM,Interstate (State),EISENHOWER MEMORIAL HWY,RAMP 5 FR IS 270 SB TO SHADY GROVE RD,,N/A,,SINGLE VEHICLE,RAINING,WET,DARK -- UNKNOWN LIGHTING,NO CONTROLS,NONE DETECTED,,19CAB8B6-D37F-4AA4-988D-4DE6184B3C58,Yes,NO APPARENT INJURY,""RAIN, SNOW, WET"",NOT DISTRACTED,MD,36DB1F81-5F64-4B7D-8534-287EDAA8BD24,FUNCTIONAL,TEN OCLOCK,POLICE VEHICLE/NON EMERGENCY,SLOWING OR STOPPING,South,25,No,No,2021,CHEVROLET,BLAZER,39.11185064,-77.18970123,""(39.11185064, -77.18970123)"""
"MCP30910043,230054254,Montgomery County Police,Property Damage Crash,09/11/2023 01:20:00 PM,,,,IFO THE PARKING GARAGE AT FLEET STREET.,,,OTHER,CLEAR,,DAYLIGHT,OTHER,N/A,,E0D17E98-8AC7-48DC-AABA-1EB842AA869B,Yes,NO APPARENT INJURY,N/A,UNKNOWN,MD,826AB5EE-D82D-43E0-BAFD-E52F4B1CDDC4,SUPERFICIAL,SIX OCLOCK,PASSENGER CAR,BACKING,North,0,No,No,2016,TOYOTA,RAV4,39.0818055,-77.15076433,""(39.0818055, -77.15076433)"""
"MCP2314002R,230067652,Montgomery County Police,Property Damage Crash,11/21/2023 02:20:00 PM,Maryland (State),FALLS RD,WOOTTON PKWY,,ROCKVILLE,,SAME DIRECTION SIDESWIPE,RAINING,WET,DAYLIGHT,TRAFFIC SIGNAL,NONE DETECTED,,6F6D845C-0D06-4A64-AA12-9A921BE0D9C3,Yes,NO APPARENT INJURY,N/A,NOT DISTRACTED,MD,C73A49F6-79B8-48CD-9969-6CE59169D46D,SUPERFICIAL,SEVEN OCLOCK,""CARGO VAN/LIGHT TRUCK 2 AXLES (OVER 10,000LBS (4,536 KG))"",CHANGING LANES,South,35,No,No,2015,FORD,ECONOLINE,39.07030433,-77.169263,""(39.07030433, -77.169263)"""
"MCP3130005M,220050594,Montgomery County Police,Injury Crash,11/16/2022 08:07:00 AM,Maryland (State),VEIRS MILL RD,ROBINDALE DR,,N/A,,STRAIGHT MOVEMENT ANGLE,CLEAR,DRY,N/A,TRAFFIC SIGNAL,NONE DETECTED,,5D7ED765-D91A-4FE5-B987-2B414BF58DEA,Yes,NO APPARENT INJURY,N/A,OTHER DISTRACTION,MD,0ED79E17-E9E5-4DBB-8E26-0CA5CE36A9FB,SUPERFICIAL,FOUR OCLOCK,PASSENGER CAR,MOVING CONSTANT SPEED,East,45,No,No,2015,HYUN,ACCENT,39.0638245,-77.094635,""(39.0638245, -77.094635)"""
"MCP3010008P,230055747,Montgomery County Police,Property Damage Crash,09/19/2023 12:56:00 PM,Maryland (State),OLD GEORGETOWN RD,ROCK SPRING DR,,N/A,,STRAIGHT MOVEMENT ANGLE,CLEAR,DRY,DAYLIGHT,TRAFFIC SIGNAL,N/A,,4DFD479B-FEA4-4D69-810D-56CD102B127A,Yes,NO APPARENT INJURY,N/A,LOOKED BUT DID NOT SEE,MD,A0E9AD5C-8294-4AD0-BB12-267493835528,FUNCTIONAL,TWELVE OCLOCK,PASSENGER CAR,MOVING CONSTANT SPEED,North,30,No,No,2015,CHEV,VN,39.02708167,-77.12622667,""(39.02708167, -77.12622667)"""
"MCP3165004V,230061800,Montgomery County Police,Property Damage Crash,10/21/2023 02:30:00 AM,Maryland (State),CONNECTICUT AVE,JONES BRIDGE RD,,N/A,,SAME DIR REAR END,N/A,DRY,DARK LIGHTS ON,NO CONTROLS,UNKNOWN,,9905550E-707E-4A77-9D90-3990D179A8C3,No,NO APPARENT INJURY,N/A,NOT DISTRACTED,MD,6DC12C15-3154-4E78-8FCD-362DF223044D,SUPERFICIAL,SIX OCLOCK,PASSENGER CAR,SLOWING OR STOPPING,North,45,No,No,2012,LEXS,UT,38.99974598,-77.0767466,""(38.99974598, -77.0767466)"""
"MCP2770003L,230063993,Montgomery County Police,Property Damage Crash,11/02/2023 02:50:00 AM,County,MONTGOMERY VILLAGE AVE,MEADOWCROFT LA,,N/A,,STRAIGHT MOVEMENT ANGLE,N/A,DRY,DUSK,NO CONTROLS,N/A,,400FEEE1-C9D9-4EF3-8C50-9F40CE8CA39A,No,NO APPARENT INJURY,N/A,NOT DISTRACTED,MD,C2CCFFB0-FEAB-4A75-8E86-BC92C4982625,DISABLING,TWELVE OCLOCK,PASSENGER CAR,MOVING CONSTANT SPEED,North,35,No,No,2009,KIA,SPECTA,39.18449667,-77.19876833,""(39.18449667, -77.19876833)"""
"DD5502007S,230053574,Rockville Police Departme,Property Damage Crash,09/07/2023 08:13:00 AM,Maryland (State),VEIRS MILL RD,BROADWOOD DR,,ROCKVILLE,,SAME DIRECTION SIDESWIPE,CLEAR,DRY,DAYLIGHT,NO CONTROLS,NONE DETECTED,,FE79A28A-14ED-464B-8F93-DD3AA0FD37DE,No,NO APPARENT INJURY,N/A,NOT DISTRACTED,MD,92F2D831-4CC3-4A95-9153-34E7872C0301,DISABLING,ONE OCLOCK,VAN,MOVING CONSTANT SPEED,West,40,No,No,2014,HONDA,VA,39.07686743,-77.12256388,""(39.07686743, -77.12256388)"""
"MCP3279002X,230070687,Montgomery County Police,Property Damage Crash,12/08/2023 06:03:00 PM,Maryland (State),VEIRS MILL RD,CONNECTICUT AVE,,N/A,,SAME DIRECTION SIDESWIPE,CLEAR,DRY,DARK LIGHTS ON,N/A,N/A,,5884FA56-BAB5-45FF-9917-CAE329C4094A,Yes,NO APPARENT INJURY,N/A,UNKNOWN,MD,C2E0B0D2-D04F-4036-A174-5DC080E2209D,SUPERFICIAL,NINE OCLOCK,PASSENGER CAR,ENTERING TRAFFIC LANE,East,40,No,No,2017,HONDA,ACCORD,39.05105542,-77.07414728,""(39.05105542, -77.07414728)"""
"MCP31630063,230058588,Montgomery County Police,Property Damage Crash,10/04/2023 08:39:00 PM,County,PARKLAWN DR,RANDOLPH RD,,N/A,,SAME DIRECTION SIDESWIPE,CLEAR,N/A,DARK LIGHTS ON,TRAFFIC SIGNAL,N/A,,57DCDF2F-38F0-4E55-9A36-699EBE662CD8,Yes,NO APPARENT INJURY,N/A,LOOKED BUT DID NOT SEE,,6D7B24DA-E2C5-47F2-9581-7BEE0DEA3F5A,SUPERFICIAL,SEVEN OCLOCK,UNKNOWN,MAKING RIGHT TURN,East,35,No,No,0,UNKNOWN,UNKNOWN,39.05343433,-77.10644667,""(39.05343433, -77.10644667)"""
"EJ7864002C,200010655,Gaithersburg Police Depar,Property Damage Crash,03/03/2020 08:23:00 PM,County,WASHINGTONIAN BLVD,SAM EIG HWY,,N/A,,STRAIGHT MOVEMENT ANGLE,RAINING,WET,DARK LIGHTS ON,TRAFFIC SIGNAL,N/A,,93D91196-FCA3-409A-838E-75BFAB63F256,Yes,NO APPARENT INJURY,""N/A, WET"",UNKNOWN,SC,9F172A15-13FF-46E8-B787-58FA762D9F3D,DISABLING,ELEVEN OCLOCK,PASSENGER CAR,MOVING CONSTANT SPEED,North,15,No,No,2007,SCION,TC,39.11783167,-77.20612667,""(39.11783167, -77.20612667)"""
"DD5607004F,230054011,Rockville Police Departme,Property Damage Crash,09/09/2023 06:20:00 PM,Maryland (State),FREDERICK RD,KING FARM BLVD,,ROCKVILLE,,HEAD ON LEFT TURN,RAINING,WET,DAYLIGHT,TRAFFIC SIGNAL,NONE DETECTED,,CB1FAE48-ED7F-45DF-8808-7C4638DEDB26,Yes,NO APPARENT INJURY,""RAIN, SNOW, WET"",LOOKED BUT DID NOT SEE,MD,A2C6C627-4A57-40CF-B893-C907B973FA26,DISABLING,FOUR OCLOCK,PASSENGER CAR,MAKING LEFT TURN,North,40,No,No,2020,MERZ,UT,39.11723817,-77.16922483,""(39.11723817, -77.16922483)"""
"MCP115100D7,230046290,Montgomery County Police,Property Damage Crash,07/25/2023 08:00:00 AM,US (State),COLESVILLE RD,GEORGIA AVE,,N/A,,SAME DIRECTION LEFT TURN,CLEAR,DRY,DAYLIGHT,OTHER,NONE DETECTED,,F9AB0E9C-B42B-4B75-AF11-F0D3F7B3B062,Unknown,NO APPARENT INJURY,N/A,NOT DISTRACTED,MD,CD4C7B92-7B7F-46E6-9801-05241D4459C4,NO DAMAGE,NINE OCLOCK,TRANSIT BUS,CHANGING LANES,South,30,No,No,2013,GILL,LOW FLOOR,38.99662,-77.02769667,""(38.99662, -77.02769667)"""
"MCP2563001L,230017107,Montgomery County Police,Injury Crash,04/10/2023 04:21:00 PM,Maryland (State),MUNCASTER MILL RD,STRUC #15015 ROCK CREEK,,N/A,PEDESTRIAN,SINGLE VEHICLE,CLEAR,DRY,DAYLIGHT,WARNING SIGN,NONE DETECTED,NONE DETECTED,F5EB4D38-9F31-4D82-B77A-63C34A30FB1C,No,NO APPARENT INJURY,N/A,UNKNOWN,MD,CA43BD6E-D4AE-4130-BD65-08A0FF733A02,FUNCTIONAL,TWELVE OCLOCK,PASSENGER CAR,MOVING CONSTANT SPEED,East,40,No,No,2005,TOYOTA,COROLLA,39.13764511,-77.12946041,""(39.13764511, -77.12946041)"""
"MCP3244002N,230053225,Montgomery County Police,Property Damage Crash,09/05/2023 09:46:00 AM,US (State),GEORGIA AVE,WASH DC LINE,,N/A,,SAME DIRECTION SIDESWIPE,CLEAR,DRY,DAYLIGHT,NO CONTROLS,NONE DETECTED,,B816FB47-331A-45AC-B166-02571A66EB10,Yes,NO APPARENT INJURY,N/A,NOT DISTRACTED,MD,2A2C5205-5875-47EB-8788-66A4583E13FE,SUPERFICIAL,TEN OCLOCK,PICKUP TRUCK,MOVING CONSTANT SPEED,South,30,No,No,2014,FORD,F150,38.98516383,-77.02663933,""(38.98516383, -77.02663933)"""
"MCP31620054,230070371,Montgomery County Police,Property Damage Crash,12/07/2023 10:45:00 AM,Maryland (State),GEORGIA AVE,PLYERS MILL RD,,N/A,,SAME DIRECTION SIDESWIPE,CLEAR,DRY,DAYLIGHT,TRAFFIC SIGNAL,NONE DETECTED,,95F2D5A9-D2C3-40B5-A9CE-E6F3E2FA081F,No,NO APPARENT INJURY,N/A,NOT DISTRACTED,MD,0AD51CE4-23BF-4B90-9840-0CF8F9DC5A5F,SUPERFICIAL,TEN OCLOCK,PASSENGER CAR,SLOWING OR STOPPING,North,35,No,No,2014,JEEP,GRAND CHEROKEE,39.029735,-77.04858167,""(39.029735, -77.04858167)"""
"MCP3288000C,210003837,Montgomery County Police,Property Damage Crash,01/30/2021 09:34:00 AM,,,,PARKING LOT OF 8751 SNOUFFER SCHOOL RD,,,OPPOSITE DIRECTION SIDESWIPE,CLEAR,,DAYLIGHT,NO CONTROLS,NONE DETECTED,,8ACA3556-1FAF-4AB2-B151-C50972F4113A,Yes,NO APPARENT INJURY,N/A,LOOKED BUT DID NOT SEE,MD,884DBCBA-FE0C-4974-AB27-6A3EDA8A6AA6,FUNCTIONAL,FOUR OCLOCK,FIRE VEHICLE/NON EMERGENCY,MOVING CONSTANT SPEED,West,0,No,No,2008,SPAR,TK,39.17607013,-77.17570462,""(39.17607013, -77.17570462)"""
"MCP3279002M,230055616,Montgomery County Police,Property Damage Crash,09/18/2023 06:27:00 PM,,ARCOLA AVENUE,HERMITAGE AVENUE,,N/A,,SAME DIR REAR END,CLEAR,DRY,DAYLIGHT,YIELD SIGN,N/A,,4DEDFD59-2628-43AF-83BE-02AE7670668C,Yes,NO APPARENT INJURY,""N/A, V WIPERS|W OTHER ENVIRONMENTAL"",UNKNOWN,DC,FB80A8B3-C755-45F2-AC4C-070D986279F3,DISABLING,TWELVE OCLOCK,PASSENGER CAR,SLOWING OR STOPPING,West,30,No,No,2020,MITSUBISHI,ECLIPSE CROSS,39.04714172,-77.05043886,""(39.04714172, -77.05043886)"""
"MCP2686006R,230069145,Montgomery County Police,Property Damage Crash,11/30/2023 03:36:00 PM,County,CENTURY BLVD,ENT TO SHOPPING CENTER,,N/A,,SAME DIRECTION RIGHT TURN,CLEAR,DRY,DAYLIGHT,NO CONTROLS,NONE DETECTED,,D5F15FC4-7520-4434-A946-9127F598400F,No,NO APPARENT INJURY,N/A,NOT DISTRACTED,MD,38452936-5746-4298-9BF8-B60C3504693D,SUPERFICIAL,TEN OCLOCK,TRANSIT BUS,MOVING CONSTANT SPEED,North,25,No,No,2013,GILLG,G27E102W2,39.18339333,-77.26257567,""(39.18339333, -77.26257567)"""
"MCP9386007L,200034020,Montgomery County Police,Property Damage Crash,08/31/2020 01:15:00 PM,Maryland (State),OLD GEORGETOWN RD,BATTERY LA,,N/A,,STRAIGHT MOVEMENT ANGLE,RAINING,WET,DAYLIGHT,TRAFFIC SIGNAL,NONE DETECTED,,B03ED7E3-3482-4E89-AA33-A8F3433EABA9,No,NO APPARENT INJURY,""N/A, WET"",NOT DISTRACTED,MD,21242C9E-04C3-4536-98FF-C6B7B4290F22,FUNCTIONAL,TWELVE OCLOCK,(SPORT) UTILITY VEHICLE,ACCELERATING,West,30,No,No,2016,MAZDA,CX5,38.99042,-77.10364667,""(38.99042, -77.10364667)"""
"MCP320000B3,230070594,Montgomery County Police,Property Damage Crash,12/08/2023 12:28:00 PM,Interstate (State),EISENHOWER MEMORIAL HWY,MONTROSE RD,,N/A,,SAME DIR REAR END,CLEAR,DRY,DAYLIGHT,NO CONTROLS,NONE DETECTED,,40513382-A7F3-4F42-8555-8C74675326BF,No,NO APPARENT INJURY,N/A,NOT DISTRACTED,MD,C3F18530-A4D0-4100-BF36-94C0D52170C6,FUNCTIONAL,SIX OCLOCK,(SPORT) UTILITY VEHICLE,STOPPED IN TRAFFIC LANE,North,55,No,No,2017,VOLVO,XC60,39.04472083,-77.148848,""(39.04472083, -77.148848)"""
"MCP2850002Q,230070299,Montgomery County Police,Property Damage Crash,12/06/2023 09:54:00 PM,County,GOSHEN RD,MIDCOUNTY HWY,,N/A,,HEAD ON,CLEAR,DRY,DARK LIGHTS ON,TRAFFIC SIGNAL,N/A,,8033AA05-95AC-4BB5-9522-432930D2D38F,Yes,NO APPARENT INJURY,N/A,TALKING OR LISTENING TO CELLULAR PHONE,MD,66C48EB3-4864-41B1-B4BE-C91FB10BC222,DESTROYED,TWELVE OCLOCK,PASSENGER CAR,ACCELERATING,South,50,No,No,2018,HOND,4S,39.15801333,-77.192055,""(39.15801333, -77.192055)"""
"MCP2991008R,230060636,Montgomery County Police,Injury Crash,10/15/2023 09:00:00 AM,County,BONIFANT RD,INTERCOUNTY CONNECTOR,,N/A,,HEAD ON,N/A,DRY,DAYLIGHT,NO CONTROLS,ILLEGAL DRUG PRESENT,,C29B1F96-C033-4969-BE9D-78BD5941A916,Yes,NO APPARENT INJURY,N/A,NOT DISTRACTED,MD,9AB81DF4-FCAA-4336-A7AD-A74E33598815,DESTROYED,TWELVE OCLOCK,PASSENGER CAR,MOVING CONSTANT SPEED,West,35,No,No,2011,JAGU,SD,39.09454957,-77.03065376,""(39.09454957, -77.03065376)"""
"MCP2641003F,230060784,Montgomery County Police,Property Damage Crash,10/16/2023 08:00:00 AM,Maryland (State),OLNEY LAYTONSVILLE RD,FIELDCREST RD,,N/A,,SAME DIR REAR END,CLEAR,DRY,DAYLIGHT,NO CONTROLS,NONE DETECTED,,73654B55-A294-4DFC-9CDB-D180746715C5,No,NO APPARENT INJURY,N/A,NOT DISTRACTED,MD,B6825AF0-E521-42A2-A9B2-59B08FC72CDD,FUNCTIONAL,SIX OCLOCK,PASSENGER CAR,SLOWING OR STOPPING,West,40,No,No,2020,KIA,SORENTO,39.18860667,-77.11981833,""(39.18860667, -77.11981833)"""
"MCP33280031,230070038,Montgomery County Police,Property Damage Crash,12/05/2023 03:27:00 PM,County,ARCOLA AVE,AMHERST AVE,,N/A,,OTHER,CLEAR,DRY,DAYLIGHT,NO CONTROLS,NONE DETECTED,,3B2F3826-5FFB-4B45-81B2-527BB86EE84B,Yes,NO APPARENT INJURY,N/A,INATTENTIVE OR LOST IN THOUGHT,MD,FB22E9AA-4ECD-4997-B80F-FB9D941C9F28,DISABLING,TWELVE OCLOCK,PASSENGER CAR,MOVING CONSTANT SPEED,East,35,No,No,2016,HOND,ODYSSEY,39.04714667,-77.04544167,""(39.04714667, -77.04544167)"""
"EJ7884000C,200033688,Gaithersburg Police Depar,Property Damage Crash,08/28/2020 10:00:00 AM,,,,DRIVEWAY OF 212 GOODALL STREET,,,SINGLE VEHICLE,CLOUDY,,DAYLIGHT,N/A,UNKNOWN,,0FF561C3-9FAC-4998-BF0A-C12AA0D181E9,Yes,NO APPARENT INJURY,N/A,UNKNOWN,,9B67245D-2A04-44F1-8BED-9B0DB3036BF6,UNKNOWN,SIX OCLOCK,,UNKNOWN,Unknown,10,No,No,0,UNKNOWN,UNKNOWN,39.11310415,-77.20248062,""(39.11310415, -77.20248062)"""
"MCP24450057,230062659,Montgomery County Police,Property Damage Crash,10/26/2023 11:06:00 AM,Maryland (State),GERMANTOWN RD,GOLDENROD LA,,N/A,,OTHER,CLEAR,DRY,DAYLIGHT,TRAFFIC SIGNAL,UNKNOWN,,86011580-5BDD-437E-8429-5E329D51B278,Yes,NO APPARENT INJURY,N/A,LOOKED BUT DID NOT SEE,MD,25DE8173-82E0-4F47-9A20-4616739543F5,N/A,NON-COLLISION,(SPORT) UTILITY VEHICLE,MAKING LEFT TURN,South,45,No,No,2019,TOYOTA,HIGHLANDER,39.18832483,-77.25120933,""(39.18832483, -77.25120933)"""