Report Number,Local Case Number,Agency Name,ACRS Report Type,Crash Date/Time,Route Type,Road Name,Cross-Street Name,Off-Road Description,Municipality,Related Non-Motorist,Collision Type,Weather,Surface Condition,Light,Traffic Control,Driver Substance Abuse,Non-Motorist Substance Abuse,Person ID,Driver At Fault,Injury Severity,Circumstance,Driver Distracted By,Drivers License State,Vehicle ID,Vehicle Damage Extent,Vehicle First Impact Location,Vehicle Body Type,Vehicle Movement,Vehicle Going Dir,Speed Limit,Driverless Vehicle,Parked Vehicle,Vehicle Year,Vehicle Make,Vehicle Model,Latitude,Longitude,Location
"MCP3274001Y,230067169,Montgomery County Police,Property Damage Crash,11/18/2023 10:02:00 PM,Maryland (State),OLD GEORGETOWN RD,RAMP 4 FR MD 187 NB TO IS 495 EB,,N/A,,SINGLE VEHICLE,CLEAR,DRY,DARK LIGHTS ON,TRAFFIC SIGNAL,NONE DETECTED,,62936976-7C52-4F2B-8D18-25438C35C96B,Yes,NO APPARENT INJURY,N/A,OTHER DISTRACTION,MD,B71D89AD-C10A-45AD-B6B3-7D668C201CA2,DISABLING,TWELVE OCLOCK,PASSENGER CAR,MOVING CONSTANT SPEED,North,35,No,No,2014,HOND,SD,39.015293,-77.1187815,""(39.015293, -77.1187815)"""
"DD5603009W,230070071,Rockville Police Departme,Injury Crash,12/05/2023 07:00:00 PM,Maryland (State),FREDERICK RD,INDIANOLA DR,,N/A,,SAME DIR REAR END,RAINING,WET,DARK LIGHTS ON,TRAFFIC SIGNAL,NONE DETECTED,,16E7B7CD-9328-4A48-9E83-06B42B91A323,Yes,NO APPARENT INJURY,N/A,LOOKED BUT DID NOT SEE,MD,9EEB0A60-1761-4C0F-A394-F6D7AFEDC8FE,FUNCTIONAL,TWELVE OCLOCK,PASSENGER CAR,MOVING CONSTANT SPEED,North,35,No,No,2018,HOND,HB,39.11240207,-77.16176169,""(39.11240207, -77.16176169)"""
"MCP33220021,230061184,Montgomery County Police,Injury Crash,10/18/2023 04:41:00 AM,County,GRIDLEY RD,SELFRIDGE RD,,N/A,,STRAIGHT MOVEMENT ANGLE,CLEAR,DRY,DARK LIGHTS ON,STOP SIGN,N/A,,0E9AC203-6BE3-454F-84FB-72CF4D22E6B9,Yes,NO APPARENT INJURY,N/A,NOT DISTRACTED,MD,C80B5113-0338-4932-8773-FBB56010272A,FUNCTIONAL,TWELVE OCLOCK,PASSENGER CAR,STARTING FROM LANE,East,25,No,No,2015,TOYT,TK,39.05661765,-77.08526533,""(39.05661765, -77.08526533)"""
"MCP3079005H,230054181,Montgomery County Police,Injury Crash,09/11/2023 07:51:00 AM,Maryland (State),GERMANTOWN RD,FREDERICK RD,,N/A,,SAME DIR REAR END,N/A,WET,DAYLIGHT,TRAFFIC SIGNAL,NONE DETECTED,,9A9F8DA6-C332-4398-ACD4-40843D62333B,No,POSSIBLE INJURY,""N/A, WET"",NOT DISTRACTED,MD,E943A6D6-FFF4-4591-865F-04873A8A9D21,FUNCTIONAL,SIX OCLOCK,(SPORT) UTILITY VEHICLE,STOPPED IN TRAFFIC LANE,South,45,No,No,2010,MERCEDES,GL450,39.192229,-77.24268133,""(39.192229, -77.24268133)"""
"MCP32320041,230049143,Montgomery County Police,Property Damage Crash,08/12/2023 06:06:00 PM,County,SPARTAN RD,TOWN CENTER DR,,N/A,,STRAIGHT MOVEMENT ANGLE,CLEAR,DRY,DAYLIGHT,NO CONTROLS,NONE DETECTED,,2EB7859F-5E50-4A82-B794-D9C4D05865A5,Yes,NO APPARENT INJURY,N/A,LOOKED BUT DID NOT SEE,MD,B29C682A-941D-4B47-88AA-F421EFFFB78D,DISABLING,TWELVE OCLOCK,(SPORT) UTILITY VEHICLE,ACCELERATING,West,25,No,No,2019,HOND,CRV,39.15150567,-77.06126533,""(39.15150567, -77.06126533)"""
"MCP32640043,230059459,Montgomery County Police,Property Damage Crash,10/09/2023 01:30:00 PM,US (State),COLESVILLE RD,FENTON ST,,N/A,,STRAIGHT MOVEMENT ANGLE,CLOUDY,DRY,DAYLIGHT,TRAFFIC SIGNAL,NONE DETECTED,,8B9421F1-519B-487D-9149-D960C4D8946C,No,NO APPARENT INJURY,N/A,NOT DISTRACTED,MD,F0591B1A-0CA8-487D-8918-992F91B4CA80,DISABLING,TWELVE OCLOCK,PASSENGER CAR,MOVING CONSTANT SPEED,North,25,No,No,2013,FIAT,500,38.99788667,-77.02673667,""(38.99788667, -77.02673667)"""
"MCP22980049,15006606,Montgomery County Police,Injury Crash,02/09/2015 05:58:00 PM,Interstate (State),EISENHOWER MEMORIAL HWY,GERMANTOWN RD,,N/A,,SAME DIR REAR END,N/A,DRY,DARK LIGHTS ON,NO CONTROLS,NONE DETECTED,,B1703635-B82D-4301-8314-2B1BB7D518F1,No,SUSPECTED MINOR INJURY,N/A,NOT DISTRACTED,MD,E7CAEA3A-DFA1-48FD-9B67-2BBCE805A70A,FUNCTIONAL,SIX OCLOCK,(SPORT) UTILITY VEHICLE,SLOWING OR STOPPING,North,55,No,No,2011,HOND,PILOT,39.18432714,-77.25447536,""(39.18432714, -77.25447536)"""
"MCP2641003Q,230067693,Montgomery County Police,Injury Crash,11/21/2023 06:40:00 PM,Maryland (State),GERMANTOWN RD,CRYSTAL ROCK DR,,N/A,,HEAD ON LEFT TURN,RAINING,WET,DARK LIGHTS ON,TRAFFIC SIGNAL,NONE DETECTED,,22A70ACE-22E4-477A-BA90-DB181E404F77,No,POSSIBLE INJURY,""RAIN, SNOW, WET"",NOT DISTRACTED,MD,D7D3552F-B1AE-4C08-A082-F9A78AA6D188,DISABLING,TWELVE OCLOCK,PASSENGER CAR,MOVING CONSTANT SPEED,North,40,No,No,2018,ACUR,RDX,39.18106167,-77.262175,""(39.18106167, -77.262175)"""
"MCP2516004G,230054973,Montgomery County Police,Injury Crash,09/15/2023 06:32:00 AM,County,MIDDLEBROOK RD,SERVICE RD,,N/A,,SINGLE VEHICLE,CLEAR,DRY,DAWN,N/A,NONE DETECTED,,0ADE6FD5-0C1A-4CF6-AC78-AB2F743F7993,Yes,SUSPECTED MINOR INJURY,N/A,NOT DISTRACTED,MD,EC4A61CD-9918-40BE-8F69-FAC476867D95,DESTROYED,ONE OCLOCK,PASSENGER CAR,ACCELERATING,East,40,No,No,2017,HYUNDAI,ACCENT,39.17387473,-77.25036671,""(39.17387473, -77.25036671)"""
"EJ78890046,230054531,Gaithersburg Police Depar,Property Damage Crash,09/12/2023 09:25:00 PM,Maryland (State),FREDERICK RD,MONTGOMERY VILLAGE AVE,,N/A,,SAME DIR REAR END,RAINING,WET,DARK LIGHTS ON,TRAFFIC SIGNAL,NONE DETECTED,,D3D49582-9AD4-4BA8-9233-A8DC92FC1C3E,No,NO APPARENT INJURY,""RAIN, SNOW, WET"",NOT DISTRACTED,MD,1AD975CD-49F4-402A-9DF8-3C0B3F72D6B5,SUPERFICIAL,SEVEN OCLOCK,PASSENGER CAR,STOPPED IN TRAFFIC LANE,South,30,No,No,2010,TOYT,SU,39.15026985,-77.20811595,""(39.15026985, -77.20811595)"""
"MCP12330059,230060118,Montgomery County Police,Injury Crash,10/12/2023 04:18:00 PM,County,CEDAR LA,ELMHIRST PKWY,,N/A,,STRAIGHT MOVEMENT ANGLE,CLEAR,DRY,DAYLIGHT,TRAFFIC SIGNAL,NONE DETECTED,,1C4DBB56-5395-4EDA-BCD5-D15A5FFD298A,Yes,NO APPARENT INJURY,N/A,INATTENTIVE OR LOST IN THOUGHT,CO,6644B8CD-B849-423B-970D-BE59DC9D57B3,DESTROYED,NINE OCLOCK,PASSENGER CAR,ACCELERATING,East,35,No,No,2023,DODGE,CHARGER,39.007985,-77.094725,""(39.007985, -77.094725)"""
"MCP2752005N,230047673,Montgomery County Police,Injury Crash,08/03/2023 05:50:00 PM,County,MACARTHUR BLVD,STABLE LA,,N/A,,SAME DIR REAR END,RAINING,WET,DAYLIGHT,NO CONTROLS,NONE DETECTED,,E2CD8A6B-50BE-463F-BB3A-4A19BEFEE224,No,POSSIBLE INJURY,""N/A, WET"",NOT DISTRACTED,MD,0BEF5445-B5F2-426D-BDBE-83D5EDD541F2,DISABLING,SIX OCLOCK,PASSENGER CAR,LEAVING TRAFFIC LANE,South,30,No,No,2009,BMW,328I,38.98214,-77.22577667,""(38.98214, -77.22577667)"""
"MCP30660028,230034802,Montgomery County Police,Property Damage Crash,07/21/2023 06:29:00 PM,Maryland (State),ROCKVILLE PIKE,JONES BRIDGE RD,,N/A,,SAME DIRECTION RIGHT TURN,CLEAR,DRY,DAYLIGHT,TRAFFIC SIGNAL,N/A,,A228C76E-A3F6-4D38-A399-2E4F2CA70B45,Yes,NO APPARENT INJURY,N/A,UNKNOWN,MD,B9B85295-19E1-473A-9F18-11B68B37EAF4,UNKNOWN,FOUR OCLOCK,PASSENGER CAR,MAKING RIGHT TURN,East,35,No,No,2006,TOYT,PRIUS,38.99686252,-77.09650741,""(38.99686252, -77.09650741)"""
"MCP3348001T,230070535,Montgomery County Police,Property Damage Crash,12/08/2023 07:20:00 AM,County,LONDON LA,HEATHFIELD RD,,N/A,,SAME DIRECTION SIDESWIPE,CLEAR,DRY,DAYLIGHT,N/A,UNKNOWN,,FB35E227-E478-4391-AEB2-96B85F6A07FB,Yes,NO APPARENT INJURY,N/A,UNKNOWN,,28666381-B867-4CA7-B092-DD3E747DF20B,FUNCTIONAL,ONE OCLOCK,PASSENGER CAR,MOVING CONSTANT SPEED,North,25,No,No,2008,FORD,ESCAPE,39.08777,-77.08046,""(39.08777, -77.08046)"""
"MCP33760014,230056691,Montgomery County Police,Property Damage Crash,09/24/2023 11:58:00 PM,Maryland (State),GEORGIA AVE,ARCOLA AVE,,N/A,,SAME DIR REAR END,CLEAR,WET,DARK LIGHTS ON,TRAFFIC SIGNAL,NONE DETECTED,,DE1296A8-1177-4EF0-8601-2FBE00895904,Yes,NO APPARENT INJURY,""N/A, WET"",UNKNOWN,MD,721EFBE9-24EE-4875-A5B1-A3A6C3C5049A,DISABLING,TWELVE OCLOCK,PASSENGER CAR,MOVING CONSTANT SPEED,North,25,No,No,2010,TOYT,4S,39.0471255,-77.05178717,""(39.0471255, -77.05178717)"""
"MCP2855004Q,230057190,Montgomery County Police,Property Damage Crash,09/27/2023 07:45:00 PM,,,,8830 PINEY BRANCH RD PARKING LOT,,,HEAD ON LEFT TURN,CLEAR,,DARK LIGHTS ON,N/A,NONE DETECTED,,62E711E9-99D1-44CE-B8C1-7DF90CF127CD,Yes,NO APPARENT INJURY,N/A,OTHER DISTRACTION,XX,D26B39F1-E66A-42A0-B722-787249EC8C9F,SUPERFICIAL,ELEVEN OCLOCK,PASSENGER CAR,MAKING LEFT TURN,West,5,No,No,2017,HOND,HB,39.00021579,-76.99286814,""(39.00021579, -76.99286814)"""
"MCP33580011,230069570,Montgomery County Police,Injury Crash,12/03/2023 12:30:00 AM,Maryland (State),OLD GEORGETOWN RD,TUCKERMAN LA,,N/A,,SAME DIR REAR END,RAINING,WET,DARK LIGHTS ON,FLASHING TRAFFIC SIGNAL,ALCOHOL CONTRIBUTED,,635BC716-FE37-4223-AC1C-1A8A158D71B3,Yes,SUSPECTED MINOR INJURY,""RAIN, SNOW, WET"",OTHER DISTRACTION,MD,55BF6712-39EF-4527-B0D6-A43C04269548,FUNCTIONAL,TWELVE OCLOCK,PASSENGER CAR,MOVING CONSTANT SPEED,South,35,No,No,1998,BMW,232,39.03450497,-77.12499148,""(39.03450497, -77.12499148)"""
"MCP3362002D,230071649,Montgomery County Police,Injury Crash,12/14/2023 09:38:00 AM,County,LOCKWOOD DR,NORTHWEST DR,,N/A,,STRAIGHT MOVEMENT ANGLE,CLEAR,DRY,DAYLIGHT,STOP SIGN,NONE DETECTED,,312DA3BE-FCA2-4B15-952A-12FE0E26F4F9,Yes,NO APPARENT INJURY,N/A,LOOKED BUT DID NOT SEE,MD,6B347884-A152-4467-B4BB-D3A142352DA7,DISABLING,TWELVE OCLOCK,PASSENGER CAR,ACCELERATING,East,25,No,No,2013,CHEV,EQUINOX,39.03643333,-76.99567667,""(39.03643333, -76.99567667)"""
"MCP2965007F,230047115,Montgomery County Police,Property Damage Crash,07/31/2023 12:30:00 PM,County,FAIRLAND RD,HOBART DR,,N/A,,SAME DIR REAR END,CLEAR,DRY,DAYLIGHT,NO CONTROLS,NONE DETECTED,,945771B4-EEC4-486F-8E07-B9D353FD9A0D,Yes,NO APPARENT INJURY,N/A,NOT DISTRACTED,MD,89DD74ED-0414-4524-8519-E98E21EF17BB,DISABLING,TWELVE OCLOCK,PASSENGER CAR,MOVING CONSTANT SPEED,East,35,No,No,2011,HOND,SD,39.078085,-76.98508333,""(39.078085, -76.98508333)"""
"MCP26410036,230046598,Montgomery County Police,Property Damage Crash,07/28/2023 09:45:00 AM,Maryland (State),RIDGE RD,BROWN CHURCH RD,,N/A,,SINGLE VEHICLE,CLEAR,DRY,DAYLIGHT,N/A,NONE DETECTED,,C55432F6-A159-45DF-8087-0B0788F0FC10,Yes,NO APPARENT INJURY,N/A,NOT DISTRACTED,MD,A3E9072E-AB65-4DA1-ADC5-89A389EBF614,DISABLING,TWELVE OCLOCK,PASSENGER CAR,SLOWING OR STOPPING,North,50,No,No,2005,TOYT,SD,39.33064833,-77.19008667,""(39.33064833, -77.19008667)"""
"MCP32800042,230061572,Montgomery County Police,Injury Crash,10/20/2023 08:44:00 AM,County,CHERRY HILL RD,PLUM ORCHARD DR,,N/A,,SAME DIR REAR END,OTHER,DRY,DAYLIGHT,TRAFFIC SIGNAL,NONE DETECTED,,1815D4C7-75BF-4A13-B82A-9DB43BA91ACD,No,NO APPARENT INJURY,N/A,NOT DISTRACTED,MD,18D73217-57B7-4615-A622-4008A3BED2D8,DISABLING,SIX OCLOCK,PASSENGER CAR,SLOWING OR STOPPING,North,40,No,No,2015,MAZDA,CX5,39.05217333,-76.95304167,""(39.05217333, -76.95304167)"""
"MCP291700CM,230064906,Montgomery County Police,Property Damage Crash,11/07/2023 01:55:00 PM,County,RANDOLPH RD,GLENMONT CIR #1,,N/A,,STRAIGHT MOVEMENT ANGLE,CLEAR,DRY,DAYLIGHT,TRAFFIC SIGNAL,NONE DETECTED,,F62476A7-6AE6-4E2E-A0FB-F23B141E1AC7,No,NO APPARENT INJURY,N/A,NOT DISTRACTED,MD,DD1EDE58-0ECA-4EB4-83E8-E78E5E4A4211,FUNCTIONAL,ELEVEN OCLOCK,PASSENGER CAR,ACCELERATING,North,35,No,No,2021,HONDA,CIVIC,39.0591311,-77.0477645,""(39.0591311, -77.0477645)"""
"MCP2723007S,230054928,Montgomery County Police,Property Damage Crash,09/14/2023 07:35:00 PM,,,,13641 CONNECTICUT AVENUE,,,STRAIGHT MOVEMENT ANGLE,N/A,,DARK LIGHTS ON,NO CONTROLS,UNKNOWN,,A7340E1D-48F8-40A7-8830-BC7F8E9FCAFF,Yes,NO APPARENT INJURY,N/A,UNKNOWN,XX,556581DC-27CE-44A1-8F26-5A89525D0583,SUPERFICIAL,SEVEN OCLOCK,PASSENGER CAR,BACKING,Unknown,10,No,No,2006,TOYOTA,SEDAN,39.07833561,-77.07993738,""(39.07833561, -77.07993738)"""
"MCP137800CS,16050117,Montgomery County Police,Property Damage Crash,09/29/2016 03:37:00 PM,Maryland (State),FREDERICK RD,MONTGOMERY VILLAGE AVE,,N/A,,STRAIGHT MOVEMENT ANGLE,RAINING,WET,DAYLIGHT,NO CONTROLS,NONE DETECTED,,BFE337BE-696E-4997-B039-F58DB78A19EE,No,NO APPARENT INJURY,""RAIN, SNOW, WET"",NOT DISTRACTED,MD,5847DA17-92EF-47CF-8146-C33946A0CF1C,DISABLING,TWELVE OCLOCK,(SPORT) UTILITY VEHICLE,MOVING CONSTANT SPEED,North,30,No,No,2015,AUDI,Q5,39.15162667,-77.21082333,""(39.15162667, -77.21082333)"""
"DM8493001Z,230062563,Takoma Park Police Depart,Injury Crash,10/25/2023 06:36:00 PM,Maryland (State),NEW HAMPSHIRE AVE,ZION EVANGELICAL LUTHERAN CHURCH,,N/A,,STRAIGHT MOVEMENT ANGLE,CLEAR,DRY,DARK LIGHTS ON,NO CONTROLS,NONE DETECTED,,657CBFA0-8E92-4C66-BCA7-02DE4113819E,Yes,SUSPECTED MINOR INJURY,N/A,UNKNOWN,MD,0F33274A-4D60-496E-85E0-B469E8AEF867,DISABLING,TWO OCLOCK,PASSENGER CAR,MOVING CONSTANT SPEED,South,35,No,No,2012,TOYOTA,CAMRY,38.98434667,-76.98816833,""(38.98434667, -76.98816833)"""
"MCP3109008P,230064547,Montgomery County Police,Injury Crash,11/06/2023 01:05:00 PM,US (State),COLUMBIA PIKE,MUSGROVE RD,,N/A,,STRAIGHT MOVEMENT ANGLE,CLEAR,DRY,DAYLIGHT,TRAFFIC SIGNAL,NONE DETECTED,,62EB6EF1-5382-4081-A0E0-1D6F5A3A79C8,No,NO APPARENT INJURY,N/A,NOT DISTRACTED,MD,A36EA287-6E9E-480A-8547-B6588BC17F53,DISABLING,ELEVEN OCLOCK,PASSENGER CAR,ACCELERATING,West,50,No,No,2016,HONDA,PILOT,39.06777659,-76.95923193,""(39.06777659, -76.95923193)"""
"MCP2703002W,230034787,Montgomery County Police,Property Damage Crash,07/21/2023 05:30:00 PM,US (State),COLESVILLE RD,HASTINGS DR,,N/A,,SAME DIR REAR END,CLEAR,DRY,DAYLIGHT,NO CONTROLS,N/A,,99FF4D96-952D-4A0D-9400-444BDE77468E,Yes,NO APPARENT INJURY,N/A,NOT DISTRACTED,MD,94DC8323-D9E5-4E7F-9190-EE8F7F8BD86B,DISABLING,TWELVE OCLOCK,PASSENGER CAR,MOVING CONSTANT SPEED,South,35,No,No,2006,HOND,TK,39.01326941,-77.01670807,""(39.01326941, -77.01670807)"""
"DM8478002F,230069264,Takoma Park Police Depart,Property Damage Crash,12/01/2023 10:15:00 AM,,,,7633 NEW HAMPSHIRE AVE (PARKING LOT ),,,SAME DIR REAR END,CLOUDY,,DAYLIGHT,NO CONTROLS,NONE DETECTED,,72FFC9C5-C742-4806-89A7-D6BF82FB7342,Yes,NO APPARENT INJURY,N/A,NOT DISTRACTED,MD,D02DD54D-8647-4B38-B2EC-582867B139D8,FUNCTIONAL,SIX OCLOCK,PASSENGER CAR,ACCELERATING,Unknown,5,No,No,2012,HONDA,PILOT,38.98672489,-76.98772022,""(38.98672489, -76.98772022)"""
"MCP28610060,230050274,Montgomery County Police,Property Damage Crash,08/19/2023 06:18:00 PM,County,DEMOCRACY BLVD,SEVEN LOCKS RD,,N/A,,HEAD ON LEFT TURN,N/A,DRY,DAYLIGHT,TRAFFIC SIGNAL,NONE DETECTED,,6B20C9E9-9C9E-43C1-967D-8FEB6A01A568,No,NO APPARENT INJURY,N/A,NOT DISTRACTED,MD,8E91D8D5-BD11-4855-BE1A-ECB5273B1B45,DISABLING,ELEVEN OCLOCK,PASSENGER CAR,MOVING CONSTANT SPEED,West,35,No,No,2006,TOYOTA,AVALON,39.023349,-77.16249217,""(39.023349, -77.16249217)"""
"MCP3133004Q,230049226,Montgomery County Police,Property Damage Crash,08/13/2023 11:11:00 AM,,ASHTON GREEN DRIVE,NORWOOD ROAD,,N/A,,SINGLE VEHICLE,CLEAR,DRY,UNKNOWN,NO CONTROLS,NONE DETECTED,,7B19E938-1306-4F29-89F7-9380F4F509E7,Yes,NO APPARENT INJURY,N/A,OTHER CELLULAR PHONE RELATED,MD,6CB0B1E6-4EE3-4FE1-999B-CC765F97AA5E,FUNCTIONAL,TWELVE OCLOCK,PASSENGER CAR,UNKNOWN,East,25,No,No,2020,JEEP,GRAND CHEROKEE,39.14044383,-77.03364533,""(39.14044383, -77.03364533)"""
"MCP1205009S,230057700,Montgomery County Police,Property Damage Crash,09/21/2023 03:00:00 PM,Maryland (State),WISCONSIN AVE,MILLER AVE,,N/A,,SAME DIRECTION LEFT TURN,UNKNOWN,UNKNOWN,DAYLIGHT,OTHER,UNKNOWN,,C6E7948B-D3BE-41A6-A1AB-2F13661C6781,Yes,NO APPARENT INJURY,N/A,UNKNOWN,,98559093-E280-4E8F-A172-333B1CE2BEAF,SUPERFICIAL,ELEVEN OCLOCK,PASSENGER CAR,CHANGING LANES,South,25,No,No,2021,TOYOTA,SUV,38.98224678,-77.09319243,""(38.98224678, -77.09319243)"""
"MCP3268003L,230072312,Montgomery County Police,Injury Crash,12/18/2023 07:54:00 AM,County,E RANDOLPH RD,LAURIE DR,,N/A,,HEAD ON,RAINING,WET,DAWN,N/A,NONE DETECTED,,89CD62DF-DAF0-4345-9E49-75A699B7478F,No,NO APPARENT INJURY,""N/A, WET"",NOT DISTRACTED,MD,6CE747F7-76B2-42CE-9752-8536BCF64A54,DISABLING,NINE OCLOCK,(SPORT) UTILITY VEHICLE,MOVING CONSTANT SPEED,East,35,No,No,2017,HONDA,PILOT,39.06530783,-76.97868583,""(39.06530783, -76.97868583)"""
"MCP3355000X,230049053,Montgomery County Police,Injury Crash,08/12/2023 07:48:00 AM,US (State),COLESVILLE RD,LEIGHTON AVE,,N/A,,STRAIGHT MOVEMENT ANGLE,CLEAR,DRY,DAYLIGHT,NO CONTROLS,ALCOHOL PRESENT,,337E916B-6138-4544-AF51-E0B699F9EF5B,Yes,SUSPECTED MINOR INJURY,N/A,INATTENTIVE OR LOST IN THOUGHT,MD,761A639D-26C5-4EDE-9C1D-A504F8E9D959,DISABLING,TWELVE OCLOCK,PASSENGER CAR,MOVING CONSTANT SPEED,North,40,No,No,2008,TOYOTA,SOLARA,39.01064333,-77.01753833,""(39.01064333, -77.01753833)"""
"EJ7885003P,230063613,Gaithersburg Police Depar,Injury Crash,10/31/2023 03:34:00 PM,,WATKINS MILL RD,FOREST PRSERVE DR,,N/A,,SAME DIRECTION SIDESWIPE,N/A,DRY,DAYLIGHT,NO CONTROLS,NONE DETECTED,,7C8B46AF-19A7-41F7-873C-82A884F1ACE1,No,NO APPARENT INJURY,N/A,NOT DISTRACTED,MD,B557DE0E-6842-40E4-A431-ECCAF6300C1E,SUPERFICIAL,FIVE OCLOCK,PASSENGER CAR,SLOWING OR STOPPING,East,35,No,No,2012,ACUR,TK,39.15327167,-77.23077367,""(39.15327167, -77.23077367)"""
"MCP2339008R,230057456,Montgomery County Police,Property Damage Crash,09/29/2023 11:50:00 AM,Municipality,TWINBROOK PKWY,MARSHALL AVE,,ROCKVILLE,,SAME DIR REAR END,CLOUDY,DRY,DAYLIGHT,NO CONTROLS,NONE DETECTED,,36B7A39D-4C08-43AD-9572-F1917CED319C,Yes,NO APPARENT INJURY,N/A,OTHER CELLULAR PHONE RELATED,MD,8A57A387-F45B-4DA1-AC9C-7AFE5DB1E688,FUNCTIONAL,SIX OCLOCK,PASSENGER CAR,SLOWING OR STOPPING,North,35,No,No,2012,ACURA,MDX,39.08177317,-77.11413767,""(39.08177317, -77.11413767)"""
"MCP3113005D,230057859,Montgomery County Police,Property Damage Crash,10/01/2023 01:15:00 PM,US (State),COLESVILLE RD,TIMBERWOOD AVE,,N/A,,SAME DIR REAR END,CLEAR,DRY,DAYLIGHT,N/A,N/A,,5AF9283F-EDCF-4A61-A532-F2983542EC94,Yes,NO APPARENT INJURY,N/A,LOOKED BUT DID NOT SEE,VA,AEED4D1F-AAD0-4135-96F9-715E7D689BB8,FUNCTIONAL,TWELVE OCLOCK,PASSENGER CAR,MAKING RIGHT TURN,South,30,No,No,2016,MINI,COOPER,39.02138332,-77.01203564,""(39.02138332, -77.01203564)"""
"MCP3030005P,230069844,Montgomery County Police,Injury Crash,12/04/2023 05:50:00 PM,Maryland (State),BRADLEY BLVD,KENNEDY DR,,N/A,,SAME DIR REAR END,CLEAR,DRY,DARK LIGHTS ON,NO CONTROLS,N/A,,A019AE95-E38A-4500-8BEB-CD59FE4082BB,Yes,POSSIBLE INJURY,N/A,NOT DISTRACTED,MD,75C9D646-E0BD-4EC9-97E5-AEB80A7135D4,FUNCTIONAL,SIX OCLOCK,PASSENGER CAR,CHANGING LANES,East,35,No,No,2015,HOND,VN,38.97707833,-77.10495,""(38.97707833, -77.10495)"""
"MCP2456007Z,230065301,Montgomery County Police,Property Damage Crash,11/09/2023 09:00:00 AM,Maryland (State),UNIVERSITY BLVD E,BEGIN BRIDGE,,N/A,,SAME DIR REAR END,CLEAR,DRY,DAYLIGHT,NO CONTROLS,NONE DETECTED,,3E6337B7-0F0B-4552-A408-159345030A22,No,NO APPARENT INJURY,N/A,NOT DISTRACTED,MD,4492590B-1C0D-4A3D-9665-E96E344FECDF,SUPERFICIAL,SIX OCLOCK,PASSENGER CAR,SLOWING OR STOPPING,East,35,No,No,2014,TOYOTA,HIGHLANDER,39.01591729,-77.00562943,""(39.01591729, -77.00562943)"""
"MCP12350050,230059732,Montgomery County Police,Property Damage Crash,10/10/2023 07:26:00 PM,Maryland (State),NEW HAMPSHIRE AVE,MCCENEY AVE,,N/A,,SAME DIRECTION SIDESWIPE,CLEAR,DRY,DARK LIGHTS ON,NO CONTROLS,UNKNOWN,,55E3D525-F906-449A-A599-1A326ABCA0EF,Yes,NO APPARENT INJURY,N/A,UNKNOWN,,76B42C31-5383-48EB-8ED4-8840A4F43CA4,UNKNOWN,ONE OCLOCK,,MOVING CONSTANT SPEED,North,40,No,No,0,UNKNOWN,UNKNOWN,39.03582133,-76.98865676,""(39.03582133, -76.98865676)"""
"MCP3086009C,230034046,Montgomery County Police,Injury Crash,07/17/2023 05:10:00 PM,County,MUNCASTER RD,WILD FLOWER CT,,N/A,,OPPOSITE DIRECTION SIDESWIPE,CLOUDY,DRY,DAYLIGHT,NO CONTROLS,NONE DETECTED,,273895A3-78AC-4FD5-AB8E-D4077E9220D7,No,NO APPARENT INJURY,N/A,NOT DISTRACTED,MD,3C2754E5-774E-4401-8912-E81270C258C2,DISABLING,TWELVE OCLOCK,(SPORT) UTILITY VEHICLE,MOVING CONSTANT SPEED,North,30,No,No,2008,NISSAN,ROGUE,39.17597667,-77.118285,""(39.17597667, -77.118285)"""
"MCP30930053,230072582,Montgomery County Police,Injury Crash,12/19/2023 02:57:00 PM,County,LYTTONSVILLE RD,LYTTONSVILLE PL,,N/A,,OTHER,CLEAR,DRY,DAYLIGHT,N/A,N/A,,1733C2F8-0AC7-4640-BA06-CB0A6868A657,Yes,POSSIBLE INJURY,N/A,LOOKED BUT DID NOT SEE,MD,35E4FE17-B074-4CAA-BAFC-C1EC835BCDA2,DISABLING,TWELVE OCLOCK,PASSENGER CAR,STARTING FROM LANE,South,25,No,No,2023,HONDA,SD,38.99899752,-77.05243932,""(38.99899752, -77.05243932)"""
"MCP2635008P,230067447,Montgomery County Police,Property Damage Crash,11/20/2023 03:07:00 PM,County,PRINCE PHILIP DR,SPARTAN RD,,N/A,,STRAIGHT MOVEMENT ANGLE,CLEAR,DRY,DAYLIGHT,STOP SIGN,N/A,,8AC0C174-9E1E-4151-A0F2-C87072B46048,Yes,NO APPARENT INJURY,N/A,INATTENTIVE OR LOST IN THOUGHT,MD,D6F6FEB4-4BF6-4CCF-BD18-949438456214,DISABLING,FOUR OCLOCK,PASSENGER CAR,MOVING CONSTANT SPEED,South,35,No,No,2008,MERCEDES,S550,39.15607067,-77.05858367,""(39.15607067, -77.05858367)"""