Report Number,Local Case Number,Agency Name,ACRS Report Type,Crash Date/Time,Route Type,Road Name,Cross-Street Name,Off-Road Description,Municipality,Related Non-Motorist,Collision Type,Weather,Surface Condition,Light,Traffic Control,Driver Substance Abuse,Non-Motorist Substance Abuse,Person ID,Driver At Fault,Injury Severity,Circumstance,Driver Distracted By,Drivers License State,Vehicle ID,Vehicle Damage Extent,Vehicle First Impact Location,Vehicle Body Type,Vehicle Movement,Vehicle Going Dir,Speed Limit,Driverless Vehicle,Parked Vehicle,Vehicle Year,Vehicle Make,Vehicle Model,Latitude,Longitude,Location
"MCP20390098,230061734,Montgomery County Police,Injury Crash,10/20/2023 10:21:00 PM,Maryland (State),VEIRS MILL RD,TURKEY BRANCH PKWY,,N/A,,SAME DIR REAR END,RAINING,WET,DARK LIGHTS ON,NO CONTROLS,N/A,,30609C07-18AB-4752-81E3-9736940BE885,No,NO APPARENT INJURY,""RAIN, SNOW, WET"",NOT DISTRACTED,MD,FEDB02AD-C233-4B98-A309-D34FD7FEA0B4,FUNCTIONAL,SEVEN OCLOCK,TRANSIT BUS,STOPPED IN TRAFFIC LANE,West,35,No,No,2013,NWFL,XDE,39.06016937,-77.08944142,""(39.06016937, -77.08944142)"""
"MCP3279002G,230049445,Montgomery County Police,Injury Crash,08/14/2023 04:58:00 PM,County,RANDOLPH RD,KEMP MILL RD,,N/A,,SAME DIR REAR END,RAINING,N/A,DARK LIGHTS ON,NO CONTROLS,NONE DETECTED,,C1DF706F-C68E-4754-A6A1-F645BEE28A39,Yes,NO APPARENT INJURY,""N/A, WET"",NOT DISTRACTED,MD,B18041B4-8330-47C8-A1E6-DBC13568A72A,SUPERFICIAL,TWELVE OCLOCK,VAN,SLOWING OR STOPPING,East,40,No,No,2000,DODGE,RAM VAN,39.06611782,-77.03342876,""(39.06611782, -77.03342876)"""
"MCP20470055,230063377,Montgomery County Police,Property Damage Crash,10/30/2023 12:24:00 PM,County,MONTROSE RD,TILDENWOOD DR,,ROCKVILLE,,HEAD ON LEFT TURN,CLEAR,DRY,DAYLIGHT,TRAFFIC SIGNAL,NONE DETECTED,,C17045D5-7D44-49E8-B9A5-92777A92EAB1,No,NO APPARENT INJURY,N/A,NOT DISTRACTED,MD,B190B467-E62C-4D64-AA42-A2D9D6FF8489,DISABLING,TWELVE OCLOCK,PASSENGER CAR,MOVING CONSTANT SPEED,East,40,No,No,2002,HONDA,ACCORD,39.110222,-77.18239517,""(39.110222, -77.18239517)"""
"MCP29870089,230071804,Montgomery County Police,Injury Crash,12/14/2023 09:25:00 PM,US (State),COLUMBIA PIKE,FAIRLAND RD,,N/A,,SAME DIR REAR END,CLEAR,DRY,DARK LIGHTS ON,TRAFFIC SIGNAL,NONE DETECTED,,7AD82C8C-2786-417E-864C-E015398706DB,Yes,NO APPARENT INJURY,N/A,INATTENTIVE OR LOST IN THOUGHT,VA,CA184DE2-A7DA-4257-A271-8B2D3A5D1929,DISABLING,TWELVE OCLOCK,PASSENGER CAR,MOVING CONSTANT SPEED,South,50,No,No,2015,HONDA,CIVIC,39.07373667,-76.95565167,""(39.07373667, -76.95565167)"""
"MCP3129007Z,230059851,Montgomery County Police,Injury Crash,10/11/2023 12:38:00 PM,Maryland (State),NORBECK RD,HANNANS WAY,,N/A,,STRAIGHT MOVEMENT ANGLE,CLEAR,DRY,DAYLIGHT,NO CONTROLS,NONE DETECTED,,348E50D1-5A3A-4EA6-9990-AC83002F23EE,No,NO APPARENT INJURY,N/A,NOT DISTRACTED,XX,4FA3F467-DF3E-4E82-961B-A671CC0DC69C,FUNCTIONAL,THREE OCLOCK,PASSENGER CAR,MOVING CONSTANT SPEED,West,35,No,No,2020,HOND,PV,39.1063335,-77.08442017,""(39.1063335, -77.08442017)"""
"MCP2509000K,15023746,Montgomery County Police,Property Damage Crash,05/18/2015 10:51:00 AM,Maryland (State),NEW HAMPSHIRE AVE,ELTON RD,,N/A,,SAME DIRECTION SIDESWIPE,CLEAR,DRY,DAYLIGHT,NO CONTROLS,NONE DETECTED,,196420EF-C3E9-42CA-B040-E7BDEC00FB57,Unknown,NO APPARENT INJURY,N/A,NOT DISTRACTED,MD,DDE858CD-27A1-4244-935D-25F6BBBB2A12,FUNCTIONAL,ELEVEN OCLOCK,PASSENGER CAR,MOVING CONSTANT SPEED,North,40,No,No,2010,CHEVROLET,CRUZE,39.02109,-76.97661833,""(39.02109, -76.97661833)"""
"MCP31260053,230073724,Montgomery County Police,Injury Crash,12/26/2023 06:30:00 PM,Maryland (State),FREDERICK RD,SHAKESPEARE BLVD,,N/A,,SAME DIRECTION SIDESWIPE,FOGGY,WET,DARK LIGHTS ON,TRAFFIC SIGNAL,NONE DETECTED,,F2F71606-2946-429D-8EE1-EB0D2B015C24,No,POSSIBLE INJURY,""N/A, RAIN, SNOW"",NOT DISTRACTED,MD,7EF81110-B213-48F1-8D10-34B09AB05FD5,DESTROYED,TEN OCLOCK,PASSENGER CAR,MOVING CONSTANT SPEED,South,40,No,No,2018,INFINITI,QX60,39.19810674,-77.24485711,""(39.19810674, -77.24485711)"""
"EJ7889004G,230070698,Gaithersburg Police Depar,Property Damage Crash,12/08/2023 09:21:00 PM,,,,THE FRONT YARD OF 200 BRYAN AVE,,,SINGLE VEHICLE,CLEAR,,DARK -- UNKNOWN LIGHTING,NO CONTROLS,ALCOHOL PRESENT,,E74DB9B9-DDE7-46CF-91D9-BE2BD45DC94A,Yes,NO APPARENT INJURY,N/A,NOT DISTRACTED,MD,90ABDA5E-705A-4830-8533-4F1C3F1E23EB,NO DAMAGE,TWELVE OCLOCK,PASSENGER CAR,MOVING CONSTANT SPEED,South,15,No,No,2011,CHEVY,SILVERADO,39.14000544,-77.20760394,""(39.14000544, -77.20760394)"""
"MCP2608005G,230071933,Montgomery County Police,Property Damage Crash,12/15/2023 04:18:00 PM,County,FLOWER AVE,PINEY BRANCH RD,,N/A,,SAME DIRECTION SIDESWIPE,CLEAR,DRY,DAYLIGHT,TRAFFIC SIGNAL,NONE DETECTED,,53E44691-5C54-475A-8982-65CA0E473C2C,No,NO APPARENT INJURY,N/A,NOT DISTRACTED,MD,A81992B7-D62C-47BE-86BC-81AC033ED353,FUNCTIONAL,EIGHT OCLOCK,PASSENGER CAR,MOVING CONSTANT SPEED,North,25,No,No,2021,THOMAS,SCHOOL BUS,38.99805711,-77.00350675,""(38.99805711, -77.00350675)"""
"MCP3188000G,190018902,Montgomery County Police,Property Damage Crash,04/22/2019 07:24:00 PM,,,,PARKING LOT OF LOEHMANN'S PLAZA,,,OTHER,CLEAR,,DUSK,NO CONTROLS,N/A,,83E4FE37-6605-467E-9D32-7DCAC10B838A,Yes,NO APPARENT INJURY,N/A,NOT DISTRACTED,MD,D27DA516-5A34-4BB4-8709-149C5BE6D6D3,SUPERFICIAL,SIX OCLOCK,VAN,STARTING FROM PARKED,Unknown,15,No,No,2016,HONDA,ODYSSEY,39.05285918,-77.10526335,""(39.05285918, -77.10526335)"""
"EJ7858008J,230068862,Gaithersburg Police Depar,Property Damage Crash,11/29/2023 09:25:00 AM,Municipality,FIRSTFIELD RD,QUINCE ORCHARD BLVD,,GAITHERSBURG,,OTHER,CLEAR,DRY,DAYLIGHT,NO CONTROLS,NONE DETECTED,,D01AFF62-ACE3-439C-8804-F2FF98292CD7,Yes,NO APPARENT INJURY,N/A,LOOKED BUT DID NOT SEE,MD,A3A7C9F7-1ED8-4F16-AD4C-B397EBCA8BEE,SUPERFICIAL,EIGHT OCLOCK,PASSENGER CAR,STARTING FROM PARKED,West,25,No,No,2012,HONDA,CIVIC,39.14165028,-77.22609728,""(39.14165028, -77.22609728)"""
"MCP1563008X,230061684,Montgomery County Police,Property Damage Crash,10/20/2023 05:30:00 PM,Municipality,WILLOW LA,44TH ST,,CHEVY CHASE #4,,OTHER,CLOUDY,DRY,DAYLIGHT,NO CONTROLS,UNKNOWN,,0B5EBBAE-B9A9-45B5-82F6-C27738DA9F6D,Yes,NO APPARENT INJURY,N/A,UNKNOWN,MD,4DDF7233-1129-4AF0-B521-1EB20A88DC8A,UNKNOWN,TWO OCLOCK,(SPORT) UTILITY VEHICLE,MOVING CONSTANT SPEED,East,25,No,No,2023,CHEVROLET,SUV,38.98193833,-77.08863667,""(38.98193833, -77.08863667)"""
"MCP13780156,230048394,Montgomery County Police,Injury Crash,08/08/2023 12:38:00 PM,Maryland (State),FREDERICK RD,KING FARM BLVD,,ROCKVILLE,,SAME DIR REAR END,CLOUDY,DRY,DAYLIGHT,TRAFFIC SIGNAL,NONE DETECTED,,2BF2AD39-24A3-4C41-B8B2-BA0428AF35F0,No,POSSIBLE INJURY,N/A,NOT DISTRACTED,PA,7216D7C5-FC1E-43C2-9520-77B0154928EF,FUNCTIONAL,SIX OCLOCK,(SPORT) UTILITY VEHICLE,STOPPED IN TRAFFIC LANE,South,40,No,No,2017,INFINITI,QX50,39.11752117,-77.16966667,""(39.11752117, -77.16966667)"""
"EJ78760066,230053523,Gaithersburg Police Depar,Property Damage Crash,09/06/2023 05:45:00 PM,Maryland (State),CLOPPER RD,FIRSTFIELD RD,,GAITHERSBURG,,STRAIGHT MOVEMENT ANGLE,CLEAR,DRY,DUSK,TRAFFIC SIGNAL,NONE DETECTED,,0DEDA815-9B66-4C0A-B874-0BFDFFD7E2DD,No,NO APPARENT INJURY,N/A,NOT DISTRACTED,MD,48745B64-98E3-43BF-874E-4847EB521963,DISABLING,TWELVE OCLOCK,PASSENGER CAR,MOVING CONSTANT SPEED,East,35,No,No,2019,HONDA,ACCORD,39.14351112,-77.22402942,""(39.14351112, -77.22402942)"""
"MCP2674004K,230068590,Montgomery County Police,Property Damage Crash,11/27/2023 06:48:00 PM,,,,25502 COLTRANE DR,,,SINGLE VEHICLE,CLEAR,,DARK -- UNKNOWN LIGHTING,NO CONTROLS,NONE DETECTED,,503DC7C9-5F2C-4BB2-812A-DDE026F7CEC7,Yes,NO APPARENT INJURY,N/A,NOT DISTRACTED,MD,1BAF2122-5B44-4A03-A679-CBE76B45B016,DISABLING,TWELVE OCLOCK,PASSENGER CAR,MOVING CONSTANT SPEED,East,25,No,No,2010,JEEP,WRANGLER,39.27629867,-77.21182033,""(39.27629867, -77.21182033)"""
"MCP3066002D,230063087,Montgomery County Police,Property Damage Crash,10/28/2023 04:16:00 PM,County,EDGEWOOD RD,GRANT AVE,,N/A,,OPPOSITE DIRECTION SIDESWIPE,CLEAR,DRY,DAYLIGHT,N/A,ALCOHOL CONTRIBUTED,,CCFE6163-E4DC-4203-ABAC-00E8831BD265,Yes,NO APPARENT INJURY,N/A,OTHER DISTRACTION,MD,84DF398D-7256-40BF-9D9B-8E120A8D32EC,SUPERFICIAL,ELEVEN OCLOCK,PASSENGER CAR,MOVING CONSTANT SPEED,East,25,No,No,2023,CHEV,TAHOE,39.02612667,-77.06054333,""(39.02612667, -77.06054333)"""
"MCP2951001Q,16033561,Montgomery County Police,Injury Crash,07/02/2016 06:18:00 PM,Maryland (State),GEORGIA AVE,BEL PRE RD,,N/A,,SAME DIR REAR END,CLEAR,DRY,DAYLIGHT,YIELD SIGN,N/A,,AEEF417D-843F-4757-A1C8-4FAE0A0B344C,Yes,NO APPARENT INJURY,N/A,BY OTHER OCCUPANTS,MD,3A50037D-16EA-42D1-86E3-642AD9DF5952,SUPERFICIAL,TWELVE OCLOCK,PASSENGER CAR,ACCELERATING,North,35,No,No,2002,HONDA,VAN,39.14296167,-77.06735,""(39.14296167, -77.06735)"""
"MCP3133004P,230047099,Montgomery County Police,Property Damage Crash,07/31/2023 10:51:00 AM,Maryland (State),GEORGIA AVE,INTERCOUNTY CONNECTOR,,N/A,,HEAD ON LEFT TURN,CLEAR,DRY,DAYLIGHT,FLASHING TRAFFIC SIGNAL,NONE DETECTED,,5D62454B-33AD-4A2B-8188-F6A8265E139E,No,NO APPARENT INJURY,N/A,NOT DISTRACTED,MD,FF43C87C-03DD-48AC-8021-27BAB8C522F7,DESTROYED,TWELVE OCLOCK,PASSENGER CAR,MOVING CONSTANT SPEED,North,45,No,No,2015,ACUR,TLX,39.115234,-77.07510067,""(39.115234, -77.07510067)"""
"MCP3275001V,230049469,Montgomery County Police,Injury Crash,08/14/2023 07:13:00 PM,County,RANDOLPH RD,HAWKESBURY LA,,N/A,,SAME DIR REAR END,N/A,DRY,DAYLIGHT,TRAFFIC SIGNAL,NONE DETECTED,,F2C68A58-D417-46ED-8989-12097CAE172D,No,NO APPARENT INJURY,N/A,NOT DISTRACTED,MD,AC099A69-AAF7-4446-8431-D72E309A84C6,DESTROYED,SIX OCLOCK,PASSENGER CAR,SLOWING OR STOPPING,West,40,No,No,2021,SUBARU,UT,39.06622609,-77.02240243,""(39.06622609, -77.02240243)"""
"EJ7894003C,230056605,Gaithersburg Police Depar,Property Damage Crash,09/24/2023 11:20:00 AM,Maryland (State),W DIAMOND AVE,PERRY PKWY,,GAITHERSBURG,,SAME DIR REAR END,RAINING,WET,DAYLIGHT,TRAFFIC SIGNAL,NONE DETECTED,,C90FCE85-9C05-4FFC-B0AC-C9F34F6A21A3,No,NO APPARENT INJURY,""RAIN, SNOW, WET"",NOT DISTRACTED,MD,98E1C139-DFE1-4177-8B62-4D54D46A2134,FUNCTIONAL,SIX OCLOCK,PASSENGER CAR,STOPPED IN TRAFFIC LANE,North,25,No,No,2017,HYUNDAI,ACCENT,39.140614,-77.2090816,""(39.140614, -77.2090816)"""
"MCP20550039,220014049,Montgomery County Police,Property Damage Crash,04/02/2022 02:30:00 PM,,,,PARKING GARAGE OF 124 ELLINGTON BLVD,,,STRAIGHT MOVEMENT ANGLE,CLEAR,,DAYLIGHT,NO CONTROLS,NONE DETECTED,,5210FAE3-C47F-42CF-88EA-10418EBC9FC6,No,NO APPARENT INJURY,N/A,NOT DISTRACTED,MD,B626C45A-091D-4611-804F-949045320499,FUNCTIONAL,ONE OCLOCK,POLICE VEHICLE/EMERGENCY,MOVING CONSTANT SPEED,Unknown,0,No,No,2014,DODGE,CHARGER,39.11507136,-77.20470503,""(39.11507136, -77.20470503)"""
"MCP30900074,230066938,Montgomery County Police,Injury Crash,11/17/2023 05:21:00 PM,Maryland (State),WOODFIELD RD,FLOWER HILL WAY,,N/A,,STRAIGHT MOVEMENT ANGLE,CLEAR,DRY,DARK LIGHTS ON,TRAFFIC SIGNAL,N/A,,911D40BF-CC9F-46A2-BF51-A1A64C33BF80,No,SUSPECTED SERIOUS INJURY,N/A,NOT DISTRACTED,MD,1C0D284F-DF5F-4CC6-9F19-BFE1F80FCD06,FUNCTIONAL,TEN OCLOCK,PASSENGER CAR,MAKING LEFT TURN,East,30,No,No,2017,VOLK,JETTA,39.15635167,-77.16560267,""(39.15635167, -77.16560267)"""
"MCP9419004J,230046182,Montgomery County Police,Property Damage Crash,07/26/2023 11:33:00 AM,County,E GUDE DR,DOVER RD,,N/A,,HEAD ON LEFT TURN,CLEAR,DRY,DAYLIGHT,NO CONTROLS,NONE DETECTED,,37A3557E-1882-4C16-9BAC-75D159DFF306,Yes,NO APPARENT INJURY,N/A,LOOKED BUT DID NOT SEE,MD,4EE85096-3FC0-4BD7-A325-6A1E31F0B1F3,DISABLING,TWO OCLOCK,PASSENGER CAR,MAKING LEFT TURN,East,40,No,No,2023,MAZD,WG,39.10246667,-77.14194833,""(39.10246667, -77.14194833)"""
"MCP29370055,230067526,Montgomery County Police,Property Damage Crash,11/20/2023 11:50:00 PM,US (State),COLUMBIA PIKE,PRELUDE DR,,N/A,,HEAD ON LEFT TURN,N/A,DRY,DARK LIGHTS ON,TRAFFIC SIGNAL,NONE DETECTED,,A163594F-D921-455E-8E54-48A357DE8D6C,No,NO APPARENT INJURY,N/A,NOT DISTRACTED,MD,D9871E07-4D11-43D5-A8EB-332B2628DA79,DISABLING,TWELVE OCLOCK,PASSENGER CAR,MOVING CONSTANT SPEED,South,35,No,No,2017,TOYOTA,COROLLA,39.03950289,-76.99790409,""(39.03950289, -76.99790409)"""
"MCP2603005L,230062424,Montgomery County Police,Property Damage Crash,10/25/2023 06:49:00 AM,Maryland (State),WOODFIELD RD,FLOWER HILL WAY,,N/A,,STRAIGHT MOVEMENT ANGLE,N/A,DRY,DAWN,TRAFFIC SIGNAL,N/A,,7339B0DA-4994-4B48-A211-D6205C468EBF,No,NO APPARENT INJURY,N/A,NOT DISTRACTED,MD,E824A46B-F543-4C91-A78F-86FD474AB64D,SUPERFICIAL,ELEVEN OCLOCK,SCHOOL BUS,MOVING CONSTANT SPEED,North,35,No,No,2017,THOMAS,BUS,39.15689833,-77.165785,""(39.15689833, -77.165785)"""
"MCP23050034,230072095,Montgomery County Police,Property Damage Crash,12/16/2023 06:38:00 PM,County,LITTLE SENECA PKWY,FAIR GARDEN LA,,N/A,,SINGLE VEHICLE,CLEAR,DRY,DARK LIGHTS ON,NO CONTROLS,NONE DETECTED,,42C97827-C01F-413A-B8BA-A62EF5EC9D9B,Yes,NO APPARENT INJURY,N/A,INATTENTIVE OR LOST IN THOUGHT,MD,9845A7BB-AA8D-425A-B289-E95B95D8CE3E,DISABLING,TWELVE OCLOCK,PASSENGER CAR,MOVING CONSTANT SPEED,South,30,No,No,2018,KIA,2S,39.21750333,-77.267535,""(39.21750333, -77.267535)"""
"MCP2974004T,230052781,Montgomery County Police,Injury Crash,09/02/2023 11:40:00 AM,US (State),COLUMBIA PIKE,FAIRLAND RD,,N/A,,SAME DIR REAR END,CLEAR,DRY,DAYLIGHT,TRAFFIC SIGNAL,NONE DETECTED,,0FBEDCCF-64CD-4427-853A-9BA074DDD80C,Yes,SUSPECTED MINOR INJURY,N/A,INATTENTIVE OR LOST IN THOUGHT,MD,09706651-59EF-4579-B3AE-B9AEC8EC72C8,DISABLING,TWELVE OCLOCK,PASSENGER CAR,MOVING CONSTANT SPEED,North,55,No,No,2007,CHRYSLER,TOWN & COUNTRY,39.07188,-76.95650483,""(39.07188, -76.95650483)"""
"EJ7887003D,230069743,Gaithersburg Police Depar,Property Damage Crash,12/04/2023 09:30:00 AM,Maryland (State),S FREDERICK RD,S SUMMIT AVE,,GAITHERSBURG,,SAME DIR REAR END,CLEAR,DRY,DAYLIGHT,TRAFFIC SIGNAL,NONE DETECTED,,6F29DDCA-F652-48EF-B033-D82302296B04,Yes,NO APPARENT INJURY,N/A,NOT DISTRACTED,MD,910A9539-46F1-4C2B-BA72-756C2BEB7BF7,FUNCTIONAL,TWELVE OCLOCK,PASSENGER CAR,MAKING RIGHT TURN,North,30,No,No,2011,VOLK,SD,39.13753023,-77.19340322,""(39.13753023, -77.19340322)"""
"MCP2875007T,230064977,Montgomery County Police,Property Damage Crash,11/07/2023 06:32:00 PM,Maryland (State),RIDGE RD,SWEEPSTAKES RD,,N/A,,HEAD ON LEFT TURN,CLEAR,DRY,DARK LIGHTS ON,TRAFFIC SIGNAL,NONE DETECTED,,1740FE55-684D-4053-8A11-F3B6170F9831,No,NO APPARENT INJURY,N/A,NOT DISTRACTED,MD,E1938F54-5096-45FB-8557-CBE0AAE51D5D,SUPERFICIAL,TWELVE OCLOCK,(SPORT) UTILITY VEHICLE,MOVING CONSTANT SPEED,North,40,No,No,2023,KIA,TELLURIDE,39.26219667,-77.22133333,""(39.26219667, -77.22133333)"""
"MCP33730017,230047717,Montgomery County Police,Property Damage Crash,08/03/2023 10:35:00 AM,US (State),COLESVILLE RD,SPRING ST,,N/A,,SAME DIRECTION SIDESWIPE,RAINING,WET,DARK LIGHTS ON,TRAFFIC SIGNAL,NONE DETECTED,,70CB0B60-31CC-4294-BF47-4C4F353D84CF,No,NO APPARENT INJURY,""RAIN, SNOW, WET"",NOT DISTRACTED,MD,3BF5440C-E355-4E0E-82BB-B1C0142F2C53,NO DAMAGE,ELEVEN OCLOCK,TRANSIT BUS,ACCELERATING,South,30,No,No,2008,GILL,BU,38.99802133,-77.026836,""(38.99802133, -77.026836)"""
"MCP3348001V,230071221,Montgomery County Police,Injury Crash,12/12/2023 07:58:00 AM,County,AQUARIUS AVE,HYDRUS RD,,N/A,,SINGLE VEHICLE,CLEAR,DRY,DAYLIGHT,STOP SIGN,NONE DETECTED,,41AF1F4A-BF0D-46D0-A3B2-DE2BF9AEED40,Unknown,SUSPECTED MINOR INJURY,N/A,NOT DISTRACTED,MD,C7D74118-C4AD-4AC4-BB19-013437FDF9FB,DISABLING,TWELVE OCLOCK,(SPORT) UTILITY VEHICLE,ACCELERATING,South,25,No,No,2015,BMW,X4,39.10005333,-77.059925,""(39.10005333, -77.059925)"""
"MCP2760004F,230065249,Montgomery County Police,Property Damage Crash,11/08/2023 09:09:00 PM,Maryland (State),MONTGOMERY VILLAGE AVE,SPUR FR MD 124 TO MD 124,,N/A,,SAME DIR REAR END,CLEAR,DRY,DARK LIGHTS ON,TRAFFIC SIGNAL,N/A,,344AC769-C147-4526-B11B-882BF057578B,No,NO APPARENT INJURY,N/A,NOT DISTRACTED,MD,1AE25268-4EC7-4928-A21D-D7CA53CC31BC,DISABLING,SIX OCLOCK,PASSENGER CAR,SLOWING OR STOPPING,North,35,No,No,2017,TOYT,4S,39.15924833,-77.20260667,""(39.15924833, -77.20260667)"""
"MCP30090074,230068706,Montgomery County Police,Injury Crash,11/28/2023 12:37:00 PM,Maryland (State),GERMANTOWN RD,SENECA MEADOWS PKWY,,N/A,,SAME DIRECTION RIGHT TURN,CLEAR,DRY,DAYLIGHT,N/A,N/A,,2FD25475-4DC9-4916-AFF4-678C51B65454,Yes,NO APPARENT INJURY,N/A,NOT DISTRACTED,MD,E8DB1C1A-C6B1-44EB-BDDD-EB0E1D3D7F02,SUPERFICIAL,THREE OCLOCK,(SPORT) UTILITY VEHICLE,CHANGING LANES,West,45,No,No,2020,LEXUS,RX,39.18798667,-77.252155,""(39.18798667, -77.252155)"""
"MCP3328002M,230060328,Montgomery County Police,Property Damage Crash,10/13/2023 03:03:00 PM,County,ARCOLA AVE,KENBROOK DR,,N/A,,STRAIGHT MOVEMENT ANGLE,CLEAR,DRY,DAYLIGHT,NO CONTROLS,NONE DETECTED,,84373FC9-DBD0-44B4-852E-94F52826EE51,No,NO APPARENT INJURY,""N/A, VISION OBSTRUCTION (INCL. BLINDED BY SUN)"",NOT DISTRACTED,MD,B2EDC58A-4642-4483-9AD5-D109120D1103,DISABLING,THREE OCLOCK,PASSENGER CAR,MOVING CONSTANT SPEED,South,35,No,No,2015,NISSAN,ROGUE,39.03893833,-77.02770333,""(39.03893833, -77.02770333)"""
"MCP235300C5,230048724,Montgomery County Police,Property Damage Crash,08/10/2023 12:01:00 PM,Maryland (State),ROCKVILLE PIKE,MONTROSE PKWY,,N/A,,SAME DIR REAR END,CLOUDY,DRY,DAYLIGHT,NO CONTROLS,NONE DETECTED,,52F5582A-A0D5-4C29-84F2-B1D4837F8F8C,No,NO APPARENT INJURY,N/A,NOT DISTRACTED,MD,EE2A0F15-A856-4E17-8874-170F63355416,FUNCTIONAL,SIX OCLOCK,VAN,STOPPED IN TRAFFIC LANE,South,35,No,No,2008,HONDA,OYDESSY,39.05080367,-77.11540767,""(39.05080367, -77.11540767)"""
"MCP2059007V,230054857,Montgomery County Police,Property Damage Crash,09/14/2023 02:01:00 PM,Maryland (State),KNOWLES AVE,SUMMIT AVE,,N/A,,SAME DIR REAR END,CLEAR,DRY,DAYLIGHT,TRAFFIC SIGNAL,NONE DETECTED,,17059609-BB36-4389-A92B-D7A49DD814CA,Yes,NO APPARENT INJURY,N/A,UNKNOWN,MD,B7E54D58-E02F-45D8-A9F0-4FDE809AF2DC,SUPERFICIAL,TWELVE OCLOCK,PASSENGER CAR,SLOWING OR STOPPING,East,30,No,No,2015,TOYOTA,CAMRY,39.02798651,-77.08005937,""(39.02798651, -77.08005937)"""
"MCP3309001X,230051394,Montgomery County Police,Property Damage Crash,08/25/2023 10:38:00 PM,Maryland (State),GEORGIA AVE,SHOREFIELD RD,,N/A,,SAME DIRECTION SIDESWIPE,CLEAR,DRY,DARK LIGHTS ON,N/A,NONE DETECTED,,C60A75BD-B091-4C9F-9D49-8A2EA7D92AA8,No,NO APPARENT INJURY,N/A,NOT DISTRACTED,XX,735DFF0D-C02D-419D-AEE5-12543DE3F898,SUPERFICIAL,NINE OCLOCK,PASSENGER CAR,MOVING CONSTANT SPEED,North,35,No,No,2023,TOYT,COROLLA,39.05300529,-77.05086599,""(39.05300529, -77.05086599)"""
"MCP93180035,230055083,Montgomery County Police,Property Damage Crash,09/15/2023 03:39:00 PM,County,DENNIS AVE,TENBROOK DR,,N/A,,STRAIGHT MOVEMENT ANGLE,CLEAR,DRY,DAYLIGHT,STOP SIGN,NONE DETECTED,,427E8EB2-EF4A-4051-AFD6-A8601C70FC6A,No,NO APPARENT INJURY,N/A,NOT DISTRACTED,MD,70FC8EE2-AEEA-4BB8-AAA7-50D410D1F277,FUNCTIONAL,TEN OCLOCK,PICKUP TRUCK,MOVING CONSTANT SPEED,South,35,No,No,2008,FORD,F150,39.02357723,-77.02907672,""(39.02357723, -77.02907672)"""
"MCP30220058,230053339,Montgomery County Police,Injury Crash,09/05/2023 07:11:00 PM,Maryland (State),GERMANTOWN RD,FATHER HURLEY BLVD,,N/A,,OTHER,CLEAR,DRY,DUSK,TRAFFIC SIGNAL,N/A,,0D54A19F-1002-4470-8BB7-E0206E188290,Yes,SUSPECTED MINOR INJURY,N/A,OTHER DISTRACTION,MD,AA6F8DA7-819D-4654-BDE4-98E7E53A010F,DISABLING,TWELVE OCLOCK,PASSENGER CAR,MOVING CONSTANT SPEED,West,40,No,No,2005,TOYT,CN,39.16733367,-77.280694,""(39.16733367, -77.280694)"""
"MCP3362001D,230034327,Montgomery County Police,Property Damage Crash,07/19/2023 08:56:00 AM,US (State),COLESVILLE RD,UNIVERSITY BLVD E,,N/A,,SAME DIRECTION SIDESWIPE,CLOUDY,WET,DAYLIGHT,TRAFFIC SIGNAL,UNKNOWN,,49514FEB-D094-4A2B-AB61-D8D727A4AB2C,Yes,NO APPARENT INJURY,""BACKUP DUE TO REGULAR CONGESTION, N/A"",UNKNOWN,,B11403E8-57A3-4DB0-8FD4-1407A8CE3292,N/A,ONE OCLOCK,,MOVING CONSTANT SPEED,South,45,No,No,0,UNKNOWN,UNKNOWN,39.02021833,-77.01303333,""(39.02021833, -77.01303333)"""
"MCP3290002G,230054588,Montgomery County Police,Property Damage Crash,09/13/2023 07:18:00 AM,US (State),COLESVILLE RD,NOYES DR,,N/A,,SAME DIRECTION SIDESWIPE,CLEAR,DRY,DAYLIGHT,NO CONTROLS,NONE DETECTED,,FBA272E9-2E98-4990-9148-F9DC7EC8B3AA,No,NO APPARENT INJURY,N/A,UNKNOWN,MD,99FFBCB0-4F4A-4A3C-919D-43C5D5EEE763,FUNCTIONAL,TEN OCLOCK,TRANSIT BUS,STOPPED IN TRAFFIC LANE,South,35,No,No,2020,NOV,BU,39.00043333,-77.025735,""(39.00043333, -77.025735)"""
"MCP9301004T,230064531,Montgomery County Police,Injury Crash,11/05/2023 12:00:00 PM,County,SHADY GROVE RD,RAMP 6 FR SHADY GROVE RD EB TO IS 270 SB,,N/A,,STRAIGHT MOVEMENT ANGLE,N/A,DRY,DAYLIGHT,TRAFFIC SIGNAL,N/A,,A90697F5-C2C8-4D38-BF79-C9341B62F6BC,No,POSSIBLE INJURY,N/A,NOT DISTRACTED,MD,9877E83B-B559-4563-BE54-F809064151DE,DISABLING,ELEVEN OCLOCK,PASSENGER CAR,MAKING LEFT TURN,East,30,No,No,2013,LEXU,4S,39.1401348,-77.2042687,""(39.1401348, -77.2042687)"""