Report Number,Local Case Number,Agency Name,ACRS Report Type,Crash Date/Time,Route Type,Road Name,Cross-Street Name,Off-Road Description,Municipality,Related Non-Motorist,Collision Type,Weather,Surface Condition,Light,Traffic Control,Driver Substance Abuse,Non-Motorist Substance Abuse,Person ID,Driver At Fault,Injury Severity,Circumstance,Driver Distracted By,Drivers License State,Vehicle ID,Vehicle Damage Extent,Vehicle First Impact Location,Vehicle Body Type,Vehicle Movement,Vehicle Going Dir,Speed Limit,Driverless Vehicle,Parked Vehicle,Vehicle Year,Vehicle Make,Vehicle Model,Latitude,Longitude,Location
"MCP235300CH,230062880,Montgomery County Police,Property Damage Crash,10/27/2023 12:57:00 PM,Maryland (State),WISCONSIN AVE,DORSET AVE,,SOMERSET,,SAME DIRECTION SIDESWIPE,CLOUDY,DRY,DAYLIGHT,N/A,N/A,,575FF193-89AB-4A16-A0C2-766834805BDD,Yes,NO APPARENT INJURY,N/A,UNKNOWN,,BB5E3EFD-7910-45C1-B842-0CC2859F3CE2,SUPERFICIAL,TWO OCLOCK,UNKNOWN,MOVING CONSTANT SPEED,South,30,No,No,2000,FORD,F150,38.9675935,-77.08887983,""(38.9675935, -77.08887983)"""
"MCP3256002D,230051721,Montgomery County Police,Injury Crash,08/27/2023 08:51:00 PM,Maryland (State),CHERRY HILL RD,COLUMBIA PIKE,,N/A,,SAME DIRECTION LEFT TURN,CLEAR,DRY,DARK LIGHTS ON,TRAFFIC SIGNAL,NONE DETECTED,,6168F461-CA0E-4A9F-8E97-1E035673E06D,Yes,POSSIBLE INJURY,N/A,NOT DISTRACTED,MD,AC6D3CBB-8C4F-4533-A3BF-AB1DFBA7455F,DISABLING,TWELVE OCLOCK,PASSENGER CAR,MAKING LEFT TURN,East,35,No,No,2022,FORD,4500,39.06235652,-76.9620795,""(39.06235652, -76.9620795)"""
"MCP3328002K,230055602,Montgomery County Police,Property Damage Crash,09/18/2023 05:01:00 PM,Maryland (State),LAYHILL RD,ENT TO LAYHILL SHOPPING CENTER,,N/A,,STRAIGHT MOVEMENT ANGLE,CLEAR,DRY,DAYLIGHT,NO CONTROLS,NONE DETECTED,,F0C8D388-7B03-467F-90A0-0F54EED09A26,Yes,NO APPARENT INJURY,N/A,LOOKED BUT DID NOT SEE,MD,5787B3BC-7BA0-4BA2-A281-6605B1529CE3,DISABLING,TWELVE OCLOCK,PASSENGER CAR,MAKING LEFT TURN,East,40,No,No,2018,INFI,Q50,39.09223667,-77.04511,""(39.09223667, -77.04511)"""
"MCP3328002F,230050898,Montgomery County Police,Property Damage Crash,08/23/2023 01:17:00 PM,County,KEMP MILL RD,GLENALLAN AVE,,N/A,,HEAD ON LEFT TURN,CLEAR,DRY,DAYLIGHT,STOP SIGN,NONE DETECTED,,CF6AC0B7-C250-4F88-A252-0B05D7E52D45,Yes,NO APPARENT INJURY,N/A,LOOKED BUT DID NOT SEE,MD,E68A1689-FA30-41B8-8A13-3D7E94744F57,DISABLING,TEN OCLOCK,PASSENGER CAR,MAKING LEFT TURN,North,30,No,No,2012,BUIC,LACROSSE,39.065355,-77.02848667,""(39.065355, -77.02848667)"""
"MCP23990071,230051907,Montgomery County Police,Injury Crash,08/28/2023 07:47:00 PM,County,MONTGOMERY VILLAGE AVE,APPLE RIDGE RD,,N/A,,STRAIGHT MOVEMENT ANGLE,CLEAR,DRY,DARK LIGHTS ON,TRAFFIC SIGNAL,NONE DETECTED,,BB7861E4-1457-4786-8197-E5737454447E,No,POSSIBLE INJURY,N/A,NOT DISTRACTED,MD,F75489F1-791C-4E5C-974D-2A2F15BD15F8,DISABLING,ELEVEN OCLOCK,(SPORT) UTILITY VEHICLE,MOVING CONSTANT SPEED,South,35,No,No,2010,NISSAN,ROGUE,39.18697833,-77.19845833,""(39.18697833, -77.19845833)"""
"MCP003600HL,230072440,Montgomery County Police,Property Damage Crash,12/18/2023 05:40:00 PM,Maryland (State),METROPOLITAN AVE,ST PAUL ST,,KENSINGTON,,SAME DIR REAR END,CLEAR,DRY,DARK LIGHTS ON,NO CONTROLS,UNKNOWN,,D9CBCD85-F502-4DD4-91FD-220B2A4193F0,No,NO APPARENT INJURY,N/A,NOT DISTRACTED,MD,43AF3910-FA55-4B69-842D-2B71FFD82250,SUPERFICIAL,SIX OCLOCK,PASSENGER CAR,STOPPED IN TRAFFIC LANE,West,25,No,No,2019,TOYOTA,RAV4,39.02838883,-77.07331667,""(39.02838883, -77.07331667)"""
"MCP2362000V,15065260,MONTGOMERY,Injury Crash,12/21/2015 11:33:00 AM,US (State),COLUMBIA PIKE,HILLWOOD DR,,N/A,,SAME DIR REAR END,CLEAR,DRY,DAYLIGHT,N/A,N/A,,DF2018E3-D5E4-4302-B41F-04F5F2A2488D,No,NO APPARENT INJURY,N/A,NOT DISTRACTED,MD,769BC640-6D55-4757-9659-2FADF9FBA296,SUPERFICIAL,THREE OCLOCK,PASSENGER CAR,MOVING CONSTANT SPEED,North,35,No,No,2015,NISS,4S,39.03238,-77.00346667,""(39.03238, -77.00346667)"""
"MCP3289002S,230064542,Montgomery County Police,Property Damage Crash,11/05/2023 01:58:00 PM,,,,PARKING LOT OG 1280 EAST WEST HIGHWAY,,PEDESTRIAN,SINGLE VEHICLE,CLEAR,,DAYLIGHT,NO CONTROLS,UNKNOWN,NONE DETECTED,D0752EDA-C9B4-440A-97F0-9159BE1C0C5E,Yes,NO APPARENT INJURY,N/A,UNKNOWN,,847C57CC-711D-48E9-A62A-2E23D6E7AC9E,UNKNOWN,UNKNOWN,PASSENGER CAR,MOVING CONSTANT SPEED,Unknown,15,No,No,2012,TOYOTA,4S,38.99176207,-77.03202414,""(38.99176207, -77.03202414)"""
"MCP2965007X,230071839,Montgomery County Police,Property Damage Crash,12/15/2023 07:40:00 AM,Maryland (State),GEORGIA AVE,GLENALLAN AVE,,N/A,,SAME DIR BOTH LEFT TURN,CLEAR,DRY,DAYLIGHT,TRAFFIC SIGNAL,NONE DETECTED,,EFE02786-3393-4B45-9305-DDF7079ED189,Yes,NO APPARENT INJURY,N/A,NOT DISTRACTED,MD,D833DABC-F096-4F3D-A920-B60C0495307F,FUNCTIONAL,ONE OCLOCK,PASSENGER CAR,MAKING LEFT TURN,East,35,No,No,2023,JEEP,UT,39.06303796,-77.05478133,""(39.06303796, -77.05478133)"""
"MCP33390033,230069249,Montgomery County Police,Injury Crash,12/01/2023 08:36:00 AM,Maryland (State),GEORGIA AVE,BEL PRE RD,,N/A,,SAME DIR REAR END,CLEAR,DRY,DAYLIGHT,N/A,NONE DETECTED,,EBA4F847-3042-42B7-A453-8BEB2DB9A3A9,No,POSSIBLE INJURY,N/A,NOT DISTRACTED,MD,2C3A1E5E-E620-4FE0-B38E-5F9FF06095AE,DISABLING,SIX OCLOCK,PASSENGER CAR,SLOWING OR STOPPING,North,35,No,No,2008,TOYOTA,COROLLA,39.09368383,-77.07930467,""(39.09368383, -77.07930467)"""
"MCP2934001W,16043042,Montgomery County Police,Injury Crash,08/24/2016 02:57:00 PM,Maryland (State),WESTMORELAND CIR,WETHERILL RD,,N/A,,SAME DIR REAR END,CLEAR,DRY,DAYLIGHT,NO CONTROLS,NONE DETECTED,,CC5B140F-4239-4723-B05E-1497A84DA0E8,Yes,POSSIBLE INJURY,N/A,LOOKED BUT DID NOT SEE,MD,71771D71-9D44-42B8-8BC9-A415139F1E3D,DISABLING,ONE OCLOCK,PASSENGER CAR,MOVING CONSTANT SPEED,South,25,No,No,1993,TOYOTA,CORROLA,38.94918167,-77.10130833,""(38.94918167, -77.10130833)"""
"MCP31480055,230048282,Montgomery County Police,Property Damage Crash,08/07/2023 06:09:00 PM,County,MACARTHUR BLVD,MOHICAN RD,,N/A,,SAME DIRECTION LEFT TURN,RAINING,WET,DAYLIGHT,N/A,NONE DETECTED,,885F2132-AB6B-4E61-85B5-5ACAF555FBE6,Yes,NO APPARENT INJURY,N/A,LOOKED BUT DID NOT SEE,MD,A5AC871A-F35A-4AFC-8CB2-BBB9A7BB164E,DISABLING,NINE OCLOCK,VAN,MAKING U TURN,South,30,No,No,2013,CHEVROLET,EXPRESS,38.96128387,-77.13320362,""(38.96128387, -77.13320362)"""
"DM8494003L,230069675,Takoma Park Police Depart,Property Damage Crash,12/03/2023 07:07:00 PM,Maryland (State),UNIVERSITY BLVD E,CARROLL AVE,,N/A,,SAME DIR REAR END,CLEAR,WET,DARK LIGHTS ON,TRAFFIC SIGNAL,N/A,,DA9D86BF-127D-4606-B358-3529F3EF8182,No,NO APPARENT INJURY,""N/A, WET"",NOT DISTRACTED,MD,C35356FB-5CED-48CB-BEE7-7FF5D3EF5A5C,FUNCTIONAL,SIX OCLOCK,PASSENGER CAR,STOPPED IN TRAFFIC LANE,East,25,No,No,2021,FORD,UT,38.99021417,-76.99013983,""(38.99021417, -76.99013983)"""
"MCP3300002K,230070831,Montgomery County Police,Injury Crash,12/09/2023 10:30:00 PM,County,LONGMEAD CROSSING DR,WIMBLEDON DR,,N/A,,OTHER,CLEAR,DRY,DARK LIGHTS ON,NO CONTROLS,NONE DETECTED,,145284D9-572A-407A-95BA-614FBF87FA29,Yes,POSSIBLE INJURY,N/A,NOT DISTRACTED,MD,C5324B9E-9BB4-4B96-96F3-2353F23F4AA8,DISABLING,TWELVE OCLOCK,(SPORT) UTILITY VEHICLE,MOVING CONSTANT SPEED,East,30,No,No,2014,LEXUS,RX 250,39.09968057,-77.04910494,""(39.09968057, -77.04910494)"""
"MCP3262003K,230066113,Montgomery County Police,Property Damage Crash,11/13/2023 03:35:00 PM,County,CHERRY HILL RD,GRACEFIELD RD,,N/A,,ANGLE MEETS RIGHT TURN,CLEAR,DRY,DAYLIGHT,NO CONTROLS,NONE DETECTED,,88F80A68-5DFC-4A2D-89B6-EE334DD10E44,No,NO APPARENT INJURY,N/A,NOT DISTRACTED,MD,A33BABF1-D33E-437F-8D2F-A07FB7E998C4,SUPERFICIAL,TWO OCLOCK,VAN,MOVING CONSTANT SPEED,East,35,No,No,2017,FORD,TRANSIT,39.04983654,-76.95249399,""(39.04983654, -76.95249399)"""
"MCP3190005L,230071025,Montgomery County Police,Injury Crash,12/11/2023 07:51:00 AM,Maryland (State),NORBECK RD,WHITEHAVEN RD,,N/A,,SAME DIR REAR END,SNOW,WET,DAWN,NO CONTROLS,NONE DETECTED,,DA364158-DB4F-4C3F-BB33-8DF3E8BC402B,Yes,POSSIBLE INJURY,""RAIN, SNOW, WET"",UNKNOWN,MD,14C29C9B-FB60-42AB-A31C-3A4FB6079386,DISABLING,TWELVE OCLOCK,PASSENGER CAR,MOVING CONSTANT SPEED,West,40,No,No,2022,MD,CIVIC,39.12080783,-77.03858283,""(39.12080783, -77.03858283)"""
"MCP291400F5,230059782,Montgomery County Police,Injury Crash,10/11/2023 01:13:00 AM,Maryland (State),GEORGIA AVE,COLESVILLE RD,,N/A,,OTHER,CLEAR,N/A,DARK LIGHTS ON,N/A,N/A,,8F3A3FCC-7871-4E13-824F-A20AFDEA28C5,Yes,POSSIBLE INJURY,N/A,NOT DISTRACTED,NC,1C61B7A6-1F7E-4487-8E51-23A185CCA43B,DISABLING,TWELVE OCLOCK,PASSENGER CAR,MAKING U TURN,South,30,No,No,2016,NISSAN,MAXIMA,39.013425,-77.00425333,""(39.013425, -77.00425333)"""
"MCP20770054,230053326,Montgomery County Police,Property Damage Crash,09/05/2023 06:00:00 PM,Maryland (State),NEW HAMPSHIRE AVE,RANDOLPH RD,,N/A,,SAME DIR REAR END,CLEAR,DRY,DAYLIGHT,TRAFFIC SIGNAL,UNKNOWN,,5BD74614-48A2-41DA-AF87-C7D35B52B62B,Yes,NO APPARENT INJURY,N/A,UNKNOWN,,28E821D3-214D-4178-9733-0F35D8D93387,SUPERFICIAL,TWELVE OCLOCK,,CHANGING LANES,South,35,No,No,0,UNKNOWN,UNKNOWN,39.07663,-77.00181,""(39.07663, -77.00181)"""
"MCP2974004V,230055457,Montgomery County Police,Property Damage Crash,09/18/2023 07:00:00 AM,County,CASTLE BLVD,BRIGGS CHANEY RD,,N/A,,STRAIGHT MOVEMENT ANGLE,RAINING,WET,DAYLIGHT,STOP SIGN,NONE DETECTED,,35D28732-C32E-4821-B441-D1BC99F60BA3,No,NO APPARENT INJURY,N/A,NOT DISTRACTED,MD,D60405BA-E8CF-42FE-BA98-4E9DBEEF96AC,DISABLING,TWELVE OCLOCK,PASSENGER CAR,MOVING CONSTANT SPEED,South,25,No,No,2005,TOYOTA,SIENNA,39.08140233,-76.94576983,""(39.08140233, -76.94576983)"""
"MCP2821001F,180062741,Montgomery County Police,Property Damage Crash,12/16/2018 01:58:00 AM,County,AIRPARK RD,STRATOS LA,,N/A,,SINGLE VEHICLE,RAINING,WET,DARK LIGHTS ON,NO CONTROLS,NONE DETECTED,,0A8FA572-D13E-42DE-BFBB-F6E1E345E6E3,Yes,NO APPARENT INJURY,""RAIN, SNOW, WET"",UNKNOWN,NC,05D8291C-1D89-4952-B3E4-242E0E497717,DISABLING,ELEVEN OCLOCK,PASSENGER CAR,MOVING CONSTANT SPEED,North,40,No,No,2002,MERC,4,39.15434333,-77.14189667,""(39.15434333, -77.14189667)"""
"MCP2991008M,230056038,Montgomery County Police,Property Damage Crash,09/21/2023 07:30:00 AM,County,E RANDOLPH RD,NEW HAMPSHIRE AVE,,N/A,,N/A,N/A,DRY,DAYLIGHT,NO CONTROLS,NONE DETECTED,,E05DBE20-BA62-451A-A18A-8709AE013448,Yes,NO APPARENT INJURY,N/A,NOT DISTRACTED,MD,8A42DF6A-0DD8-4AB5-999C-42F7B840ACFC,FUNCTIONAL,THREE OCLOCK,PASSENGER CAR,CHANGING LANES,West,30,No,No,2014,HONDA,ACCORD,39.07592,-77.00013167,""(39.07592, -77.00013167)"""
"MCP268900B0,230072238,Montgomery County Police,Property Damage Crash,12/17/2023 04:54:00 PM,County,SEVEN LOCKS RD,CODDLE HARBOR LA,,N/A,,STRAIGHT MOVEMENT ANGLE,RAINING,WET,DARK LIGHTS ON,STOP SIGN,NONE DETECTED,,726E4518-6826-47F6-B4AD-83B31966E0A9,No,NO APPARENT INJURY,N/A,NOT DISTRACTED,MD,EEF3624E-F2EC-47A8-BFA7-2032CDEB9E85,DISABLING,TWELVE OCLOCK,PASSENGER CAR,STOPPED IN TRAFFIC LANE,South,35,No,No,2009,SUBARU,OUTBACK,39.04253326,-77.15953356,""(39.04253326, -77.15953356)"""
"MCP1378015B,230048934,Montgomery County Police,Property Damage Crash,08/11/2023 02:31:00 PM,,,,PARKING LOT OF 12055 ROCKVILLE PIKE MONTROSE CROSSING SHOPPING CENTER,,,STRAIGHT MOVEMENT ANGLE,CLOUDY,,DAYLIGHT,STOP SIGN,NONE DETECTED,,97F4E41B-B9A1-45EA-AE2F-4DA726DB6A18,No,NO APPARENT INJURY,N/A,NOT DISTRACTED,MD,3D1C2322-6D57-4A8F-976C-B645F2E46AAE,FUNCTIONAL,TWELVE OCLOCK,PASSENGER CAR,MOVING CONSTANT SPEED,East,5,No,No,2009,TOYT,COROLLA,39.05536083,-77.117464,""(39.05536083, -77.117464)"""
"MCP30930053,230072582,Montgomery County Police,Injury Crash,12/19/2023 02:57:00 PM,County,LYTTONSVILLE RD,LYTTONSVILLE PL,,N/A,,OTHER,CLEAR,DRY,DAYLIGHT,N/A,N/A,,3DD5B84C-2F44-49B7-9699-E6A5DD58069D,No,NO APPARENT INJURY,N/A,NOT DISTRACTED,MD,1EDFE90D-D091-4E03-9AE9-3FF0697FD89A,SUPERFICIAL,FOUR OCLOCK,SCHOOL BUS,MOVING CONSTANT SPEED,West,25,No,No,2018,FRHT,BUS,38.99899752,-77.05243932,""(38.99899752, -77.05243932)"""
"MCP9301004V,230071048,Montgomery County Police,Property Damage Crash,12/11/2023 10:00:00 AM,County,DIAMONDBACK DR,DECOVERLY DR,,N/A,,STRAIGHT MOVEMENT ANGLE,N/A,WET,DAYLIGHT,NO CONTROLS,N/A,,52FEA868-9C3A-4527-A8C7-2435A558ADAE,Yes,NO APPARENT INJURY,""N/A, WET"",NOT DISTRACTED,DC,EEA7FDB8-45D0-4AB6-AB9C-F0527DD60A5E,DISABLING,THREE OCLOCK,PASSENGER CAR,MAKING LEFT TURN,West,30,No,No,2014,HONDA,CRV,39.106865,-77.20342432,""(39.106865, -77.20342432)"""
"MCP3311001Z,230053490,Montgomery County Police,Property Damage Crash,09/06/2023 04:50:00 PM,Maryland (State),GEORGIA AVE,RAMP 4 FR MD 97 NB TO IS 495 EB,,N/A,,OTHER,CLEAR,DRY,DAYLIGHT,NO CONTROLS,N/A,,627AFD04-5974-460D-AE87-309DACD4AF56,No,NO APPARENT INJURY,N/A,NOT DISTRACTED,MD,E4C0B162-272B-465D-A22F-B9ED1050D02B,FUNCTIONAL,TEN OCLOCK,(SPORT) UTILITY VEHICLE,MOVING CONSTANT SPEED,North,35,No,No,2017,SUBARU,FORESTER,39.01204577,-77.04140217,""(39.01204577, -77.04140217)"""
"MCP3227004X,230057751,Montgomery County Police,Property Damage Crash,09/30/2023 07:22:00 PM,County,BARRON ST,GILBERT PL,,N/A,,SAME DIRECTION SIDESWIPE,CLEAR,DRY,DUSK,NO CONTROLS,NONE DETECTED,,F766ABE2-2894-4411-9D7E-3ABEEBBF0279,No,NO APPARENT INJURY,N/A,NOT DISTRACTED,MD,38029BB9-9E39-4517-ADA5-D4AD0B6FF63A,FUNCTIONAL,TEN OCLOCK,PASSENGER CAR,PARKED,,20,No,Yes,2017,TOYOTA,RAV4,38.99825375,-76.9971949,""(38.99825375, -76.9971949)"""
"DD5660000F,230046531,Rockville Police Departme,Property Damage Crash,07/27/2023 09:12:00 PM,Municipality,PRETTYMAN DR,JAY DR,,ROCKVILLE,,SAME DIR REAR END,RAINING,WET,DARK LIGHTS ON,NO CONTROLS,N/A,,34B24392-DA1E-4FC4-919B-D747922309EE,Yes,NO APPARENT INJURY,""N/A, WET"",UNKNOWN,MD,B58CBA9D-E4DE-4092-AD00-2FDECEE94C83,DISABLING,TWELVE OCLOCK,PASSENGER CAR,MOVING CONSTANT SPEED,South,35,No,No,2013,FORD,FIESTA,39.09482,-77.19386583,""(39.09482, -77.19386583)"""
"EJ7848000K,15045021,GAITHERSBURG,Property Damage Crash,09/06/2015 10:30:00 PM,,,,Parking lot of 49 W. Diamond Ave,,,OTHER,CLEAR,,DARK NO LIGHTS,NO CONTROLS,N/A,,11CBEA68-99B4-44F3-A812-64D493096A2F,No,NO APPARENT INJURY,N/A,NOT DISTRACTED,MD,0DFA359F-6697-4564-A35E-204F48B87924,SUPERFICIAL,TWELVE OCLOCK,PICKUP TRUCK,PARKED,,10,No,Yes,2001,CHEV,SILVERADO,39.13987667,-77.20114333,""(39.13987667, -77.20114333)"""
"EJ7898000P,230048689,Gaithersburg Police Depar,Property Damage Crash,08/10/2023 07:20:00 AM,Maryland (State),QUINCE ORCHARD RD,TWIN LAKES DR,,GAITHERSBURG,,SAME DIRECTION RIGHT TURN,CLEAR,DRY,DAYLIGHT,N/A,NONE DETECTED,,D424DF1F-E833-4FE2-941F-682E9304E53C,No,NO APPARENT INJURY,N/A,NOT DISTRACTED,MD,5C857FF9-6D3C-4580-9183-3564B92F75E7,SUPERFICIAL,SEVEN OCLOCK,PASSENGER CAR,MOVING CONSTANT SPEED,West,40,No,No,2023,HYUN,ELANTRA,39.1300055,-77.22736824,""(39.1300055, -77.22736824)"""
"EJ78940034,230033698,Gaithersburg Police Depar,Property Damage Crash,07/15/2023 10:47:00 AM,Municipality,W DEER PARK RD,CEDAR AVE,,GAITHERSBURG,,SAME DIR REAR END,CLEAR,DRY,DAYLIGHT,NO CONTROLS,NONE DETECTED,,34D09525-20CD-4D3F-BED6-258B7F9F64A0,Yes,NO APPARENT INJURY,N/A,LOOKED BUT DID NOT SEE,MD,3862A9ED-63F1-49CA-8E1A-00B0F2FA7B78,DISABLING,TWELVE OCLOCK,PASSENGER CAR,SLOWING OR STOPPING,West,25,No,No,1996,TOYT,SD,39.13346347,-77.20338598,""(39.13346347, -77.20338598)"""
"MCP3362001Y,230057232,Montgomery County Police,Property Damage Crash,09/28/2023 08:20:00 AM,,,,""IN THE PARKING LOT OF SILVER SPRING INTERNATIONAL, 313 WAYNE AVE."",,,SINGLE VEHICLE,CLEAR,,DAWN,NO CONTROLS,NONE DETECTED,,BF859402-BB46-4A86-91FA-5C1829D2C2DB,Yes,NO APPARENT INJURY,""N/A, ROAD UNDER CONSTRUCTION/MAINTENANCE"",NOT DISTRACTED,MD,57BB4340-3B6D-401A-9356-4FDBEEC342B3,SUPERFICIAL,ONE OCLOCK,SCHOOL BUS,MOVING CONSTANT SPEED,West,25,No,No,2012,THOMAS,BUS,38.99997868,-77.01668572,""(38.99997868, -77.01668572)"""
"MCP2674004H,230062203,Montgomery County Police,Property Damage Crash,10/23/2023 07:19:00 PM,Maryland (State),OLNEY LAYTONSVILLE RD,MUNCASTER RD,,N/A,,ANGLE MEETS LEFT TURN,CLEAR,DRY,DARK -- UNKNOWN LIGHTING,TRAFFIC SIGNAL,NONE DETECTED,,23EA4942-7055-4F43-912C-04B9A4FFF5AA,No,NO APPARENT INJURY,N/A,NOT DISTRACTED,MD,F17173DD-5EB3-48F7-BD4E-D4B2930FBBB8,DISABLING,TWELVE OCLOCK,PASSENGER CAR,MAKING LEFT TURN,North,40,No,No,2018,CHEVY,VOLT,39.18384333,-77.11202533,""(39.18384333, -77.11202533)"""
"MCP3312004J,230071688,Montgomery County Police,Property Damage Crash,12/14/2023 11:15:00 AM,US (State),COLUMBIA PIKE,RAMP 6 FR BRIGGS CHANEY RD TO US 29 SB,,N/A,,SAME DIRECTION SIDESWIPE,CLEAR,DRY,DAYLIGHT,NO CONTROLS,NONE DETECTED,,39102AD3-AF18-4E8D-A785-A2177E2FA9C7,Yes,NO APPARENT INJURY,N/A,UNKNOWN,MD,BAE11913-9C9C-4D2D-AA97-FCA87B6011E2,FUNCTIONAL,ONE OCLOCK,PASSENGER CAR,MOVING CONSTANT SPEED,South,50,No,No,2008,NISSAN,SENTRA,39.04759667,-76.98537333,""(39.04759667, -76.98537333)"""
"MCP1366003V,15062012,MONTGOMERY,Property Damage Crash,12/04/2015 05:04:00 PM,,,,""MONTGOMERY COUNTY SCHOOL BUS DEPOT"
16651 CRABBS BRANCH WAY
"ROCKVILLE, MD 20855"",,,OTHER,CLEAR,,DUSK,N/A,NONE DETECTED,,501EFC2A-94E4-4FBB-9927-3F2F9577FBC2,Yes,NO APPARENT INJURY,N/A,LOOKED BUT DID NOT SEE,MD,202F558E-534B-4BA8-BE03-195B405B841F,FUNCTIONAL,FOUR OCLOCK,PASSENGER CAR,BACKING,Unknown,0,No,No,2014,TOYOTA,CAMRY,39.1269309,-77.16410637,""(39.1269309, -77.16410637)"""
"EJ78880052,230058310,Gaithersburg Police Depar,Injury Crash,10/03/2023 03:15:00 PM,Municipality,PERRY PKWY,W DIAMOND AVE,,N/A,,SINGLE VEHICLE,CLEAR,DRY,DAYLIGHT,NO CONTROLS,NONE DETECTED,,5BC35FA9-B0B5-4166-90E4-C369DBD26C3E,Yes,SUSPECTED SERIOUS INJURY,N/A,LOOKED BUT DID NOT SEE,MD,E075F271-A1C4-4AC0-86D4-447EE3FB6AB5,DISABLING,TWELVE OCLOCK,MOTORCYCLE,ACCELERATING,South,35,No,No,2007,SUZUKI,GSX-R600,39.14586487,-77.21431225,""(39.14586487, -77.21431225)"""
"MCP3341002M,230060079,Montgomery County Police,Property Damage Crash,10/12/2023 02:15:00 PM,County,RANDOLPH RD,LINDELL ST,,N/A,,SAME DIRECTION SIDESWIPE,CLEAR,DRY,DAYLIGHT,TRAFFIC SIGNAL,N/A,,A86351F0-D144-4664-B5DF-00E3662FADEC,Yes,NO APPARENT INJURY,N/A,UNKNOWN,MD,0C5F54CC-C021-4751-A349-35AEBB90B794,DISABLING,ELEVEN OCLOCK,PASSENGER CAR,MOVING CONSTANT SPEED,South,35,No,No,2019,SUBARU,WRX,39.05937117,-77.06151483,""(39.05937117, -77.06151483)"""
"MCP32260045,230034764,Montgomery County Police,Property Damage Crash,07/21/2023 03:28:00 PM,County,RANDOLPH RD,GLENALLAN AVE,,N/A,,SAME DIR REAR END,CLEAR,DRY,DAYLIGHT,TRAFFIC SIGNAL,NONE DETECTED,,CF4F9ECE-8678-4167-93F2-D25CD037ED1F,No,NO APPARENT INJURY,N/A,NOT DISTRACTED,MD,6E9756D3-5C1E-4D31-A550-C3D3927C837A,SUPERFICIAL,SIX OCLOCK,PASSENGER CAR,STOPPED IN TRAFFIC LANE,West,40,No,No,2023,TOYT,SD,39.060833,-77.044795,""(39.060833, -77.044795)"""
"MCP33560014,230070700,Montgomery County Police,Property Damage Crash,12/08/2023 09:28:00 PM,Maryland (State),DAMASCUS RD,HOWARD CHAPEL DR,,N/A,,OTHER,CLEAR,DRY,DARK LIGHTS ON,NO CONTROLS,ALCOHOL PRESENT,,36D46E75-CBF7-427B-8A36-E845423280F8,No,NO APPARENT INJURY,N/A,INATTENTIVE OR LOST IN THOUGHT,MD,7C4A5B10-7D21-4466-B900-F5C6D9B97CB6,DESTROYED,THREE OCLOCK,PASSENGER CAR,MOVING CONSTANT SPEED,East,45,No,No,2011,TOYOTA,TACOMA,39.22838383,-77.08030333,""(39.22838383, -77.08030333)"""
"MCP27220050,230063100,Montgomery County Police,Property Damage Crash,10/28/2023 06:05:00 PM,Municipality,TWINBROOK PKWY,CHAPMAN AVE,,ROCKVILLE,,SAME DIRECTION SIDESWIPE,CLEAR,DRY,DAYLIGHT,NO CONTROLS,NONE DETECTED,,0DCD99F7-5CA6-4BE7-AFED-10103AED1D67,Yes,NO APPARENT INJURY,N/A,NOT DISTRACTED,MD,FD0F9D15-EB5C-4E66-AC05-DB718F9B3853,FUNCTIONAL,EIGHT OCLOCK,PASSENGER CAR,CHANGING LANES,North,35,No,No,2004,ACUR,RSX,39.05946175,-77.11740592,""(39.05946175, -77.11740592)"""
"EJ7876006D,230061652,Gaithersburg Police Depar,Property Damage Crash,10/20/2023 03:40:00 PM,Maryland (State),FREDERICK RD,S WESTLAND DR,,N/A,,SAME DIR REAR END,RAINING,WET,DAYLIGHT,NO CONTROLS,NONE DETECTED,,CB0F046B-5665-4B2E-A9D1-B38CF7A0B9B9,Yes,NO APPARENT INJURY,""N/A, WET"",LOOKED BUT DID NOT SEE,MD,9C4C6746-CD8B-41B1-AA16-7E0C432F058C,SUPERFICIAL,TWELVE OCLOCK,PASSENGER CAR,STARTING FROM LANE,South,40,No,No,2011,HYUNDAI,KONA,39.12614468,-77.18312177,""(39.12614468, -77.18312177)"""
"MCP33290022,230059157,Montgomery County Police,Property Damage Crash,10/07/2023 05:02:00 PM,US (State),COLUMBIA PIKE,FAIRLAND RD,,N/A,,HEAD ON LEFT TURN,CLEAR,DRY,DAYLIGHT,TRAFFIC SIGNAL,NONE DETECTED,,802313FC-3AF3-4FD0-8163-3F641F4BD6B3,Yes,NO APPARENT INJURY,N/A,LOOKED BUT DID NOT SEE,DC,698CE5C2-D238-4423-BE3C-D3730CF6A0AE,DISABLING,TWELVE OCLOCK,PASSENGER CAR,MAKING LEFT TURN,South,55,No,No,2006,SCION,XB,39.073161,-76.955598,""(39.073161, -76.955598)"""