Report Number,Local Case Number,Agency Name,ACRS Report Type,Crash Date/Time,Route Type,Road Name,Cross-Street Name,Off-Road Description,Municipality,Related Non-Motorist,Collision Type,Weather,Surface Condition,Light,Traffic Control,Driver Substance Abuse,Non-Motorist Substance Abuse,Person ID,Driver At Fault,Injury Severity,Circumstance,Driver Distracted By,Drivers License State,Vehicle ID,Vehicle Damage Extent,Vehicle First Impact Location,Vehicle Body Type,Vehicle Movement,Vehicle Going Dir,Speed Limit,Driverless Vehicle,Parked Vehicle,Vehicle Year,Vehicle Make,Vehicle Model,Latitude,Longitude,Location
"DD5665001D,230052428,Rockville Police Departme,Property Damage Crash,08/31/2023 12:30:00 PM,County,SHADY GROVE RD,COMPRINT CT,,N/A,,HEAD ON LEFT TURN,CLEAR,DRY,DAYLIGHT,TRAFFIC SIGNAL,N/A,,2F0CF5C1-7B01-4248-BBB7-3B459208D8D5,Yes,NO APPARENT INJURY,N/A,LOOKED BUT DID NOT SEE,NY,8BA03F4B-3B60-4652-9374-97B2E92E41CB,FUNCTIONAL,TWELVE OCLOCK,PASSENGER CAR,MAKING LEFT TURN,South,40,No,No,2021,VOLKSWAGEN,ATLAS TRENDLINE,39.11918309,-77.18215943,""(39.11918309, -77.18215943)"""
"MCP27720027,230068823,Montgomery County Police,Injury Crash,11/28/2023 11:05:00 PM,Maryland (State),CONNECTICUT AVE,PLYERS MILL RD,,N/A,,SAME DIRECTION SIDESWIPE,CLEAR,DRY,DARK LIGHTS ON,TRAFFIC SIGNAL,NONE DETECTED,,FED1D1DD-2829-47FC-9BCA-5B03065601D6,No,NO APPARENT INJURY,N/A,NOT DISTRACTED,MD,A28762A5-262D-4EAF-B21A-463E6379E97A,DISABLING,ONE OCLOCK,PASSENGER CAR,MOVING CONSTANT SPEED,North,35,No,No,2017,TOYT,RAV4,39.02992217,-77.07579517,""(39.02992217, -77.07579517)"""
"MCP20470028,18001077,Montgomery County Police,Property Damage Crash,03/02/2018 01:41:00 PM,County,SHADY GROVE RD,CRABBS BRANCH WAY,,N/A,,OTHER,SEVERE WINDS,DRY,DAYLIGHT,TRAFFIC SIGNAL,NONE DETECTED,,71D7E837-F00C-45E0-A701-7148C256D4AD,Unknown,NO APPARENT INJURY,""SEVERE CROSSWINDS, TRAFFIC CONTROL DEVICE INOPERATIVE"",NOT DISTRACTED,MD,824C1230-C77F-4E99-B4AE-711C30F7A301,DISABLING,ELEVEN OCLOCK,PASSENGER CAR,MAKING LEFT TURN,North,45,No,No,2016,FORD,FOCUS,39.12884167,-77.16791667,""(39.12884167, -77.16791667)"""
"MCP2905005T,230053388,Montgomery County Police,Injury Crash,09/06/2023 07:53:00 AM,Maryland (State),RIVER RD,SPRINGFIELD DR,,N/A,,SAME DIR REAR END,CLEAR,DRY,DAYLIGHT,NO CONTROLS,N/A,,B83C1DA3-CED5-431A-8B46-6414CFE17369,No,SUSPECTED MINOR INJURY,N/A,NOT DISTRACTED,MD,A5243317-E944-422A-A416-1F8E65243B50,FUNCTIONAL,TWELVE OCLOCK,SCHOOL BUS,MOVING CONSTANT SPEED,West,35,No,No,2014,THOM,BUS,38.97034333,-77.11407667,""(38.97034333, -77.11407667)"""
"MCP28530099,230060736,Montgomery County Police,Property Damage Crash,10/15/2023 06:15:00 PM,County,OAK LEAF DR,COLUMBIA PIKE,,N/A,,OTHER,CLEAR,DRY,DUSK,N/A,N/A,,D077D0B5-643B-434C-92D0-08CE887288F6,Yes,NO APPARENT INJURY,N/A,NOT DISTRACTED,MD,DC729F86-C294-4021-8662-18A4D143E134,NO DAMAGE,SIX OCLOCK,AMBULANCE/NON EMERGENCY,BACKING,Unknown,10,No,No,2016,FRHT,AMBO,39.04064437,-76.99542119,""(39.04064437, -76.99542119)"""
"MCP3267001Y,230054356,Montgomery County Police,Property Damage Crash,09/12/2023 04:50:00 AM,Maryland (State),GEORGIA AVE,LAYHILL RD,,N/A,,SAME DIR REAR END,CLEAR,DRY,DARK LIGHTS ON,TRAFFIC SIGNAL,NONE DETECTED,,8F60586B-82F8-4C40-8045-978DA3C0A512,Yes,NO APPARENT INJURY,N/A,NOT DISTRACTED,MD,2451AD7C-50AA-4198-B4DB-BC180634FBC1,SUPERFICIAL,TWELVE OCLOCK,PASSENGER CAR,MOVING CONSTANT SPEED,South,35,No,No,2011,TOYOTA,RAV 4,39.06040333,-77.051485,""(39.06040333, -77.051485)"""
"MCP31290086,230069339,Montgomery County Police,Property Damage Crash,12/01/2023 03:34:00 PM,County,FERNHILL RD,DAHILL RD,,N/A,,SAME DIRECTION SIDESWIPE,RAINING,WET,DAYLIGHT,NO CONTROLS,NONE DETECTED,,73FF6E6F-BFF1-4D43-883D-9ECED01A27C5,Yes,NO APPARENT INJURY,""RAIN, SNOW, WET"",LOOKED BUT DID NOT SEE,MD,9A8A3AB1-405E-457F-8969-3517C324D0AE,SUPERFICIAL,THREE OCLOCK,SCHOOL BUS,MAKING LEFT TURN,North,25,No,No,2021,FRHT,SB,39.0478085,-77.08423667,""(39.0478085, -77.08423667)"""
"MCP22030076,230051472,Montgomery County Police,Property Damage Crash,08/26/2023 01:00:00 PM,,,,AMBULANCE BAY LOCATED AT 2400 ARCOLA AVE,,,SAME DIRECTION SIDESWIPE,CLEAR,,DAYLIGHT,NO CONTROLS,NONE DETECTED,,2024C380-1459-4C0B-AA7D-DF2D206DFBD2,Yes,NO APPARENT INJURY,N/A,NOT DISTRACTED,MD,F49F9AB7-013F-4AE1-9E13-CC431E52F6B8,FUNCTIONAL,FIVE OCLOCK,FIRE VEHICLE/EMERGENCY,STARTING FROM PARKED,North,5,No,No,2004,SPAR,CB,39.0469135,-77.0512475,""(39.0469135, -77.0512475)"""
"DD56510041,230066110,Rockville Police Departme,Property Damage Crash,11/13/2023 03:50:00 PM,Municipality,KING FARM BLVD,ELMCROFT BLVD,,N/A,,STRAIGHT MOVEMENT ANGLE,CLEAR,DRY,DAYLIGHT,STOP SIGN,NONE DETECTED,,74ACD62D-D902-444E-B7D5-86D98424BBC6,Yes,NO APPARENT INJURY,N/A,LOOKED BUT DID NOT SEE,MD,A7950758-05D5-436A-B789-8374C50CBAB8,DISABLING,TWO OCLOCK,PASSENGER CAR,STARTING FROM LANE,South,25,No,No,2023,NISS,SD,39.11635351,-77.16998475,""(39.11635351, -77.16998475)"""
"MCP2940000C,16007272,Montgomery County Police,Property Damage Crash,02/12/2016 01:31:00 PM,Maryland (State),CONNECTICUT AVE,DUPONT AVE,,KENSINGTON,,OTHER,CLOUDY,DRY,DAYLIGHT,NO CONTROLS,ALCOHOL PRESENT,,ED6905CA-5776-4085-BC60-648FFAA2C418,Yes,NO APPARENT INJURY,N/A,NOT DISTRACTED,MD,1D30197A-8D60-46EB-9F7F-A68367D4E92F,SUPERFICIAL,SIX OCLOCK,PASSENGER CAR,BACKING,West,30,No,No,2011,TOYOTA,CAMRY,39.03089425,-77.07673475,""(39.03089425, -77.07673475)"""
"MCP2586006W,230072086,Montgomery County Police,Property Damage Crash,12/16/2023 05:30:00 PM,Maryland (State),FREDERICK RD,SCENERY DR,,N/A,,STRAIGHT MOVEMENT ANGLE,CLEAR,DRY,DARK LIGHTS ON,TRAFFIC SIGNAL,NONE DETECTED,,964941E4-305D-4845-A729-47FBE12DF1B2,No,NO APPARENT INJURY,N/A,NOT DISTRACTED,MD,95C97A07-CC96-4356-BA8B-588544905754,DISABLING,TWELVE OCLOCK,(SPORT) UTILITY VEHICLE,MOVING CONSTANT SPEED,North,40,No,No,2014,JEEP,GRAND CHEROKEE,39.17552371,-77.23801416,""(39.17552371, -77.23801416)"""
"MCP3080003L,230048626,Montgomery County Police,Injury Crash,08/09/2023 05:26:00 PM,Maryland (State),CLOPPER RD,GREAT SENECA HWY,,N/A,,SAME DIR REAR END,CLEAR,DRY,DAYLIGHT,TRAFFIC SIGNAL,N/A,,108E975A-DC74-4053-B03F-2B809494B900,No,POSSIBLE INJURY,N/A,NOT DISTRACTED,MD,09917146-744E-4D5F-AD8A-D1644B476E3F,FUNCTIONAL,SIX OCLOCK,PASSENGER CAR,STOPPED IN TRAFFIC LANE,South,40,No,No,2021,HOND,UT,39.15896942,-77.27528488,""(39.15896942, -77.27528488)"""
"MCP3339002R,230060673,Montgomery County Police,Injury Crash,10/15/2023 12:38:00 PM,Maryland (State),CONNECTICUT AVE,GREENLY ST,,N/A,,STRAIGHT MOVEMENT ANGLE,CLEAR,DRY,DAYLIGHT,STOP SIGN,NONE DETECTED,,C7596C4D-A40D-4848-A932-C51AA092214D,No,POSSIBLE INJURY,N/A,NOT DISTRACTED,MD,E704A6EE-DED9-4E63-A62E-C13BAAE5C042,DISABLING,ONE OCLOCK,(SPORT) UTILITY VEHICLE,MOVING CONSTANT SPEED,North,35,No,No,2016,HONDA,SUV,39.06151583,-77.073281,""(39.06151583, -77.073281)"""
"MCP33740010,230034539,Montgomery County Police,Property Damage Crash,07/20/2023 11:49:00 AM,,,,7111 WESTLAKE TER- HOME DEPOT PARKING LOT,,,STRAIGHT MOVEMENT ANGLE,CLEAR,,DAYLIGHT,NO CONTROLS,NONE DETECTED,,E1BCD9D2-1A05-4B1B-AFC1-73CA89C0CF2F,Yes,NO APPARENT INJURY,N/A,LOOKED BUT DID NOT SEE,MD,E4A8A0B3-9BEF-43BA-AA9F-2BBF7001FD87,SUPERFICIAL,FOUR OCLOCK,PASSENGER CAR,STARTING FROM PARKED,Unknown,10,No,No,2015,TOYOTA,4S,39.02804,-77.14517833,""(39.02804, -77.14517833)"""
"MCP302600BD,230046425,Montgomery County Police,Property Damage Crash,07/27/2023 12:30:00 PM,County,GREENTREE RD,OLD GEORGETOWN RD,,N/A,,STRAIGHT MOVEMENT ANGLE,CLEAR,DRY,DAYLIGHT,NO CONTROLS,NONE DETECTED,,700D811F-C922-4508-85F1-49C2299332DA,Yes,NO APPARENT INJURY,N/A,LOOKED BUT DID NOT SEE,MD,F48505CD-AD56-4982-AF87-6B7128E5F8C1,FUNCTIONAL,ONE OCLOCK,PASSENGER CAR,MAKING LEFT TURN,East,30,No,No,2017,BMW,4D,39.00014446,-77.10988077,""(39.00014446, -77.10988077)"""
"MCP3197003S,230068117,Montgomery County Police,Property Damage Crash,11/24/2023 08:48:00 PM,Maryland (State),GEORGIA AVE,BEL PRE RD,,N/A,,SAME DIR REAR END,CLEAR,DRY,DARK LIGHTS ON,TRAFFIC SIGNAL,NONE DETECTED,,664DC310-BDF7-4048-B2EA-8A6ACB7E8DDF,No,NO APPARENT INJURY,N/A,NOT DISTRACTED,MD,29C0794B-B340-418F-BE0E-02101FDE3C1F,SUPERFICIAL,SIX OCLOCK,PASSENGER CAR,MOVING CONSTANT SPEED,South,35,No,No,2011,FORD,SUV,39.09413,-77.07968167,""(39.09413, -77.07968167)"""
"MCP23050035,230073395,Montgomery County Police,Property Damage Crash,12/23/2023 09:47:00 PM,County,RIDGE RD,OBSERVATION DR,,N/A,,SAME DIR REAR END,CLEAR,DRY,DARK LIGHTS ON,NO CONTROLS,NONE DETECTED,,C1B1BE58-A3E0-4A0F-807B-3DD41A8C6371,Yes,NO APPARENT INJURY,N/A,NOT DISTRACTED,MD,DE8AA0C6-E358-45E9-8CE2-4B7F4A85C072,DISABLING,TWELVE OCLOCK,PICKUP TRUCK,MOVING CONSTANT SPEED,South,40,No,No,2001,DODG,DAKOTA,39.20114333,-77.25591833,""(39.20114333, -77.25591833)"""
"MCP13780164,230060921,Montgomery County Police,Injury Crash,10/16/2023 06:47:00 PM,Maryland (State),FREDERICK RD,WATKINS MILL RD,,N/A,,STRAIGHT MOVEMENT ANGLE,CLOUDY,DRY,DARK LIGHTS ON,TRAFFIC SIGNAL,NONE DETECTED,,3E55C56A-35C1-4BF2-84AD-4A049DD1AFE9,Yes,POSSIBLE INJURY,N/A,NOT DISTRACTED,MD,D54ADF6C-38B3-4E69-AF81-D63EE7BFC91E,DISABLING,TWELVE OCLOCK,PASSENGER CAR,MOVING CONSTANT SPEED,North,40,No,No,2000,CHEV,CORVETTE,39.15929274,-77.21906199,""(39.15929274, -77.21906199)"""
"MCP3197003N,230063450,Montgomery County Police,Property Damage Crash,10/30/2023 05:13:00 PM,County,BONIFANT RD,LAYHILL RD,,N/A,,STRAIGHT MOVEMENT ANGLE,RAINING,WET,DAYLIGHT,TRAFFIC SIGNAL,NONE DETECTED,,3C024466-0248-4DB6-9F42-E9DE3BFCF552,No,NO APPARENT INJURY,""RAIN, SNOW, WET"",NOT DISTRACTED,MD,51596A36-1F0D-4799-B828-5482D6572FFF,FUNCTIONAL,ELEVEN OCLOCK,PASSENGER CAR,MOVING CONSTANT SPEED,East,35,No,No,2009,CADILLAC,ESCALADE,39.090885,-77.04499333,""(39.090885, -77.04499333)"""
"MCP2450004T,23006642,Montgomery County Police,Property Damage Crash,11/17/2023 06:00:00 PM,Interstate (State),EISENHOWER MEMORIAL HWY,W DIAMOND AVE,,N/A,,SAME DIR REAR END,N/A,DRY,DARK NO LIGHTS,NO CONTROLS,NONE DETECTED,,7D086726-B04C-433A-B3BC-8FABBA85256A,No,NO APPARENT INJURY,N/A,NOT DISTRACTED,MD,4D17569E-436D-4CE6-8E2A-E68B4A28611B,FUNCTIONAL,SIX OCLOCK,PASSENGER CAR,SLOWING OR STOPPING,South,55,No,No,2018,TOYOTA,RAV4,39.13936667,-77.21244833,""(39.13936667, -77.21244833)"""
"DD5502007V,230064024,Rockville Police Departme,Injury Crash,11/02/2023 04:25:00 PM,,,,PARKING LOT OF JACKSON PLACE 932 HUNGERFORD DR,,,SAME DIRECTION SIDESWIPE,CLEAR,,DAWN,STOP SIGN,NONE DETECTED,,ABA3CDD4-1150-478D-954E-0430B7BED487,No,POSSIBLE INJURY,N/A,NOT DISTRACTED,MD,057FF812-8ED8-4FD4-9928-4FF6C18DB32C,FUNCTIONAL,TEN OCLOCK,PASSENGER CAR,STARTING FROM PARKED,South,15,No,No,2015,MQZDA,4D,39.09778264,-77.15384045,""(39.09778264, -77.15384045)"""
"MCP3377000X,230072273,Montgomery County Police,Property Damage Crash,12/17/2023 10:19:00 PM,Interstate (State),CAPITAL BELTWAY,CABIN JOHN PKWY,,N/A,,SAME DIR REAR END,RAINING,WET,DARK NO LIGHTS,NO CONTROLS,N/A,,5730FDC4-5661-4F69-B4A4-BF8B9538059F,Yes,NO APPARENT INJURY,""RAIN, SNOW, WET"",NOT DISTRACTED,VA,E518ED05-E1D1-4C9A-BB64-B8130E31886C,NO DAMAGE,ELEVEN OCLOCK,PASSENGER CAR,MOVING CONSTANT SPEED,South,35,No,No,2018,LEXUS,ES350,38.9894955,-77.15726067,""(38.9894955, -77.15726067)"""
"MCP3091004F,230071209,Montgomery County Police,Injury Crash,12/12/2023 06:46:00 AM,Maryland (State),FREDERICK RD,CROSSOVER,,N/A,,SAME DIR REAR END,OTHER,ICE,DARK LIGHTS ON,NO CONTROLS,N/A,,61D2C55A-3CCA-4735-996C-316F5192E100,Yes,NO APPARENT INJURY,""ICY OR SNOW-COVERED, V WIPERS|W OTHER ENVIRONMENTAL"",UNKNOWN,MD,1CFB0920-2C2C-442D-81E4-0495762DC19F,NO DAMAGE,TWELVE OCLOCK,PICKUP TRUCK,MOVING CONSTANT SPEED,North,40,No,No,2023,GMC,TK,39.12138683,-77.17581633,""(39.12138683, -77.17581633)"""
"MCP32400037,230059763,Montgomery County Police,Injury Crash,10/10/2023 09:17:00 PM,Maryland (State),GERMANTOWN RD,AIRCRAFT DR,,N/A,,SAME DIRECTION SIDESWIPE,CLEAR,DRY,DARK LIGHTS ON,NO CONTROLS,UNKNOWN,,DBC98B60-EC7A-4183-8D5F-EE376958A51C,Yes,NO APPARENT INJURY,N/A,UNKNOWN,,B78936B5-AE9D-4834-BC6F-C01194243258,UNKNOWN,UNKNOWN,,CHANGING LANES,West,40,No,No,0,UNKNOWN,UNKNOWN,39.18264017,-77.25924133,""(39.18264017, -77.25924133)"""
"MCP27710032,230072890,Montgomery County Police,Injury Crash,12/21/2023 08:02:00 AM,County,VEIRS MILL RD,EDGEBROOK RD,,N/A,,SAME DIR REAR END,CLEAR,DRY,DAYLIGHT,NO CONTROLS,N/A,,6076ADB5-4B61-478F-BB6D-1004C7AC5C6D,No,NO APPARENT INJURY,""N/A, VISION OBSTRUCTION (INCL. BLINDED BY SUN)"",NOT DISTRACTED,MD,5D7CD0CB-4D8A-45A3-BEE2-5911D33FFCF8,FUNCTIONAL,SIX OCLOCK,PASSENGER CAR,MOVING CONSTANT SPEED,South,45,No,No,2019,CHEV,CRUZ,39.05961799,-77.08872437,""(39.05961799, -77.08872437)"""
"MCP26870043,230055358,Montgomery County Police,Property Damage Crash,09/17/2023 10:39:00 AM,Maryland (State),WISCONSIN AVE,ROSEDALE AVE,,N/A,,SAME DIRECTION SIDESWIPE,RAINING,WET,DAYLIGHT,NO CONTROLS,NONE DETECTED,,8B4851D4-0D22-44C0-8F5E-01C38B29EBEA,No,NO APPARENT INJURY,N/A,NOT DISTRACTED,FL,CBBAB645-22A4-4694-BA98-CBE10C2F22CA,SUPERFICIAL,THREE OCLOCK,""CARGO VAN/LIGHT TRUCK 2 AXLES (OVER 10,000LBS (4,536 KG))"",ACCELERATING,North,25,No,No,2015,PETERBILT,TRACTOR,38.99224617,-77.09583483,""(38.99224617, -77.09583483)"""
"MCP31450047,230061651,Montgomery County Police,Property Damage Crash,10/20/2023 03:30:00 PM,Maryland (State),NEW HAMPSHIRE AVE,POWDER MILL RD,,N/A,,SAME DIRECTION RIGHT TURN,RAINING,WET,DAYLIGHT,TRAFFIC SIGNAL,NONE DETECTED,,42636462-572C-4CAE-8890-82A8AC4754E2,No,NO APPARENT INJURY,""RAIN, SNOW, WET"",NOT DISTRACTED,MD,E6BFC750-E14D-42D8-A808-599271807103,FUNCTIONAL,NINE OCLOCK,PASSENGER CAR,MAKING RIGHT TURN,North,35,No,No,2019,TOYT,SD,39.02044167,-76.97663,""(39.02044167, -76.97663)"""
"MCP3330001G,230062867,Montgomery County Police,Property Damage Crash,10/27/2023 11:54:00 AM,County,TUCKERMAN LA,GAINSBOROUGH RD,,N/A,,OTHER,CLOUDY,DRY,DAYLIGHT,N/A,NONE DETECTED,,1CE5412C-419D-42D0-84F3-F6CBA93A97DF,No,NO APPARENT INJURY,N/A,UNKNOWN,MD,AE465DD8-AFD6-416A-B551-4203AF6B8EA9,SUPERFICIAL,THREE OCLOCK,SCHOOL BUS,MOVING CONSTANT SPEED,East,35,No,No,2023,THOMAS,SBCOV EV 310 TS,39.04084633,-77.17418667,""(39.04084633, -77.17418667)"""
"MCP2314002W,230071940,Montgomery County Police,Injury Crash,12/15/2023 04:15:00 PM,County,PINEY MEETINGHOUSE RD,CAVANAUGH DR,,N/A,,HEAD ON LEFT TURN,CLEAR,DRY,DAYLIGHT,TRAFFIC SIGNAL,NONE DETECTED,,AFD5D200-6571-4BD7-AD42-CF99FD36D537,Yes,NO APPARENT INJURY,N/A,NOT DISTRACTED,MD,4969C803-BCF7-4842-9477-F4D2C8F1E93D,FUNCTIONAL,ONE OCLOCK,(SPORT) UTILITY VEHICLE,MAKING LEFT TURN,North,40,No,No,2019,VOLK,TIGUAN,39.08262998,-77.21697726,""(39.08262998, -77.21697726)"""
"MCP243600HG,230062821,Montgomery County Police,Property Damage Crash,10/27/2023 07:25:00 AM,Maryland (State),NEW HAMPSHIRE AVE,ENT TO BUSINESS,,N/A,,ANGLE MEETS RIGHT TURN,CLEAR,DRY,DAWN,NO CONTROLS,NONE DETECTED,,0BF1B567-B3AC-4B8D-A650-3561DE829D15,No,NO APPARENT INJURY,N/A,NOT DISTRACTED,MD,A12839F3-D758-43A4-A527-BDFA7E2032CC,FUNCTIONAL,TWO OCLOCK,PASSENGER CAR,MOVING CONSTANT SPEED,North,40,No,No,2015,NISSAN,SENTRA,39.0225518,-76.97791,""(39.0225518, -76.97791)"""
"MCP3201004M,230056284,Montgomery County Police,Injury Crash,09/22/2023 12:26:00 PM,Maryland (State),GREAT SENECA HWY,WISTERIA DR,,N/A,,STRAIGHT MOVEMENT ANGLE,CLEAR,DRY,DAYLIGHT,TRAFFIC SIGNAL,NONE DETECTED,,1E9AAE98-5283-48E9-A812-3AF5E49CFC0D,No,SUSPECTED SERIOUS INJURY,N/A,NOT DISTRACTED,MD,866B9CC8-92C2-419A-A3CC-5E5C2ADD0B06,DISABLING,TEN OCLOCK,PASSENGER CAR,MAKING LEFT TURN,North,35,No,No,2023,AUDI,4D,39.17101833,-77.26278133,""(39.17101833, -77.26278133)"""
"MCP1595002C,230047897,Montgomery County Police,Injury Crash,08/05/2023 01:08:00 AM,County,AMHERST AVE,PRICHARD RD,,N/A,,SAME DIRECTION SIDESWIPE,CLEAR,DRY,DARK LIGHTS ON,STOP SIGN,NONE DETECTED,,C6717C48-CE45-4208-A9C4-80A91D5D6245,No,SUSPECTED MINOR INJURY,N/A,UNKNOWN,MD,6AE17B5D-19B5-429D-A69A-08A39408A8F7,DISABLING,TEN OCLOCK,PASSENGER CAR,MOVING CONSTANT SPEED,South,25,No,No,2023,TOYOTA,CAMRY,39.03652224,-77.04836263,""(39.03652224, -77.04836263)"""
"EJ7805000C,15058916,GAITHERSBURG,Property Damage Crash,11/18/2015 03:35:00 PM,Municipality,RUSSELL AVE,WATKINS MILL RD,,GAITHERSBURG,,OTHER,CLEAR,DRY,DAYLIGHT,STOP SIGN,NONE DETECTED,,F4F62AF8-435C-481F-8C4D-9792EAE06A09,Yes,NO APPARENT INJURY,N/A,NOT DISTRACTED,DC,3951BAAD-2796-421F-A156-8514ABBB61BA,DISABLING,TWELVE OCLOCK,PICKUP TRUCK,MOVING CONSTANT SPEED,North,35,No,No,2007,FORDVAL2007,F150,39.15969167,-77.21591167,""(39.15969167, -77.21591167)"""
"MCP2594005S,190057832,Montgomery County Police,Injury Crash,12/01/2019 01:56:00 PM,Maryland (State),NEW HAMPSHIRE AVE,GOOD HOPE RD,,N/A,,SINGLE VEHICLE,RAINING,WET,DAYLIGHT,NO CONTROLS,NONE DETECTED,,D2FD7996-C2B1-41D1-9AA9-C99E0C8C2E54,Yes,POSSIBLE INJURY,""RAIN, SNOW, WET"",UNKNOWN,MD,1BDEEA25-D68E-49ED-B842-41CD74641F66,DISABLING,FIVE OCLOCK,PASSENGER CAR,MOVING CONSTANT SPEED,North,40,No,No,2018,BMW,M3,39.092962,-77.0006565,""(39.092962, -77.0006565)"""
"MCP2674004M,230070972,Montgomery County Police,Property Damage Crash,12/10/2023 06:05:00 PM,Maryland (State),RIDGE RD,FREDERICK RD,,N/A,,HEAD ON,RAINING,WET,DARK LIGHTS ON,TRAFFIC SIGNAL,NONE DETECTED,,C46B3A1E-EF66-4D7E-A5BF-38D2E59CB3BD,Yes,NO APPARENT INJURY,""RAIN, SNOW, WET"",NOT DISTRACTED,MD,4C52975C-CF4A-45F1-912F-AD126A5D4D73,DISABLING,TWELVE OCLOCK,PASSENGER CAR,MOVING CONSTANT SPEED,South,40,No,No,2006,FORD,FOCUS,39.20463033,-77.24658467,""(39.20463033, -77.24658467)"""
"MCP28180017,15039100,MONTGOMERY,Injury Crash,08/06/2015 03:38:00 PM,Maryland (State),GEORGIA AVE,RAMP 6 FR IS 495 EB TO MD 97 SB,,N/A,,SAME DIRECTION LEFT TURN,CLOUDY,DRY,DAYLIGHT,TRAFFIC SIGNAL,NONE DETECTED,,47D756AB-0572-4817-97E1-41A43E4BE273,No,POSSIBLE INJURY,N/A,NOT DISTRACTED,MD,B462EB63-C4ED-4BC1-8439-02643414CE72,FUNCTIONAL,ONE OCLOCK,(SPORT) UTILITY VEHICLE,MAKING LEFT TURN,South,35,No,No,2012,TOYOTA,HIGHLANDER,39.01806833,-77.04569667,""(39.01806833, -77.04569667)"""
"MCP304800BM,230058236,Montgomery County Police,Property Damage Crash,09/25/2023 10:00:00 AM,,,,""PRIVATE DRIVEWAY 9607 KINGSTON RD KENSINGTON, MD"",,,OTHER,CLOUDY,,DAYLIGHT,N/A,N/A,,58A050B2-339B-48A2-A8BF-5DBD1DC99FF4,Yes,NO APPARENT INJURY,N/A,UNKNOWN,,25E5B0A2-2166-41BB-A0B0-673CDA26E28B,UNKNOWN,SIX OCLOCK,UNKNOWN,BACKING,West,5,No,No,0,UNKNOWN,UNKNOWN,39.01250617,-77.07442483,""(39.01250617, -77.07442483)"""
"MCP3095004V,230072408,Montgomery County Police,Property Damage Crash,12/18/2023 03:56:00 PM,US (State),COLUMBIA PIKE,STEWART LA,,N/A,,STRAIGHT MOVEMENT ANGLE,CLEAR,DRY,N/A,TRAFFIC SIGNAL,N/A,,D0440DAF-68BB-4DBC-9E8D-1CD2248F4530,Yes,NO APPARENT INJURY,N/A,UNKNOWN,MD,C5D73B70-2D56-437B-8492-A8503A473C39,DISABLING,TWELVE OCLOCK,PASSENGER CAR,MOVING CONSTANT SPEED,South,45,No,No,2006,PONTIAC,SOLSTICE,39.04659683,-76.98708017,""(39.04659683, -76.98708017)"""
"MCP2826001F,230070765,Montgomery County Police,Property Damage Crash,12/09/2023 12:00:00 PM,,,,PARKING LOT OF WHOLE FOODS LOCATED AT 833 WAYNE AVE. SILVER SPRING MD,,,OTHER,CLEAR,,DAYLIGHT,N/A,UNKNOWN,,1F725C81-03A2-4E11-9888-31414725C6D9,Yes,NO APPARENT INJURY,N/A,OTHER DISTRACTION,DC,64503C71-E471-4778-9F57-840B2FFCF908,FUNCTIONAL,SIX OCLOCK,PASSENGER CAR,BACKING,Unknown,15,No,No,2022,TOYOTA,CAMRY,38.9967382,-77.02372682,""(38.9967382, -77.02372682)"""
"MCP9386009T,230071093,Montgomery County Police,Property Damage Crash,12/07/2023 01:30:00 PM,,,,8005 CONNECTICUT AVE (CHEVY CHASE LIBRARY),,,SAME DIRECTION SIDESWIPE,N/A,,DAYLIGHT,NO CONTROLS,N/A,,24CE739C-016B-414E-85DE-9489886CB43A,Unknown,NO APPARENT INJURY,N/A,NOT DISTRACTED,MD,4047711A-5926-4E5A-852F-15F0F5F41A5F,SUPERFICIAL,THREE OCLOCK,POLICE VEHICLE/NON EMERGENCY,STARTING FROM PARKED,West,15,No,No,2015,FORD,F250,38.99123424,-77.07654758,""(38.99123424, -77.07654758)"""
"MCP31070024,230047731,Montgomery County Police,Property Damage Crash,08/04/2023 03:30:00 AM,Maryland (State),METRO ACCESS RD,SHADY GROVE RD,,N/A,,SINGLE VEHICLE,RAINING,WET,DARK -- UNKNOWN LIGHTING,NO CONTROLS,NONE DETECTED,,D56040D2-A90A-4C1B-83A4-CFBB7D843357,Yes,NO APPARENT INJURY,""RAIN, SNOW, WET"",UNKNOWN,MD,2259E887-85C7-4714-891F-B2556AD1D006,DESTROYED,TWELVE OCLOCK,PASSENGER CAR,MOVING CONSTANT SPEED,West,35,No,No,2008,BMW,328XI,39.12399,-77.16157833,""(39.12399, -77.16157833)"""