Report Number,Local Case Number,Agency Name,ACRS Report Type,Crash Date/Time,Route Type,Road Name,Cross-Street Name,Off-Road Description,Municipality,Related Non-Motorist,Collision Type,Weather,Surface Condition,Light,Traffic Control,Driver Substance Abuse,Non-Motorist Substance Abuse,Person ID,Driver At Fault,Injury Severity,Circumstance,Driver Distracted By,Drivers License State,Vehicle ID,Vehicle Damage Extent,Vehicle First Impact Location,Vehicle Body Type,Vehicle Movement,Vehicle Going Dir,Speed Limit,Driverless Vehicle,Parked Vehicle,Vehicle Year,Vehicle Make,Vehicle Model,Latitude,Longitude,Location
"DM84930028,230068588,Takoma Park Police Depart,Property Damage Crash,11/27/2023 06:39:00 PM,Maryland (State),NEW HAMPSHIRE AVE,KIRKLYNN AVE,,TAKOMA PARK,,SAME DIR REAR END,CLEAR,DRY,DARK LIGHTS ON,N/A,NONE DETECTED,,B533F7F1-121C-43D7-969C-C7CAE480543D,No,NO APPARENT INJURY,N/A,NOT DISTRACTED,MD,7017CA10-4639-4300-9EF0-FC001AFFACF3,SUPERFICIAL,SIX OCLOCK,PASSENGER CAR,STARTING FROM LANE,North,35,No,No,2014,CHRYSLER,TOWN & COUNTRY,38.986975,-76.98798,""(38.986975, -76.98798)"""
"MCP9419004Y,230065353,Montgomery County Police,Injury Crash,11/09/2023 12:14:00 PM,Maryland (State),FREDERICK RD,WATKINS POND BLVD,,ROCKVILLE,,SAME DIR REAR END,CLEAR,DRY,DAYLIGHT,NO CONTROLS,NONE DETECTED,,A250C5A2-FE44-4710-B046-57150D1C7046,Yes,POSSIBLE INJURY,""N/A, V EXHAUST SYSTEM|R OTHER ROAD"",NOT DISTRACTED,MD,0F76B945-1E3F-4929-981D-AD6F839F3423,DISABLING,TWELVE OCLOCK,PASSENGER CAR,MOVING CONSTANT SPEED,South,40,No,No,2005,TOYOTA,COROLLA,39.11171,-77.161515,""(39.11171, -77.161515)"""
"MCP3009006T,230060823,Montgomery County Police,Injury Crash,10/16/2023 11:10:00 AM,,,,""PARKING LOT OF 20908 FREDERICK ROAD GERMANTOWN, MD 20876"",,,STRAIGHT MOVEMENT ANGLE,CLEAR,,DAYLIGHT,N/A,N/A,,8E271AE2-4645-4265-B86E-DD09DF4FDAD6,No,POSSIBLE INJURY,N/A,NOT DISTRACTED,MD,76A6DA58-5490-4C1C-825A-FD3E54CB9D33,DISABLING,ELEVEN OCLOCK,PASSENGER CAR,MOVING CONSTANT SPEED,North,20,No,No,2018,HONDA,FIT,39.19969077,-77.24987833,""(39.19969077, -77.24987833)"""
"MCP33510017,230046803,Montgomery County Police,Property Damage Crash,07/29/2023 01:27:00 PM,Maryland (State),UNIVERSITY BLVD E,MERRIMAC DR,,TAKOMA PARK,,SAME DIR REAR END,CLEAR,DRY,DAYLIGHT,N/A,UNKNOWN,,7369740E-405A-4B0E-8527-5740FC0B2DCF,Yes,NO APPARENT INJURY,N/A,UNKNOWN,,5E482263-B365-4E10-B0AA-96843C3D4A3D,UNKNOWN,ONE OCLOCK,PICKUP TRUCK,UNKNOWN,East,30,No,No,2013,FORD,TK,38.99306483,-76.99201283,""(38.99306483, -76.99201283)"""
"MCP3254003N,240000590,Montgomery County Police,Injury Crash,12/31/2023 01:00:00 PM,,,,ON THE SIDEWALK IN FRONT OF EXXON AT 448 N FREDERICK AVENUE GAITHERSBURG MD 20877,,PEDESTRIAN,SINGLE VEHICLE,CLEAR,,DAYLIGHT,TRAFFIC SIGNAL,UNKNOWN,N/A,D534563D-D46C-4510-B8F7-E44243D8DD12,Yes,NO APPARENT INJURY,N/A,UNKNOWN,,E23F7E4A-366D-4142-8FBD-38018A9705A6,UNKNOWN,UNKNOWN,,MOVING CONSTANT SPEED,East,5,No,No,0,UNKNOWN,UNKNOWN,39.14832345,-77.20689024,""(39.14832345, -77.20689024)"""
"MCP3226004D,230053317,Montgomery County Police,Property Damage Crash,09/05/2023 05:23:00 PM,County,RANDOLPH RD,HEURICH RD,,N/A,,SAME DIR REAR END,CLEAR,DRY,DAYLIGHT,NO CONTROLS,NONE DETECTED,,D06DB5E5-1521-4031-AAD9-741A234FF03E,No,NO APPARENT INJURY,N/A,NOT DISTRACTED,FL,32333000-EEB2-4FA2-B1FD-77C2C4A761A0,SUPERFICIAL,SIX OCLOCK,(SPORT) UTILITY VEHICLE,STOPPED IN TRAFFIC LANE,East,40,No,No,2017,FORD,UT,39.0611265,-77.0439295,""(39.0611265, -77.0439295)"""
"MCP29620084,230051851,Montgomery County Police,Property Damage Crash,08/28/2023 02:55:00 PM,County,RIFFLE FORD RD,MONARCH VISTA DR,,N/A,,SAME DIR REAR END,CLOUDY,DRY,DAYLIGHT,NO CONTROLS,NONE DETECTED,,EDC0AFD7-D59D-49DA-9AF2-9DA17A07BE33,Yes,NO APPARENT INJURY,N/A,LOOKED BUT DID NOT SEE,MD,D078A889-A3FF-463B-901A-1D867CD613DD,SUPERFICIAL,TWELVE OCLOCK,PASSENGER CAR,SLOWING OR STOPPING,North,35,No,No,2013,HYUNDAI,ELANTRA,39.20274771,-77.24552401,""(39.20274771, -77.24552401)"""
"MCP2776004R,230055089,Montgomery County Police,Property Damage Crash,09/15/2023 03:39:00 PM,,,,BUS TURN AROUND 3401 QUEEN MARY DR,,,SAME DIR BOTH LEFT TURN,CLEAR,,DAYLIGHT,NO CONTROLS,N/A,,07EB136B-14CC-4E09-B934-B0D88573AD8B,Yes,NO APPARENT INJURY,N/A,NOT DISTRACTED,MD,FD464EB5-C560-4A14-9B79-D224F1E7A52D,SUPERFICIAL,FIVE OCLOCK,SCHOOL BUS,STARTING FROM PARKED,North,0,No,No,2022,FRHT (CHASSIS/THOMAS,SB,39.14850333,-77.068005,""(39.14850333, -77.068005)"""
"MCP3312004D,230068319,Montgomery County Police,Property Damage Crash,11/26/2023 10:45:00 AM,US (State),COLUMBIA PIKE,STEWART LA,,N/A,,SAME DIR REAR END,CLEAR,DRY,DAYLIGHT,TRAFFIC SIGNAL,N/A,,0D7B91EB-C32E-4A73-A478-C1F4977B9429,Yes,NO APPARENT INJURY,N/A,UNKNOWN,,850D361A-3378-4F31-B71E-1FD8E1147E04,FUNCTIONAL,TWELVE OCLOCK,PASSENGER CAR,MOVING CONSTANT SPEED,South,45,No,No,2013,NISSAN,MURANO,39.04759667,-76.98537333,""(39.04759667, -76.98537333)"""
"MCP24370055,230056305,Montgomery County Police,Property Damage Crash,09/22/2023 01:40:00 PM,,,,PARKING LOT OF 13850 TRAVILAH RD,,,SAME DIRECTION SIDESWIPE,CLOUDY,,DAYLIGHT,NO CONTROLS,NONE DETECTED,,BEA36069-9891-4978-94AC-BE37F80E3251,Yes,NO APPARENT INJURY,N/A,LOOKED BUT DID NOT SEE,MD,081EB3D2-61D7-4A35-9EF8-3668E9505F1D,SUPERFICIAL,TWELVE OCLOCK,SCHOOL BUS,ACCELERATING,Unknown,0,No,No,2023,FREIGHTLINER,B2,39.08346183,-77.23218783,""(39.08346183, -77.23218783)"""
"MCP3360000X,230053233,Montgomery County Police,Property Damage Crash,09/05/2023 10:04:00 AM,Interstate (State),EISENHOWER MEMORIAL HWY,RAMP 5 FR IS 270 SB TO MD 28 EB,,N/A,,SINGLE VEHICLE,CLEAR,DRY,DAYLIGHT,NO CONTROLS,NONE DETECTED,,E6EC5FE6-730A-489C-BFD6-E23CAECD32E4,Yes,NO APPARENT INJURY,N/A,INATTENTIVE OR LOST IN THOUGHT,MD,09BF8606-217C-4E45-944A-02DDD8FC2E28,DISABLING,TWELVE OCLOCK,PASSENGER CAR,MOVING CONSTANT SPEED,South,55,No,No,2020,KIA,FORTE,39.09813833,-77.17851667,""(39.09813833, -77.17851667)"""
"MCP3136006J,230048375,Montgomery County Police,Property Damage Crash,08/08/2023 11:39:00 AM,Maryland (State),PINEY BRANCH RD,BARRON ST,,N/A,,SAME DIRECTION SIDESWIPE,CLEAR,DRY,DAYLIGHT,NO CONTROLS,NONE DETECTED,,6986BE63-C56A-4DA9-907E-EDA1EC01554B,Yes,NO APPARENT INJURY,N/A,NOT DISTRACTED,MD,A096AC2A-B5C4-4FA5-BA55-68630B79F9DE,SUPERFICIAL,ONE OCLOCK,VAN,PASSING,South,35,No,No,2021,DODGE,RAM PROMASTER,38.99924972,-76.99683328,""(38.99924972, -76.99683328)"""
"MCP2683006Y,230072406,Montgomery County Police,Property Damage Crash,12/18/2023 03:34:00 PM,County,SEVEN LOCKS RD,SEVEN LOCKS RD (AHEAD),,ROCKVILLE,,SAME DIR REAR END,CLEAR,DRY,DAYLIGHT,TRAFFIC SIGNAL,NONE DETECTED,,DCFF3F55-DC1B-4789-8524-A4E59E7F359C,Yes,NO APPARENT INJURY,N/A,NOT DISTRACTED,MD,1B53A810-A370-4D98-8DFD-26C50764EFEE,DISABLING,TWELVE OCLOCK,PASSENGER CAR,SLOWING OR STOPPING,North,35,No,No,2023,MERZ,GLE350,39.05953,-77.16124167,""(39.05953, -77.16124167)"""
"MCP25450014,230054410,Montgomery County Police,Property Damage Crash,09/12/2023 10:25:00 AM,Maryland (State),GEORGIA AVE,REEDIE DR,,N/A,,HEAD ON LEFT TURN,N/A,DRY,DAYLIGHT,TRAFFIC SIGNAL,N/A,,8854B6E9-FA7B-42EB-AE85-436967281D3F,No,NO APPARENT INJURY,N/A,NOT DISTRACTED,XX,6F90EC34-7F03-45FF-85A6-5504206517DF,FUNCTIONAL,TWELVE OCLOCK,PASSENGER CAR,MOVING CONSTANT SPEED,North,25,No,No,2018,JEEP,CHEROKEE,39.03879967,-77.0508145,""(39.03879967, -77.0508145)"""
"MCP3263003S,230062529,Montgomery County Police,Property Damage Crash,10/25/2023 03:30:00 PM,Maryland (State),WISCONSIN AVE,MIDDLETON LA,,N/A,,SAME DIRECTION LEFT TURN,CLEAR,DRY,DAYLIGHT,NO CONTROLS,NONE DETECTED,,C6970198-5112-4BCA-B2FC-B40C688715D1,No,NO APPARENT INJURY,N/A,NOT DISTRACTED,MD,7B0E1950-4730-410C-9291-D3EC25A8D77C,SUPERFICIAL,TWELVE OCLOCK,PASSENGER CAR,MOVING CONSTANT SPEED,North,25,No,No,2001,SUBA,OUTBACK,38.98599333,-77.09456667,""(38.98599333, -77.09456667)"""
"MCP2016007G,230065613,Montgomery County Police,Property Damage Crash,11/10/2023 02:35:00 PM,County,CLEVELAND DR,VALLEY DR,,N/A,,STRAIGHT MOVEMENT ANGLE,CLOUDY,WET,DAYLIGHT,STOP SIGN,NONE DETECTED,,CC0916D5-1B62-4CC9-B725-17B86FB532F8,No,NO APPARENT INJURY,""N/A, WET"",NOT DISTRACTED,MD,5B1BA139-383F-4501-A658-D75CC0D6AA8A,DISABLING,TEN OCLOCK,PASSENGER CAR,MOVING CONSTANT SPEED,East,25,No,No,2019,AUDI,HB,39.07032733,-77.19893767,""(39.07032733, -77.19893767)"""
"MCP32610018,230047208,Montgomery County Police,Injury Crash,07/31/2023 09:47:00 PM,Municipality,E DIAMOND AVE,N SUMMIT AVE,,GAITHERSBURG,,HEAD ON LEFT TURN,N/A,DRY,DARK LIGHTS ON,TRAFFIC SIGNAL,N/A,,C6FC4CCA-8A78-4679-B7D8-619194E8337B,Yes,POSSIBLE INJURY,N/A,NOT DISTRACTED,MD,6A994D34-D043-4BB8-9934-B3DBF1445789,FUNCTIONAL,FOUR OCLOCK,PASSENGER CAR,MAKING LEFT TURN,East,25,No,No,2006,NISSAN,SENTRA,39.142305,-77.19340167,""(39.142305, -77.19340167)"""
"MCP2376001C,230058841,Montgomery County Police,Injury Crash,10/06/2023 12:22:00 AM,,,,""PARKING LOT, 11830 GRAND PARK AVE."",,,SINGLE VEHICLE,CLOUDY,,DARK LIGHTS ON,N/A,NONE DETECTED,,2FD576AC-9129-437B-9B7A-52BB9286D00E,Yes,SUSPECTED SERIOUS INJURY,N/A,UNKNOWN,MD,E40BCAD5-562C-4D18-AE40-F6A7A31EA19B,DESTROYED,TWELVE OCLOCK,MOTORCYCLE,ACCELERATING,Unknown,0,No,No,2023,YAMAHA,R7,38.99764833,-77.11012833,""(38.99764833, -77.11012833)"""
"MCP263900GC,230072418,Montgomery County Police,Property Damage Crash,12/18/2023 04:28:00 PM,County,NICHOLSON LA,HUFF CT,,N/A,,SAME DIRECTION SIDESWIPE,CLEAR,DRY,DARK LIGHTS ON,NO CONTROLS,NONE DETECTED,,21C0E688-E737-4AB9-ACA5-2FF74AEBF6A1,Yes,NO APPARENT INJURY,N/A,NOT DISTRACTED,MD,6EE43B6D-CDAA-4936-BAEA-F7EDD55EE12F,SUPERFICIAL,TEN OCLOCK,TRANSIT BUS,ACCELERATING,East,30,No,No,2014,NABI,TBU,39.04481167,-77.10817333,""(39.04481167, -77.10817333)"""
"MCP2556004X,230034930,Montgomery County Police,Injury Crash,07/22/2023 03:39:00 PM,County,GREAT SENECA HWY,KEY WEST AVE,,N/A,,STRAIGHT MOVEMENT ANGLE,CLEAR,DRY,DAYLIGHT,TRAFFIC SIGNAL,NONE DETECTED,,979FC6F5-1C7F-4B20-94DE-148B05B45341,No,NO APPARENT INJURY,N/A,NOT DISTRACTED,MD,CB83B4BB-AB3A-4817-B13E-7AA5FBEA9D3F,DISABLING,TEN OCLOCK,PASSENGER CAR,MOVING CONSTANT SPEED,South,50,No,No,2016,LEXUS,RC350,39.10301167,-77.20669667,""(39.10301167, -77.20669667)"""
"MCP0617005J,230065126,Montgomery County Police,Property Damage Crash,11/08/2023 12:23:00 PM,County,NORWOOD RD,NORBECK RD,,N/A,,SAME DIR REAR END,CLEAR,DRY,DAYLIGHT,TRAFFIC SIGNAL,NONE DETECTED,,F3A9CF61-81DD-4AB7-A914-2BF341626E6C,Yes,NO APPARENT INJURY,N/A,NOT DISTRACTED,MD,C1E76501-AB59-406F-8442-21E33971EDC4,SUPERFICIAL,TWELVE OCLOCK,PASSENGER CAR,STARTING FROM LANE,East,30,No,No,2015,KIA,RIO,39.11921333,-77.02162667,""(39.11921333, -77.02162667)"""
"MCP2726007Y,230058633,Montgomery County Police,Property Damage Crash,10/05/2023 06:28:00 AM,County,NEEDWOOD RD,FAWN CT,,N/A,,OTHER,CLEAR,DRY,DUSK,NO CONTROLS,UNKNOWN,,3AA6E2F9-AAEA-4BF1-9A11-D6942BC68956,Yes,NO APPARENT INJURY,N/A,UNKNOWN,,3C08CBF0-1B1C-45E5-8766-3ECD254D35BD,FUNCTIONAL,UNKNOWN,PASSENGER CAR,UNKNOWN,East,25,No,No,2018,HYUNDAI,ELANTRA,39.12510057,-77.15752294,""(39.12510057, -77.15752294)"""
"MCP2723007L,230053349,Montgomery County Police,Injury Crash,09/05/2023 08:35:00 PM,County,ASPEN HILL RD,GEORGIA AVE,,N/A,BICYCLIST,SINGLE VEHICLE,CLEAR,DRY,DARK LIGHTS ON,STOP SIGN,NONE DETECTED,NONE DETECTED,88D4AB6C-D894-4F82-9260-F25AFF47ABFF,Yes,NO APPARENT INJURY,N/A,LOOKED BUT DID NOT SEE,VA,8FD979CD-9190-453C-91E9-C0C6F84D4A8B,NO DAMAGE,TWO OCLOCK,PASSENGER CAR,MAKING RIGHT TURN,South,30,No,No,2017,VOLKSWAGON,TIGUAN,39.08065167,-77.077415,""(39.08065167, -77.077415)"""
"MCP30510074,230063471,Montgomery County Police,Property Damage Crash,10/30/2023 06:45:00 PM,Maryland (State),BRADLEY BLVD,GOLDSBORO RD,,N/A,,HEAD ON LEFT TURN,RAINING,WET,DARK LIGHTS ON,TRAFFIC SIGNAL,NONE DETECTED,,E5F52A66-60BF-42B2-A4F7-9A5538662A16,No,NO APPARENT INJURY,""RAIN, SNOW, WET"",NOT DISTRACTED,MD,9C7046A4-832D-4A2A-BB9B-82679638E00F,DISABLING,TWELVE OCLOCK,(SPORT) UTILITY VEHICLE,MOVING CONSTANT SPEED,East,25,No,No,2021,TESLA,MODEL Y,38.97711709,-77.10681355,""(38.97711709, -77.10681355)"""
"EJ7887002Q,230047606,Gaithersburg Police Depar,Property Damage Crash,08/03/2023 11:25:00 AM,Municipality,DUVALL LA,W DEER PARK RD,,GAITHERSBURG,,SAME DIRECTION LEFT TURN,CLEAR,DRY,DAYLIGHT,STOP SIGN,UNKNOWN,,2800073C-B5D1-4CF7-918C-6592D782E3D1,Yes,NO APPARENT INJURY,N/A,UNKNOWN,,56112EAD-CF90-44A2-A7FD-23CA65A187D2,UNKNOWN,UNKNOWN,UNKNOWN,MOVING CONSTANT SPEED,West,25,No,No,0,UNKNOWN,UNKNOWN,39.12923107,-77.20083195,""(39.12923107, -77.20083195)"""
"MCP235800BR,230056626,Montgomery County Police,Property Damage Crash,09/24/2023 01:30:00 PM,Maryland (State),RIVER RD,BEECH TREE RD,,N/A,,SAME DIR REAR END,CLEAR,WET,DAYLIGHT,TRAFFIC SIGNAL,NONE DETECTED,,0421B9C3-D9A3-49A6-972B-4AB192543E1A,No,NO APPARENT INJURY,""N/A, WET"",NOT DISTRACTED,MD,16C40636-A6CB-4775-9316-743512C36AAC,DISABLING,SIX OCLOCK,PASSENGER CAR,SLOWING OR STOPPING,West,35,No,No,2019,FORD,EDGE,38.98623283,-77.14351467,""(38.98623283, -77.14351467)"""
"MCP28350034,230056424,Montgomery County Police,Property Damage Crash,09/23/2023 01:46:00 AM,Maryland (State),EAST WEST HWY,SUNDALE DR,,N/A,,SINGLE VEHICLE,RAINING,WET,DARK LIGHTS ON,TRAFFIC SIGNAL,NONE DETECTED,,CF2D2A20-9749-4C17-8D8D-129EFE80CEAA,Yes,NO APPARENT INJURY,""RAIN, SNOW, WET"",LOOKED BUT DID NOT SEE,XX,B7D1B407-69E3-4684-A5F8-F5B42E750D92,SUPERFICIAL,TWELVE OCLOCK,VAN,MOVING CONSTANT SPEED,West,35,No,No,2004,FORD,E250,38.99497719,-77.04570253,""(38.99497719, -77.04570253)"""
"MCP3009006Y,230063601,Montgomery County Police,Property Damage Crash,10/27/2023 05:15:00 PM,Maryland (State),GREAT SENECA HWY,SPUR FR MUDDY BRANCH RD,,N/A,,SAME DIR REAR END,CLEAR,DRY,DAYLIGHT,YIELD SIGN,N/A,,BD2BEB53-7E1B-4DEA-BEAD-0790A4077A24,No,NO APPARENT INJURY,N/A,NOT DISTRACTED,MD,A75AD4AA-18FA-4A73-9791-101BFADE20CA,SUPERFICIAL,SIX OCLOCK,PASSENGER CAR,SLOWING OR STOPPING,East,50,No,No,2022,TESLA,MODEL 3,39.10985578,-77.216822,""(39.10985578, -77.216822)"""
"MCP24450050,230046634,Montgomery County Police,Property Damage Crash,07/28/2023 12:53:00 PM,Maryland (State),GERMANTOWN RD,MILLENNIUM CT,,N/A,,SAME DIR REAR END,CLEAR,DRY,DAYLIGHT,NO CONTROLS,NONE DETECTED,,0C15F52D-3DF4-40C9-9B53-EE63D008F0CC,Yes,NO APPARENT INJURY,N/A,UNKNOWN,MD,247FA71F-9B61-4472-84F1-A8CB2240686C,FUNCTIONAL,TWELVE OCLOCK,PICKUP TRUCK,MOVING CONSTANT SPEED,West,45,No,No,1991,CHEVROLET,S10,39.19219217,-77.24368267,""(39.19219217, -77.24368267)"""
"DM85220010,230056240,Takoma Park Police Depart,Property Damage Crash,09/22/2023 08:44:00 AM,,UNIVERSITY BLVD,ANNE ST,,N/A,,OTHER,CLEAR,DRY,DAYLIGHT,STOP SIGN,NONE DETECTED,,FCE87108-8638-4362-A771-6D9CDD6E8035,Yes,NO APPARENT INJURY,N/A,NOT DISTRACTED,MD,3015C94D-7284-48BF-ADC2-46CA9E97F724,SUPERFICIAL,ELEVEN OCLOCK,""MEDIUM/HEAVY TRUCKS 3 AXLES (OVER 10,000LBS (4,536KG))"",BACKING,North,25,No,No,2020,MACK,TK,38.99081627,-76.9898445,""(38.99081627, -76.9898445)"""
"EJ78750040,230060927,Gaithersburg Police Depar,Property Damage Crash,10/17/2023 07:17:00 PM,Municipality,S SUMMIT AVE,OLDE TOWNE AVE,,GAITHERSBURG,,STRAIGHT MOVEMENT ANGLE,CLEAR,DRY,DARK LIGHTS ON,NO CONTROLS,N/A,,0FD92B66-9EF4-4328-B022-FA630C7E0442,No,NO APPARENT INJURY,N/A,NOT DISTRACTED,MD,FFB1D8C8-4BF4-47B8-8A37-5E91926E3FDC,SUPERFICIAL,FOUR OCLOCK,PASSENGER CAR,MOVING CONSTANT SPEED,South,25,No,No,2017,MITS,LANCER,39.14059202,-77.19373684,""(39.14059202, -77.19373684)"""
"EJ78870039,230066017,Gaithersburg Police Depar,Property Damage Crash,11/13/2023 08:50:00 AM,Ramp,RAMP 5 FR MD200A SB TO SHADY GROVE RD EB,SHADY GROVE RD,,N/A,,SAME DIRECTION LEFT TURN,CLEAR,DRY,DAYLIGHT,NO CONTROLS,NONE DETECTED,,618C3E4C-F839-4FA8-AC76-6465D74E2C01,Unknown,NO APPARENT INJURY,N/A,NOT DISTRACTED,MD,25E4AA1F-28D8-4861-8AE2-923E7C97DFCE,FUNCTIONAL,ONE OCLOCK,TRANSIT BUS,MOVING CONSTANT SPEED,South,55,No,No,2019,GILG,BUS,39.12049037,-77.18183193,""(39.12049037, -77.18183193)"""
"MCP2107004J,230064648,Montgomery County Police,Injury Crash,11/06/2023 09:11:00 AM,Maryland (State),FREDERICK RD,GUNNERS BRANCH RD,,N/A,,SAME DIR REAR END,CLEAR,DRY,DAYLIGHT,NO CONTROLS,NONE DETECTED,,F1C8B0EC-C10B-46D4-92CA-369536305C1B,No,POSSIBLE INJURY,N/A,NOT DISTRACTED,MD,733BC655-344B-4707-957D-863824998743,FUNCTIONAL,SIX OCLOCK,PASSENGER CAR,SLOWING OR STOPPING,South,35,No,No,2022,TOYT,SD,39.17759233,-77.23866583,""(39.17759233, -77.23866583)"""
"MCP2687003Y,230046254,Montgomery County Police,Property Damage Crash,07/26/2023 04:35:00 PM,Maryland (State),OLD GEORGETOWN RD,DEL RAY AVE,,N/A,,SAME DIR REAR END,CLEAR,N/A,N/A,NO CONTROLS,N/A,,BFDE0C3A-7132-48A4-9AF4-343FB13F44AE,No,NO APPARENT INJURY,N/A,NOT DISTRACTED,MD,01CDCF17-5CA2-44BF-A233-A9E09F54BCF0,DISABLING,SIX OCLOCK,PASSENGER CAR,SLOWING OR STOPPING,North,35,No,No,2017,MAZDA,CX5,38.98878467,-77.0997995,""(38.98878467, -77.0997995)"""
"MCP29610017,16043451,Montgomery County Police,Injury Crash,08/26/2016 04:00:00 PM,Maryland (State),GEORGIA AVE,WINDHAM LA,,N/A,,STRAIGHT MOVEMENT ANGLE,CLEAR,DRY,N/A,TRAFFIC SIGNAL,NONE DETECTED,,59D614B7-88B3-4831-B1E3-2C596F8AA5EB,No,SUSPECTED MINOR INJURY,N/A,NOT DISTRACTED,DC,3E37DFFC-3973-45C8-9252-40A9B11A675A,SUPERFICIAL,TWELVE OCLOCK,PASSENGER CAR,MOVING CONSTANT SPEED,South,40,No,No,2006,BUICK,4D,39.03188667,-77.04864667,""(39.03188667, -77.04864667)"""
"MCP3225004D,230072591,Montgomery County Police,Injury Crash,12/19/2023 04:00:00 PM,County,BEL PRE RD,MELINDA LA,,N/A,,SAME DIRECTION LEFT TURN,CLEAR,DRY,DAYLIGHT,NO CONTROLS,NONE DETECTED,,A29C3659-C87F-4252-9642-B6DDE857A7B6,Yes,NO APPARENT INJURY,N/A,LOOKED BUT DID NOT SEE,MD,B6B65ABE-09C0-499A-8686-EEAF6E1158DA,DISABLING,ELEVEN OCLOCK,PASSENGER CAR,MAKING U TURN,East,25,No,No,2020,NISSAN,ALTIMA,39.09673717,-77.09611933,""(39.09673717, -77.09611933)"""
"MCP1205009C,230046426,Montgomery County Police,Property Damage Crash,07/27/2023 12:51:00 PM,County,TALBOT AVE,PERKINS PL,,N/A,,OTHER,CLOUDY,DRY,DAYLIGHT,N/A,UNKNOWN,,F5530FA7-ABDE-4CFE-8A5A-CDCC4E8559A5,Yes,NO APPARENT INJURY,N/A,UNKNOWN,MD,18442974-F7FB-4199-A038-65F41802C265,SUPERFICIAL,UNKNOWN,""MEDIUM/HEAVY TRUCKS 3 AXLES (OVER 10,000LBS (4,536KG))"",PARKING,East,25,No,No,9999,INTERNATIONAL,TRUCK,39.0045356,-77.0493137,""(39.0045356, -77.0493137)"""
"DD56430038,230068278,Rockville Police Departme,Property Damage Crash,11/26/2023 12:15:00 AM,Municipality,WOOTTON PKWY,SEVEN LOCKS RD,,ROCKVILLE,,STRAIGHT MOVEMENT ANGLE,N/A,DRY,N/A,FLASHING TRAFFIC SIGNAL,NONE DETECTED,,CB7E5C8A-9D2D-43A0-90B9-B25660F36047,Yes,NO APPARENT INJURY,N/A,NOT DISTRACTED,MD,327198AD-E9E5-4AAC-A2CD-6ED251A13C42,FUNCTIONAL,TWELVE OCLOCK,PASSENGER CAR,MAKING LEFT TURN,North,35,No,No,2015,HYUN,4S,39.06681659,-77.16172714,""(39.06681659, -77.16172714)"""
"MCP3180003P,230049762,Montgomery County Police,Injury Crash,08/16/2023 02:03:00 PM,Maryland (State),OLNEY SANDY SPRING RD,VILLAGE CENTER DR,,N/A,,HEAD ON LEFT TURN,CLEAR,DRY,DAYLIGHT,TRAFFIC SIGNAL,NONE DETECTED,,0E37B71E-C880-43DF-9B6A-7C953B5D3027,Yes,POSSIBLE INJURY,N/A,LOOKED BUT DID NOT SEE,MD,2B2DAA16-456B-4F56-8F13-2C98541F8AA7,DESTROYED,TWO OCLOCK,PASSENGER CAR,MAKING LEFT TURN,South,30,No,No,2019,MAZDA,CX9,39.15184833,-77.06450333,""(39.15184833, -77.06450333)"""
"MCP2816003P,230060387,Montgomery County Police,Property Damage Crash,10/13/2023 08:27:00 PM,Maryland (State),DARNESTOWN RD,MUDDY BRANCH RD,,N/A,,HEAD ON LEFT TURN,N/A,DRY,DARK LIGHTS ON,TRAFFIC SIGNAL,NONE DETECTED,,C2DDCE3E-E0CC-4134-9C7C-DCA865F357CA,No,NO APPARENT INJURY,N/A,NOT DISTRACTED,MD,2596B6BD-98B0-4029-8C41-47F77DD255D8,FUNCTIONAL,TWELVE OCLOCK,PASSENGER CAR,MOVING CONSTANT SPEED,South,45,No,No,2010,TOYOTA,PRIUS,39.10270167,-77.22088833,""(39.10270167, -77.22088833)"""
"MCP27600042,230054009,Montgomery County Police,Property Damage Crash,09/09/2023 05:51:00 PM,County,MONTGOMERY VILLAGE AVE,CENTERWAY RD,,N/A,,SAME DIR REAR END,RAINING,WET,DARK LIGHTS ON,NO CONTROLS,N/A,,F1B18AE7-2A89-4949-9593-AF6964B42FAE,No,NO APPARENT INJURY,""RAIN, SNOW, WET"",NOT DISTRACTED,MD,43AA22F7-A5C6-4174-A979-3506B596C83B,FUNCTIONAL,SIX OCLOCK,PASSENGER CAR,SLOWING OR STOPPING,North,35,No,No,2015,CHEV,CG,39.17183667,-77.20363833,""(39.17183667, -77.20363833)"""
"MCP12020030,180011212,Montgomery County Police,Property Damage Crash,03/05/2018 01:31:00 PM,,,,""5269 RIVER RD BETHESDA,MD"",,,UNKNOWN,CLEAR,,DAYLIGHT,NO CONTROLS,UNKNOWN,,7972276E-75EF-409C-A2EF-F39BFD82BB9F,Yes,NO APPARENT INJURY,N/A,UNKNOWN,,4EB4307D-E306-45FD-AADA-BED52A8340E9,UNKNOWN,UNKNOWN,,PARKING,Unknown,5,Unknown,No,0,UNKNOWN,UNKNOWN,38.96614167,-77.10479167,""(38.96614167, -77.10479167)"""