Report Number,Local Case Number,Agency Name,ACRS Report Type,Crash Date/Time,Route Type,Road Name,Cross-Street Name,Off-Road Description,Municipality,Related Non-Motorist,Collision Type,Weather,Surface Condition,Light,Traffic Control,Driver Substance Abuse,Non-Motorist Substance Abuse,Person ID,Driver At Fault,Injury Severity,Circumstance,Driver Distracted By,Drivers License State,Vehicle ID,Vehicle Damage Extent,Vehicle First Impact Location,Vehicle Body Type,Vehicle Movement,Vehicle Going Dir,Speed Limit,Driverless Vehicle,Parked Vehicle,Vehicle Year,Vehicle Make,Vehicle Model,Latitude,Longitude,Location
"MCP32900027,230034915,Montgomery County Police,Property Damage Crash,07/22/2023 02:05:00 PM,Maryland (State),GEORGIA AVE,RAMP 3 FR IS 495 EB TO MD 97 NB,,N/A,,SAME DIR REAR END,CLEAR,DRY,DAYLIGHT,NO CONTROLS,NONE DETECTED,,AAB18CF3-C731-4693-AAB6-585F7FFA9DE5,No,NO APPARENT INJURY,N/A,NOT DISTRACTED,MD,015C1B01-D96C-4B84-829A-53AF1E504A77,FUNCTIONAL,SIX OCLOCK,PASSENGER CAR,STOPPED IN TRAFFIC LANE,North,35,No,No,2020,HOND,4S,39.0143279,-77.04209871,""(39.0143279, -77.04209871)"""
"MCP2159001B,230057015,Montgomery County Police,Injury Crash,09/26/2023 05:23:00 PM,Maryland (State),GREAT SENECA HWY,DAIRYMAID DR,,N/A,,STRAIGHT MOVEMENT ANGLE,RAINING,WET,DAYLIGHT,NO CONTROLS,NONE DETECTED,,F597C368-EA31-4040-A0A7-4423B7F26081,No,POSSIBLE INJURY,""N/A, WET"",NOT DISTRACTED,MD,7574041A-B125-4793-B8D8-EE05552208C9,DISABLING,TWELVE OCLOCK,(SPORT) UTILITY VEHICLE,MOVING CONSTANT SPEED,North,45,No,No,2020,ACURA,MDX,39.15719167,-77.27591917,""(39.15719167, -77.27591917)"""
"MCP295400DK,230050755,Montgomery County Police,Injury Crash,08/22/2023 06:34:00 PM,US (State),COLUMBIA PIKE,GREENCASTLE RD,,N/A,,SAME DIR REAR END,CLEAR,DRY,DAYLIGHT,TRAFFIC SIGNAL,NONE DETECTED,,797A5ABD-377D-4BB2-BEC4-4F913CBB051D,Yes,NO APPARENT INJURY,N/A,USING OTHER DEVICE CONTROLS INTEGRAL TO VEHICLE,MD,08C253E5-9A69-4F91-AEFF-68BABC75FFA3,SUPERFICIAL,TWELVE OCLOCK,PASSENGER CAR,SLOWING OR STOPPING,South,40,No,No,2004,MERCURY,SABLE,39.09647833,-76.937705,""(39.09647833, -76.937705)"""
"EJ78880057,230064244,Gaithersburg Police Depar,Property Damage Crash,11/05/2023 12:00:00 PM,,,,""PARKING LOT OF 1 WELLS AVE GAITHERSBURG, MD 20877"",,,OTHER,CLEAR,,DAYLIGHT,NO CONTROLS,UNKNOWN,,21711456-FD7D-454C-B7CC-CAAECBCF580F,Yes,NO APPARENT INJURY,N/A,LOOKED BUT DID NOT SEE,,8F81E760-41B2-4642-943D-D1F296B805B2,SUPERFICIAL,ONE OCLOCK,,PARKING,Unknown,5,No,No,0,UNKNOWN,UNKNOWN,39.14130234,-77.1927976,""(39.14130234, -77.1927976)"""
"DM8505000P,230060291,Takoma Park Police Depart,Property Damage Crash,10/13/2023 12:55:00 PM,Maryland (State),NEW HAMPSHIRE AVE,KENTLAND AVE,,TAKOMA PARK,,STRAIGHT MOVEMENT ANGLE,CLEAR,DRY,DAYLIGHT,NO CONTROLS,N/A,,9DC26A2C-8909-4184-9BC7-FB93662E25B3,No,NO APPARENT INJURY,N/A,NOT DISTRACTED,MD,2E93B81E-6DD8-4494-8ECB-D160FA87A137,FUNCTIONAL,SIX OCLOCK,PASSENGER CAR,MOVING CONSTANT SPEED,South,35,No,No,2016,ROV,UT,38.97692223,-76.99239376,""(38.97692223, -76.99239376)"""
"MCP3145003V,230051866,Montgomery County Police,Property Damage Crash,08/28/2023 03:50:00 PM,Maryland (State),PINEY BRANCH RD,ARLISS ST,,N/A,,OTHER,CLEAR,DRY,N/A,TRAFFIC SIGNAL,NONE DETECTED,,CA8B3A72-D142-4025-9655-D32930B83FA2,No,NO APPARENT INJURY,N/A,NOT DISTRACTED,MD,598DFBB7-404F-4697-8BD0-E094E517171D,SUPERFICIAL,FIVE OCLOCK,SCHOOL BUS,SLOWING OR STOPPING,East,30,No,No,2021,THOMAS,SCHOOL BUS,38.998475,-77.000555,""(38.998475, -77.000555)"""
"MCP2991008W,230063207,Montgomery County Police,Property Damage Crash,10/29/2023 01:15:00 PM,Maryland (State),GEORGIA AVE,PRINCE PHILIP DR,,N/A,,SAME DIR REAR END,N/A,DRY,DAYLIGHT,N/A,NONE DETECTED,,1F14686F-9637-4B2D-A718-979DEB9A01BA,Yes,NO APPARENT INJURY,N/A,OTHER DISTRACTION,MD,3947B2D1-EBF9-4C8C-856E-D95096896E50,DISABLING,TWELVE OCLOCK,PASSENGER CAR,MOVING CONSTANT SPEED,South,35,No,No,2012,CHEV,TK,39.160275,-77.06384,""(39.160275, -77.06384)"""
"MCP31190009,180013174,Montgomery County Police,Property Damage Crash,03/16/2018 09:00:00 AM,,,,PARKING LOT OF 16220 FREDERICK ROAD,,,UNKNOWN,CLEAR,,DAYLIGHT,N/A,UNKNOWN,,C3A0A660-E126-46BD-BDD0-827FAF6A15E3,Yes,NO APPARENT INJURY,N/A,UNKNOWN,,7CEE6660-0976-4F4C-8583-760A473BEB74,UNKNOWN,UNKNOWN,UNKNOWN,PARKING,Unknown,0,No,No,2005,CHRYSLER,VAN,39.12143758,-77.17697024,""(39.12143758, -77.17697024)"""
"MCP2940006W,230072059,Montgomery County Police,Injury Crash,12/16/2023 01:40:00 PM,County,WESTLAKE TERR,LAKEVIEW DR,,N/A,,OTHER,CLEAR,DRY,DAYLIGHT,N/A,NONE DETECTED,,47DC17E3-E3B1-428C-B99A-F36104BCE833,Yes,SUSPECTED MINOR INJURY,N/A,LOOKED BUT DID NOT SEE,DC,6524724D-909B-47AF-BFDF-ACEB4C966B37,DISABLING,ELEVEN OCLOCK,PASSENGER CAR,STARTING FROM PARKED,East,35,No,No,2008,TOYOTA,COROLLA,39.026697,-77.151229,""(39.026697, -77.151229)"""
"MCP3244002R,230057287,Montgomery County Police,Property Damage Crash,09/28/2023 12:44:00 PM,County,FENTON ST,WAYNE AVE,,N/A,,OTHER,CLEAR,DRY,DAYLIGHT,N/A,NONE DETECTED,,B6E9BB95-3730-4585-BFDE-8E6893D6B4FD,No,NO APPARENT INJURY,N/A,NOT DISTRACTED,MD,8AFC78FC-D0FF-442F-B328-646D6FFF900D,SUPERFICIAL,TWELVE OCLOCK,PASSENGER CAR,PARKED,,25,No,Yes,2013,HYUNDAI,SONATA,38.995852,-77.0232215,""(38.995852, -77.0232215)"""
"MCP3209004J,230069702,Montgomery County Police,Injury Crash,12/04/2023 12:04:00 AM,County,OLD COLUMBIA PIKE,FALLING CREEK RD,,N/A,,HEAD ON,CLEAR,WET,DARK LIGHTS ON,NO CONTROLS,NONE DETECTED,,4B64CB42-2AE4-4297-A916-7D15A2CFE902,Unknown,SUSPECTED MINOR INJURY,""N/A, WET"",NOT DISTRACTED,MD,196F02CB-EDE0-4434-B9AF-D59D133EF06A,DESTROYED,TWELVE OCLOCK,PASSENGER CAR,MOVING CONSTANT SPEED,North,35,No,No,2010,NISSAN,MAXIMA,39.0724075,-76.959981,""(39.0724075, -76.959981)"""
"DD5610008B,230054557,Rockville Police Departme,Property Damage Crash,09/13/2023 07:11:00 AM,Municipality,WOOTTON PKWY,W EDMONSTON DR,,ROCKVILLE,,OTHER,CLEAR,DRY,DAYLIGHT,TRAFFIC SIGNAL,N/A,,0E965AD2-C85E-4A83-AFAF-B5B48CEAB2DA,No,NO APPARENT INJURY,N/A,NOT DISTRACTED,MD,1EA25701-6AA4-470B-AF13-35593B727B3A,FUNCTIONAL,TWELVE OCLOCK,(SPORT) UTILITY VEHICLE,MOVING CONSTANT SPEED,East,30,No,No,2019,JEEP,CHEROKEE,39.072779,-77.13819383,""(39.072779, -77.13819383)"""
"MCP209400MQ,230059112,Montgomery County Police,Injury Crash,10/07/2023 12:18:00 PM,Maryland (State),BRADLEY BLVD,ARLINGTON RD,,N/A,,SAME DIR REAR END,CLOUDY,WET,DAYLIGHT,TRAFFIC SIGNAL,NONE DETECTED,,67A78FB4-B4A1-4F12-ACEB-7626B9241151,No,NO APPARENT INJURY,""N/A, WET"",NOT DISTRACTED,MD,CA276ABA-3AF3-46CF-8B4A-94DA6D1CF98D,FUNCTIONAL,SIX OCLOCK,(SPORT) UTILITY VEHICLE,STOPPED IN TRAFFIC LANE,West,25,No,No,2020,VOLKSWAGON,TIGUAN,38.97801333,-77.09851667,""(38.97801333, -77.09851667)"""
"MCP3044006X,230064040,Montgomery County Police,Property Damage Crash,11/02/2023 05:48:00 PM,County,BRIGGS CHANEY RD,ENT TO BRIGGS CHANEY OUTLETS,,N/A,,SAME DIR REAR END,CLEAR,DRY,DAYLIGHT,TRAFFIC SIGNAL,NONE DETECTED,,D9AA64A8-8E7E-4D1D-9B36-DE5BF8E7D5F1,Yes,NO APPARENT INJURY,N/A,LOOKED BUT DID NOT SEE,MD,E426875C-8EDD-4CD3-90C6-EBFE98A5AF66,DISABLING,TWELVE OCLOCK,(SPORT) UTILITY VEHICLE,SLOWING OR STOPPING,East,30,No,No,2015,DODGE,JOURNEY,39.08208025,-76.94739791,""(39.08208025, -76.94739791)"""
"MCP2948006B,230034678,Montgomery County Police,Injury Crash,07/21/2023 01:15:00 AM,County,KENDALL ST,NEWTON ST,,N/A,,HEAD ON,CLEAR,N/A,DARK -- UNKNOWN LIGHTING,N/A,UNKNOWN,,9D7CBFF7-30BA-408C-8CC9-4B927BEA1100,Yes,SUSPECTED MINOR INJURY,N/A,UNKNOWN,MD,246FD5B0-708D-47CF-B060-CAA40AD720C1,DISABLING,TWELVE OCLOCK,PASSENGER CAR,MOVING CONSTANT SPEED,South,25,No,No,2015,VOLKSWAGON,PASSAT,39.05834333,-77.06013333,""(39.05834333, -77.06013333)"""
"MCP30850047,230057915,Montgomery County Police,Property Damage Crash,10/01/2023 05:45:00 PM,County,SUNDALE DR,EAST WEST HWY,,N/A,,OTHER,CLEAR,DRY,DAYLIGHT,OTHER,UNKNOWN,,BA7635CB-BEAB-43E2-BC4A-2EF64B32C494,Yes,NO APPARENT INJURY,N/A,UNKNOWN,,D9466AAF-3663-44D9-BD14-5416FE296E82,FUNCTIONAL,TWELVE OCLOCK,PASSENGER CAR,MAKING LEFT TURN,West,35,No,No,2016,LEXUS,TX,38.99491304,-77.04555057,""(38.99491304, -77.04555057)"""
"MCP209400MG,230048517,Montgomery County Police,Injury Crash,08/09/2023 09:23:00 AM,County,DEMOCRACY BLVD,ROCKLEDGE DR,,N/A,,STRAIGHT MOVEMENT ANGLE,CLEAR,DRY,DAYLIGHT,TRAFFIC SIGNAL,NONE DETECTED,,62E22BF2-FDB3-4561-9BCC-059FF2F16FD7,Yes,POSSIBLE INJURY,N/A,UNKNOWN,MD,E694A577-C880-48E9-BAC8-56CD49F25693,DISABLING,TWELVE OCLOCK,PASSENGER CAR,MOVING CONSTANT SPEED,West,35,No,No,2012,NISSAN,VERSA,39.02288667,-77.13226167,""(39.02288667, -77.13226167)"""
"MCP27700023,170547901,Montgomery County Police,Property Damage Crash,12/09/2017 03:00:00 PM,,,,PARKING LOT OF 11221 NEW HAMPSHIRE AVE,,,UNKNOWN,SNOW,,DAYLIGHT,NO CONTROLS,UNKNOWN,,FCE7342F-F8E8-4919-B55E-7D89223A1824,Yes,NO APPARENT INJURY,N/A,UNKNOWN,,1B51D461-D585-4C91-8234-1C5375D1F8F3,UNKNOWN,UNKNOWN,,UNKNOWN,Unknown,15,Unknown,No,0,UNKNOWN,UNKNOWN,39.04097795,-76.98895812,""(39.04097795, -76.98895812)"""
"MCP3136006S,230071047,Montgomery County Police,Property Damage Crash,12/11/2023 09:53:00 AM,Maryland (State),NEW HAMPSHIRE AVE,ADELPHI RD,,N/A,,OTHER,SNOW,WET,DAYLIGHT,NO CONTROLS,N/A,,351FE9C8-3CEC-4D38-BF09-83E297FB262A,Yes,NO APPARENT INJURY,""ICY OR SNOW-COVERED, RAIN, SNOW, WET"",NOT DISTRACTED,MD,A37005F1-557B-4C05-82D9-CC2A5C392ACC,SUPERFICIAL,TWELVE OCLOCK,PASSENGER CAR,MAKING LEFT TURN,East,35,No,No,2002,TOYOTA,COROLLA,39.01028055,-76.97918889,""(39.01028055, -76.97918889)"""
"EJ786600D1,230065014,Gaithersburg Police Depar,Property Damage Crash,11/07/2023 09:14:00 PM,Maryland (State),CLOPPER RD,METROPOLITAN GROVE RD,,GAITHERSBURG,,SAME DIRECTION SIDESWIPE,CLEAR,DRY,DARK LIGHTS ON,NO CONTROLS,NONE DETECTED,,062E968D-E5C7-42C5-91EB-60873B90304B,Yes,NO APPARENT INJURY,N/A,UNKNOWN,MD,6D260856-8280-45AB-8D27-C088A6808007,FUNCTIONAL,TWO OCLOCK,(SPORT) UTILITY VEHICLE,ACCELERATING,East,35,No,No,2013,FORD,ESCAPE,39.14541973,-77.22419683,""(39.14541973, -77.22419683)"""
"MCP31050058,230071818,Montgomery County Police,Injury Crash,12/15/2023 12:36:00 AM,County,FATHER HURLEY BLVD,WISTERIA DR,,N/A,,STRAIGHT MOVEMENT ANGLE,CLEAR,DRY,DARK LIGHTS ON,FLASHING TRAFFIC SIGNAL,NONE DETECTED,,AB356481-911C-452E-A621-6B3D2DDAECF1,No,SUSPECTED MINOR INJURY,N/A,NOT DISTRACTED,MD,B811EA59-08C6-4B23-A714-6ABFF54E6A84,DISABLING,TWELVE OCLOCK,(SPORT) UTILITY VEHICLE,STARTING FROM LANE,West,30,No,No,2021,FORD,EXPLORER,39.181564,-77.27623683,""(39.181564, -77.27623683)"""
"MCP3361000S,230052629,Montgomery County Police,Injury Crash,09/01/2023 01:19:00 PM,Maryland (State),UNIVERSITY BLVD W,ARCOLA AVE,,N/A,,STRAIGHT MOVEMENT ANGLE,CLEAR,DRY,DAYLIGHT,TRAFFIC SIGNAL,NONE DETECTED,,35A53947-C7AF-4D25-A914-62401B262D1D,No,NO APPARENT INJURY,N/A,NOT DISTRACTED,MD,2E392491-0327-44CD-9CFC-9C77B536800D,DISABLING,NINE OCLOCK,PASSENGER CAR,ACCELERATING,East,10,No,No,2022,TOYT,UT,39.0355775,-77.026062,""(39.0355775, -77.026062)"""
"MCP3095004P,230061467,Montgomery County Police,Property Damage Crash,10/19/2023 03:07:00 PM,US (State),COLUMBIA PIKE,CHERRY HILL RD,,N/A,,STRAIGHT MOVEMENT ANGLE,CLEAR,DRY,DAYLIGHT,TRAFFIC SIGNAL,N/A,,CB4D5103-AE33-4F2E-8D80-0F87E8536058,No,NO APPARENT INJURY,N/A,NOT DISTRACTED,VA,DB154175-F216-4E93-A336-41FBC07038BF,SUPERFICIAL,TWELVE OCLOCK,FIRE VEHICLE/EMERGENCY,MOVING CONSTANT SPEED,East,40,No,No,2004,SPARTAN,MARION,39.06248817,-76.96288567,""(39.06248817, -76.96288567)"""
"MCP3053006Y,230065165,Montgomery County Police,Property Damage Crash,11/08/2023 03:01:00 PM,County,SHOREFIELD RD,GEORGIA AVE,,N/A,,OTHER,CLEAR,DRY,DAYLIGHT,TRAFFIC SIGNAL,N/A,,21B2C562-93AB-45E8-AE79-B6D6C44CB983,No,NO APPARENT INJURY,N/A,NOT DISTRACTED,MD,C704D535-06F7-4147-B5F1-103164D54C8C,DISABLING,TWELVE OCLOCK,PASSENGER CAR,MOVING CONSTANT SPEED,South,30,No,No,2016,FORD,FOCUS,39.053065,-77.05103333,""(39.053065, -77.05103333)"""
"MCP29460067,230069924,Montgomery County Police,Injury Crash,12/05/2023 08:41:00 AM,County,SNOWDEN FARM PKWY,FOREMAN BLVD,,N/A,,STRAIGHT MOVEMENT ANGLE,CLOUDY,DRY,DAYLIGHT,STOP SIGN,NONE DETECTED,,B91608B2-D542-4EED-B28B-1E3682DCB0F2,Yes,NO APPARENT INJURY,""N/A, VISION OBSTRUCTION (INCL. BLINDED BY SUN)"",LOOKED BUT DID NOT SEE,MD,28826E4A-FB8B-4B97-B4EF-B42C53703664,DISABLING,TEN OCLOCK,PICKUP TRUCK,MAKING LEFT TURN,South,35,No,No,2016,NISSAN,FRONTIER,39.23092483,-77.25472333,""(39.23092483, -77.25472333)"""
"MCP2622003X,230065797,Montgomery County Police,Injury Crash,11/11/2023 02:53:00 PM,County,GREENCASTLE RD,COLUMBIA PIKE,,N/A,,HEAD ON LEFT TURN,CLEAR,DRY,DAYLIGHT,TRAFFIC SIGNAL,NONE DETECTED,,9E197EF8-6313-480D-9D23-473045AB0C9C,No,POSSIBLE INJURY,N/A,NOT DISTRACTED,MD,0C7FEF68-D96E-46CE-9982-E967E76AFEDD,DISABLING,TWELVE OCLOCK,PASSENGER CAR,MOVING CONSTANT SPEED,West,55,No,No,2021,HONDA,PILOT,39.0955967,-76.938003,""(39.0955967, -76.938003)"""
"MCP33560016,230071790,Montgomery County Police,Property Damage Crash,12/14/2023 07:31:00 PM,Maryland (State),FREDERICK RD,GUNNERS BRANCH RD,,N/A,,STRAIGHT MOVEMENT ANGLE,CLEAR,DRY,DARK LIGHTS ON,NO CONTROLS,NONE DETECTED,,D473C125-1487-4953-B9B8-23FD2AEE2244,Yes,NO APPARENT INJURY,N/A,LOOKED BUT DID NOT SEE,MD,69BB303F-6F4E-48DC-AD83-07A943F15245,DISABLING,SEVEN OCLOCK,PASSENGER CAR,MOVING CONSTANT SPEED,West,45,No,No,2015,DODGE,DURANGO,39.17797967,-77.238487,""(39.17797967, -77.238487)"""
"MCP2496001W,200039884,Montgomery County Police,Injury Crash,10/10/2020 09:20:00 AM,Maryland (State),UNIVERSITY BLVD E,E FRANKLIN AVE,,N/A,,HEAD ON LEFT TURN,CLOUDY,DRY,DAYLIGHT,TRAFFIC SIGNAL,NONE DETECTED,,FFDC8906-1FB5-4509-8E08-F8D93A912D4F,Yes,SUSPECTED MINOR INJURY,N/A,NOT DISTRACTED,MD,48810333-C36E-4250-85BD-A2BE5E33FCB5,DISABLING,TWELVE OCLOCK,MOTORCYCLE,MOVING CONSTANT SPEED,East,45,No,No,2015,HONDA,CB,39.01240667,-77.00263667,""(39.01240667, -77.00263667)"""
"MCP2016007F,230064191,Montgomery County Police,Property Damage Crash,11/03/2023 01:59:00 PM,County,E JEFFERSON ST,CALIFORNIA CIR,,N/A,,STRAIGHT MOVEMENT ANGLE,CLEAR,DRY,DAYLIGHT,NO CONTROLS,NONE DETECTED,,0B157FFD-2986-4C00-81B0-F633DE86C90E,No,NO APPARENT INJURY,N/A,NOT DISTRACTED,MD,63CF45B5-31F9-446B-82DD-1E4886154B7F,DISABLING,ONE OCLOCK,PASSENGER CAR,MOVING CONSTANT SPEED,South,30,No,No,2011,KIA,SORENTO,39.055333,-77.12603217,""(39.055333, -77.12603217)"""
"MCP2689009X,230053642,Montgomery County Police,Property Damage Crash,09/07/2023 01:07:00 PM,County,PINEY MEETINGHOUSE RD,CAVANAUGH DR,,N/A,,SINGLE VEHICLE,CLEAR,DRY,DAYLIGHT,NO CONTROLS,NONE DETECTED,,0ED7D996-4197-479E-B597-267CEB8D76A4,Yes,NO APPARENT INJURY,N/A,UNKNOWN,MD,6EAB9094-EA99-434A-A22D-8BC567133F4D,DISABLING,TWELVE OCLOCK,PASSENGER CAR,MOVING CONSTANT SPEED,North,40,No,No,2021,MERCEDES-BENZ,GLC300,39.08184283,-77.217557,""(39.08184283, -77.217557)"""
"MCP3130006R,230058648,Montgomery County Police,Property Damage Crash,10/05/2023 07:50:00 AM,County,HATHAWAY DR,WELLER RD,,N/A,,STRAIGHT MOVEMENT ANGLE,CLOUDY,DRY,DUSK,STOP SIGN,NONE DETECTED,,82D1FCA5-BAE5-479B-8FCD-3B6520877292,Yes,NO APPARENT INJURY,N/A,LOOKED BUT DID NOT SEE,MD,4AF9EA1A-82E2-4015-AF26-11CE71CA046F,DISABLING,TWELVE OCLOCK,PASSENGER CAR,MAKING LEFT TURN,North,25,No,No,2019,HONDA,CIVIC,39.07145983,-77.05577367,""(39.07145983, -77.05577367)"""
"MCP3161005T,230060890,Montgomery County Police,Injury Crash,10/16/2023 04:13:00 PM,Maryland (State),CONNECTICUT AVE,RAYMOND ST,,CHEVY CHASE #3,,HEAD ON LEFT TURN,CLEAR,N/A,DAYLIGHT,NO CONTROLS,NONE DETECTED,,C58AFC0D-83B8-490A-BAC1-DD0D8F1A7739,No,POSSIBLE INJURY,N/A,NOT DISTRACTED,DC,0399B364-F5C5-482E-A726-A0474DC5D580,DESTROYED,TWELVE OCLOCK,PASSENGER CAR,MOVING CONSTANT SPEED,South,30,No,No,2017,MINI,CLUBMAN,38.977962,-77.07722033,""(38.977962, -77.07722033)"""
"MCP235300C5,230048724,Montgomery County Police,Property Damage Crash,08/10/2023 12:01:00 PM,Maryland (State),ROCKVILLE PIKE,MONTROSE PKWY,,N/A,,SAME DIR REAR END,CLOUDY,DRY,DAYLIGHT,NO CONTROLS,NONE DETECTED,,363ABB14-BBFF-4553-A702-E4F585D4F3D7,Yes,NO APPARENT INJURY,N/A,UNKNOWN,MD,4415F531-241E-45A5-A559-6701E7A38665,DISABLING,TWELVE OCLOCK,PASSENGER CAR,MOVING CONSTANT SPEED,South,35,No,No,2020,BMW,430I,39.05080367,-77.11540767,""(39.05080367, -77.11540767)"""
"MCP2771002C,230035230,Montgomery County Police,Property Damage Crash,07/24/2023 12:39:00 PM,,,,""PARKING LOT IN FRONT OF KOREAN KORNER: 12207 VEIRS MILL ROAD, SILVER SPRING, MD"",,,STRAIGHT MOVEMENT ANGLE,CLOUDY,,DAYLIGHT,NO CONTROLS,N/A,,21F09104-4EBB-4EFE-A649-447C04A632AD,Yes,NO APPARENT INJURY,""N/A, PHYSICAL OBSTRUCTION(S)"",LOOKED BUT DID NOT SEE,MD,AF337302-D013-4655-8931-757D61E93E69,SUPERFICIAL,ONE OCLOCK,PASSENGER CAR,MAKING LEFT TURN,North,5,No,No,2005,TOYT,CAMRY,39.056865,-77.08291333,""(39.056865, -77.08291333)"""
"MCP27530061,230068849,Montgomery County Police,Property Damage Crash,11/29/2023 08:26:00 AM,Maryland (State),VEIRS MILL RD,TWINBROOK PKWY,,N/A,,SAME DIR REAR END,N/A,DRY,DAYLIGHT,TRAFFIC SIGNAL,NONE DETECTED,,460E7C8B-9AF9-4F0E-BC54-40D3AB576DD5,No,NO APPARENT INJURY,N/A,NOT DISTRACTED,MD,4916FB3A-764B-498B-A9D4-071912EBEB24,FUNCTIONAL,SIX OCLOCK,PASSENGER CAR,STARTING FROM LANE,West,45,No,No,2019,FORD,PK,39.07304833,-77.11092333,""(39.07304833, -77.11092333)"""
"MCP2651004D,210020070,Montgomery County Police,Property Damage Crash,05/27/2021 12:45:00 PM,US (State),COLUMBIA PIKE,LOCKWOOD DR,,N/A,,OTHER,CLEAR,DRY,DAYLIGHT,N/A,N/A,,CDD2D2F3-A48B-4D85-87C7-7629A3EF1383,Yes,NO APPARENT INJURY,N/A,UNKNOWN,,03522A36-ED94-4347-A74A-35F6CFCB6D48,UNKNOWN,UNKNOWN,PASSENGER CAR,BACKING,East,0,No,No,2010,BMW,3 SERIES,39.03315882,-77.00298817,""(39.03315882, -77.00298817)"""
"MCP1233005B,230062144,Montgomery County Police,Injury Crash,10/23/2023 03:04:00 PM,Maryland (State),CONNECTICUT AVE,UNIVERSITY BLVD W,,N/A,,SINGLE VEHICLE,CLEAR,DRY,DAYLIGHT,TRAFFIC SIGNAL,NONE DETECTED,,ABABF122-C718-4BAB-A7EA-FE168F90875D,No,POSSIBLE INJURY,N/A,NOT DISTRACTED,MD,644D7B8A-6013-4D6F-AA8E-8865ADCB499F,DESTROYED,TWELVE OCLOCK,PASSENGER CAR,MOVING CONSTANT SPEED,South,35,No,No,2019,HOND,ACCORD,39.03168833,-77.07491,""(39.03168833, -77.07491)"""
"MCP33530023,230073033,Montgomery County Police,Property Damage Crash,12/21/2023 08:25:00 PM,County,PARKLAND DR,ASPEN HILL RD,,N/A,,SAME DIR REAR END,CLEAR,DRY,DARK LIGHTS ON,TRAFFIC SIGNAL,NONE DETECTED,,53DFFF49-A326-46C5-AA7E-ACF3EF585E53,No,NO APPARENT INJURY,N/A,NOT DISTRACTED,MD,3FA8A99E-C62C-464D-A0D5-3F916BA33CB1,SUPERFICIAL,SIX OCLOCK,PASSENGER CAR,SLOWING OR STOPPING,East,25,No,No,2008,NISSAN,SENTRA,39.079096,-77.08716982,""(39.079096, -77.08716982)"""
"MCP2923009V,230053573,Montgomery County Police,Injury Crash,09/07/2023 08:18:00 AM,County,RANDOLPH RD,GLENALLAN AVE,,N/A,,OTHER,CLEAR,N/A,DAYLIGHT,TRAFFIC SIGNAL,NONE DETECTED,,E8139DD3-EC20-42C8-BC9A-95B8E564E07C,No,NO APPARENT INJURY,N/A,NOT DISTRACTED,MD,9CFF26AC-8B5D-4A23-BE31-5E43B9E254A7,FUNCTIONAL,SIX OCLOCK,PICKUP TRUCK,STOPPED IN TRAFFIC LANE,West,30,No,No,2005,DODGE,RAM,39.06088213,-77.0449089,""(39.06088213, -77.0449089)"""
"MCP3312003X,230049517,Montgomery County Police,Property Damage Crash,08/15/2023 06:40:00 AM,County,FAIRLAND RD,OLD COLUMBIA PIKE,,N/A,,SAME DIR REAR END,N/A,DRY,DAWN,N/A,NONE DETECTED,,15EA28F8-17A7-43E6-AC7B-482DA63D8292,Yes,NO APPARENT INJURY,N/A,UNKNOWN,MD,BF627A65-31D5-45E2-801D-836F95862999,DISABLING,TWELVE OCLOCK,PASSENGER CAR,SLOWING OR STOPPING,East,35,No,No,2016,DODG,UT,39.07629333,-76.957895,""(39.07629333, -76.957895)"""
"MCP31480059,230053710,Montgomery County Police,Property Damage Crash,09/07/2023 04:20:00 PM,Maryland (State),RIVER RD,WILSON LA,,N/A,,SAME DIR REAR END,CLEAR,DRY,DAYLIGHT,TRAFFIC SIGNAL,NONE DETECTED,,49C8AD9C-E567-47A4-8507-5B1F510D54D3,No,NO APPARENT INJURY,N/A,NOT DISTRACTED,MD,BEC5E907-AE61-4D9B-913F-3B4576BC26F7,SUPERFICIAL,SIX OCLOCK,PASSENGER CAR,STARTING FROM LANE,North,35,No,No,2019,TESLA,4S,38.98352104,-77.13750135,""(38.98352104, -77.13750135)"""
"MCP2329002H,230061192,Montgomery County Police,Property Damage Crash,10/18/2023 07:10:00 AM,County,ASPENWOOD LA,ASH HOLLOW PL,,N/A,,STRAIGHT MOVEMENT ANGLE,CLEAR,DRY,DAWN,NO CONTROLS,N/A,,142ADF37-2DDA-438E-B9C3-D4C198CE2EC1,No,NO APPARENT INJURY,N/A,NOT DISTRACTED,MD,8FF80248-5B40-4913-8758-967935A0DF59,NO DAMAGE,ELEVEN OCLOCK,PICKUP TRUCK,PARKED,,25,No,Yes,2018,FORD,TK,39.19308664,-77.19807205,""(39.19308664, -77.19807205)"""
"MCP304800BK,230056034,Montgomery County Police,Property Damage Crash,09/21/2023 06:40:00 AM,Maryland (State),CONNECTICUT AVE,ADAMS DR,,N/A,,SAME DIRECTION SIDESWIPE,CLEAR,DRY,DAWN,TRAFFIC SIGNAL,UNKNOWN,,0256DA39-8C2A-4FDA-8C76-AC7777B37B9B,Yes,NO APPARENT INJURY,N/A,UNKNOWN,MD,8C03646D-83EB-4DA1-80C4-2D098907D74C,UNKNOWN,TWO OCLOCK,PASSENGER CAR,CHANGING LANES,South,35,No,No,2017,TOYOTA,RAV4,39.02876133,-77.07669183,""(39.02876133, -77.07669183)"""