Report Number,Local Case Number,Agency Name,ACRS Report Type,Crash Date/Time,Route Type,Road Name,Cross-Street Name,Off-Road Description,Municipality,Related Non-Motorist,Collision Type,Weather,Surface Condition,Light,Traffic Control,Driver Substance Abuse,Non-Motorist Substance Abuse,Person ID,Driver At Fault,Injury Severity,Circumstance,Driver Distracted By,Drivers License State,Vehicle ID,Vehicle Damage Extent,Vehicle First Impact Location,Vehicle Body Type,Vehicle Movement,Vehicle Going Dir,Speed Limit,Driverless Vehicle,Parked Vehicle,Vehicle Year,Vehicle Make,Vehicle Model,Latitude,Longitude,Location
"MCP30680055,230062375,Montgomery County Police,Property Damage Crash,10/24/2023 07:02:00 PM,Maryland (State),MONTGOMERY AVE,PEARL ST,,N/A,,HEAD ON LEFT TURN,CLEAR,DRY,DARK LIGHTS ON,TRAFFIC SIGNAL,N/A,,4E3E38E6-9536-4222-9FDF-A70CDD540CA7,Yes,NO APPARENT INJURY,N/A,LOOKED BUT DID NOT SEE,MD,08574753-9A3F-48E8-9920-8AA2DD5B9944,DISABLING,TWELVE OCLOCK,PASSENGER CAR,MAKING LEFT TURN,South,25,No,No,2017,TOYT,PRIUS,38.9841145,-77.09094217,""(38.9841145, -77.09094217)"""
"MCP3341002Z,230073308,Montgomery County Police,Property Damage Crash,12/23/2023 11:41:00 AM,,,,PARKING LOT OF 13625 GEORGIA AVE (LOTTE PLAZA),,,OPPOSITE DIRECTION SIDESWIPE,CLEAR,,DAYLIGHT,NO CONTROLS,N/A,,939797E3-ECAD-423B-A223-1868CF7BC6C6,No,NO APPARENT INJURY,N/A,NOT DISTRACTED,MD,39B87C1E-4A3B-4C43-AEA4-A3DD33CE3CBD,SUPERFICIAL,TWO OCLOCK,PICKUP TRUCK,N/A,Unknown,0,No,No,2003,DODGE,RAM,39.0799186,-77.0718123,""(39.0799186, -77.0718123)"""
"MCP2722004S,230047994,Montgomery County Police,Property Damage Crash,08/05/2023 05:51:00 PM,,,,PARKING LOT OF 2223 BEL PRE RD,,,OTHER,CLEAR,,DAYLIGHT,NO CONTROLS,NONE DETECTED,,BB793DF8-24A5-4F86-81D6-4F05CCA9EF2B,Yes,NO APPARENT INJURY,N/A,UNKNOWN,MD,1478D08A-ADEF-410C-B8A6-D14DADCA8415,FUNCTIONAL,ONE OCLOCK,PASSENGER CAR,OTHER,Unknown,15,No,No,2016,FORD,F150,39.0915975,-77.04730683,""(39.0915975, -77.04730683)"""
"MCP3348001W,230072567,Montgomery County Police,Property Damage Crash,12/19/2023 02:05:00 PM,Maryland (State),GEORGIA AVE,KAYSON ST,,N/A,,SAME DIRECTION SIDESWIPE,N/A,DRY,DAYLIGHT,N/A,NONE DETECTED,,5A622225-8375-455B-9A40-7CAF994CB9F0,Unknown,NO APPARENT INJURY,N/A,NOT DISTRACTED,MD,4B92EAB5-2BBA-47CB-86FF-F7BD7F1C1E6B,DISABLING,FIVE OCLOCK,PASSENGER CAR,MOVING CONSTANT SPEED,South,35,No,No,1999,LAND ROVER,LE,39.07016056,-77.06304895,""(39.07016056, -77.06304895)"""
"MCP31640012,190003900,Montgomery County Police,Property Damage Crash,01/25/2019 07:25:00 AM,County,RANDOLPH RD,LINDELL ST,,N/A,,SINGLE VEHICLE,CLEAR,ICE,DAYLIGHT,NO CONTROLS,N/A,,D0459DA3-5CF0-42E2-9230-9F905770B53F,Yes,NO APPARENT INJURY,""ICY OR SNOW-COVERED, N/A"",NOT DISTRACTED,MD,43946D4F-A5BE-4534-A9EC-167FDD601374,SUPERFICIAL,TWO OCLOCK,PASSENGER CAR,MOVING CONSTANT SPEED,East,35,No,No,2009,HOND,TK,39.05922833,-77.06264167,""(39.05922833, -77.06264167)"""
"EJ78870030,230054559,Gaithersburg Police Depar,Property Damage Crash,09/13/2023 07:00:00 AM,County,MONTGOMERY VILLAGE AVE,SPUR FR MD 124,,N/A,,SAME DIR REAR END,CLOUDY,DRY,DAYLIGHT,NO CONTROLS,NONE DETECTED,,EC3C2901-3240-4F27-8F55-1BB5440190DE,No,NO APPARENT INJURY,N/A,NOT DISTRACTED,MD,87E2AA44-C0DC-46B0-B3B4-54BE3102976F,FUNCTIONAL,SIX OCLOCK,(SPORT) UTILITY VEHICLE,MOVING CONSTANT SPEED,South,35,No,No,2015,TOYOTA,SIENNA,39.15121263,-77.21393987,""(39.15121263, -77.21393987)"""
"MCP263900G6,230058706,Montgomery County Police,Injury Crash,10/05/2023 11:35:00 AM,County,E GUDE DR,CALHOUN DR,,N/A,,SAME DIR REAR END,CLEAR,DRY,DAYLIGHT,NO CONTROLS,NONE DETECTED,,F330D210-755C-477D-9FE8-9C673DAB8C40,Yes,NO APPARENT INJURY,N/A,NOT DISTRACTED,MD,A13ED487-25AE-46F5-82DB-5F3AB4FE269E,SUPERFICIAL,TWELVE OCLOCK,PICKUP TRUCK,SLOWING OR STOPPING,East,40,No,No,2005,FORD,F250,39.10627633,-77.14980283,""(39.10627633, -77.14980283)"""
"MCP3353001Q,23295391,Montgomery County Police,Injury Crash,10/08/2023 01:29:00 PM,County,RANDOLPH RD,GAYNOR RD,,N/A,,STRAIGHT MOVEMENT ANGLE,CLEAR,DRY,DAYLIGHT,TRAFFIC SIGNAL,NONE DETECTED,,D76568BE-E071-4844-BC3E-5AA9D1F385C5,No,POSSIBLE INJURY,N/A,NOT DISTRACTED,MD,880C23DC-D1C2-4345-9752-A5400336EC6F,DISABLING,TWELVE OCLOCK,PASSENGER CAR,MOVING CONSTANT SPEED,East,35,No,No,2023,KIA,SPORTAGE,39.05381783,-77.094299,""(39.05381783, -77.094299)"""
"MCP31090086,230034491,Montgomery County Police,Injury Crash,07/20/2023 07:30:00 AM,US (State),COLESVILLE RD,LANARK WAY,,N/A,,SAME DIR REAR END,CLEAR,DRY,DAYLIGHT,TRAFFIC SIGNAL,NONE DETECTED,,EF27DB55-7D60-484D-85C6-5BBA1DCF599E,Yes,NO APPARENT INJURY,N/A,NOT DISTRACTED,MD,9B27800B-094F-447C-A09E-18DFD669F85E,SUPERFICIAL,TWELVE OCLOCK,PASSENGER CAR,SLOWING OR STOPPING,South,35,No,No,2018,KIA,SOUL,39.0189255,-77.015009,""(39.0189255, -77.015009)"""
"MCP31740046,230047574,Montgomery County Police,Property Damage Crash,08/03/2023 07:53:00 AM,Maryland (State),QUINCE ORCHARD RD,RAMP 3 FR MD 124 EB TO IS 270 NB,,N/A,,SAME DIR REAR END,CLEAR,DRY,DAYLIGHT,NO CONTROLS,NONE DETECTED,,C06D7B22-E982-40FB-9162-388D585EECE6,No,NO APPARENT INJURY,N/A,NOT DISTRACTED,MD,132D52BF-1373-4C37-B284-2C9329202CA2,DISABLING,SIX OCLOCK,PASSENGER CAR,SLOWING OR STOPPING,West,35,No,No,2022,NISS,HB,39.15074917,-77.21439583,""(39.15074917, -77.21439583)"""
"MCP31640065,22003827,Montgomery County Police,Injury Crash,09/01/2022 08:58:00 AM,Maryland (State),GEORGIA AVE,NORBECK RD,,N/A,,SAME DIRECTION SIDESWIPE,N/A,DRY,DAYLIGHT,NO CONTROLS,NONE DETECTED,,F11D9269-D3F9-47A9-AD4F-FD5C46A1D3CA,No,NO APPARENT INJURY,N/A,LOOKED BUT DID NOT SEE,MD,9A5A0BF6-82AF-4BDE-A009-E9C95FAEC292,SUPERFICIAL,ONE OCLOCK,PASSENGER CAR,MOVING CONSTANT SPEED,North,45,No,No,1998,TOYT,COROLLA,39.11197333,-77.07576,""(39.11197333, -77.07576)"""
"EJ7885003Z,230073178,Gaithersburg Police Depar,Injury Crash,12/22/2023 04:12:00 PM,Maryland (State),MONTGOMERY VILLAGE AVE,RUSSELL AVE,,GAITHERSBURG,,SAME DIR REAR END,CLEAR,DRY,DAYLIGHT,NO CONTROLS,NONE DETECTED,,907ECDCF-9D23-4C0C-8EBE-F3D38DC456AE,No,NO APPARENT INJURY,N/A,NOT DISTRACTED,MD,F6BE3DCD-8808-4D9B-927E-F9CD214AE49A,DISABLING,SIX OCLOCK,PASSENGER CAR,SLOWING OR STOPPING,South,35,No,No,2010,TOYT,SD,39.156076,-77.20710267,""(39.156076, -77.20710267)"""
"DM8492001H,230067301,Takoma Park Police Depart,Injury Crash,11/19/2023 09:01:00 PM,Maryland (State),ETHAN ALLEN AVE,JACKSON AVE,,TAKOMA PARK,PEDESTRIAN,SINGLE VEHICLE,CLEAR,DRY,DARK LIGHTS ON,STOP SIGN,N/A,N/A,039FF151-2EC3-45BE-A7BC-6D39BAED6E1A,Yes,NO APPARENT INJURY,N/A,UNKNOWN,MD,D20939C7-C797-4E9A-BF04-375D326AF87C,NO DAMAGE,TWELVE OCLOCK,PASSENGER CAR,ACCELERATING,East,25,No,No,2018,TOYOTA,UT,38.97797936,-77.00163372,""(38.97797936, -77.00163372)"""
"MCP2399007H,230069332,Montgomery County Police,Property Damage Crash,12/01/2023 02:30:00 PM,,,,""PARKING LOT OF 10301 WATKINS MILL RD"
"( WATKINS MILL HS)"",,,OTHER,RAINING,,DAYLIGHT,N/A,NONE DETECTED,,DDF67149-2A14-4A1C-B10E-1622B97FD1A2,Yes,NO APPARENT INJURY,""N/A, SLEET, HAIL, FREEZ. RAIN"",NOT DISTRACTED,MD,06A44749-C657-4DC5-B7E4-9F5D36C4D78A,NO DAMAGE,SIX OCLOCK,PASSENGER CAR,BACKING,North,5,No,No,2003,MNNI,COOPER,39.1831371,-77.2157308,""(39.1831371, -77.2157308)"""
"MCP235800BM,230034492,Montgomery County Police,Property Damage Crash,07/20/2023 07:20:00 AM,Maryland (State),BRADLEY LA,CONNECTICUT AVE,,N/A,,STRAIGHT MOVEMENT ANGLE,CLEAR,DRY,DAYLIGHT,TRAFFIC SIGNAL,NONE DETECTED,,BE96BE47-2161-4AEA-B4C1-43BFCCE9637F,No,NO APPARENT INJURY,N/A,NOT DISTRACTED,MD,E98D5A42-B3CE-4B3C-80CC-768026919EF7,SUPERFICIAL,ONE OCLOCK,PASSENGER CAR,MOVING CONSTANT SPEED,North,35,No,No,2018,JEEP,COMPASS,38.97667,-77.07721,""(38.97667, -77.07721)"""
"EJ78950046,230048513,Gaithersburg Police Depar,Property Damage Crash,08/09/2023 09:00:00 AM,Municipality,E DIAMOND AVE,ALLEY #3,,GAITHERSBURG,,SAME DIRECTION RIGHT TURN,CLEAR,DRY,DAYLIGHT,NO CONTROLS,NONE DETECTED,,D00A1817-9E60-4DC9-AB7B-CA4734984390,No,NO APPARENT INJURY,N/A,NOT DISTRACTED,MD,101309BC-694D-464D-A8AD-3DB9FEB4B29C,SUPERFICIAL,TEN OCLOCK,TRANSIT BUS,MOVING CONSTANT SPEED,West,30,No,No,2019,GILLIG,BUS,39.14192523,-77.18721895,""(39.14192523, -77.18721895)"""
"MCP2941004P,230046364,Montgomery County Police,Injury Crash,07/27/2023 07:30:00 AM,County,BRENISH DR,LAKE KATRINE TERR,,N/A,,STRAIGHT MOVEMENT ANGLE,CLEAR,DRY,DAYLIGHT,NO CONTROLS,NONE DETECTED,,8DD02B42-3AFE-4017-A8E5-48D7017283C1,No,NO APPARENT INJURY,N/A,NOT DISTRACTED,MD,D1780082-380F-4C21-BCF2-29E95CC92369,DISABLING,TWELVE OCLOCK,PASSENGER CAR,MOVING CONSTANT SPEED,South,30,No,No,2008,HONDA,4D,39.17714644,-77.15829749,""(39.17714644, -77.15829749)"""
"MCP3220004G,230069349,Montgomery County Police,Property Damage Crash,12/01/2023 04:34:00 PM,Maryland (State),FREDERICK RD,S WESTLAND DR,,GAITHERSBURG,,SAME DIR REAR END,RAINING,WET,DARK LIGHTS ON,NO CONTROLS,NONE DETECTED,,A7D55B61-9E34-40B0-8A49-9FCDF7EAAF64,Yes,NO APPARENT INJURY,""RAIN, SNOW, WET"",NOT DISTRACTED,MD,EC6CEE0D-AF63-4832-A2D9-0EDB5D1CB0EA,FUNCTIONAL,TWELVE OCLOCK,PASSENGER CAR,SLOWING OR STOPPING,South,35,No,No,2013,CADI,4S,39.12366867,-77.17937717,""(39.12366867, -77.17937717)"""
"DD559500DS,230047945,Rockville Police Departme,Property Damage Crash,08/05/2023 12:15:00 PM,Maryland (State),ROCKVILLE PIKE,MT VERNON PL,,ROCKVILLE,,STRAIGHT MOVEMENT ANGLE,CLOUDY,DRY,DAYLIGHT,STOP SIGN,NONE DETECTED,,095CAB03-85B1-4932-A3BE-142B11D20487,Yes,NO APPARENT INJURY,N/A,NOT DISTRACTED,MD,E37F908C-D853-4B2F-A341-E401951B5E71,DISABLING,TWELVE OCLOCK,PASSENGER CAR,ACCELERATING,East,25,No,No,2014,SUBA,WG,39.078854,-77.14208983,""(39.078854, -77.14208983)"""
"MCP30890049,230073453,Montgomery County Police,Property Damage Crash,12/24/2023 02:13:00 PM,County,FLOWER AVE,FLOWER AVE (BACK),,N/A,,OTHER,CLEAR,DRY,DAYLIGHT,OTHER,NONE DETECTED,,81F71592-9CD0-4CFC-95A9-45081F18FE50,Yes,NO APPARENT INJURY,""BACKUP DUE TO PRIOR CRASH, N/A"",TALKING OR LISTENING TO CELLULAR PHONE,MD,79A5DEF2-626E-4C5F-9BE2-D88CB6FF2D49,FUNCTIONAL,ONE OCLOCK,PASSENGER CAR,ACCELERATING,North,20,No,No,2022,TOYOTA,COROLLA,39.0049,-77.03528833,""(39.0049, -77.03528833)"""
"MCP2635008K,230063208,Montgomery County Police,Property Damage Crash,10/29/2023 01:10:00 PM,County,ASPEN HILL RD,EADES ST,,N/A,,SAME DIR REAR END,CLEAR,N/A,DAYLIGHT,NO CONTROLS,N/A,,772960F6-10BD-498A-B393-10636174E47E,Yes,NO APPARENT INJURY,N/A,UNKNOWN,MD,9BCD0DA5-9941-45B1-A68C-FB239328B739,DISABLING,TWELVE OCLOCK,PASSENGER CAR,MOVING CONSTANT SPEED,North,30,No,No,2013,HONDA,FIT,39.07361733,-77.09528983,""(39.07361733, -77.09528983)"""
"MCP2771002C,230035230,Montgomery County Police,Property Damage Crash,07/24/2023 12:39:00 PM,,,,""PARKING LOT IN FRONT OF KOREAN KORNER: 12207 VEIRS MILL ROAD, SILVER SPRING, MD"",,,STRAIGHT MOVEMENT ANGLE,CLOUDY,,DAYLIGHT,NO CONTROLS,N/A,,EA107CAA-FE07-4FE9-A31F-A80D7542DFFD,No,NO APPARENT INJURY,""N/A, PHYSICAL OBSTRUCTION(S)"",NOT DISTRACTED,VA,1800E461-CD18-4139-A9EF-39BE8F377ECE,SUPERFICIAL,ELEVEN OCLOCK,PASSENGER CAR,MOVING CONSTANT SPEED,West,5,No,No,2021,FORD,EXPLORER,39.056865,-77.08291333,""(39.056865, -77.08291333)"""
"MCP32200049,230060535,Montgomery County Police,Property Damage Crash,10/14/2023 05:22:00 PM,County,MUNCASTER RD,NO NAME,,N/A,,SINGLE VEHICLE,CLOUDY,WET,DAYLIGHT,NO CONTROLS,NONE DETECTED,,236254ED-899E-42CD-B14F-4DA52A0336B0,Yes,NO APPARENT INJURY,""RAIN, SNOW, WET"",UNKNOWN,MD,FA6A61DE-B556-438F-ADCD-C9D12273232C,DISABLING,TWELVE OCLOCK,PASSENGER CAR,UNKNOWN,South,40,No,No,2007,FORD,4S,39.15780517,-77.13002867,""(39.15780517, -77.13002867)"""
"EJ7887003C,230068871,Gaithersburg Police Depar,Property Damage Crash,11/29/2023 10:00:00 AM,Maryland (State),GREAT SENECA HWY,MUDDY BRANCH RD,,N/A,,OTHER,CLEAR,DRY,DAYLIGHT,TRAFFIC SIGNAL,NONE DETECTED,,535DAFED-4002-414F-A323-8EE704FAAC5B,Yes,NO APPARENT INJURY,N/A,LOOKED BUT DID NOT SEE,MD,6213F3ED-9495-4AE5-B04B-B6954838C620,DISABLING,TWELVE OCLOCK,VAN,ENTERING TRAFFIC LANE,East,50,No,No,2019,FORD,TK,39.10963937,-77.21652628,""(39.10963937, -77.21652628)"""
"MCP3009006M,230057996,Montgomery County Police,Injury Crash,10/02/2023 08:50:00 AM,County,GERMANTOWN RD,SCENERY DR,,N/A,,SAME DIR REAR END,CLEAR,DRY,DAYLIGHT,TRAFFIC SIGNAL,N/A,,D7561C69-499A-4660-9C41-30E415AB0764,No,POSSIBLE INJURY,""N/A, VISION OBSTRUCTION (INCL. BLINDED BY SUN)"",NOT DISTRACTED,MD,8242CFC0-4035-4E07-A03D-B15FF430A1CD,SUPERFICIAL,SIX OCLOCK,(SPORT) UTILITY VEHICLE,SLOWING OR STOPPING,West,40,No,No,2006,TOYOTA,RAV4,39.19206,-77.23290667,""(39.19206, -77.23290667)"""
"MCP3009006Y,230063601,Montgomery County Police,Property Damage Crash,10/27/2023 05:15:00 PM,Maryland (State),GREAT SENECA HWY,SPUR FR MUDDY BRANCH RD,,N/A,,SAME DIR REAR END,CLEAR,DRY,DAYLIGHT,YIELD SIGN,N/A,,34AE22DF-7E38-4E52-9BB0-0CD62F2B1A1C,Yes,NO APPARENT INJURY,N/A,NOT DISTRACTED,MD,52CC9320-5E35-4FC1-981D-AC82DAC70DDB,SUPERFICIAL,TWELVE OCLOCK,PASSENGER CAR,ACCELERATING,East,50,No,No,2013,INFINITY,G37X,39.10985578,-77.216822,""(39.10985578, -77.216822)"""
"MCP0617005H,230060020,Montgomery County Police,Property Damage Crash,10/12/2023 09:00:00 AM,Maryland (State),SPENCERVILLE RD,STABLER LA,,N/A,,SAME DIR REAR END,CLEAR,DRY,DAYLIGHT,NO CONTROLS,NONE DETECTED,,32B2F135-672C-4F0C-8E91-9E52FD8ECDB2,No,NO APPARENT INJURY,N/A,NOT DISTRACTED,MD,70A17C1E-4CA3-4129-88E5-E6B09E3628DF,SUPERFICIAL,SIX OCLOCK,PASSENGER CAR,STOPPED IN TRAFFIC LANE,East,40,No,No,2012,TOYOTA,CAMRY,39.119845,-76.985145,""(39.119845, -76.985145)"""
"DM8360000G,15035032,TAKOMA,Property Damage Crash,07/16/2015 07:50:00 PM,,,,emergency entrance to hospital,,,OTHER,CLEAR,,DAYLIGHT,NO CONTROLS,NONE DETECTED,,F48858B4-C20E-4594-91B3-72ABE852814F,Yes,NO APPARENT INJURY,N/A,LOOKED BUT DID NOT SEE,MD,EDAA5893-B2FD-4981-AE26-3D2E9EC8B1AB,SUPERFICIAL,SIX OCLOCK,PASSENGER CAR,STARTING FROM PARKED,Unknown,10,No,No,2006,KIA,AMANTI,38.98669333,-77.00208333,""(38.98669333, -77.00208333)"""
"MCP32300050,230069504,Montgomery County Police,Injury Crash,12/02/2023 04:45:00 PM,Maryland (State),NORBECK RD,COOLIDGE AVE,,N/A,,HEAD ON,CLEAR,DRY,DAWN,NO CONTROLS,NONE DETECTED,,77D764EF-F50C-4773-894E-8534C4B286C8,Yes,SUSPECTED MINOR INJURY,N/A,NOT DISTRACTED,MD,5D1658EE-741B-4BDA-85E6-63D8D397FC88,DISABLING,TWELVE OCLOCK,PASSENGER CAR,MOVING CONSTANT SPEED,East,35,No,No,2013,SUBARU,OUTBACK,39.1123045,-77.07163083,""(39.1123045, -77.07163083)"""
"MCP22780030,200002136,Montgomery County Police,Property Damage Crash,01/13/2020 02:46:00 PM,County,FERNWOOD RD,ROCKLEDGE DR,,N/A,,STRAIGHT MOVEMENT ANGLE,CLOUDY,DRY,DAYLIGHT,TRAFFIC SIGNAL,NONE DETECTED,,8F04ACB4-5215-41C2-A06D-DFEB9426BF05,Yes,NO APPARENT INJURY,N/A,UNKNOWN,MD,6F346B28-864E-4F0F-B3C0-B89556D230A7,DISABLING,FOUR OCLOCK,PASSENGER CAR,MOVING CONSTANT SPEED,South,30,No,No,2012,MERZ,ML450,39.02624,-77.13896,""(39.02624, -77.13896)"""
"MCP2764002X,230059866,Montgomery County Police,Property Damage Crash,10/11/2023 01:45:00 PM,Maryland (State),GEORGIA AVE,RAMP 1 FR MD 97 NB TO RP 8 (TO MD200 WB),,N/A,,STRAIGHT MOVEMENT ANGLE,N/A,DRY,DAYLIGHT,TRAFFIC SIGNAL,N/A,,52063F3E-E53B-44DC-959B-A84731B6033C,No,NO APPARENT INJURY,N/A,NOT DISTRACTED,MD,6251E2DC-B3C0-4CF3-B43C-7B4D99747873,SUPERFICIAL,ONE OCLOCK,""OTHER LIGHT TRUCKS (10,000LBS (4,536KG) OR LESS)"",MOVING CONSTANT SPEED,West,35,No,No,2014,FORD,E450,39.12031333,-77.07446333,""(39.12031333, -77.07446333)"""
"EJ7887003K,230071642,Gaithersburg Police Depar,Injury Crash,12/14/2023 08:50:00 AM,Maryland (State),W DIAMOND AVE,BUREAU DR,,GAITHERSBURG,,HEAD ON LEFT TURN,CLEAR,DRY,DAYLIGHT,STOP SIGN,NONE DETECTED,,46B6F115-C05A-4C57-B5B8-1E6028DCEAE4,Yes,POSSIBLE INJURY,N/A,LOOKED BUT DID NOT SEE,MD,15D14139-D9C1-4D29-95CF-0713EB75ED60,DISABLING,TWELVE OCLOCK,PASSENGER CAR,MAKING LEFT TURN,North,20,No,No,2020,CHEV,MALIBU,39.14289232,-77.21720463,""(39.14289232, -77.21720463)"""
"MCP30090075,230069321,Montgomery County Police,Injury Crash,12/01/2023 02:45:00 PM,County,BETHESDA CHURCH RD,RIDGE MANOR DR,,N/A,,SAME DIRECTION LEFT TURN,RAINING,WET,DAYLIGHT,NO CONTROLS,N/A,,64212374-1CE3-4630-88C2-9E04446F43CE,No,POSSIBLE INJURY,""N/A, WET"",NOT DISTRACTED,MD,0F8B5CFF-6F24-4B79-97FB-C1F44410103D,DISABLING,ONE OCLOCK,PICKUP TRUCK,MOVING CONSTANT SPEED,East,30,No,No,2006,FORD,F150,39.28328446,-77.20813873,""(39.28328446, -77.20813873)"""
"MCP3190005C,230056061,Montgomery County Police,Property Damage Crash,09/21/2023 09:53:00 AM,Maryland (State),GEORGIA AVE,OLD BALTIMORE RD,,N/A,,SAME DIRECTION RIGHT TURN,N/A,DRY,DAYLIGHT,NO CONTROLS,NONE DETECTED,,9B25C39B-289F-4642-9711-7C7E412C4097,No,NO APPARENT INJURY,N/A,NOT DISTRACTED,MD,8C9F04F3-58BE-4A58-B660-B5B4D7FEB86D,SUPERFICIAL,TWELVE OCLOCK,PASSENGER CAR,MOVING CONSTANT SPEED,North,40,No,No,2006,MACK,TRUCK,39.13695333,-77.069205,""(39.13695333, -77.069205)"""
"MCP3123006N,230069784,Montgomery County Police,Injury Crash,12/04/2023 11:58:00 AM,US (State),COLUMBIA PIKE,BLACKBURN RD,,N/A,PEDESTRIAN,SAME DIR REAR END,CLEAR,DRY,DAYLIGHT,TRAFFIC SIGNAL,N/A,N/A,194E4104-48E6-42B0-9B38-9752941BE940,Yes,POSSIBLE INJURY,N/A,LOOKED BUT DID NOT SEE,MD,D50F80D4-0933-4893-98E3-191892E3693A,DISABLING,TWELVE OCLOCK,PASSENGER CAR,SLOWING OR STOPPING,South,55,No,No,2009,VOLKSWAGEN,RABBIT,39.10491517,-76.9330545,""(39.10491517, -76.9330545)"""
"MCP3262003N,230067685,Montgomery County Police,Injury Crash,11/21/2023 06:00:00 PM,County,BRIGGS CHANEY RD,NEES LA,,N/A,,OPPOSITE DIRECTION SIDESWIPE,RAINING,WET,DARK NO LIGHTS,N/A,NONE DETECTED,,F50FFC58-808B-4A47-A285-9E59A2302959,Yes,POSSIBLE INJURY,""N/A, WET"",UNKNOWN,MD,DE1115C4-A9A7-454C-9CB9-513A760B4C9E,DISABLING,TWELVE OCLOCK,PASSENGER CAR,MOVING CONSTANT SPEED,West,35,No,No,2000,CHEVY,TAHOE,39.08849333,-76.96460783,""(39.08849333, -76.96460783)"""
"MCP31450046,230060327,Montgomery County Police,Property Damage Crash,10/13/2023 03:30:00 PM,Maryland (State),UNIVERSITY BLVD E,LEXINGTON DR,,N/A,,SAME DIR REAR END,CLEAR,DRY,DAYLIGHT,TRAFFIC SIGNAL,NONE DETECTED,,9FC715EA-2F36-4260-A5DC-8DAB9D6A10F1,Yes,NO APPARENT INJURY,N/A,LOOKED BUT DID NOT SEE,MD,2599AB1D-2902-42FE-97B1-360ACDCCC314,DISABLING,TWELVE OCLOCK,PASSENGER CAR,CHANGING LANES,East,35,No,No,2006,JEEP,UT,39.01911,-77.01071,""(39.01911, -77.01071)"""
"MCP3168005X,230051344,Montgomery County Police,Property Damage Crash,08/25/2023 05:49:00 PM,Other Public Roadway,MONTROSE RD,MONTROSE PKWY,,N/A,,SAME DIR REAR END,CLEAR,WET,DAYLIGHT,TRAFFIC SIGNAL,NONE DETECTED,,DF6BBD83-17D2-4B4B-9991-7174987BCA4D,Yes,NO APPARENT INJURY,""N/A, WET"",LOOKED BUT DID NOT SEE,XX,68E2651E-73E7-4346-B877-0053535C184E,SUPERFICIAL,TWELVE OCLOCK,PICKUP TRUCK,MOVING CONSTANT SPEED,East,35,No,No,1999,FORD,F150,39.05321728,-77.13612423,""(39.05321728, -77.13612423)"""
"MCP28710094,230051881,Montgomery County Police,Property Damage Crash,08/28/2023 03:14:00 PM,,,,PARKING LOT OF 10233 OLD GEORGETOWN RD.,,,OTHER,CLOUDY,,DAYLIGHT,NO CONTROLS,NONE DETECTED,,DC4B2E9F-DD58-4B68-AA0B-DB00EED3A4F1,Yes,NO APPARENT INJURY,N/A,NOT DISTRACTED,MD,53D39EBD-6A79-45D4-AED1-C73833B29B1B,FUNCTIONAL,ONE OCLOCK,PASSENGER CAR,PARKING,West,15,No,No,2018,TESLA,S,39.02408833,-77.124195,""(39.02408833, -77.124195)"""
"MCP3284001V,230073512,Montgomery County Police,Injury Crash,12/25/2023 03:21:00 AM,County,CHERRY HILL RD,BROADBIRCH DR,,N/A,,STRAIGHT MOVEMENT ANGLE,CLEAR,DRY,DARK LIGHTS ON,FLASHING TRAFFIC SIGNAL,NONE DETECTED,,9D7B3D7D-4DF8-4500-A541-0964C219C197,Yes,POSSIBLE INJURY,N/A,NOT DISTRACTED,MD,1630C03B-04C7-4564-82E9-12FB2F810B0C,DESTROYED,THREE OCLOCK,PASSENGER CAR,MOVING CONSTANT SPEED,South,30,No,No,2017,HYUNDAI,ELANTRA,39.05595333,-76.95456133,""(39.05595333, -76.95456133)"""
"MCP31180048,230066458,Montgomery County Police,Property Damage Crash,11/15/2023 11:52:00 AM,County,CONNECTICUT AVE,GEORGIA AVE,,N/A,,HEAD ON LEFT TURN,N/A,DRY,DAYLIGHT,NO CONTROLS,NONE DETECTED,,95F1CF09-A643-4BD2-B03D-B193CAE47BC4,No,NO APPARENT INJURY,N/A,NOT DISTRACTED,MD,AC9C8D7C-6790-4A2F-8E7B-A2079C82415C,DISABLING,TWELVE OCLOCK,PASSENGER CAR,MOVING CONSTANT SPEED,West,35,No,No,2018,HONDA,4S,39.08496328,-77.07518276,""(39.08496328, -77.07518276)"""
"MCP33500027,230070027,Montgomery County Police,Property Damage Crash,12/05/2023 02:45:00 PM,Maryland (State),ROCKVILLE PIKE,EDSON LA,,N/A,,SAME DIRECTION SIDESWIPE,CLOUDY,DRY,DAYLIGHT,TRAFFIC SIGNAL,NONE DETECTED,,D75183E1-6D1F-4B22-9C1A-FAFB363E521D,No,NO APPARENT INJURY,N/A,NOT DISTRACTED,MD,1FBF0C81-1540-463F-B5F1-1CABDD38EF69,DISABLING,TWO OCLOCK,PASSENGER CAR,MOVING CONSTANT SPEED,North,35,No,No,2002,TOYOTA,CAMRY,39.040795,-77.10985333,""(39.040795, -77.10985333)"""