Report Number,Local Case Number,Agency Name,ACRS Report Type,Crash Date/Time,Route Type,Road Name,Cross-Street Name,Off-Road Description,Municipality,Related Non-Motorist,Collision Type,Weather,Surface Condition,Light,Traffic Control,Driver Substance Abuse,Non-Motorist Substance Abuse,Person ID,Driver At Fault,Injury Severity,Circumstance,Driver Distracted By,Drivers License State,Vehicle ID,Vehicle Damage Extent,Vehicle First Impact Location,Vehicle Body Type,Vehicle Movement,Vehicle Going Dir,Speed Limit,Driverless Vehicle,Parked Vehicle,Vehicle Year,Vehicle Make,Vehicle Model,Latitude,Longitude,Location
"MCP2898004C,230068589,Montgomery County Police,Injury Crash,11/27/2023 06:44:00 PM,Maryland (State),GERMANTOWN RD,OBSERVATION DR,,N/A,,STRAIGHT MOVEMENT ANGLE,CLEAR,DRY,DARK LIGHTS ON,TRAFFIC SIGNAL,N/A,,773B9459-510B-453E-BB7E-71179F34A1AE,Yes,POSSIBLE INJURY,N/A,LOOKED BUT DID NOT SEE,MD,70F7EA7F-0DAB-400C-B8C5-625AF9CEA3F4,DISABLING,FOUR OCLOCK,PASSENGER CAR,MAKING LEFT TURN,North,40,No,No,2001,HOND,4S,39.19099667,-77.247475,""(39.19099667, -77.247475)"""
"MCP3313001S,230065879,Montgomery County Police,Property Damage Crash,11/12/2023 04:19:00 AM,Maryland (State),CONNECTICUT AVE,INDEPENDENCE ST,,N/A,,SINGLE VEHICLE,CLEAR,DRY,DARK LIGHTS ON,NO CONTROLS,NONE DETECTED,,E38DFF1F-BA19-4849-90E6-B941F41997DA,Yes,NO APPARENT INJURY,N/A,NOT DISTRACTED,MD,A6D58B44-D69D-4885-AEFF-ED75260353CE,DESTROYED,TWELVE OCLOCK,PASSENGER CAR,MOVING CONSTANT SPEED,South,35,No,No,2003,FORD,EXPLORER,39.07845,-77.08033667,""(39.07845, -77.08033667)"""
"MCP12600016,230058576,Montgomery County Police,Injury Crash,10/04/2023 08:03:00 PM,County,FATHER HURLEY BLVD,MIDDLEBROOK RD,,N/A,,HEAD ON LEFT TURN,CLEAR,DRY,DARK LIGHTS ON,TRAFFIC SIGNAL,NONE DETECTED,,6BC01B6E-2645-43C8-9BEA-3C3271B4B40B,Unknown,NO APPARENT INJURY,N/A,UNKNOWN,MD,3D1ACB52-F57C-444D-A4A8-F1C5E2C325D1,DISABLING,ELEVEN OCLOCK,PICKUP TRUCK,MOVING CONSTANT SPEED,North,35,No,No,2018,TOYOTA,TUNDRA,39.18407646,-77.27346463,""(39.18407646, -77.27346463)"""
"HA2492000T,23001921,Maryland-National Capital,Property Damage Crash,10/07/2023 07:30:00 AM,,,,AG HISTORY FARM PARK NEAR THE FENTON NEWMAN HOME SITE,,,SINGLE VEHICLE,N/A,,DAYLIGHT,NO CONTROLS,NONE DETECTED,,9F6EB525-0DC3-41B1-B9E6-6B3F27CFF9A1,Yes,NO APPARENT INJURY,N/A,INATTENTIVE OR LOST IN THOUGHT,MD,36231E60-78C4-43D0-BF20-EA88C08875F8,SUPERFICIAL,ONE OCLOCK,""OTHER LIGHT TRUCKS (10,000LBS (4,536KG) OR LESS)"",STARTING FROM PARKED,West,25,No,No,2018,FORD,TK,39.16304937,-77.13772462,""(39.16304937, -77.13772462)"""
"MCP2974004Z,230072305,Montgomery County Police,Injury Crash,12/18/2023 07:07:00 AM,US (State),COLUMBIA PIKE,TECH RD,,N/A,,SAME DIR REAR END,RAINING,WET,DAWN,TRAFFIC SIGNAL,NONE DETECTED,,9E80FD76-C557-4E6A-8B5E-567ACDB1BE0F,No,POSSIBLE INJURY,""RAIN, SNOW, WET"",NOT DISTRACTED,MD,9879F138-A294-40DF-ABB0-417E8EFC4110,FUNCTIONAL,SIX OCLOCK,PASSENGER CAR,SLOWING OR STOPPING,South,55,No,No,2004,LEXUS,RX330,39.05811881,-76.9684369,""(39.05811881, -76.9684369)"""
"EJ7858008K,230069797,Gaithersburg Police Depar,Property Damage Crash,12/04/2023 01:00:00 PM,,,,PARKING LOT OF 803 MUDDY BRANCH RD,,,OTHER,CLEAR,,DAYLIGHT,NO CONTROLS,NONE DETECTED,,B5577472-0965-409E-9622-1E04BF2D8943,No,NO APPARENT INJURY,N/A,NOT DISTRACTED,VA,BA68C539-A6E6-4B3A-B66A-B5626C50459E,FUNCTIONAL,SIX OCLOCK,PASSENGER CAR,BACKING,East,0,No,No,2020,CHEV,MALIBU,39.11395257,-77.21657647,""(39.11395257, -77.21657647)"""
"MCP3053006J,230028673,Montgomery County Police,Injury Crash,06/14/2023 07:25:00 PM,,,,11160 VEIRS MILL RD PARKING LOT OF LA FITNESS,,PEDESTRIAN,OTHER,N/A,,DAYLIGHT,NO CONTROLS,UNKNOWN,N/A,75D0140F-113D-4ACF-A2C9-48AD76C08290,Unknown,NO APPARENT INJURY,N/A,UNKNOWN,MD,74F6F087-1CC5-4ADC-87DC-F488F3371F69,NO DAMAGE,UNKNOWN,PASSENGER CAR,BACKING,Unknown,15,No,No,2013,CHRY,4D,39.03608129,-77.05070976,""(39.03608129, -77.05070976)"""
"MCP33370024,230070866,Montgomery County Police,Property Damage Crash,12/10/2023 04:51:00 AM,Maryland (State),ASHTON RD,TUCKER LA,,N/A,,SINGLE VEHICLE,CLEAR,DRY,DARK NO LIGHTS,NO CONTROLS,NONE DETECTED,,634DB844-6E22-4D6C-A657-C3093C8906F7,Yes,NO APPARENT INJURY,N/A,NOT DISTRACTED,VA,F1E2FAE2-C7E0-4773-8B54-4AC1FD171F61,DISABLING,NINE OCLOCK,PASSENGER CAR,MOVING CONSTANT SPEED,East,35,No,No,2020,BUICK,ENCORE,39.1602225,-76.979866,""(39.1602225, -76.979866)"""
"MCP3038006C,230049126,Montgomery County Police,Property Damage Crash,08/13/2023 04:26:00 PM,County,FENTON ST,WAYNE AVE,,N/A,,SAME DIRECTION SIDESWIPE,CLEAR,DRY,DAYLIGHT,TRAFFIC SIGNAL,UNKNOWN,,E637649C-9857-47F1-B77E-B4F60DBA2C03,Yes,NO APPARENT INJURY,N/A,LOOKED BUT DID NOT SEE,,B74191E4-AD50-4EBE-9414-909483518D4D,UNKNOWN,TWO OCLOCK,,MOVING CONSTANT SPEED,South,30,No,No,0,UNKNOWN,UNKNOWN,38.99549946,-77.02441603,""(38.99549946, -77.02441603)"""
"MCP3292001T,230056555,Montgomery County Police,Property Damage Crash,09/23/2023 11:21:00 PM,Interstate (State),EISENHOWER MEMORIAL HWY,W DIAMOND AVE,,N/A,,SAME DIR REAR END,RAINING,WET,DARK LIGHTS ON,NO CONTROLS,UNKNOWN,,395E94CB-7825-4DD5-A79D-ED28386D6261,No,NO APPARENT INJURY,""RAIN, SNOW, WET"",NOT DISTRACTED,MD,93192533-B3C3-458F-8C7E-D9B6B561D156,FUNCTIONAL,TWELVE OCLOCK,PASSENGER CAR,MOVING CONSTANT SPEED,North,55,No,No,2012,HONDA,CIVIC,39.14111635,-77.21265269,""(39.14111635, -77.21265269)"""
"MCP2438000V,17000253,Montgomery County Police,Property Damage Crash,01/02/2017 04:29:00 PM,,,,PARKING LOT OF 11516 LOCKWOOD DRIVE,,,OTHER,RAINING,,DAYLIGHT,N/A,N/A,,C230D9C3-5D9A-4088-9FF2-210ACB1A44A5,No,NO APPARENT INJURY,""N/A, WET"",NOT DISTRACTED,,86DFE060-98E9-4668-8FD5-D14EFF8A6962,SUPERFICIAL,ELEVEN OCLOCK,POLICE VEHICLE/NON EMERGENCY,PARKED,,0,No,Yes,2014,DODGE,CHARGER,39.04206,-76.98479333,""(39.04206, -76.98479333)"""
"MCP2752005Q,230050975,Montgomery County Police,Property Damage Crash,08/23/2023 06:00:00 PM,Municipality,RIO BLVD,WASHINGTONIAN BLVD,,GAITHERSBURG,,STRAIGHT MOVEMENT ANGLE,N/A,DRY,DAYLIGHT,STOP SIGN,UNKNOWN,,69EE8BC1-6A39-4B47-B3D6-A774FB433454,Yes,NO APPARENT INJURY,N/A,UNKNOWN,,F8F741AF-2554-498B-A37A-29803C3A95CC,SUPERFICIAL,ELEVEN OCLOCK,PICKUP TRUCK,STARTING FROM LANE,Unknown,5,No,No,2017,FORD,F150,39.11502057,-77.1980322,""(39.11502057, -77.1980322)"""
"MCP2974004Y,230060995,Montgomery County Police,Property Damage Crash,10/17/2023 07:41:00 AM,Maryland (State),NEW HAMPSHIRE AVE,VALLEY BROOK DR,,N/A,,SAME DIR REAR END,CLOUDY,DRY,DAYLIGHT,TRAFFIC SIGNAL,NONE DETECTED,,C3B412A0-2994-432D-BEA6-5DE239EF2E8F,No,NO APPARENT INJURY,N/A,NOT DISTRACTED,MD,3FC2499B-2599-4303-832D-AFBF511A051B,SUPERFICIAL,SIX OCLOCK,SCHOOL BUS,STOPPED IN TRAFFIC LANE,South,40,No,No,2017,THOMMAS,PUSHER,39.05882654,-76.99784886,""(39.05882654, -76.99784886)"""
"EJ7781004R,230072555,Gaithersburg Police Depar,Property Damage Crash,12/19/2023 01:14:00 PM,,,,PARKING GARAGE 880 RUSSELL AVE,,,OTHER,N/A,,DARK LIGHTS ON,NO CONTROLS,NONE DETECTED,,6EBD6122-BD2F-4380-B258-6DC575CA8D3F,Yes,NO APPARENT INJURY,N/A,NOT DISTRACTED,MD,85178350-F34D-401F-82D7-DBDD9DB9F976,FUNCTIONAL,TWELVE OCLOCK,PASSENGER CAR,PARKING,South,15,No,No,2022,BMW,UT,39.15630275,-77.21338875,""(39.15630275, -77.21338875)"""
"MCP3031004Z,230064573,Montgomery County Police,Property Damage Crash,11/05/2023 05:50:00 PM,Maryland (State),OLNEY SANDY SPRING RD,MEETING HOUSE RD,,N/A,,SAME DIR REAR END,CLEAR,DRY,DARK LIGHTS ON,TRAFFIC SIGNAL,NONE DETECTED,,D774F1B3-F201-4A0C-B39E-FFAA39602C12,Yes,NO APPARENT INJURY,N/A,BY OTHER OCCUPANTS,MD,775A1431-3B0B-4922-88F5-90FCC1E555A9,DISABLING,TWELVE OCLOCK,PASSENGER CAR,MOVING CONSTANT SPEED,East,35,No,No,2023,TOYT,UT,39.14947493,-77.02646745,""(39.14947493, -77.02646745)"""
"MCP31450041,230055622,Montgomery County Police,Property Damage Crash,09/18/2023 07:30:00 PM,Maryland (State),UNIVERSITY BLVD E,E MELBOURNE AVE,,N/A,,SAME DIR REAR END,CLEAR,DRY,DARK LIGHTS ON,STOP SIGN,NONE DETECTED,,13362570-97A3-4F1C-9282-5D5391159B6C,No,NO APPARENT INJURY,N/A,NOT DISTRACTED,MD,832B9848-1AC3-47F8-B746-72C61A7E7FB3,FUNCTIONAL,TWELVE OCLOCK,PASSENGER CAR,MOVING CONSTANT SPEED,West,35,No,No,2021,NISS,SD,39.01007333,-77.00015,""(39.01007333, -77.00015)"""
"DD56700007,230054514,Rockville Police Departme,Property Damage Crash,09/12/2023 06:26:00 PM,Municipality,MARYLAND AVE,PROSPECT HILL PL,,ROCKVILLE,,SAME DIR REAR END,N/A,DRY,DAYLIGHT,NO CONTROLS,NONE DETECTED,,6310F0AD-3A70-40C9-826A-C33C5B60F21D,Yes,NO APPARENT INJURY,N/A,UNKNOWN,MD,6B49E541-FBD3-4A27-A5F3-11400B1247B6,DISABLING,TWELVE OCLOCK,PASSENGER CAR,SLOWING OR STOPPING,West,30,No,No,2015,HYUNDAI,ELANTRA,39.07707262,-77.16016872,""(39.07707262, -77.16016872)"""
"MCP2776004Y,230064968,Montgomery County Police,Injury Crash,11/15/2023 05:41:00 PM,Maryland (State),DAMASCUS RD,GEORGIA AVE,,N/A,,HEAD ON LEFT TURN,CLEAR,DRY,DARK NO LIGHTS,NO CONTROLS,N/A,,0F1D78E3-ACBB-4F2F-99D5-557B8B838873,No,POSSIBLE INJURY,N/A,NOT DISTRACTED,MD,749BE5C5-9FEE-4660-B316-20D82053EB37,DISABLING,TWELVE OCLOCK,PICKUP TRUCK,MOVING CONSTANT SPEED,North,30,No,No,2012,CHEV,COLORADO,39.22196393,-77.06020909,""(39.22196393, -77.06020909)"""
"MCP32010056,230071016,Montgomery County Police,Injury Crash,12/11/2023 06:30:00 AM,County,RIDGE RD,OBSERVATION DR,,N/A,,SAME DIR REAR END,CLOUDY,WET,DARK LIGHTS ON,TRAFFIC SIGNAL,NONE DETECTED,,3264B71F-3D94-46DF-9A95-3F883B5F0EB1,Yes,SUSPECTED MINOR INJURY,""ICY OR SNOW-COVERED, RAIN, SNOW, WET"",LOOKED BUT DID NOT SEE,MD,E7472E53-CC3D-4694-A95B-856C22AAD18E,DESTROYED,SIX OCLOCK,PASSENGER CAR,MAKING RIGHT TURN,West,40,No,No,2017,HYUN,4S,39.2015495,-77.2544,""(39.2015495, -77.2544)"""
"MCP2425005S,15052235,MONTGOMERY,Property Damage Crash,10/14/2015 07:41:00 PM,US (State),COLESVILLE RD,DALE DR,,N/A,,SAME DIR REAR END,CLEAR,DRY,DARK LIGHTS ON,TRAFFIC SIGNAL,NONE DETECTED,,2C945ED3-787A-41CB-8AEA-6ADEEEDA3E91,No,NO APPARENT INJURY,N/A,NOT DISTRACTED,VA,A7ED7CD2-EE3F-460C-84F3-5D103196F55C,FUNCTIONAL,SIX OCLOCK,(SPORT) UTILITY VEHICLE,SLOWING OR STOPPING,North,40,No,No,2011,NISSAN,PATHFINDER,39.00484333,-77.02320833,""(39.00484333, -77.02320833)"""
"MCP2902006B,230053379,Montgomery County Police,Injury Crash,09/06/2023 06:56:00 AM,Maryland (State),GERMANTOWN RD,RICHTER FARM RD,,N/A,,STRAIGHT MOVEMENT ANGLE,CLEAR,DRY,DAYLIGHT,TRAFFIC SIGNAL,NONE DETECTED,,60F8F7F1-1C8A-44F2-B0CB-4D4EC14556F2,Yes,NO APPARENT INJURY,N/A,UNKNOWN,MD,48EA2BB3-29A9-47F1-BED7-F71EF68BD6FE,DISABLING,TEN OCLOCK,PICKUP TRUCK,MOVING CONSTANT SPEED,West,45,No,No,2008,FORD,TRUCK,39.154315,-77.287195,""(39.154315, -77.287195)"""
"MCP3136006R,230070922,Montgomery County Police,Injury Crash,12/10/2023 01:17:00 PM,US (State),COLESVILLE RD,SOUTHWOOD AVE,,N/A,,SAME DIR REAR END,RAINING,WET,DAYLIGHT,TRAFFIC SIGNAL,NONE DETECTED,,3939C798-F931-4404-9109-7D181B96D8EA,No,POSSIBLE INJURY,""RAIN, SNOW, WET"",NOT DISTRACTED,MD,2EB7EF2F-3A8B-4DA5-AA58-2247C7E1CD66,FUNCTIONAL,SIX OCLOCK,PASSENGER CAR,MOVING CONSTANT SPEED,South,35,No,No,2013,TOYOTA,COROLLA,39.02604458,-77.01083227,""(39.02604458, -77.01083227)"""
"MCP31900057,230046643,Montgomery County Police,Property Damage Crash,07/28/2023 01:10:00 PM,Maryland (State),OLNEY LAYTONSVILLE RD,ENT TO SHOPPING CENTER,,N/A,,STRAIGHT MOVEMENT ANGLE,N/A,DRY,DAYLIGHT,NO CONTROLS,UNKNOWN,,24DC1216-C50C-4D4B-94CE-DE40F6E073BE,Unknown,NO APPARENT INJURY,N/A,UNKNOWN,,CA997577-3982-4613-828A-D28CB9F43454,UNKNOWN,UNKNOWN,,MAKING LEFT TURN,South,30,No,No,0,UNKNOWN,UNKNOWN,39.15330667,-77.06834,""(39.15330667, -77.06834)"""
"DM85040017,230046659,Takoma Park Police Depart,Property Damage Crash,07/28/2023 02:31:00 PM,Maryland (State),PHILADELPHIA AVE,CHESTNUT AVE,,TAKOMA PARK,,STRAIGHT MOVEMENT ANGLE,CLEAR,DRY,DAYLIGHT,STOP SIGN,NONE DETECTED,,BF19CC0B-57D6-444C-8014-065AA7DE5506,No,NO APPARENT INJURY,N/A,NOT DISTRACTED,DC,3FD09939-151F-4041-8462-34BD37E9C1C6,DISABLING,SEVEN OCLOCK,PASSENGER CAR,ACCELERATING,East,15,No,No,2020,CHEVROLET,MALIBU,38.98298779,-77.0149523,""(38.98298779, -77.0149523)"""
"MCP30890048,230066273,Montgomery County Police,Injury Crash,11/14/2023 01:20:00 PM,Maryland (State),GEORGIA AVE,EXIT #31,,N/A,,SAME DIR REAR END,CLEAR,DRY,DAYLIGHT,NO CONTROLS,N/A,,F54FD52A-DF31-4958-82EA-A6A831961A0D,No,POSSIBLE INJURY,N/A,NOT DISTRACTED,MD,A9981FB0-3B51-4ECB-9ADD-58407713B2F6,FUNCTIONAL,SIX OCLOCK,PASSENGER CAR,STOPPED IN TRAFFIC LANE,North,10,No,No,2004,TOYOTA,CAMRY,39.00632333,-77.05025167,""(39.00632333, -77.05025167)"""
"MCP3279002X,230070687,Montgomery County Police,Property Damage Crash,12/08/2023 06:03:00 PM,Maryland (State),VEIRS MILL RD,CONNECTICUT AVE,,N/A,,SAME DIRECTION SIDESWIPE,CLEAR,DRY,DARK LIGHTS ON,N/A,N/A,,1A558420-6ABF-423A-BFE0-87964F151672,No,NO APPARENT INJURY,N/A,NOT DISTRACTED,MD,610BE5F9-4D49-4D6A-8ADA-C1A23F312417,SUPERFICIAL,TWO OCLOCK,TRANSIT BUS,MOVING CONSTANT SPEED,East,40,No,No,2013,NEW FLYER,XCELSIOR,39.05105542,-77.07414728,""(39.05105542, -77.07414728)"""
"DD5607004P,230067919,Rockville Police Departme,Property Damage Crash,11/23/2023 05:15:00 AM,Maryland (State),NORBECK RD,FIRST ST SPUR,,ROCKVILLE,,SINGLE VEHICLE,CLEAR,DRY,DARK LIGHTS ON,NO CONTROLS,NONE DETECTED,,8A3A9758-40C4-4F43-9522-4D4CE1DC2921,Yes,NO APPARENT INJURY,N/A,UNKNOWN,MD,8D107F96-1A4B-474B-BD93-0C5D88AB5259,DISABLING,TWELVE OCLOCK,PASSENGER CAR,MAKING LEFT TURN,East,35,No,No,2009,INFINITI,CONV,39.08716414,-77.13520846,""(39.08716414, -77.13520846)"""
"MCP2923002H,17011796,Montgomery County Police,Property Damage Crash,03/06/2017 11:51:00 AM,,,,PARKING LOT OF 11901 GEORGIA AVE,,,OTHER,CLEAR,,DAYLIGHT,NO CONTROLS,NONE DETECTED,,94C12C60-5273-4896-A0FE-859B087A6840,No,NO APPARENT INJURY,N/A,NOT DISTRACTED,MD,DA0C4090-D22A-4563-AB6A-CA2CD0E2F24A,NO DAMAGE,NON-COLLISION,SCHOOL BUS,PARKED,,15,No,Yes,2003,AMERICAN,BUS,39.05127333,-77.05114167,""(39.05127333, -77.05114167)"""
"MCP2932006T,230061527,Montgomery County Police,Property Damage Crash,10/19/2023 09:59:00 PM,County,DILSTON RD,OAKVIEW DR,,N/A,,OTHER,CLEAR,DRY,DARK LIGHTS ON,N/A,UNKNOWN,,659CF5F6-277C-4569-8EC8-3FC1BE2945AA,Yes,NO APPARENT INJURY,N/A,UNKNOWN,,E1C99DA0-E08B-43C0-9BA9-453B7C2B880C,UNKNOWN,TWELVE OCLOCK,,MOVING CONSTANT SPEED,North,25,No,No,0,UNKNOWN,UNKNOWN,39.01488642,-76.98502164,""(39.01488642, -76.98502164)"""
"MCP3259003P,230066805,Montgomery County Police,Injury Crash,11/16/2023 08:57:00 PM,Municipality,S PARK AVE,THE HILLS PLAZA,,FRIENDSHIP HEIGHTS,,STRAIGHT MOVEMENT ANGLE,CLEAR,DRY,DARK LIGHTS ON,NO CONTROLS,NONE DETECTED,,98F58AB6-5E63-4379-A397-D72B3B0B4754,Yes,NO APPARENT INJURY,N/A,UNKNOWN,MD,C08D867C-A64A-406E-8212-9A82522C534B,FUNCTIONAL,ONE OCLOCK,PASSENGER CAR,MOVING CONSTANT SPEED,North,25,No,No,2008,LEXUS,GS 350,38.96336766,-77.08821136,""(38.96336766, -77.08821136)"""
"MCP1550004V,230067096,Montgomery County Police,Property Damage Crash,11/18/2023 01:21:00 PM,Maryland (State),ROCKVILLE PIKE,WICKSHIRE WAY,,N/A,,STRAIGHT MOVEMENT ANGLE,CLEAR,DRY,DAYLIGHT,STOP SIGN,NONE DETECTED,,A123079B-BB06-40DA-92B3-A8D81F54DD03,No,NO APPARENT INJURY,N/A,NOT DISTRACTED,VA,C53CD8CE-E756-4DD8-A98F-42F73CFC00CE,DISABLING,TWELVE OCLOCK,PASSENGER CAR,MOVING CONSTANT SPEED,South,35,No,No,2019,TOYOTA,COROLLA,39.0384635,-77.10874583,""(39.0384635, -77.10874583)"""
"MCP3010008F,230034738,Montgomery County Police,Property Damage Crash,07/21/2023 12:09:00 PM,Maryland (State),WISCONSIN AVE,BRADLEY LA,,N/A,,SAME DIRECTION SIDESWIPE,CLEAR,DRY,DAYLIGHT,TRAFFIC SIGNAL,N/A,,24BF219B-0F80-44F8-9B04-26EBD2C3B481,Yes,NO APPARENT INJURY,N/A,UNKNOWN,,127EDFED-4E54-46DA-92A4-B7E90CCA8FAE,UNKNOWN,THREE OCLOCK,TRUCK TRACTOR,MAKING LEFT TURN,North,35,No,No,2016,FREIGHTLINER,CASCADIA 125,38.98099667,-77.095345,""(38.98099667, -77.095345)"""
"EJ7888004Y,230052977,Gaithersburg Police Depar,Property Damage Crash,09/03/2023 04:00:00 PM,,,,PARKING LOT OF 448 N FREDERICK AVE,,,SAME DIR REAR END,CLEAR,,DAYLIGHT,TRAFFIC SIGNAL,NONE DETECTED,,81FC61C1-BC68-456C-B06B-0C93F42E70EB,Yes,NO APPARENT INJURY,N/A,LOOKED BUT DID NOT SEE,XX,1F170F50-FBCD-4E33-9030-A09EFE748007,FUNCTIONAL,TWELVE OCLOCK,PASSENGER CAR,SLOWING OR STOPPING,Unknown,5,No,No,2013,TOYT,SD,39.14817647,-77.20708393,""(39.14817647, -77.20708393)"""
"MCP3201004P,230058671,Montgomery County Police,Injury Crash,10/05/2023 09:10:00 AM,Maryland (State),CLOPPER RD,GREAT SENECA HWY,,N/A,,STRAIGHT MOVEMENT ANGLE,CLOUDY,DRY,DAYLIGHT,TRAFFIC SIGNAL,NONE DETECTED,,D62F9B95-83EF-486E-9F3C-E3A899A773C6,No,POSSIBLE INJURY,N/A,NOT DISTRACTED,MD,89112245-BA41-41B3-A0F8-4C2FCB7472FB,DISABLING,TWELVE OCLOCK,PASSENGER CAR,MAKING LEFT TURN,East,30,No,No,2009,HOND,SD,39.15907967,-77.27527067,""(39.15907967, -77.27527067)"""
"MCP3268003B,230066620,Montgomery County Police,Injury Crash,11/16/2023 07:24:00 AM,County,CHERRY HILL RD,PRINCE GEORGES CO/L,,N/A,,SAME DIR REAR END,CLEAR,DRY,DAYLIGHT,TRAFFIC SIGNAL,NONE DETECTED,,0B249A5B-6D88-49C1-AB10-EA664BB10702,No,POSSIBLE INJURY,N/A,NOT DISTRACTED,MD,DF9C29BE-6C17-41DE-BE4F-72DADE16AFBF,SUPERFICIAL,SIX OCLOCK,(SPORT) UTILITY VEHICLE,STOPPED IN TRAFFIC LANE,South,30,No,No,2016,MERZ,GLE300D,39.04631083,-76.95189367,""(39.04631083, -76.95189367)"""
"MCP3230004Y,230057527,Montgomery County Police,Property Damage Crash,09/29/2023 04:33:00 PM,Maryland (State),GEORGIA AVE,RALPH RD,,N/A,,STRAIGHT MOVEMENT ANGLE,CLEAR,DRY,DAYLIGHT,STOP SIGN,NONE DETECTED,,36E71077-7974-49B2-89C8-2FA3A38E9ED7,Yes,NO APPARENT INJURY,N/A,NOT DISTRACTED,MD,C648B506-C3DB-49DF-A1A7-31E32CD92277,DISABLING,TWELVE OCLOCK,PASSENGER CAR,MOVING CONSTANT SPEED,East,35,No,No,2019,TOYOTA,4D,39.07847971,-77.07209366,""(39.07847971, -77.07209366)"""
"MCP3351001V,230069550,Montgomery County Police,Injury Crash,12/02/2023 09:57:00 PM,Maryland (State),E RANDOLPH RD,OLD COLUMBIA PIKE,,N/A,,OTHER,FOGGY,DRY,DARK LIGHTS ON,TRAFFIC SIGNAL,NONE DETECTED,,93E82484-F05A-42FF-8212-F9908F039A73,Unknown,NO APPARENT INJURY,N/A,NOT DISTRACTED,MD,5E6A0A75-52C6-41D6-BC79-000375FE53A3,FUNCTIONAL,FOUR OCLOCK,PASSENGER CAR,STARTING FROM LANE,North,30,No,No,2018,BUIC,SD,39.06315133,-76.96591383,""(39.06315133, -76.96591383)"""
"MCP30890045,230060319,Montgomery County Police,Property Damage Crash,10/13/2023 02:50:00 PM,US (State),COLESVILLE RD,ROWEN RD,,N/A,,SAME DIR REAR END,CLEAR,DRY,DAYLIGHT,NO CONTROLS,N/A,,C2E8CE59-4653-4C20-92BE-A2325B4A148A,No,NO APPARENT INJURY,N/A,NOT DISTRACTED,MD,CE9F20C9-2BF3-4D29-BC3C-9C7A967B62D2,FUNCTIONAL,SIX OCLOCK,PASSENGER CAR,STOPPED IN TRAFFIC LANE,North,25,No,No,2020,HONDA,PILOT,39.00417833,-77.02362833,""(39.00417833, -77.02362833)"""
"MCP24550063,230050737,Montgomery County Police,Injury Crash,08/22/2023 04:38:00 PM,Maryland (State),VEIRS MILL RD,MEADOW HALL DR,,ROCKVILLE,,STRAIGHT MOVEMENT ANGLE,CLEAR,DRY,DAYLIGHT,N/A,NONE DETECTED,,CA6D4BC6-EC55-4422-B0AB-DDD371AD6E8A,Yes,NO APPARENT INJURY,N/A,UNKNOWN,MD,650954F5-993E-4C45-9FA3-C98C9AC84C9D,DISABLING,TWELVE OCLOCK,PASSENGER CAR,ACCELERATING,South,40,No,No,2012,HOND,CIVIC,39.07427404,-77.11384499,""(39.07427404, -77.11384499)"""
"MCP3170003G,230055780,Montgomery County Police,Injury Crash,09/19/2023 03:40:00 PM,Maryland (State),GREAT SENECA HWY,WISTERIA DR,,N/A,OTHER PEDALCYCLIST,OTHER,CLEAR,DRY,DAYLIGHT,TRAFFIC SIGNAL,NONE DETECTED,NONE DETECTED,C992B666-EB11-41CB-AAF1-B6492AEF64B7,Yes,NO APPARENT INJURY,N/A,LOOKED BUT DID NOT SEE,MD,20004442-2CB7-414C-85D3-B22135156D41,NO DAMAGE,ONE OCLOCK,PASSENGER CAR,SLOWING OR STOPPING,South,35,No,No,2023,ACURA,MDX,39.17121917,-77.262642,""(39.17121917, -77.262642)"""
"EJ7894003L,230060480,Gaithersburg Police Depar,Property Damage Crash,10/14/2023 12:40:00 PM,Maryland (State),MONTGOMERY VILLAGE AVE,FREDERICK RD,,N/A,,STRAIGHT MOVEMENT ANGLE,RAINING,WET,DAYLIGHT,NO CONTROLS,NONE DETECTED,,D5614A08-0D71-4F7D-A59E-00F1838AC50B,Yes,NO APPARENT INJURY,""N/A, WET"",LOOKED BUT DID NOT SEE,MD,2048B953-4275-4BDB-983C-B488FB2C08CC,DISABLING,TWELVE OCLOCK,PASSENGER CAR,MAKING LEFT TURN,South,35,No,No,2001,MAZD,SD,39.1537102,-77.210665,""(39.1537102, -77.210665)"""
"MCP3263003N,230052032,Montgomery County Police,Property Damage Crash,08/29/2023 12:00:00 PM,Maryland (State),ROCKVILLE PIKE,ALTA VISTA RD,,N/A,,SAME DIRECTION SIDESWIPE,FOGGY,DRY,DAYLIGHT,NO CONTROLS,UNKNOWN,,6550A1D8-E410-4324-ABE6-35FA068BF7D9,Yes,NO APPARENT INJURY,N/A,UNKNOWN,,FAEAB109-CCEA-46EF-BC6F-ED8C01A287AE,UNKNOWN,ONE OCLOCK,PASSENGER CAR,CHANGING LANES,South,35,No,No,2016,MAZDA,CX-9,39.01289791,-77.09854259,""(39.01289791, -77.09854259)"""