Report Number,Local Case Number,Agency Name,ACRS Report Type,Crash Date/Time,Route Type,Road Name,Cross-Street Name,Off-Road Description,Municipality,Related Non-Motorist,Collision Type,Weather,Surface Condition,Light,Traffic Control,Driver Substance Abuse,Non-Motorist Substance Abuse,Person ID,Driver At Fault,Injury Severity,Circumstance,Driver Distracted By,Drivers License State,Vehicle ID,Vehicle Damage Extent,Vehicle First Impact Location,Vehicle Body Type,Vehicle Movement,Vehicle Going Dir,Speed Limit,Driverless Vehicle,Parked Vehicle,Vehicle Year,Vehicle Make,Vehicle Model,Latitude,Longitude,Location
"MCP31090080,230023258,Montgomery County Police,Property Damage Crash,05/15/2023 12:40:00 PM,County,SOUTHAMPTON DR,BEACON RD,,N/A,,SAME DIR REND RIGHT TURN,CLEAR,DRY,DAYLIGHT,NO CONTROLS,NONE DETECTED,,4DF1EBC8-F819-4636-87ED-345DF0B228DD,No,NO APPARENT INJURY,N/A,NOT DISTRACTED,MD,C92B2FC3-B008-404A-A4C8-22CABF05D1AE,DISABLING,ONE OCLOCK,PASSENGER CAR,MOVING CONSTANT SPEED,North,25,No,No,2016,TOYOTA,COROLLA,39.00620326,-76.98439356,""(39.00620326, -76.98439356)"""
"DD5628005G,220003059,Rockville Police Departme,Property Damage Crash,01/24/2022 11:35:00 AM,,,,PARKING LOT IFO 785 ROCKVILLE PK,,,OTHER,CLEAR,,DAYLIGHT,NO CONTROLS,UNKNOWN,,19B7AE76-E468-4078-B65B-038BE884D5F7,Yes,NO APPARENT INJURY,N/A,UNKNOWN,,8080A1A6-2F48-41EE-8607-5C748CBC702F,UNKNOWN,FIVE OCLOCK,PASSENGER CAR,BACKING,North,5,No,No,2017,SUBARU,LEGACY,39.07666303,-77.14116925,""(39.07666303, -77.14116925)"""
"MCP3224001R,230055845,Montgomery County Police,Property Damage Crash,09/19/2023 11:22:00 PM,County,SLIGO AVE,GEORGIA AVE,,N/A,,STRAIGHT MOVEMENT ANGLE,CLEAR,DRY,DARK LIGHTS ON,TRAFFIC SIGNAL,NONE DETECTED,,FAD936C5-0523-40B3-B31E-4C686A7BC9FB,No,NO APPARENT INJURY,N/A,NOT DISTRACTED,MD,A1E79EBB-72EF-4880-AB9E-7035803ED1AC,DISABLING,TWELVE OCLOCK,PASSENGER CAR,MOVING CONSTANT SPEED,North,30,No,No,2012,HONDA,ACCORD,38.99022333,-77.02655833,""(38.99022333, -77.02655833)"""
"MCP10220077,170509222,Montgomery County Police,Property Damage Crash,05/22/2017 01:08:00 PM,Maryland (State),CLARKSBURG RD,WEST OLD BALTIMORE RD,,N/A,,OPPOSITE DIRECTION SIDESWIPE,CLOUDY,DRY,DAYLIGHT,NO CONTROLS,NONE DETECTED,,CBE4286A-8839-43AB-9201-283F41E961E7,No,NO APPARENT INJURY,N/A,NOT DISTRACTED,MD,E897B8DF-6750-4BCC-9E77-01CF8067AF1A,SUPERFICIAL,ELEVEN OCLOCK,SCHOOL BUS,MOVING CONSTANT SPEED,South,40,No,No,2014,THOMAS,BUS,39.21490167,-77.29713833,""(39.21490167, -77.29713833)"""
"MCP26620017,17513527,Montgomery County Police,Property Damage Crash,06/13/2017 09:39:00 PM,County,SNOUFFERS SCHOOL RD,CHERRY LAUREL LA,,N/A,,HEAD ON LEFT TURN,CLEAR,DRY,DARK LIGHTS ON,TRAFFIC SIGNAL,NONE DETECTED,,B2FD2827-0DCD-499F-ACE0-41028E864EE9,Unknown,NO APPARENT INJURY,N/A,NOT DISTRACTED,MD,76ABB8DD-A063-40CA-8B91-4BEE62018666,FUNCTIONAL,TWELVE OCLOCK,PASSENGER CAR,MAKING LEFT TURN,West,35,No,No,2002,NISS,PATHFINDER,39.162475,-77.16571,""(39.162475, -77.16571)"""
"MCP20090029,22028867,Montgomery County Police,Injury Crash,07/05/2022 07:00:00 PM,Maryland (State),OLD GEORGETOWN RD,ROCK SPRING DR,,N/A,,STRAIGHT MOVEMENT ANGLE,CLEAR,DRY,DAYLIGHT,TRAFFIC SIGNAL,NONE DETECTED,,96DC0695-7136-42A2-9E18-DCC250036120,Yes,POSSIBLE INJURY,N/A,UNKNOWN,MD,DF104788-EF40-431D-BC29-93CF7DCC649D,DISABLING,TWELVE OCLOCK,PICKUP TRUCK,MOVING CONSTANT SPEED,South,35,No,No,2018,CHEVROLET,COLORADO,39.13990333,-77.40381167,""(39.13990333, -77.40381167)"""
"DD5653002Q,230058382,Rockville Police Departme,Property Damage Crash,09/30/2023 03:30:00 PM,Municipality,EDMONSTON DR,ROCKVILLE PIKE,,N/A,,SAME DIR REAR END,CLOUDY,DRY,DAYLIGHT,TRAFFIC SIGNAL,N/A,,B3CD2B0F-4ADA-4371-A540-EB1A0D2A1524,No,NO APPARENT INJURY,N/A,NOT DISTRACTED,MD,D266C225-A83B-43D0-AA15-88DA1FEDE431,SUPERFICIAL,SIX OCLOCK,PASSENGER CAR,STOPPED IN TRAFFIC LANE,West,0,No,No,2019,NISSAN,VERSA NOTE,39.07454209,-77.13560798,""(39.07454209, -77.13560798)"""
"MCP2906002Y,210013293,Montgomery County Police,Property Damage Crash,04/09/2021 05:20:00 PM,Maryland (State),KEY WEST AVE,DIAMONDBACK DR,,N/A,,STRAIGHT MOVEMENT ANGLE,CLOUDY,WET,DAYLIGHT,TRAFFIC SIGNAL,NONE DETECTED,,2EB1C00B-F9B9-4054-9EDC-3911C71BF465,Yes,NO APPARENT INJURY,""N/A, WET"",UNKNOWN,VA,B4DE2113-5D43-49B0-943B-2F534A88C6C7,DISABLING,TEN OCLOCK,PASSENGER CAR,SLOWING OR STOPPING,East,45,No,No,2013,HONDA,ACCORD,39.10493167,-77.20125333,""(39.10493167, -77.20125333)"""
"DM85030016,230071466,Takoma Park Police Depart,Property Damage Crash,12/13/2023 12:02:00 PM,Maryland (State),PHILADELPHIA AVE,TAKOMA AVE,,TAKOMA PARK,,SINGLE VEHICLE,CLEAR,DRY,DAYLIGHT,N/A,N/A,,23E46222-1DBA-414D-AAF4-EBBBB6F0CBB2,Yes,NO APPARENT INJURY,N/A,NOT DISTRACTED,MD,50A31C3E-F3A7-4FF5-B502-00770CC5D5B2,SUPERFICIAL,ELEVEN OCLOCK,TRANSIT BUS,STARTING FROM PARKED,East,20,No,No,2019,WMATA,BU,38.98622467,-77.02088017,""(38.98622467, -77.02088017)"""
"EJ78980011,230055669,Gaithersburg Police Depar,Property Damage Crash,09/19/2023 06:35:00 AM,,,,LOST KNIFE RD - TRANSIT CENTER PARKING LOT,,,HEAD ON,CLEAR,,DAWN,N/A,NONE DETECTED,,CC8BA3D9-E40C-4179-A941-9D068B964DB2,No,NO APPARENT INJURY,N/A,NOT DISTRACTED,MD,C5036615-6A7D-4E1E-B9C2-F38E837F5B53,SUPERFICIAL,TWELVE OCLOCK,PASSENGER CAR,PARKED,,15,No,Yes,2014,TOYOTA,COROLLA,39.15310822,-77.20013428,""(39.15310822, -77.20013428)"""
"DD56250014,180050617,Rockville Police Departme,Injury Crash,10/10/2018 06:40:00 AM,,,,PARKING LOT,,PEDESTRIAN,OTHER,CLEAR,,DAWN,N/A,N/A,NONE DETECTED,60CBC0CB-AE86-40DA-AA1B-53EC2B898FEF,Unknown,NO APPARENT INJURY,N/A,NOT DISTRACTED,MD,F7B15E22-657E-41E0-A7E5-E1FB33EB361D,SUPERFICIAL,FOUR OCLOCK,PASSENGER CAR,STARTING FROM PARKED,Unknown,5,No,No,2012,TOYT,4S,39.09424,-77.13044833,""(39.09424, -77.13044833)"""
"MCP11130055,230056037,Montgomery County Police,Property Damage Crash,09/21/2023 06:55:00 AM,,,,DRIVEWAY OF 13 NICKELBY COURT,,,OTHER,CLEAR,,DAWN,NO CONTROLS,NONE DETECTED,,04CE8109-0229-40CF-A9B8-0330964E5D19,Yes,NO APPARENT INJURY,N/A,LOOKED BUT DID NOT SEE,MD,B3DFCA51-36DB-4A01-B6A1-64CB5FC88EB9,SUPERFICIAL,SIX OCLOCK,(SPORT) UTILITY VEHICLE,BACKING,South,0,No,No,2019,HOND,UT,39.26515833,-77.21406833,""(39.26515833, -77.21406833)"""
"MCP3192004F,230072648,Montgomery County Police,Property Damage Crash,12/19/2023 07:50:00 PM,Maryland (State),VEIRS MILL RD,EDMONSTON DR,,ROCKVILLE,,SAME DIR REAR END,CLEAR,DRY,DARK LIGHTS ON,TRAFFIC SIGNAL,N/A,,C6D0872D-0390-4C72-84AE-66D5964DC063,Yes,NO APPARENT INJURY,N/A,UNKNOWN,,CCAC498F-6149-483A-806F-FEC416E329A1,UNKNOWN,TWELVE OCLOCK,PASSENGER CAR,MOVING CONSTANT SPEED,East,35,No,No,1999,FORD,MUSTANG,39.07833854,-77.13042891,""(39.07833854, -77.13042891)"""
"MCP235300CD,230061443,Montgomery County Police,Property Damage Crash,10/19/2023 01:14:00 PM,,,,PARKING LOT OF 10508 WESTLAKE DR,,,STRAIGHT MOVEMENT ANGLE,CLOUDY,,DAYLIGHT,NO CONTROLS,NONE DETECTED,,CB47A164-C864-42BB-BD1D-0F696064E91E,Yes,NO APPARENT INJURY,N/A,UNKNOWN,MD,1CC6B0F2-7D93-44A9-B0B5-D5DE9149C5EB,SUPERFICIAL,FIVE OCLOCK,SCHOOL BUS,PARKING,South,15,No,No,2022,FREIGHTLINER,BUS,39.02799467,-77.14754783,""(39.02799467, -77.14754783)"""
"MCP9429000J,230066754,Montgomery County Police,Property Damage Crash,11/16/2023 05:00:00 PM,Maryland (State),COLESVILLE RD,EAST WEST HWY,,N/A,,OTHER,N/A,DRY,DAWN,OTHER,NONE DETECTED,,27BA1553-F22E-4B1F-8017-9021C21138BD,Unknown,NO APPARENT INJURY,N/A,NOT DISTRACTED,MD,10DD9FEF-38AC-4DFE-8B65-C2332FFF3DCA,SUPERFICIAL,NINE OCLOCK,OTHER,MOVING CONSTANT SPEED,East,35,No,No,2022,NEWFLYER,BUS,38.99358051,-77.0321256,""(38.99358051, -77.0321256)"""
"MCP2648000J,15056686,Montgomery County Police,Property Damage Crash,11/06/2015 10:16:00 PM,Maryland (State),LAYHILL RD,SULLIVAN LA,,N/A,,SINGLE VEHICLE,CLEAR,DRY,DARK LIGHTS ON,NO CONTROLS,NONE DETECTED,,C07C5BD0-0148-4742-A40B-A9D93D6D0CF1,No,NO APPARENT INJURY,N/A,NOT DISTRACTED,MD,732BCA47-BB1B-495F-89F4-24C49EF4D927,SUPERFICIAL,TWELVE OCLOCK,TRANSIT BUS,MOVING CONSTANT SPEED,South,40,No,No,2004,ORION,BUS,39.08485444,-77.04566002,""(39.08485444, -77.04566002)"""
"MCP30210077,230071614,Montgomery County Police,Property Damage Crash,12/14/2023 06:00:00 AM,US (State),COLUMBIA PIKE,MUSGROVE RD,,N/A,,SAME DIR REAR END,CLEAR,DRY,DARK LIGHTS ON,TRAFFIC SIGNAL,NONE DETECTED,,2E76393A-E1F4-4C48-AECB-1B350899E2C0,No,NO APPARENT INJURY,N/A,NOT DISTRACTED,MD,E20E3A75-D446-4847-9E36-E5AA5BF064D5,DISABLING,SIX OCLOCK,PASSENGER CAR,STOPPED IN TRAFFIC LANE,North,50,No,No,2010,MITS,LANCER,39.06759333,-76.95857167,""(39.06759333, -76.95857167)"""
"MCP2353004H,170539725,Montgomery County Police,Property Damage Crash,10/30/2017 06:43:00 AM,County,EDGEMOOR LA,WOODMONT AVE,,N/A,BICYCLIST,SINGLE VEHICLE,CLOUDY,DRY,DARK LIGHTS ON,TRAFFIC SIGNAL,NONE DETECTED,NONE DETECTED,C6AAAA9A-B51F-4767-9E2A-A704D1649C58,Yes,NO APPARENT INJURY,N/A,UNKNOWN,MD,9CC7DD88-EB6E-40F3-8F2D-B43EECCCF140,NO DAMAGE,TWELVE OCLOCK,PASSENGER CAR,MAKING LEFT TURN,South,25,No,No,2011,CADILLAC,CTS,38.98479302,-77.09673062,""(38.98479302, -77.09673062)"""
"DD5659000H,230049130,Rockville Police Departme,Property Damage Crash,08/12/2023 04:28:00 PM,,ROCKVILLE PIKE,PARK RD,,N/A,,SAME DIRECTION SIDESWIPE,N/A,DRY,N/A,NO CONTROLS,N/A,,092C63FB-692B-444C-A7FC-B276B8383E7F,No,NO APPARENT INJURY,N/A,NOT DISTRACTED,MD,C43780AE-95C4-47F4-9057-DABCFFCE618A,SUPERFICIAL,ONE OCLOCK,PASSENGER CAR,MOVING CONSTANT SPEED,South,35,No,No,2019,TOYOTA,HIGHLANDER,39.08472,-77.1482,""(39.08472, -77.1482)"""
"MCP2933001D,16066222,Montgomery County Police,Property Damage Crash,12/24/2016 06:02:00 PM,Maryland (State),OLD GEORGETOWN RD,CAPITAL BELTWAY,,N/A,,SAME DIR REAR END,CLEAR,WET,DARK LIGHTS ON,NO CONTROLS,NONE DETECTED,,428100FC-53D8-4BFD-9F44-D0CE1E4031E9,Yes,NO APPARENT INJURY,N/A,UNKNOWN,MD,D910F000-B6DD-445C-989A-E84E132E479D,FUNCTIONAL,TWELVE OCLOCK,PASSENGER CAR,SLOWING OR STOPPING,South,40,No,No,1998,HONDA,CIVIC,39.017455,-77.12009,""(39.017455, -77.12009)"""
"MCP9301004R,230056031,Montgomery County Police,Injury Crash,09/21/2023 05:15:00 AM,Maryland (State),WOODFIELD RD,FLOWER HILL WAY,,N/A,,STRAIGHT MOVEMENT ANGLE,N/A,DRY,DARK LIGHTS ON,TRAFFIC SIGNAL,N/A,,D0165CB7-629A-4B70-9253-48327A8331A7,No,POSSIBLE INJURY,N/A,NOT DISTRACTED,MD,579D5D3D-618F-409B-8881-A33D0E032DF4,DISABLING,TWELVE OCLOCK,PASSENGER CAR,MOVING CONSTANT SPEED,East,35,No,No,2006,HOND,4S,39.15631326,-77.16553455,""(39.15631326, -77.16553455)"""
"MCP32950038,230057039,Montgomery County Police,Injury Crash,09/26/2023 08:12:00 PM,Maryland (State),OLD COLUMBIA PIKE,ENT TO BUSINESS,,N/A,,STRAIGHT MOVEMENT ANGLE,RAINING,WET,DARK LIGHTS ON,NO CONTROLS,NONE DETECTED,,1372478D-2CEF-45F3-8CCA-18DA3E3F03D3,Yes,POSSIBLE INJURY,N/A,LOOKED BUT DID NOT SEE,MD,8985F245-D403-447C-B592-C8660294D496,DISABLING,TWELVE OCLOCK,PASSENGER CAR,MAKING LEFT TURN,South,25,No,No,2015,FORD,C MAX,39.110774,-76.93365633,""(39.110774, -76.93365633)"""
"MCP3176002F,230064453,Montgomery County Police,Injury Crash,11/04/2023 02:15:00 AM,County,FINCH ST,BRUNSWICK AVE,,N/A,,SAME DIR REAR END,CLEAR,DRY,DARK LIGHTS ON,NO CONTROLS,ALCOHOL PRESENT,,4718F231-E2BC-4A08-9441-CB2A686A79AC,Yes,SUSPECTED MINOR INJURY,N/A,UNKNOWN,MD,AC403E8A-F320-466B-8544-B770C3C10612,FUNCTIONAL,TWELVE OCLOCK,PASSENGER CAR,MOVING CONSTANT SPEED,Unknown,35,No,No,2002,TOYOTA,TACOMA,39.02708174,-77.05556464,""(39.02708174, -77.05556464)"""
"MCP2738000X,15042632,MONTGOMERY,Property Damage Crash,08/25/2015 03:53:00 PM,County,KILKENNY ST,SUMMERWOOD DR,,N/A,,OTHER,CLEAR,N/A,DAYLIGHT,NO CONTROLS,NONE DETECTED,,DCBCAD42-2926-48F7-AC07-D47AC9B414F1,No,NO APPARENT INJURY,N/A,NOT DISTRACTED,MD,88F9195C-5E8F-4A70-AAF0-6825A1B10972,FUNCTIONAL,EIGHT OCLOCK,OTHER,PARKED,,25,No,Yes,2000,FORD,UTILMASTER,39.06240667,-76.94014167,""(39.06240667, -76.94014167)"""
"MCP28460091,230061510,Montgomery County Police,Property Damage Crash,10/19/2023 07:10:00 PM,Maryland (State),GEORGIA AVE,WINDHAM LA,,N/A,,SAME DIR REAR END,CLEAR,DRY,DARK LIGHTS ON,NO CONTROLS,NONE DETECTED,,DBC7AEAA-EE0E-47D5-86E0-C6A13113BEFC,No,NO APPARENT INJURY,N/A,NOT DISTRACTED,MD,211F5975-8987-419E-844B-DC053C8C38F9,SUPERFICIAL,SIX OCLOCK,PASSENGER CAR,SLOWING OR STOPPING,North,35,No,No,2016,HOND,TK,39.03474833,-77.04928333,""(39.03474833, -77.04928333)"""
"EJ7870006J,230069566,Gaithersburg Police Depar,Injury Crash,12/02/2023 11:55:00 PM,Maryland (State),GREAT SENECA HWY,KEY WEST AVE,,N/A,,SAME DIR REAR END,RAINING,WET,DARK LIGHTS ON,TRAFFIC SIGNAL,NONE DETECTED,,6FCFB424-B206-4388-934B-636E9D08802E,Yes,NO APPARENT INJURY,""RAIN, SNOW, WET"",LOOKED BUT DID NOT SEE,MD,2584D963-D86B-4E89-8C7C-D46812BB92BC,SUPERFICIAL,TWELVE OCLOCK,PASSENGER CAR,SLOWING OR STOPPING,North,50,No,No,2019,NISSAN,VERSA,39.10330503,-77.2060767,""(39.10330503, -77.2060767)"""
"EJ7879003Q,230062206,Gaithersburg Police Depar,Property Damage Crash,10/23/2023 08:15:00 PM,Maryland (State),MONTGOMERY VILLAGE AVE,FREDERICK RD,,N/A,,SAME DIR REAR END,CLEAR,DRY,DARK LIGHTS ON,TRAFFIC SIGNAL,NONE DETECTED,,ECF81319-BD19-4C80-A72A-67EF07785B00,Yes,NO APPARENT INJURY,N/A,UNKNOWN,MD,594CD7F5-005F-41AB-85FC-18E475F9D095,DISABLING,TWELVE OCLOCK,PASSENGER CAR,MOVING CONSTANT SPEED,South,35,No,No,2011,BUIC,SD,39.1524342,-77.21260987,""(39.1524342, -77.21260987)"""
"MCP2641003L,230066709,Montgomery County Police,Injury Crash,11/16/2023 01:35:00 PM,County,NORWOOD RD,EDNOR RD,,N/A,,STRAIGHT MOVEMENT ANGLE,CLEAR,DRY,DAYLIGHT,TRAFFIC SIGNAL,NONE DETECTED,,4AAEC090-607A-4173-A911-67702C9C63CB,Yes,POSSIBLE INJURY,N/A,UNKNOWN,MD,E5FAD061-AF73-4C74-A684-DEFC077A01C4,DESTROYED,TWELVE OCLOCK,PICKUP TRUCK,MOVING CONSTANT SPEED,West,35,No,No,2019,FORD,F150,39.12535667,-77.0274,""(39.12535667, -77.0274)"""
"MCP1378015H,230053794,Montgomery County Police,Property Damage Crash,09/08/2023 12:34:00 PM,Maryland (State),FREDERICK RD,GUNNERS BRANCH RD,,N/A,,STRAIGHT MOVEMENT ANGLE,CLOUDY,DRY,DAYLIGHT,NO CONTROLS,UNKNOWN,,6EC8C147-C701-4EC0-8D7E-2AE5ADF46D00,Yes,NO APPARENT INJURY,N/A,UNKNOWN,MD,E312EC76-097E-4153-876F-B172A0610BB1,UNKNOWN,ONE OCLOCK,PICKUP TRUCK,MAKING LEFT TURN,West,40,No,No,2012,FORD,F150,39.17542041,-77.23820746,""(39.17542041, -77.23820746)"""
"MCP3145003Y,230053472,Montgomery County Police,Property Damage Crash,09/06/2023 04:30:00 PM,Maryland (State),PINEY BRANCH RD,UNIVERSITY BLVD E,,N/A,,OTHER,CLEAR,DRY,DAYLIGHT,NO CONTROLS,UNKNOWN,,B93FD093-5385-46CD-A420-172A77740E30,Yes,NO APPARENT INJURY,N/A,UNKNOWN,,8343A78B-2BA2-4557-A27A-62AAA3A7D7F4,UNKNOWN,ONE OCLOCK,,MOVING CONSTANT SPEED,West,35,No,No,0,UNKNOWN,UNKNOWN,38.99934612,-76.99669751,""(38.99934612, -76.99669751)"""
"MCP2631001P,170533918,Montgomery County Police,Property Damage Crash,09/29/2017 04:30:00 PM,County,MACARTHUR BLVD,BELFAST RD,,N/A,,OTHER,CLEAR,DRY,DAYLIGHT,N/A,UNKNOWN,,3BD0567C-50BF-4700-92C0-61A34A5D6F8C,Yes,NO APPARENT INJURY,N/A,UNKNOWN,,FCE4ED3B-DAD4-41F3-94FC-C62360240B17,FUNCTIONAL,UNKNOWN,,UNKNOWN,West,30,No,No,0,UNKNOWN,UNKNOWN,38.98603667,-77.225475,""(38.98603667, -77.225475)"""
"MCP30050025,170511072,Montgomery County Police,Injury Crash,06/01/2017 08:50:00 AM,Maryland (State),GEORGIA AVE,PLYERS MILL RD,,N/A,,SAME DIR REAR END,CLEAR,DRY,DAYLIGHT,NO CONTROLS,NONE DETECTED,,C136335D-9DD6-486E-9781-70AC57DE677E,No,POSSIBLE INJURY,N/A,NOT DISTRACTED,DC,E2768AB5-F3A5-49DE-A279-0B4B8D8AD0C0,SUPERFICIAL,SIX OCLOCK,PASSENGER CAR,MOVING CONSTANT SPEED,South,35,No,No,2014,FORD,4S,39.03126667,-77.04823333,""(39.03126667, -77.04823333)"""
"MCP26560073,230049000,Montgomery County Police,Injury Crash,08/11/2023 07:40:00 PM,Maryland (State),CLOPPER RD,GREAT SENECA HWY,,N/A,,SAME DIR REAR END,N/A,DRY,DARK LIGHTS ON,NO CONTROLS,N/A,,80A3EC2D-2825-4268-A3E5-15BCA14F776C,Unknown,NO APPARENT INJURY,N/A,NOT DISTRACTED,MD,007F9093-DC44-492E-A80D-48AF27473406,UNKNOWN,TWELVE OCLOCK,PICKUP TRUCK,MOVING CONSTANT SPEED,East,40,No,No,2009,GMC,PICKUP,39.15917958,-77.27526671,""(39.15917958, -77.27526671)"""
"MCP22490005,15039652,MONTGOMERY,Property Damage Crash,08/09/2015 05:49:00 PM,Maryland (State),CONNECTICUT AVE,VEIRS MILL RD,,N/A,,SAME DIR REAR END,CLEAR,DRY,DAYLIGHT,TRAFFIC SIGNAL,NONE DETECTED,,3A3CF091-08B2-4EC5-B8C0-F2B166E710AA,No,NO APPARENT INJURY,N/A,NOT DISTRACTED,MD,E703C6C5-D742-47EC-85DB-4BE808D7B51B,FUNCTIONAL,SIX OCLOCK,PASSENGER CAR,STOPPED IN TRAFFIC LANE,North,40,No,No,2011,JAGUAR,XF,39.05090333,-77.074715,""(39.05090333, -77.074715)"""
"MCP29680054,230061272,Montgomery County Police,Property Damage Crash,10/18/2023 04:05:00 PM,County,SHADY GROVE RD,FALLSGROVE BLVD,,ROCKVILLE,,HEAD ON LEFT TURN,CLEAR,DRY,DAYLIGHT,TRAFFIC SIGNAL,N/A,,67C94266-3210-4AE6-A7AD-5FB9D3DA8F90,No,NO APPARENT INJURY,N/A,NOT DISTRACTED,MD,A8775987-C029-4C7C-BB36-CDBE9BD631B2,DISABLING,TWELVE OCLOCK,PASSENGER CAR,STOPPED IN TRAFFIC LANE,West,40,No,No,2023,MERZ,UT,39.09699667,-77.19472167,""(39.09699667, -77.19472167)"""
"MCP2612005J,230067692,Montgomery County Police,Injury Crash,11/21/2023 06:35:00 PM,County,BEL PRE RD,PARKER FARM WAY,,N/A,PEDESTRIAN,SINGLE VEHICLE,RAINING,WET,DARK LIGHTS ON,TRAFFIC SIGNAL,NONE DETECTED,NONE DETECTED,D1A0C124-7589-4F9D-8CDB-E124140113D5,Unknown,NO APPARENT INJURY,""RAIN, SNOW, WET"",UNKNOWN,MD,2C188524-A62E-4E27-90CF-04E951D9D192,NO DAMAGE,TWELVE OCLOCK,PASSENGER CAR,MAKING LEFT TURN,South,35,No,No,2004,PONTIAC,MONTANA,39.09059417,-77.04761717,""(39.09059417, -77.04761717)"""
"MCP31680060,230060513,Montgomery County Police,Property Damage Crash,10/14/2023 02:50:00 PM,County,E GUDE DR,SOUTHLAWN LA,,N/A,,SAME DIR REAR END,RAINING,WET,DAYLIGHT,TRAFFIC SIGNAL,UNKNOWN,,F58A586D-E48A-41BA-B79B-CA2F7AA42BC0,Yes,NO APPARENT INJURY,""RAIN, SNOW, WET"",LOOKED BUT DID NOT SEE,,EC84F4DE-8525-4439-BB47-1EBCC6FC1A31,UNKNOWN,TWELVE OCLOCK,PASSENGER CAR,MOVING CONSTANT SPEED,West,35,No,No,2003,MITSUBISHI,SDN,39.09758304,-77.13618251,""(39.09758304, -77.13618251)"""
"MCP3312003W,230048710,Montgomery County Police,Injury Crash,08/10/2023 10:30:00 AM,Maryland (State),CHERRY HILL RD,END BRIDGE,,N/A,,HEAD ON LEFT TURN,RAINING,WET,DAYLIGHT,TRAFFIC SIGNAL,NONE DETECTED,,E38F1151-C7B2-46DF-AAA1-AF74264A86E5,No,POSSIBLE INJURY,N/A,NOT DISTRACTED,MD,4C3F7FAF-C541-4675-9207-4C6CDFB67AA4,DISABLING,TWELVE OCLOCK,PASSENGER CAR,MOVING CONSTANT SPEED,West,40,No,No,2017,NISSAN,ALTIMA,39.06263333,-76.96262,""(39.06263333, -76.96262)"""
"MCP1566001T,230061894,Montgomery County Police,Injury Crash,10/21/2023 09:15:00 PM,Maryland (State),VEIRS MILL RD,TWINBROOK PKWY,,N/A,,SAME DIR REAR END,CLEAR,DRY,DARK LIGHTS ON,NO CONTROLS,NONE DETECTED,,6309B200-DE5A-4FBC-823E-AF0074634132,No,POSSIBLE INJURY,N/A,NOT DISTRACTED,MD,2B2D8642-8FA8-42EE-9D80-09832AF0EA91,FUNCTIONAL,SIX OCLOCK,(SPORT) UTILITY VEHICLE,MOVING CONSTANT SPEED,East,40,No,No,2020,NISS,ROGUE,39.07363913,-77.11266005,""(39.07363913, -77.11266005)"""
"MCP3127002M,230034952,Montgomery County Police,Injury Crash,07/22/2023 05:22:00 PM,Maryland (State),CONNECTICUT AVE,KNOWLES AVE,,N/A,,SAME DIRECTION SIDESWIPE,CLEAR,DRY,DAYLIGHT,NO CONTROLS,N/A,,C398F08E-AB5B-4302-AF9D-C8C7C8150F7F,No,NO APPARENT INJURY,N/A,NOT DISTRACTED,MD,A930B290-C9F1-4D03-B580-BEB1043B4301,SUPERFICIAL,ELEVEN OCLOCK,TRANSIT BUS,ACCELERATING,North,35,No,No,2009,GILL,BUS,39.02787367,-77.07637,""(39.02787367, -77.07637)"""
"EJ7858008K,230069797,Gaithersburg Police Depar,Property Damage Crash,12/04/2023 01:00:00 PM,,,,PARKING LOT OF 803 MUDDY BRANCH RD,,,OTHER,CLEAR,,DAYLIGHT,NO CONTROLS,N/A,,60F36744-C6D0-4642-BF8C-0F2A11A924B0,Yes,NO APPARENT INJURY,N/A,UNKNOWN,MD,BF1E5F2C-3857-4A7B-9A58-993262AC1CD6,FUNCTIONAL,SIX OCLOCK,PASSENGER CAR,BACKING,West,0,No,No,2009,MOZDA,TK,39.11395257,-77.21657647,""(39.11395257, -77.21657647)"""
"MCP10150015,170526338,Montgomery County Police,Property Damage Crash,08/23/2017 06:54:00 AM,Maryland (State),DAMASCUS RD,CHROME MINE RD,,N/A,,OPPOSITE DIRECTION SIDESWIPE,CLEAR,DRY,DAYLIGHT,NO CONTROLS,NONE DETECTED,,2283F07B-E93F-4351-A06B-C3FF4255FCA7,Yes,NO APPARENT INJURY,N/A,OTHER DISTRACTION,MD,6B8551ED-5766-4AAE-A4DA-B39A2B92A70A,DISABLING,ELEVEN OCLOCK,PASSENGER CAR,MOVING CONSTANT SPEED,West,50,No,No,2016,FORD,MUSTANG,39.263495,-77.149975,""(39.263495, -77.149975)"""
"MCP1212001L,190020609,Montgomery County Police,Property Damage Crash,05/02/2019 12:56:00 PM,,,,PARKING LOT OF CLARKSBURG HIGH SCHOOL,,,HEAD ON LEFT TURN,N/A,,DAYLIGHT,NO CONTROLS,NONE DETECTED,,2764E1D9-2F33-40FC-9929-53854DF492EB,Unknown,NO APPARENT INJURY,N/A,UNKNOWN,MD,EA921D53-7F13-454B-897F-2CB0F66F7168,FUNCTIONAL,ELEVEN OCLOCK,PASSENGER CAR,MAKING LEFT TURN,South,15,No,No,2007,FORD,MUSTANG,39.22594,-77.26454333,""(39.22594, -77.26454333)"""