Report Number,Local Case Number,Agency Name,ACRS Report Type,Crash Date/Time,Route Type,Road Name,Cross-Street Name,Off-Road Description,Municipality,Related Non-Motorist,Collision Type,Weather,Surface Condition,Light,Traffic Control,Driver Substance Abuse,Non-Motorist Substance Abuse,Person ID,Driver At Fault,Injury Severity,Circumstance,Driver Distracted By,Drivers License State,Vehicle ID,Vehicle Damage Extent,Vehicle First Impact Location,Vehicle Body Type,Vehicle Movement,Vehicle Going Dir,Speed Limit,Driverless Vehicle,Parked Vehicle,Vehicle Year,Vehicle Make,Vehicle Model,Latitude,Longitude,Location
"MCP33730017,230047717,Montgomery County Police,Property Damage Crash,08/03/2023 10:35:00 AM,US (State),COLESVILLE RD,SPRING ST,,N/A,,SAME DIRECTION SIDESWIPE,RAINING,WET,DARK LIGHTS ON,TRAFFIC SIGNAL,NONE DETECTED,,E0347720-3DCA-4332-9CC0-932640158755,Yes,NO APPARENT INJURY,""RAIN, SNOW, WET"",UNKNOWN,PA,0E2579C4-6531-4E23-8A8C-FB13B9E3DFCE,NO DAMAGE,ONE OCLOCK,""MEDIUM/HEAVY TRUCKS 3 AXLES (OVER 10,000LBS (4,536KG))"",ACCELERATING,South,30,No,No,2017,FRT,TR,38.99802133,-77.026836,""(38.99802133, -77.026836)"""
"MCP3263003V,230062734,Montgomery County Police,Injury Crash,10/26/2023 04:34:00 PM,,,,PARKING LOT OF 7142 ARLINGTON RD,,PEDESTRIAN,OTHER,CLEAR,,DAYLIGHT,NO CONTROLS,NONE DETECTED,NONE DETECTED,B4760D4E-9B4D-480F-BDDF-8CF7E6876EE1,Yes,NO APPARENT INJURY,N/A,LOOKED BUT DID NOT SEE,VA,B625A997-A66B-4DD2-9FBA-F3AE8BAC7085,NO DAMAGE,TWELVE OCLOCK,PASSENGER CAR,MAKING LEFT TURN,Unknown,5,No,No,2010,NISSAN,XTERRA,38.98181883,-77.09904767,""(38.98181883, -77.09904767)"""
"DD5623001C,180016072,Rockville Police Departme,Property Damage Crash,04/03/2018 12:29:00 PM,Municipality,MANNAKEE ST,W CAMPUS DR,,N/A,,SAME DIR REAR END,CLEAR,DRY,DAYLIGHT,STOP SIGN,NONE DETECTED,,EFCDB879-8B04-44F4-A11C-8E8E9EAFB597,Yes,NO APPARENT INJURY,N/A,NOT DISTRACTED,MD,9A6C2FF3-2D97-480B-A16D-EF9320AA27C1,FUNCTIONAL,TWELVE OCLOCK,PASSENGER CAR,STARTING FROM LANE,North,25,No,No,2008,TOYOTA,COROLLA,39.09536067,-77.15840983,""(39.09536067, -77.15840983)"""
"MCP27020023,230062049,Montgomery County Police,Injury Crash,10/23/2023 08:06:00 AM,County,BATCHELLORS FOREST RD,ENT TO WILLIAM H. FARQUHAR MIDDLE SCHOOL,,N/A,,SINGLE VEHICLE,CLEAR,DRY,DAYLIGHT,NO CONTROLS,NONE DETECTED,,D22F66CF-8752-421F-BA9B-9E2AF38DF613,Yes,POSSIBLE INJURY,""N/A, VISION OBSTRUCTION (INCL. BLINDED BY SUN)"",UNKNOWN,MD,F6031957-1249-499F-83B6-D95BC941EAC8,DISABLING,TWELVE OCLOCK,PASSENGER CAR,STARTING FROM LANE,South,35,No,No,2002,TOYT,SD,39.13582833,-77.04534833,""(39.13582833, -77.04534833)"""
"MCP3267001Z,230055839,Montgomery County Police,Property Damage Crash,09/19/2023 08:30:00 PM,Maryland (State),VEIRS MILL RD,RANDOLPH RD,,N/A,,SAME DIR REAR END,CLEAR,DRY,DARK LIGHTS ON,TRAFFIC SIGNAL,UNKNOWN,,329BEA58-E65B-4D2A-A5F5-6121D2A70E68,Yes,NO APPARENT INJURY,N/A,UNKNOWN,,DBDC3388-4EDA-43A8-AD72-75D9470C7727,UNKNOWN,TWELVE OCLOCK,PASSENGER CAR,MOVING CONSTANT SPEED,West,35,No,No,2017,FORD,TRANSIT,39.055775,-77.08178667,""(39.055775, -77.08178667)"""
"MCP2039009G,230065300,Montgomery County Police,Property Damage Crash,11/09/2023 08:50:00 AM,Maryland (State),CONNECTICUT AVE,ENT TO BUSINESS,,N/A,,ANGLE MEETS LEFT TURN,CLEAR,DRY,DAYLIGHT,N/A,N/A,,A0D235D5-FB8E-4D87-B2CE-5FEDC3135CA6,Yes,NO APPARENT INJURY,N/A,LOOKED BUT DID NOT SEE,MD,FBF53B5D-BACC-4E62-8CD8-490F849ACC24,FUNCTIONAL,ONE OCLOCK,OTHER,MAKING LEFT TURN,South,35,No,No,2000,TOYOTA,TUNDRA,39.07793333,-77.08102167,""(39.07793333, -77.08102167)"""
"MCP2013000L,170505721,Montgomery County Police,Property Damage Crash,05/03/2017 05:16:00 PM,County,MONTGOMERY VILLAGE AVE,WALKERS CHOICE RD,,N/A,,SAME DIR REAR END,CLEAR,DRY,DAYLIGHT,NO CONTROLS,NONE DETECTED,,8D896B06-7303-4524-B421-58C47932E6FD,No,NO APPARENT INJURY,N/A,NOT DISTRACTED,MD,28486AD9-99FB-45CF-8C79-554B1C02E7E9,FUNCTIONAL,SIX OCLOCK,PASSENGER CAR,SLOWING OR STOPPING,North,35,No,No,2001,TOYT,SOLARA,39.16541793,-77.2046037,""(39.16541793, -77.2046037)"""
"MCP28980047,230058808,Montgomery County Police,Injury Crash,10/05/2023 06:12:00 PM,Maryland (State),FREDERICK RD,PLUMMER DR,,N/A,,STRAIGHT MOVEMENT ANGLE,CLEAR,DRY,DUSK,TRAFFIC SIGNAL,N/A,,A9792BD5-CB55-4682-A105-546D135DDA2C,Yes,NO APPARENT INJURY,N/A,UNKNOWN,MD,F3D5DDBC-3EA5-4957-9515-6A648F55DC8B,FUNCTIONAL,TWELVE OCLOCK,PASSENGER CAR,MAKING LEFT TURN,South,40,No,No,2020,HYUN,SD,39.17177667,-77.23585333,""(39.17177667, -77.23585333)"""
"MCP3208004N,230049043,Montgomery County Police,Property Damage Crash,08/12/2023 03:12:00 AM,Maryland (State),NEW HAMPSHIRE AVE,LOCKWOOD DR,,N/A,,SAME DIR REAR END,CLEAR,DRY,DARK LIGHTS ON,TRAFFIC SIGNAL,NONE DETECTED,,22601BE4-D0BE-474D-AC1A-8768F8367BF6,No,NO APPARENT INJURY,N/A,NOT DISTRACTED,MD,6EB657D7-ABCC-4A89-A127-C2689DA8006C,FUNCTIONAL,SIX OCLOCK,(SPORT) UTILITY VEHICLE,STOPPED IN TRAFFIC LANE,North,45,No,No,2020,TOYT,RAV4,39.03972642,-76.99049971,""(39.03972642, -76.99049971)"""
"MCP2752005W,230060956,Montgomery County Police,Property Damage Crash,10/16/2023 03:06:00 PM,County,SEVEN LOCKS RD,TUCKERMAN LA,,N/A,,SAME DIR REAR END,CLEAR,DRY,DAYLIGHT,TRAFFIC SIGNAL,ALCOHOL PRESENT,,A6128330-53E9-4D86-AFCB-FDFFE8672E50,Yes,NO APPARENT INJURY,N/A,NOT DISTRACTED,MD,2214E8EE-FF71-431A-B27C-A31E077B9224,FUNCTIONAL,TWELVE OCLOCK,PASSENGER CAR,MOVING CONSTANT SPEED,South,35,No,No,2018,TOYOTA,CAMRY,39.04086925,-77.15927454,""(39.04086925, -77.15927454)"""
"MCP2588008N,220018177,Montgomery County Police,Property Damage Crash,04/29/2022 10:41:00 AM,,,,DRIVEWAY OF 11135 NEWPORT MILL RD,,,SAME DIR REAR END,CLEAR,,DAYLIGHT,NO CONTROLS,NONE DETECTED,,D7394230-9135-41A7-A80A-063949AA3D6A,Yes,NO APPARENT INJURY,N/A,NOT DISTRACTED,MD,5864D57F-187F-4EC2-ADB2-C3CC071536A4,SUPERFICIAL,TWELVE OCLOCK,PASSENGER CAR,MOVING CONSTANT SPEED,South,5,No,No,2008,LEXUS,IS 250,39.03875632,-77.06963877,""(39.03875632, -77.06963877)"""
"MCP3068004Z,230057363,Montgomery County Police,Property Damage Crash,09/28/2023 06:30:00 PM,County,MONTGOMERY LA,WISCONSIN AVE,,N/A,,SAME DIRECTION SIDESWIPE,N/A,DRY,DAYLIGHT,N/A,N/A,,B2A937FA-F69B-4919-B045-9D81D98DCC55,No,NO APPARENT INJURY,N/A,NOT DISTRACTED,MD,A1CBD1B0-7282-44AD-A3F1-49305811F2F5,SUPERFICIAL,FOUR OCLOCK,PASSENGER CAR,MOVING CONSTANT SPEED,East,35,No,No,2019,VOLKSWAGON,JETTA,38.9836705,-77.0928705,""(38.9836705, -77.0928705)"""
"MCP3095004R,230066518,Montgomery County Police,Injury Crash,11/13/2023 07:42:00 PM,County,CALVERTON BLVD,PRETORIA DR,,N/A,,STRAIGHT MOVEMENT ANGLE,CLEAR,DRY,DARK LIGHTS ON,STOP SIGN,N/A,,BCE61B9D-62DF-4774-8741-839FC7DEC54D,No,NO APPARENT INJURY,N/A,NOT DISTRACTED,NY,51095696-AFB2-45C7-A08E-7F3E453F6124,DISABLING,TWELVE OCLOCK,PASSENGER CAR,MOVING CONSTANT SPEED,South,30,No,No,2009,TOYOTA,SCION,39.056826,-76.9472675,""(39.056826, -76.9472675)"""
"DD55670022,230071752,Rockville Police Departme,Injury Crash,12/14/2023 04:31:00 PM,Maryland (State),ROCKVILLE PIKE,TEMPLETON PL,,ROCKVILLE,,SAME DIR REAR END,CLEAR,DRY,DAYLIGHT,N/A,NONE DETECTED,,699B0013-3FE2-40D3-B835-4CAEA2173883,No,POSSIBLE INJURY,N/A,NOT DISTRACTED,MD,EFA60FAA-3AA9-48DB-98F3-2A1D459EA356,NO DAMAGE,SIX OCLOCK,PASSENGER CAR,STOPPED IN TRAFFIC LANE,South,40,No,No,2006,DODGE,4DR,39.06867874,-77.12985213,""(39.06867874, -77.12985213)"""
"MCP3353001Z,230069152,Montgomery County Police,Injury Crash,11/30/2023 04:19:00 PM,,,,PARKING LOT OF 4301 RANDOLPH RD,,PEDESTRIAN,OTHER,CLEAR,,DAYLIGHT,N/A,NONE DETECTED,NONE DETECTED,A5175AB4-39D4-4050-9561-07DC2D79497A,Yes,NO APPARENT INJURY,N/A,LOOKED BUT DID NOT SEE,MD,A7E3FFCE-2794-4D56-852B-16BC48AA9B48,NO DAMAGE,SIX OCLOCK,PASSENGER CAR,BACKING,Unknown,15,No,No,2002,TOYOTA,SIENNA,39.05606117,-77.0835027,""(39.05606117, -77.0835027)"""
"MCP33110020,230055963,Montgomery County Police,Property Damage Crash,09/20/2023 05:04:00 PM,Maryland (State),GEORGIA AVE,FOREST GLEN RD,,N/A,,OTHER,CLEAR,N/A,DAYLIGHT,NO CONTROLS,N/A,,CA9227E4-7388-44A1-AAC3-3F63AB7BAF35,Yes,NO APPARENT INJURY,N/A,UNKNOWN,MD,39AEC0AF-452C-4B9D-9FE4-BF5626CC8260,SUPERFICIAL,TWO OCLOCK,""OTHER LIGHT TRUCKS (10,000LBS (4,536KG) OR LESS)"",MOVING CONSTANT SPEED,North,35,No,No,2008,FORD,F350,39.01665512,-77.04282772,""(39.01665512, -77.04282772)"""
"MCP26740039,220035367,Montgomery County Police,Property Damage Crash,08/16/2022 04:50:00 PM,County,BRINK RD,WILDCAT RD,,N/A,,SAME DIR REAR END,CLEAR,DRY,DAYLIGHT,NO CONTROLS,NONE DETECTED,,4732A40E-7ACD-4074-AD24-F73DADD234EC,No,NO APPARENT INJURY,N/A,NOT DISTRACTED,MD,169B9580-0DC0-4EC1-B9B0-E0E005DD87CC,FUNCTIONAL,SIX OCLOCK,VAN,MAKING LEFT TURN,East,40,No,No,2016,HONDA,VAN,39.20871,-77.23118,""(39.20871, -77.23118)"""
"MCP2863002W,230046487,Montgomery County Police,Injury Crash,07/27/2023 04:40:00 PM,Maryland (State),W DIAMOND AVE,MUDDY BRANCH RD,,N/A,,SAME DIR REAR END,CLEAR,DRY,DAYLIGHT,TRAFFIC SIGNAL,NONE DETECTED,,C933F5FE-D970-4976-AD78-B750FA4C2158,Yes,NO APPARENT INJURY,N/A,UNKNOWN,MD,E3763729-4991-4751-B04E-42083783F5EE,SUPERFICIAL,TWELVE OCLOCK,PASSENGER CAR,ACCELERATING,East,35,No,No,2008,TOYT,4S,39.1401035,-77.20478767,""(39.1401035, -77.20478767)"""
"MCP30210073,230070018,Montgomery County Police,Property Damage Crash,12/05/2023 02:15:00 PM,,,,15411 OLD COLUMBIA PIKE PARKING LOT FREESTATE GAS STATION,,,STRAIGHT MOVEMENT ANGLE,CLOUDY,,DAYLIGHT,NO CONTROLS,NONE DETECTED,,E4AA716D-D0A8-49E9-A144-5CB18E3EDA1D,No,NO APPARENT INJURY,N/A,NOT DISTRACTED,MD,5724187C-8501-4426-A22F-15FDF1E41987,DISABLING,TEN OCLOCK,PASSENGER CAR,PARKED,,0,No,Yes,2016,TOYOTA,SIENNA,39.10857833,-76.93583,""(39.10857833, -76.93583)"""
"MCP2450004S,230066759,Montgomery County Police,Property Damage Crash,11/16/2023 06:00:00 PM,Maryland (State),QUINCE ORCHARD RD,BANK ST,,GAITHERSBURG,,SAME DIR REAR END,CLEAR,DRY,DARK LIGHTS ON,TRAFFIC SIGNAL,NONE DETECTED,,7D326CD5-F2DD-40EF-90DC-4D2654CC19F5,Yes,NO APPARENT INJURY,N/A,UNKNOWN,MD,2DD144AA-C045-4B9A-8613-A847CE3B246A,FUNCTIONAL,TWELVE OCLOCK,PASSENGER CAR,MOVING CONSTANT SPEED,North,40,No,No,2013,HUNDAI,ELANTRA,39.13998167,-77.22168833,""(39.13998167, -77.22168833)"""
"MCP3351001G,230051861,Montgomery County Police,Property Damage Crash,08/28/2023 03:26:00 PM,County,E RANDOLPH RD,ENT TO VALLEY MILL PARK,,N/A,,STRAIGHT MOVEMENT ANGLE,CLEAR,DRY,DAYLIGHT,NO CONTROLS,NONE DETECTED,,BC9D0D25-BAE5-4448-857E-1DADEAB47107,No,NO APPARENT INJURY,N/A,NOT DISTRACTED,MD,BFD87795-984C-49AF-AB80-FBC0DA3019B3,FUNCTIONAL,ELEVEN OCLOCK,PASSENGER CAR,MOVING CONSTANT SPEED,West,40,No,No,2001,TOYOTA,4 RUNNER,39.064989,-76.97840283,""(39.064989, -76.97840283)"""
"DD56480018,220046848,Rockville Police Departme,Property Damage Crash,10/25/2022 12:00:00 PM,,,,""14921 SHADY GROVE RD ROCKVILLE, MD 20850"",,,OTHER,CLEAR,,DAYLIGHT,N/A,NONE DETECTED,,12EAF65E-4FDB-4542-9CFD-45C4D6C0EA3D,Yes,NO APPARENT INJURY,N/A,LOOKED BUT DID NOT SEE,MD,80875A13-17CE-4C19-B8AA-762787CB112B,SUPERFICIAL,ONE OCLOCK,(SPORT) UTILITY VEHICLE,PARKING,South,5,No,No,2017,ACURA,MDX,39.09699023,-77.1932776,""(39.09699023, -77.1932776)"""
"MCP3280003V,230050648,Montgomery County Police,Property Damage Crash,08/22/2023 08:20:00 AM,US (State),COLUMBIA PIKE,INTERCOUNTY CONNECTOR,,N/A,,SAME DIR REAR END,CLEAR,DRY,DAYLIGHT,NO CONTROLS,NONE DETECTED,,D72F1312-185B-443E-B829-4F44DDF46544,No,NO APPARENT INJURY,""BACKUP DUE TO PRIOR CRASH, N/A"",DISTRACTED BY OUTSIDE PERSON OBJECT OR EVENT,MD,473F6B8D-57BC-4353-8C40-A8CE7CCE0B26,DISABLING,TWELVE OCLOCK,PASSENGER CAR,MOVING CONSTANT SPEED,North,55,No,No,2018,FORD,ESCAPE,39.07969667,-76.95132667,""(39.07969667, -76.95132667)"""
"MCP3334001V,230064214,Montgomery County Police,Property Damage Crash,11/03/2023 02:43:00 PM,,,,PAINT BRANCH HIGH SCHOOL PARKING LOT,,,SAME DIR REAR END,CLEAR,,DAYLIGHT,NO CONTROLS,UNKNOWN,,28DFCF24-49B7-4534-88F7-2896953F2294,Yes,NO APPARENT INJURY,N/A,UNKNOWN,,C531FD35-A3B2-4545-AE20-00A483D43381,UNKNOWN,UNKNOWN,(SPORT) UTILITY VEHICLE,UNKNOWN,North,10,No,No,2016,HONDA,TK,39.0878,-76.9475,""(39.0878, -76.9475)"""
"MCP30100094,230070923,Montgomery County Police,Property Damage Crash,12/10/2023 12:55:00 PM,Maryland (State),KNOWLES AVE,WEYMOUTH ST,,GARRETT PARK,,SAME DIRECTION SIDESWIPE,RAINING,WET,DAYLIGHT,NO CONTROLS,N/A,,854A7950-FEDC-4ACE-8FBD-25DBD4F071B1,Yes,NO APPARENT INJURY,""BACKUP DUE TO NON-RECURRING INCIDENT, RAIN, SNOW, WET"",UNKNOWN,,ADA3F09B-27EC-496D-86CD-8FCFA12A4427,UNKNOWN,UNKNOWN,,PASSING,East,30,No,No,0,UNKNOWN,UNKNOWN,39.032295,-77.08887333,""(39.032295, -77.08887333)"""
"MCP3274001W,230057399,Montgomery County Police,Injury Crash,09/28/2023 08:00:00 PM,,,,GIANT PARKING LOT AT 10400 OLD GEORGETOWN RD,,,SAME DIR REAR END,CLEAR,,DARK LIGHTS ON,NO CONTROLS,N/A,,3382AE7A-298E-4A05-84AA-76FFE593B394,Yes,NO APPARENT INJURY,N/A,NOT DISTRACTED,MD,0E156B25-E910-4551-BA90-A41AD202FD77,UNKNOWN,SIX OCLOCK,PICKUP TRUCK,SLOWING OR STOPPING,Unknown,10,No,No,2020,CHEVY,SILVERADO,39.02626687,-77.12689045,""(39.02626687, -77.12689045)"""
"MCP32900026,230033569,Montgomery County Police,Property Damage Crash,07/14/2023 02:22:00 PM,Maryland (State),GEORGIA AVE,FOREST GLEN RD,,N/A,,SAME DIR REAR END,CLEAR,DRY,DAYLIGHT,N/A,NONE DETECTED,,42394778-78CC-4A0D-82E0-BC0A7950299F,Unknown,NO APPARENT INJURY,N/A,UNKNOWN,MD,D7C5FA89-92AA-4A92-8F9D-9F4A5DFD5ECF,FUNCTIONAL,SIX OCLOCK,PASSENGER CAR,CHANGING LANES,North,35,No,No,2013,INFI,4S,39.01440528,-77.04217851,""(39.01440528, -77.04217851)"""
"MCP003600HH,230067663,Montgomery County Police,Injury Crash,11/21/2023 04:23:00 PM,County,SHADY GROVE RD,RESEARCH BLVD,,N/A,,STRAIGHT MOVEMENT ANGLE,RAINING,WET,DUSK,TRAFFIC SIGNAL,NONE DETECTED,,57B579E2-AB13-4882-9AD4-5FD10E37AEBA,No,SUSPECTED SERIOUS INJURY,""N/A, WET"",NOT DISTRACTED,MD,71DABC5B-99BF-4870-B4AF-DC41553B02B4,DESTROYED,NINE OCLOCK,PASSENGER CAR,STARTING FROM LANE,East,40,No,No,2012,TOYOTA,CAMRY,39.104844,-77.19048617,""(39.104844, -77.19048617)"""
"EJ786600CN,230057666,Gaithersburg Police Depar,Property Damage Crash,09/30/2023 10:34:00 AM,Municipality,PERRY PKWY,ENT TO SHOPPING CENTER,,N/A,,STRAIGHT MOVEMENT ANGLE,CLOUDY,DRY,DAYLIGHT,NO CONTROLS,NONE DETECTED,,8AA9D375-2C97-4EDA-95C8-6BA9056AD6C6,Yes,NO APPARENT INJURY,N/A,LOOKED BUT DID NOT SEE,MI,D5EE4E4F-6612-4371-BDAB-B5A0BE3EBE7B,SUPERFICIAL,TWELVE OCLOCK,PASSENGER CAR,ENTERING TRAFFIC LANE,East,35,No,No,2023,FORD,ESCAPE,39.14877898,-77.21343947,""(39.14877898, -77.21343947)"""
"MCP91180048,230071828,Montgomery County Police,Property Damage Crash,12/15/2023 04:06:00 AM,Maryland (State),GEORGIA AVE,RAMP 4 FR MD 97 NB TO IS 495 EB,,N/A,,SAME DIR REAR END,CLEAR,DRY,UNKNOWN,TRAFFIC SIGNAL,NONE DETECTED,,29475A70-04F9-4478-9F6B-1000F5B3CBA0,No,NO APPARENT INJURY,N/A,NOT DISTRACTED,TX,C2487546-2726-4A82-98E1-493A029632C2,FUNCTIONAL,SIX OCLOCK,(SPORT) UTILITY VEHICLE,STOPPED IN TRAFFIC LANE,North,35,No,No,2016,BMW,X5,39.0128439,-77.041631,""(39.0128439, -77.041631)"""
"MCP3113005B,230056586,Montgomery County Police,Property Damage Crash,09/24/2023 08:00:00 AM,US (State),COLUMBIA PIKE,STEWART LA,,N/A,,HEAD ON LEFT TURN,RAINING,WET,DAYLIGHT,TRAFFIC SIGNAL,N/A,,FB50A42C-9EB2-4A88-8CE3-78BE1E07B6A0,Yes,NO APPARENT INJURY,""RAIN, SNOW, WET"",LOOKED BUT DID NOT SEE,MD,E9609369-C30D-4D8B-B8F7-12279495F5D5,DISABLING,TWELVE OCLOCK,PASSENGER CAR,MAKING LEFT TURN,South,30,No,No,2013,HYUNDAI,VELOSTER,39.04635162,-76.98693017,""(39.04635162, -76.98693017)"""
"DM8352000M,230050704,Takoma Park Police Depart,Injury Crash,08/22/2023 01:19:00 PM,Maryland (State),NEW HAMPSHIRE AVE,IN CORP LMTS TAKOMA PARK,,N/A,,SAME DIR REAR END,N/A,DRY,DAYLIGHT,N/A,N/A,,93202CB9-85AD-4256-9AB2-860F372EACBC,No,SUSPECTED MINOR INJURY,N/A,NOT DISTRACTED,MD,92842C1E-09B8-4C7F-8547-AA9AC2CB3626,FUNCTIONAL,SIX OCLOCK,PASSENGER CAR,MOVING CONSTANT SPEED,North,25,No,No,2012,LEXUS,4D,38.98662706,-76.98788996,""(38.98662706, -76.98788996)"""
"EJ7889004F,230067882,Gaithersburg Police Depar,Property Damage Crash,11/22/2023 08:20:00 PM,Maryland (State),FREDERICK RD,MONTGOMERY VILLAGE AVE,,N/A,,SAME DIR REAR END,CLEAR,DRY,DARK LIGHTS ON,TRAFFIC SIGNAL,NONE DETECTED,,6EEC24EA-5470-4E65-B49B-73143A413765,No,NO APPARENT INJURY,N/A,NOT DISTRACTED,MD,10451ADC-38DF-4913-AD8C-0A27235184E2,SUPERFICIAL,SIX OCLOCK,PASSENGER CAR,MAKING RIGHT TURN,South,30,No,No,2013,TESL,HB,39.1522935,-77.21274927,""(39.1522935, -77.21274927)"""
"MCP3145004B,230066957,Montgomery County Police,Property Damage Crash,11/17/2023 06:45:00 PM,Maryland (State),UNIVERSITY BLVD E,COLESVILLE RD,,N/A,,OTHER,CLEAR,DRY,DARK LIGHTS ON,TRAFFIC SIGNAL,NONE DETECTED,,EFAD2279-F124-4EB7-8421-262A082B970D,Yes,NO APPARENT INJURY,N/A,INATTENTIVE OR LOST IN THOUGHT,MD,6F0FAF85-3D49-4DC0-95F5-EFCCB4924F93,SUPERFICIAL,ONE OCLOCK,PASSENGER CAR,CHANGING LANES,West,35,No,No,2023,TOYT,SD,39.020175,-77.01200167,""(39.020175, -77.01200167)"""
"MCP24550063,230050737,Montgomery County Police,Injury Crash,08/22/2023 04:38:00 PM,Maryland (State),VEIRS MILL RD,MEADOW HALL DR,,ROCKVILLE,,STRAIGHT MOVEMENT ANGLE,CLEAR,DRY,DAYLIGHT,N/A,NONE DETECTED,,1976DA20-3369-4D89-8638-63197393B56A,No,NO APPARENT INJURY,N/A,NOT DISTRACTED,MD,36BC64EF-223D-4C09-A2EB-5006B30B1274,DISABLING,SEVEN OCLOCK,(SPORT) UTILITY VEHICLE,MOVING CONSTANT SPEED,East,40,No,No,2021,TOYT,RAV4,39.07427404,-77.11384499,""(39.07427404, -77.11384499)"""
"MCP10170010,180027456,Montgomery County Police,Property Damage Crash,05/31/2018 02:10:00 PM,,,,""PARKING LOT OF 5130 NICHOLSON LANE, KENSINGTON, MD 20895"",,,OTHER,CLOUDY,,DAYLIGHT,NO CONTROLS,NONE DETECTED,,26FD800F-1737-4F03-A681-636D0852661D,Yes,NO APPARENT INJURY,N/A,NOT DISTRACTED,DE,BC123776-8280-4433-9987-1A081ABBC1A9,SUPERFICIAL,THREE OCLOCK,PICKUP TRUCK,N/A,Unknown,0,No,No,2017,FORD,F150,39.04406944,-77.10460424,""(39.04406944, -77.10460424)"""
"MCP2603005Y,230073450,Montgomery County Police,Property Damage Crash,12/24/2023 01:51:00 PM,,,,PARKING LOT OF 18200 FLOWER HILL DR,,,OTHER,N/A,,DAYLIGHT,N/A,N/A,,EF99ABE1-2029-4F1F-ABE4-10F4A1AAA8DB,No,NO APPARENT INJURY,N/A,NOT DISTRACTED,MD,448D00BB-CD6D-4C5C-AB71-8E799B5844D6,SUPERFICIAL,SIX OCLOCK,PASSENGER CAR,PARKED,,5,No,Yes,2013,HONDA,4S,39.15509833,-77.16471833,""(39.15509833, -77.16471833)"""
"MCP13660054,16049676,Montgomery County Police,Property Damage Crash,09/27/2016 11:42:00 AM,County,SOUTHLAWN LA,IN CORP LMTS ROCKVILLE,,N/A,,SAME DIRECTION SIDESWIPE,CLEAR,DRY,DAYLIGHT,NO CONTROLS,NONE DETECTED,,A3AB4389-9C64-4E92-B102-1BC6BE6050CF,Yes,NO APPARENT INJURY,N/A,LOOKED BUT DID NOT SEE,MD,794189F8-46D6-4885-AC11-181E54BEB4DF,FUNCTIONAL,THREE OCLOCK,PASSENGER CAR,CHANGING LANES,East,30,No,No,2006,HOND,4S,39.09947833,-77.13588667,""(39.09947833, -77.13588667)"""
"MCP24640032,230064807,Montgomery County Police,Property Damage Crash,11/06/2023 10:30:00 PM,Interstate (State),CAPITAL BELTWAY,NEW HAMPSHIRE AVE,,N/A,,SAME DIR REAR END,CLEAR,DRY,DARK LIGHTS ON,OTHER,NONE DETECTED,,28C0AD13-1039-45F7-9AA0-08557055C669,Yes,NO APPARENT INJURY,""N/A, ROAD UNDER CONSTRUCTION/MAINTENANCE"",UNKNOWN,MD,48DFAECC-78B8-4A39-8874-DBBF393DCCE9,SUPERFICIAL,TWELVE OCLOCK,PASSENGER CAR,MOVING CONSTANT SPEED,East,55,No,No,2003,INFINI,COUPE,39.01934,-76.98698617,""(39.01934, -76.98698617)"""
"MCP0617005L,230066883,Montgomery County Police,Property Damage Crash,11/17/2023 11:33:00 AM,Maryland (State),GEORGIA AVE,QUEEN ELIZABETH DR,,N/A,,STRAIGHT MOVEMENT ANGLE,CLEAR,DRY,DAYLIGHT,NO CONTROLS,NONE DETECTED,,CD83F6A1-F8F2-4524-BB5C-AB3E043971CD,No,NO APPARENT INJURY,N/A,NOT DISTRACTED,MD,81C0746E-99B7-4C6F-87BC-612D53D135AD,DISABLING,ELEVEN OCLOCK,PASSENGER CAR,MOVING CONSTANT SPEED,South,30,No,No,2007,TOYT,4S,39.15851667,-77.06468167,""(39.15851667, -77.06468167)"""
"MCP3309001Z,230061169,Montgomery County Police,Property Damage Crash,10/17/2023 11:17:00 PM,Maryland (State),NEW HAMPSHIRE AVE,BRIGHTON KNOLLS DR,,N/A,,SINGLE VEHICLE,CLEAR,DRY,DARK NO LIGHTS,NO CONTROLS,NONE DETECTED,,46F250A9-A669-440F-B408-4085AF5A9BD9,Yes,NO APPARENT INJURY,N/A,NOT DISTRACTED,MD,90878505-2625-4684-8F83-D179A197575D,DESTROYED,TWELVE OCLOCK,PASSENGER CAR,NEGOTIATING A CURVE,South,40,No,No,1997,HOND,CP,39.18719263,-77.02505137,""(39.18719263, -77.02505137)"""
"DD5635004H,230066336,Rockville Police Departme,Property Damage Crash,11/14/2023 05:10:00 PM,Maryland (State),NORBECK RD,AVERY RD,,ROCKVILLE,,SAME DIR REAR END,CLEAR,DRY,DARK LIGHTS ON,TRAFFIC SIGNAL,NONE DETECTED,,A98A0F43-5950-4F38-9539-F0C4B72990A5,No,NO APPARENT INJURY,N/A,UNKNOWN,MD,418C0552-4947-418B-BCCC-2689C1B5C770,FUNCTIONAL,SIX OCLOCK,PASSENGER CAR,STOPPED IN TRAFFIC LANE,East,50,No,No,2019,AUDI,CV,39.09303852,-77.12264395,""(39.09303852, -77.12264395)"""