Report Number,Local Case Number,Agency Name,ACRS Report Type,Crash Date/Time,Route Type,Road Name,Cross-Street Name,Off-Road Description,Municipality,Related Non-Motorist,Collision Type,Weather,Surface Condition,Light,Traffic Control,Driver Substance Abuse,Non-Motorist Substance Abuse,Person ID,Driver At Fault,Injury Severity,Circumstance,Driver Distracted By,Drivers License State,Vehicle ID,Vehicle Damage Extent,Vehicle First Impact Location,Vehicle Body Type,Vehicle Movement,Vehicle Going Dir,Speed Limit,Driverless Vehicle,Parked Vehicle,Vehicle Year,Vehicle Make,Vehicle Model,Latitude,Longitude,Location
"MCP3368001N,230051961,Montgomery County Police,Injury Crash,08/29/2023 09:47:00 AM,County,WATKINS MILL RD,STEDWICK RD,,N/A,,HEAD ON,CLEAR,DRY,DAYLIGHT,TRAFFIC SIGNAL,NONE DETECTED,,637B5991-ACF7-4055-9697-76BBF7D10FF7,No,NO APPARENT INJURY,N/A,NOT DISTRACTED,MD,25035B80-DB0E-4BAE-B5CB-A6A2F192D53D,FUNCTIONAL,ONE OCLOCK,PASSENGER CAR,STOPPED IN TRAFFIC LANE,North,35,No,No,2013,TOYT,SD,39.17052541,-77.20894854,""(39.17052541, -77.20894854)"""
"MCP3201004Z,230065927,Montgomery County Police,Property Damage Crash,11/12/2023 01:07:00 PM,County,CRYSTAL ROCK DR,WATERS LANDING DR,,N/A,,STRAIGHT MOVEMENT ANGLE,CLEAR,DRY,DAYLIGHT,NO CONTROLS,NONE DETECTED,,4DA2F934-6549-452A-BB5E-9E727ACD1874,No,NO APPARENT INJURY,N/A,NOT DISTRACTED,MD,0768A506-1B7A-44DB-AF84-1D9D57E5FCE6,DISABLING,TEN OCLOCK,PASSENGER CAR,MOVING CONSTANT SPEED,South,40,No,No,2008,CHEV,SD,39.19019,-77.266943,""(39.19019, -77.266943)"""
"MCP3207003J,230053463,Montgomery County Police,Property Damage Crash,09/06/2023 03:52:00 PM,County,BRIGGS CHANEY RD,GENTRY RIDGE CT,,N/A,,STRAIGHT MOVEMENT ANGLE,CLEAR,DRY,DAYLIGHT,N/A,NONE DETECTED,,452E423A-598D-4367-9E49-1DBDC6EC8F27,No,NO APPARENT INJURY,N/A,NOT DISTRACTED,MD,B04761B1-E00E-4595-9EB6-3E9FD7D0C500,DESTROYED,TWELVE OCLOCK,PASSENGER CAR,MOVING CONSTANT SPEED,East,35,No,No,2005,TOYT,4S,39.070686,-76.93774567,""(39.070686, -76.93774567)"""
"MCP3311000N,220013134,Montgomery County Police,Property Damage Crash,03/26/2022 01:50:00 PM,,,,PARKING LOT AT 8510 16TH ST,,,OTHER,CLEAR,,DAYLIGHT,NO CONTROLS,N/A,,4F98F07E-93F5-4B3D-AE70-BBA71B7AB593,Yes,NO APPARENT INJURY,N/A,UNKNOWN,,B5B626A2-42A1-4AB8-908E-592FA287695A,UNKNOWN,ONE OCLOCK,PASSENGER CAR,BACKING,West,0,No,No,2022,TOYOTA,COROLLA,38.99802634,-77.04146733,""(38.99802634, -77.04146733)"""
"MCP3299002T,230035045,Montgomery County Police,Property Damage Crash,07/23/2023 01:13:00 PM,Maryland (State),OLNEY LAYTONSVILLE RD,OLNEY MILL RD,,N/A,,SAME DIR REAR END,CLEAR,DRY,DAYLIGHT,TRAFFIC SIGNAL,NONE DETECTED,,532C8956-7EA0-4DB0-8F9F-E9789110D02E,Yes,NO APPARENT INJURY,N/A,OTHER CELLULAR PHONE RELATED,MD,B2CBA1B6-DCF9-4078-9628-69F48FAE9A55,DISABLING,TWELVE OCLOCK,PASSENGER CAR,MOVING CONSTANT SPEED,West,40,No,No,2015,ACURA,RDX,39.1651,-77.083795,""(39.1651, -77.083795)"""
"MCP3267001W,230050002,Montgomery County Police,Property Damage Crash,08/17/2023 09:43:00 PM,Maryland (State),CONNECTICUT AVE,CROSSOVER,,N/A,,SAME DIR REAR END,CLEAR,DRY,DARK LIGHTS ON,N/A,NONE DETECTED,,BCF78223-0004-44B4-B3F3-4C220D36D633,Yes,NO APPARENT INJURY,N/A,NOT DISTRACTED,MD,31C47956-F807-4D4B-AFCB-4C2F3A377536,DISABLING,TWELVE OCLOCK,PASSENGER CAR,MOVING CONSTANT SPEED,North,35,No,No,2007,TOYOTA,COROLLA,39.07815333,-77.08085833,""(39.07815333, -77.08085833)"""
"EJ78890048,230060581,Gaithersburg Police Depar,Property Damage Crash,10/14/2023 09:45:00 PM,Maryland (State),MONTGOMERY VILLAGE AVE,RUSSELL AVE,,GAITHERSBURG,,STRAIGHT MOVEMENT ANGLE,RAINING,WET,DARK -- UNKNOWN LIGHTING,TRAFFIC SIGNAL,NONE DETECTED,,6D5D0434-B127-4802-8830-9EAC9E33F1FB,No,NO APPARENT INJURY,""RAIN, SNOW, WET"",NOT DISTRACTED,MD,5835E1FD-A6DF-4B4F-9677-A5BF88913059,DISABLING,TWELVE OCLOCK,PASSENGER CAR,MOVING CONSTANT SPEED,North,35,No,No,2007,TOYT,4S,39.15435542,-77.20932542,""(39.15435542, -77.20932542)"""
"MCP3022005J,230067126,Montgomery County Police,Property Damage Crash,11/18/2023 04:36:00 PM,Maryland (State),GERMANTOWN RD,AIRCRAFT DR,,N/A,,ANGLE MEETS LEFT TURN,CLEAR,DRY,DAYLIGHT,TRAFFIC SIGNAL,N/A,,76EE7DF1-2735-4EE8-B700-87B5860B0D75,No,NO APPARENT INJURY,N/A,NOT DISTRACTED,MD,58AD44E8-428B-4F37-BBF6-7D8AEBC6B814,DISABLING,TEN OCLOCK,PASSENGER CAR,MOVING CONSTANT SPEED,North,40,No,No,2015,FORD,FOCUS,39.18208628,-77.26024133,""(39.18208628, -77.26024133)"""
"MCP32350027,230062030,Montgomery County Police,Property Damage Crash,10/23/2023 01:15:00 AM,County,CASTLE BLVD,ROAD END,,N/A,,SAME DIRECTION SIDESWIPE,CLEAR,DRY,DARK LIGHTS ON,NO CONTROLS,NONE DETECTED,,1590BB9A-1EB3-4A8B-837D-8CEF7B50661D,No,NO APPARENT INJURY,N/A,NOT DISTRACTED,DC,0FD6F6B1-2D4F-4AC0-97C1-0D1E9848E281,SUPERFICIAL,SIX OCLOCK,PASSENGER CAR,BACKING,North,25,No,No,2015,VOLKSWAGEN,JETTA,39.0885456,-76.9397154,""(39.0885456, -76.9397154)"""
"EJ78860037,230052873,Gaithersburg Police Depar,Property Damage Crash,09/03/2023 01:18:00 AM,Municipality,S SUMMIT AVE,S FREDERICK RD,,N/A,,STRAIGHT MOVEMENT ANGLE,CLEAR,DRY,DARK LIGHTS ON,TRAFFIC SIGNAL,N/A,,13CA8B72-C647-458F-B4CE-5F952A73F555,Yes,NO APPARENT INJURY,N/A,UNKNOWN,MD,9B8A4897-9C0B-4D96-BDAC-1348B57509FE,DISABLING,TEN OCLOCK,PASSENGER CAR,MAKING LEFT TURN,West,25,No,No,2015,CHEVROLET,IMPALA,39.137983,-77.19404017,""(39.137983, -77.19404017)"""
"MCP285900DT,230053928,Montgomery County Police,Injury Crash,09/09/2023 09:40:00 AM,County,LONGDRAFT RD,FERNSHIRE RD,,GAITHERSBURG,,SAME DIR REAR END,CLEAR,DRY,DAYLIGHT,NO CONTROLS,NONE DETECTED,,899DEC91-111B-4A49-AE0D-9638209F097B,Yes,NO APPARENT INJURY,N/A,UNKNOWN,MD,F6C1F404-90A3-419A-991F-4E18108BF5CB,DISABLING,ELEVEN OCLOCK,PASSENGER CAR,SLOWING OR STOPPING,North,30,No,No,2014,CHEV,IMPALA,39.13098217,-77.24483233,""(39.13098217, -77.24483233)"""
"EJ786600CH,230049458,Gaithersburg Police Depar,Property Damage Crash,08/14/2023 06:20:00 PM,County,SAM EIG HWY,DIAMONDBACK DR,,N/A,,SAME DIR REAR END,CLOUDY,WET,DAYLIGHT,NO CONTROLS,NONE DETECTED,,D4B45145-5433-4073-906A-7F8F49231BF3,Yes,NO APPARENT INJURY,""N/A, WET"",NOT DISTRACTED,MD,1A63F026-B957-43CC-8DE1-030BBE69DBD8,DISABLING,TWELVE OCLOCK,PASSENGER CAR,MOVING CONSTANT SPEED,North,40,No,No,2013,HOND,CIVIC,39.11251255,-77.21036722,""(39.11251255, -77.21036722)"""
"MCP0617005M,230067945,Montgomery County Police,Injury Crash,11/23/2023 11:07:00 AM,Maryland (State),NEW HAMPSHIRE AVE,BRIGHTON KNOLLS DR,,N/A,,SINGLE VEHICLE,CLEAR,DRY,DAYLIGHT,NO CONTROLS,NONE DETECTED,,A0E607DF-A238-465D-B80E-5530A47DCCAF,Yes,POSSIBLE INJURY,N/A,NOT DISTRACTED,XX,B69D603E-3904-4150-A5F6-34D1C6E7A44A,DISABLING,ELEVEN OCLOCK,PASSENGER CAR,MOVING CONSTANT SPEED,North,40,No,No,2002,FORD,MUSTANG,39.18818667,-77.02424333,""(39.18818667, -77.02424333)"""
"MCP2456007Q,230053740,Montgomery County Police,Property Damage Crash,09/08/2023 06:45:00 AM,Maryland (State),NEW HAMPSHIRE AVE,OVERLOOK DR,,N/A,,SAME DIRECTION RIGHT TURN,CLEAR,DRY,DAYLIGHT,NO CONTROLS,NONE DETECTED,,02F3D3BD-C418-4B5F-8E43-81D5276D3D06,No,NO APPARENT INJURY,N/A,NOT DISTRACTED,DC,8BAF4315-C1A3-41EB-8B4F-6B4B32AE9F52,SUPERFICIAL,TEN OCLOCK,TRANSIT BUS,MOVING CONSTANT SPEED,North,40,No,No,2020,BU,TRANSIT BUS,39.02439471,-76.97953166,""(39.02439471, -76.97953166)"""
"MCP2738004R,230046918,Montgomery County Police,Injury Crash,07/30/2023 05:29:00 AM,County,CHERRY HILL RD,PRINCE GEORGES CO/L,,N/A,,SAME DIR REAR END,CLEAR,DRY,DAWN,TRAFFIC SIGNAL,N/A,,4F007D92-3F0A-48E8-837D-43D85053CE3A,Unknown,POSSIBLE INJURY,N/A,LOOKED BUT DID NOT SEE,MD,FCB7C5E7-155F-46BB-AA19-33A082BE1361,DESTROYED,SEVEN OCLOCK,PASSENGER CAR,MOVING CONSTANT SPEED,East,40,No,No,2022,LEXUS,DT200H,39.04679417,-76.95209767,""(39.04679417, -76.95209767)"""
"DD5567001Z,230071625,Rockville Police Departme,Property Damage Crash,12/14/2023 07:24:00 AM,,,,IFO 200 BLK POPLAR SPRING RD,,,OTHER,CLEAR,,DAYLIGHT,N/A,NONE DETECTED,,6F418C1C-6E2A-4F90-8B05-45098CC7FEE8,Yes,NO APPARENT INJURY,N/A,UNKNOWN,MD,7D92C561-3DB8-46FB-94E7-12602268615E,FUNCTIONAL,EIGHT OCLOCK,OTHER,MAKING LEFT TURN,North,0,No,No,2014,MACK,TRASH TRK,39.11720067,-77.17247913,""(39.11720067, -77.17247913)"""
"MCP25920034,230054180,Montgomery County Police,Property Damage Crash,09/11/2023 07:17:00 AM,County,AIRPARK RD,MUNCASTER MILL RD,,N/A,,SAME DIRECTION SIDESWIPE,RAINING,WET,DAYLIGHT,N/A,NONE DETECTED,,B36020A1-63D5-4215-817A-6B73AAB3A68F,No,NO APPARENT INJURY,""RAIN, SNOW, WET"",NOT DISTRACTED,MD,E71B0386-AAB4-4AD2-B634-84A18EBB9400,FUNCTIONAL,THREE OCLOCK,PASSENGER CAR,MOVING CONSTANT SPEED,South,30,No,No,2012,TOYT,TK,39.15242049,-77.14236651,""(39.15242049, -77.14236651)"""
"MCP285900F8,230067825,Montgomery County Police,Injury Crash,11/22/2023 01:50:00 PM,Maryland (State),QUINCE ORCHARD RD,FIRSTFIELD RD,,GAITHERSBURG,,SAME DIRECTION LEFT TURN,CLOUDY,DRY,DAYLIGHT,NO CONTROLS,NONE DETECTED,,AE468975-E0F8-4202-9079-BEE2953C575B,Yes,NO APPARENT INJURY,N/A,UNKNOWN,MD,13718D9F-0E21-44D6-9A70-96984CD83C91,DISABLING,EIGHT OCLOCK,PASSENGER CAR,MAKING U TURN,North,30,No,No,2014,HOND,CIVIC,39.14587067,-77.21972233,""(39.14587067, -77.21972233)"""
"MCP28350036,230059225,Montgomery County Police,Property Damage Crash,10/08/2023 03:33:00 AM,Maryland (State),CONNECTICUT AVE,EAST WEST HWY,,N/A,,SAME DIR REAR END,CLEAR,DRY,DARK LIGHTS ON,TRAFFIC SIGNAL,NONE DETECTED,,02DF1C65-AC64-413A-9BF0-F64DB72F1C40,No,NO APPARENT INJURY,N/A,NOT DISTRACTED,MD,C69E0BB4-9098-4D61-8BAC-CBAE58052BFC,FUNCTIONAL,SIX OCLOCK,PASSENGER CAR,STOPPED IN TRAFFIC LANE,North,30,No,No,2015,CHEV,SD,38.98773085,-77.07697605,""(38.98773085, -77.07697605)"""
"HA2451000B,23000655,Maryland-National Capital,Property Damage Crash,04/12/2023 06:59:00 PM,,,,PARKING LOT,,,OTHER,CLEAR,,DUSK,N/A,N/A,,215B8D42-A2CB-4870-BAB4-DE4E1FEF4E48,Yes,NO APPARENT INJURY,N/A,NOT DISTRACTED,MD,255674CE-4FE4-4998-BC7C-E4BDE69949E4,SUPERFICIAL,ELEVEN OCLOCK,PASSENGER CAR,PARKING,North,15,No,No,2012,TOYOTA,PRIUS,39.08229511,-76.92993553,""(39.08229511, -76.92993553)"""
"MCP3214002F,230065489,Montgomery County Police,Injury Crash,11/09/2023 11:05:00 PM,County,BRINK RD,LAWLAND CT,,N/A,,SINGLE VEHICLE,CLEAR,DRY,DARK NO LIGHTS,NO CONTROLS,NONE DETECTED,,40B24EA4-AC59-4BB0-9A21-0F8A200461C1,Yes,NO APPARENT INJURY,N/A,NOT DISTRACTED,MD,50785BD0-FFE0-4AF1-951D-962E641AF344,FUNCTIONAL,TWELVE OCLOCK,PASSENGER CAR,MOVING CONSTANT SPEED,East,40,No,No,2016,HONDA,ACCORD,39.20709617,-77.218754,""(39.20709617, -77.218754)"""
"MCP94420009,15054153,MONTGOMERY,Property Damage Crash,10/25/2015 11:15:00 AM,County,CONTOUR RD,ODENDHAL AVE,,N/A,,SAME DIR REAR END,CLOUDY,WET,DAYLIGHT,TRAFFIC SIGNAL,N/A,,38178A83-E566-4C2A-8EA3-EDCEBB1534B7,Yes,NO APPARENT INJURY,""N/A, WET"",NOT DISTRACTED,MD,A1C7EAD5-8EBF-4A40-B566-F6DDD6DD2F5F,DISABLING,TWELVE OCLOCK,PASSENGER CAR,ACCELERATING,West,35,No,No,2000,HOND,4S,39.15240833,-77.19471667,""(39.15240833, -77.19471667)"""
"MCP2948006L,230063683,Montgomery County Police,Property Damage Crash,10/31/2023 09:05:00 PM,County,RANDOLPH RD,BENNION RD,,N/A,,SAME DIRECTION SIDESWIPE,CLEAR,DRY,DARK -- UNKNOWN LIGHTING,N/A,UNKNOWN,,47BBD23E-5C90-4AB9-B7EA-55DCF5B082AA,Yes,NO APPARENT INJURY,N/A,UNKNOWN,,708FD267-0CFD-4AFE-AA6B-9B6CB0C872A2,UNKNOWN,TEN OCLOCK,,MOVING CONSTANT SPEED,East,35,Unknown,No,0,UNKNOWN,UNKNOWN,39.05487,-77.08510167,""(39.05487, -77.08510167)"""
"MCP21820033,230064188,Montgomery County Police,Property Damage Crash,10/23/2023 04:45:00 PM,County,GREENCASTLE RD,COLUMBIA PIKE,,N/A,,SAME DIR REND RIGHT TURN,CLEAR,DRY,DAYLIGHT,TRAFFIC SIGNAL,N/A,,6AF5C826-F125-4F55-99E7-72D7C88E8C53,Yes,NO APPARENT INJURY,N/A,NOT DISTRACTED,MD,0F0F05CA-361C-4518-88A1-D8D4FA3DEF2B,NO DAMAGE,TWELVE OCLOCK,PASSENGER CAR,SLOWING OR STOPPING,East,20,No,No,2011,TOYOTA,CAMRY,39.09839886,-76.94425937,""(39.09839886, -76.94425937)"""
"MCP30520023,190047127,Montgomery County Police,Injury Crash,10/01/2019 08:20:00 PM,Maryland (State),W DIAMOND AVE,PERRY PKWY,,GAITHERSBURG,,SAME DIRECTION SIDESWIPE,CLEAR,DRY,DARK LIGHTS ON,TRAFFIC SIGNAL,NONE DETECTED,,2150F2D2-D611-47B0-B892-5AC35A6C4E5C,Yes,POSSIBLE INJURY,N/A,NOT DISTRACTED,MD,94041AD0-DB9B-4C73-9E8A-19D71DF22AF8,SUPERFICIAL,FIVE OCLOCK,PASSENGER CAR,MAKING LEFT TURN,West,35,No,No,2016,TOYOTA,CAMERY,39.14034932,-77.21143652,""(39.14034932, -77.21143652)"""
"MCP9419004P,230051956,Montgomery County Police,Injury Crash,08/29/2023 09:25:00 AM,County,AVERY RD,NEEDWOOD LAKE DR,,N/A,,SINGLE VEHICLE,RAINING,WET,DAYLIGHT,NO CONTROLS,NONE DETECTED,,77891F3D-AEF6-4E10-B437-78579FB62EB2,Yes,SUSPECTED MINOR INJURY,N/A,UNKNOWN,MD,FEB5060B-4AD8-4589-9FC3-57FF1F0B0947,DISABLING,TWELVE OCLOCK,(SPORT) UTILITY VEHICLE,MOVING CONSTANT SPEED,South,40,No,No,2012,TOYOTA,RAV4,39.11968833,-77.11883833,""(39.11968833, -77.11883833)"""
"MCP3372001J,230059021,Montgomery County Police,Property Damage Crash,10/06/2023 07:39:00 PM,,,,""3701 ROSSMOOR BLVD, SILVER SPRING MD 20906."",,,SINGLE VEHICLE,CLEAR,,DARK LIGHTS ON,NO CONTROLS,UNKNOWN,,CF628B4B-94DA-4E65-9A01-2F72639EB417,Yes,NO APPARENT INJURY,N/A,UNKNOWN,,1857D18F-39EE-4C87-BBAC-E4F7D2E15DFD,UNKNOWN,TWELVE OCLOCK,PASSENGER CAR,ACCELERATING,East,25,No,No,2023,KIA,SPORTAGE,39.10102652,-77.07534719,""(39.10102652, -77.07534719)"""
"MCP3086009K,230056011,Montgomery County Police,Property Damage Crash,09/20/2023 08:50:00 PM,County,CLUB HOUSE RD,MONTGOMERY VILLAGE AVE,,N/A,,ANGLE MEETS LEFT TURN,CLEAR,DRY,DARK LIGHTS ON,TRAFFIC SIGNAL,NONE DETECTED,,888F0F95-C499-4530-82AD-1C645257480F,No,NO APPARENT INJURY,N/A,NOT DISTRACTED,MD,C6839DF7-D696-4C00-8A5B-1F7822662F6E,DESTROYED,TWELVE OCLOCK,PASSENGER CAR,MOVING CONSTANT SPEED,West,30,No,No,2012,TOYOTA,COROLLA,39.17459833,-77.20359833,""(39.17459833, -77.20359833)"""
"MCP32640041,230056924,Montgomery County Police,Property Damage Crash,09/26/2023 10:00:00 AM,Maryland (State),GEORGIA AVE,COLESVILLE RD,,N/A,,SAME DIR REAR END,RAINING,WET,DAYLIGHT,NO CONTROLS,NONE DETECTED,,5BA7E4E2-FC30-4662-BAF8-CAE27978AD7D,Yes,NO APPARENT INJURY,""RAIN, SNOW, WET"",INATTENTIVE OR LOST IN THOUGHT,MD,B766E694-6E87-4BD1-A458-269322CD9FA9,DISABLING,TWELVE OCLOCK,PASSENGER CAR,MOVING CONSTANT SPEED,South,30,No,No,2005,NISSAN,ULTIMA,38.99547667,-77.02778167,""(38.99547667, -77.02778167)"""
"MCP3163006C,230069672,Montgomery County Police,Property Damage Crash,12/03/2023 06:47:00 PM,Maryland (State),ROCKVILLE PIKE,TUCKERMAN LA,,N/A,,SAME DIR REAR END,CLEAR,WET,DARK LIGHTS ON,TRAFFIC SIGNAL,N/A,,C811DDAB-224C-4AC2-987B-1FC78ED03B67,Yes,NO APPARENT INJURY,""N/A, WET"",LOOKED BUT DID NOT SEE,MD,3B97B8A7-A10F-4508-A314-41CA1BDF9317,DISABLING,TWELVE OCLOCK,(SPORT) UTILITY VEHICLE,ACCELERATING,South,35,No,No,2011,VOLV,XC60,39.024664,-77.10325217,""(39.024664, -77.10325217)"""
"MCP2966006W,230060564,Montgomery County Police,Property Damage Crash,10/14/2023 08:07:00 PM,County,CIDER BARRELL DR,GERMANTOWN RD,,N/A,,SAME DIR REAR END,N/A,WET,N/A,NO CONTROLS,N/A,,CD7DF1A8-23AC-4F27-BB8E-BF52ABF7D16C,Yes,NO APPARENT INJURY,N/A,NOT DISTRACTED,,88952A46-95AE-4609-98E1-E45616DA0709,NO DAMAGE,TWELVE OCLOCK,PASSENGER CAR,STARTING FROM PARKED,South,25,No,No,2007,TOYOTA,CAROLLA,39.19066797,-77.24432669,""(39.19066797, -77.24432669)"""
"EJ7898001K,230064506,Gaithersburg Police Depar,Injury Crash,11/05/2023 08:50:00 AM,Municipality,GIRARD ST,WHETSTONE GLEN ST,,GAITHERSBURG,,OTHER,CLEAR,DRY,DAYLIGHT,STOP SIGN,MEDICATION CONTRIBUTED,,3431995B-13EA-437B-A64A-334A71C49A66,Unknown,SUSPECTED MINOR INJURY,N/A,UNKNOWN,XX,FB42C393-1045-460E-B69D-0047D2369A19,DISABLING,TWELVE OCLOCK,PASSENGER CAR,MOVING CONSTANT SPEED,East,25,No,No,2023,TOYOTA,TACOMA,39.14971782,-77.18849516,""(39.14971782, -77.18849516)"""
"MCP30510071,230056146,Montgomery County Police,Property Damage Crash,09/21/2023 03:50:00 PM,Maryland (State),ROCKVILLE PIKE,SOUTH DR,,N/A,,OTHER,CLEAR,DRY,DAYLIGHT,TRAFFIC SIGNAL,NONE DETECTED,,489DCE00-B5DA-492A-B69B-E7D8FCC68DD4,Unknown,NO APPARENT INJURY,N/A,UNKNOWN,MD,2141F416-82DA-49A4-ACE5-C7D1208B0460,SUPERFICIAL,EIGHT OCLOCK,TRANSIT BUS,MAKING LEFT TURN,East,35,No,No,2013,GILLIG,LOW FLOOR,38.99968833,-77.09684833,""(38.99968833, -77.09684833)"""
"MCP2298013W,230047105,Montgomery County Police,Property Damage Crash,07/31/2023 11:53:00 AM,,,,PARKING LOT OF 19873 CRYSTAL ROCK DR,,,OTHER,CLEAR,,DAYLIGHT,NO CONTROLS,NONE DETECTED,,612A96C1-DB3D-4DCD-B835-6055DA7343D1,Yes,NO APPARENT INJURY,N/A,NOT DISTRACTED,MD,4FF3A3CA-C747-4757-86C5-6D20EA5C4A8B,FUNCTIONAL,SIX OCLOCK,(SPORT) UTILITY VEHICLE,BACKING,Unknown,10,No,No,2011,JEEP,TK,39.18210833,-77.26367,""(39.18210833, -77.26367)"""
"MCP235300CF,230062636,Montgomery County Police,Property Damage Crash,10/26/2023 09:32:00 AM,Maryland (State),CONNECTICUT AVE,DUNLOP ST,,N/A,,SAME DIRECTION SIDESWIPE,CLOUDY,DRY,DAYLIGHT,NO CONTROLS,N/A,,638198EC-0EF5-46D8-B885-1CEA7AD650AA,No,NO APPARENT INJURY,N/A,NOT DISTRACTED,MD,AEC147DE-640D-4524-ABF6-B5B0CCCF7995,SUPERFICIAL,TEN OCLOCK,TRANSIT BUS,UNKNOWN,South,35,No,No,2013,THOMAS,BUS,38.99017733,-77.07731917,""(38.99017733, -77.07731917)"""
"MCP2648000G,15034147,MONTGOMERY,Property Damage Crash,07/11/2015 11:30:00 PM,,,,parking lot at 3900 Bel Pre Rd,,,OTHER,CLEAR,,DARK LIGHTS ON,N/A,UNKNOWN,,AF86A96D-8342-4405-BECB-1B5FE34B94BA,Yes,NO APPARENT INJURY,N/A,UNKNOWN,,CEBD257A-C75E-4C4F-906E-38388AE25846,UNKNOWN,SIX OCLOCK,PASSENGER CAR,MOVING CONSTANT SPEED,South,25,No,No,2004,TOYOTA,CAMRY,39.09315683,-77.07740664,""(39.09315683, -77.07740664)"""
"MCP3372001N,230061514,Montgomery County Police,Property Damage Crash,10/19/2023 07:26:00 PM,County,CONNECTICUT AVE,GRAND PRE RD,,N/A,,SINGLE VEHICLE,CLEAR,DRY,DARK LIGHTS ON,NO CONTROLS,NONE DETECTED,,02DEC22C-5E79-4BBB-9FB8-AAE372E5D0ED,Yes,NO APPARENT INJURY,N/A,LOOKED BUT DID NOT SEE,MD,E7125756-FDA3-4003-A0F7-8A48CC92A0E7,DISABLING,TWELVE OCLOCK,PASSENGER CAR,MOVING CONSTANT SPEED,North,25,No,No,2010,CHRY,PV,39.08931855,-77.07191052,""(39.08931855, -77.07191052)"""
"MCP33670017,230054285,Montgomery County Police,Property Damage Crash,09/11/2023 04:46:00 PM,County,FRANKLIN AVE,ELLSWORTH DR,,N/A,,OTHER,CLEAR,DRY,DAYLIGHT,TRAFFIC SIGNAL,N/A,,A98A7F2B-D8BE-4770-8BE6-72E3C70B3C4F,No,NO APPARENT INJURY,N/A,NOT DISTRACTED,MD,4AD00BC1-3EA4-4FA2-946F-AA174A3C8E78,DISABLING,ELEVEN OCLOCK,PASSENGER CAR,MOVING CONSTANT SPEED,West,30,No,No,2010,INFINTY,SD,39.00885017,-77.01798733,""(39.00885017, -77.01798733)"""
"DD5664000S,230048180,Rockville Police Departme,Property Damage Crash,08/07/2023 10:13:00 AM,County,CHAPMAN AVE,ROLLINS AVE,,ROCKVILLE,,HEAD ON LEFT TURN,CLOUDY,DRY,DAYLIGHT,N/A,NONE DETECTED,,0EE00227-5DD0-4D6C-8985-134FF7A702AD,No,NO APPARENT INJURY,N/A,DISTRACTED BY OUTSIDE PERSON OBJECT OR EVENT,MD,94320AEA-CC9C-4CD3-A531-9FBB6EF9B506,DISABLING,NINE OCLOCK,PASSENGER CAR,ACCELERATING,North,25,No,No,2008,BMW,328,39.05781985,-77.11803094,""(39.05781985, -77.11803094)"""
"DD5660000G,230057746,Rockville Police Departme,Injury Crash,09/30/2023 07:16:00 PM,Maryland (State),W MONTGOMERY AVE,NELSON ST,,ROCKVILLE,,SAME DIR REND LEFT TURN,N/A,DRY,DARK LIGHTS ON,TRAFFIC SIGNAL,NONE DETECTED,,7C1352C8-2744-48B6-9D8F-FF23A832E982,No,SUSPECTED MINOR INJURY,N/A,NOT DISTRACTED,MD,C6D304A8-5E44-48E2-881A-7AFA71AF2B25,SUPERFICIAL,SIX OCLOCK,PASSENGER CAR,SLOWING OR STOPPING,North,35,No,No,2019,HONDA,ODYSSEY,39.08575193,-77.1706933,""(39.08575193, -77.1706933)"""
"MCP3160004S,230034385,Montgomery County Police,Property Damage Crash,07/18/2023 02:10:00 PM,Maryland (State),CONNECTICUT AVE,BRADLEY LA,,N/A,,SAME DIRECTION SIDESWIPE,CLEAR,DRY,DAYLIGHT,NO CONTROLS,NONE DETECTED,,736B22E3-A910-4922-BF36-39380253EA8D,Yes,NO APPARENT INJURY,N/A,LOOKED BUT DID NOT SEE,DC,B75AE6C7-E768-49ED-92B7-FD81B7A6762E,SUPERFICIAL,EIGHT OCLOCK,PASSENGER CAR,MOVING CONSTANT SPEED,South,30,No,No,2008,HONDA,CIVIC,38.97671569,-77.07707707,""(38.97671569, -77.07707707)"""
"MCP1233005D,230068223,Montgomery County Police,Property Damage Crash,11/25/2023 03:50:00 PM,Maryland (State),CONNECTICUT AVE,DECATUR AVE,,N/A,,STRAIGHT MOVEMENT ANGLE,CLEAR,DRY,DAYLIGHT,NO CONTROLS,NONE DETECTED,,D0960A60-78C1-41BC-90F4-478D53F6A84F,Yes,NO APPARENT INJURY,N/A,NOT DISTRACTED,MD,A94CD039-9CB9-4EB2-A1F1-F4D342B1418D,DISABLING,TWELVE OCLOCK,PASSENGER CAR,MAKING LEFT TURN,West,35,No,No,2013,SUBA,FORESTER,39.03374,-77.075145,""(39.03374, -77.075145)"""