Report Number,Local Case Number,Agency Name,ACRS Report Type,Crash Date/Time,Route Type,Road Name,Cross-Street Name,Off-Road Description,Municipality,Related Non-Motorist,Collision Type,Weather,Surface Condition,Light,Traffic Control,Driver Substance Abuse,Non-Motorist Substance Abuse,Person ID,Driver At Fault,Injury Severity,Circumstance,Driver Distracted By,Drivers License State,Vehicle ID,Vehicle Damage Extent,Vehicle First Impact Location,Vehicle Body Type,Vehicle Movement,Vehicle Going Dir,Speed Limit,Driverless Vehicle,Parked Vehicle,Vehicle Year,Vehicle Make,Vehicle Model,Latitude,Longitude,Location
"MCP3113005F,230058646,Montgomery County Police,Property Damage Crash,10/05/2023 07:30:00 AM,County,LOCKWOOD DR,NEW HAMPSHIRE AVE,,N/A,,SINGLE VEHICLE,CLOUDY,DRY,DAYLIGHT,TRAFFIC SIGNAL,N/A,,683BD5F8-A9EF-4DFC-B038-D347201DD8CB,Yes,NO APPARENT INJURY,N/A,INATTENTIVE OR LOST IN THOUGHT,MD,F7072962-B661-4829-848F-23BE8ACE2D1B,DISABLING,TWELVE OCLOCK,PASSENGER CAR,MOVING CONSTANT SPEED,North,30,No,No,2014,HYUNDAI,SONATA,39.03966871,-76.99059943,""(39.03966871, -76.99059943)"""
"MCP3280004B,230070601,Montgomery County Police,Property Damage Crash,12/02/2023 12:00:00 AM,,,,""3915 BLACKBURN LN, SILVER SPRING, MD 20904"",,,OTHER,UNKNOWN,,DARK -- UNKNOWN LIGHTING,NO CONTROLS,UNKNOWN,,8BA4CE74-4D7E-463B-960C-28A85D5A72DD,Yes,NO APPARENT INJURY,N/A,UNKNOWN,,15FEB8F1-88DA-423C-B492-15969C0EF5A6,SUPERFICIAL,ELEVEN OCLOCK,PASSENGER CAR,PARKING,North,10,No,No,2007,TOYOTA,RAV4,39.10443083,-76.93030117,""(39.10443083, -76.93030117)"""
"DM8494003D,230059136,Takoma Park Police Depart,Injury Crash,10/07/2023 03:52:00 PM,Maryland (State),NEW HAMPSHIRE AVE,EAST WEST HWY (PG CO),,N/A,,SAME DIR REAR END,CLEAR,DRY,DAYLIGHT,TRAFFIC SIGNAL,N/A,,3218CA84-9F0A-4BDE-8009-04AD7495B9DC,No,NO APPARENT INJURY,N/A,NOT DISTRACTED,MD,F14C4E71-92F0-4C14-BEF9-B28C9C5AACA3,SUPERFICIAL,SIX OCLOCK,PASSENGER CAR,STARTING FROM LANE,North,35,No,No,2016,INFINITI,TK,38.97560917,-76.99467833,""(38.97560917, -76.99467833)"""
"MCP3021006T,230054582,Montgomery County Police,Property Damage Crash,09/13/2023 10:00:00 AM,US (State),COLUMBIA PIKE,GREENCASTLE RD,,N/A,,SAME DIR REAR END,CLEAR,DRY,DAYLIGHT,NO CONTROLS,NONE DETECTED,,39D18F01-BE34-4C19-8932-C2479D3629F2,No,NO APPARENT INJURY,N/A,NOT DISTRACTED,MD,8E5B4C5F-7307-44D0-9933-75EAF151C606,DISABLING,SIX OCLOCK,PASSENGER CAR,STOPPED IN TRAFFIC LANE,South,50,No,No,2021,TESLA,UT,39.09730167,-76.93708,""(39.09730167, -76.93708)"""
"EJ78660093,200042803,Gaithersburg Police Depar,Injury Crash,10/30/2020 01:30:00 PM,Municipality,RUSSELL AVE,CHRISTOPHER AVE,,GAITHERSBURG,,HEAD ON LEFT TURN,CLOUDY,DRY,DAYLIGHT,TRAFFIC SIGNAL,NONE DETECTED,,503ED941-7BFC-4769-A77C-8FEB766411EF,No,POSSIBLE INJURY,N/A,NOT DISTRACTED,MD,EFB4D30D-F8C1-466C-AB07-12B41D5B3614,FUNCTIONAL,TWELVE OCLOCK,(SPORT) UTILITY VEHICLE,MOVING CONSTANT SPEED,South,25,No,No,2002,SUZI,SUV,39.15768745,-77.21361094,""(39.15768745, -77.21361094)"""
"MCP913000H7,230067237,Montgomery County Police,Property Damage Crash,11/19/2023 12:53:00 PM,County,RUATAN ST,QUEBEC ST,,N/A,,SAME DIRECTION RIGHT TURN,CLEAR,DRY,DAYLIGHT,NO CONTROLS,NONE DETECTED,,93C41A06-F216-48F9-8EDB-AFD2FA1C8B08,Yes,NO APPARENT INJURY,N/A,LOOKED BUT DID NOT SEE,MD,AB96C42F-E775-4A89-8132-2A006EB18984,FUNCTIONAL,ONE OCLOCK,(SPORT) UTILITY VEHICLE,MOVING CONSTANT SPEED,West,25,No,No,2014,TOYOTA,RAV4,38.99939277,-76.98883171,""(38.99939277, -76.98883171)"""
"MCP22700020,230049408,Montgomery County Police,Property Damage Crash,08/14/2023 02:25:00 PM,County,EXECUTIVE BLVD,CROSSOVER,,N/A,,STRAIGHT MOVEMENT ANGLE,CLEAR,DRY,DAYLIGHT,NO CONTROLS,NONE DETECTED,,B12E3290-F9D4-45CD-8E8A-5B63CB58D481,No,NO APPARENT INJURY,N/A,NOT DISTRACTED,MD,44C41830-BB25-42C0-922B-99E5A0997007,DISABLING,EIGHT OCLOCK,POLICE VEHICLE/EMERGENCY,MOVING CONSTANT SPEED,West,30,No,No,2014,HOND,TK,39.04861667,-77.12441167,""(39.04861667, -77.12441167)"""
"MCP3360000V,230052566,Montgomery County Police,Property Damage Crash,09/01/2023 07:51:00 AM,County,MONTGOMERY VILLAGE AVE,MIDCOUNTY HWY,,N/A,,SAME DIRECTION SIDESWIPE,CLEAR,DRY,DAYLIGHT,TRAFFIC SIGNAL,NONE DETECTED,,580EEA53-0285-43BE-8B79-D7010D0AEFCE,Yes,NO APPARENT INJURY,N/A,NOT DISTRACTED,MD,4496E769-007C-43E1-B911-097ED67F23FA,SUPERFICIAL,EIGHT OCLOCK,SCHOOL BUS,MAKING LEFT TURN,North,35,No,No,2020,THMS,BU,39.15961,-77.200435,""(39.15961, -77.200435)"""
"MCP26870043,230055358,Montgomery County Police,Property Damage Crash,09/17/2023 10:39:00 AM,Maryland (State),WISCONSIN AVE,ROSEDALE AVE,,N/A,,SAME DIRECTION SIDESWIPE,RAINING,WET,DAYLIGHT,NO CONTROLS,NONE DETECTED,,DAEDB75E-E3D8-400B-967A-A72C33FFC904,Yes,NO APPARENT INJURY,N/A,NOT DISTRACTED,MD,2D3C836C-0D78-4D11-B38F-BFC6DBD0720A,DISABLING,NINE OCLOCK,PASSENGER CAR,STARTING FROM LANE,North,25,No,No,2023,HYUNDAI,ELANTRA,38.99224617,-77.09583483,""(38.99224617, -77.09583483)"""
"MCP295400DL,230049818,Montgomery County Police,Property Damage Crash,08/16/2023 06:46:00 PM,County,ARLISS ST,PINEY BRANCH RD,,N/A,,OTHER,CLEAR,DRY,DAYLIGHT,NO CONTROLS,NONE DETECTED,,53B1C584-8487-4549-9A49-E1693E7D93E1,No,NO APPARENT INJURY,N/A,NOT DISTRACTED,MD,3646B45D-0469-4EC3-ADA1-341DB3CBCF7C,SUPERFICIAL,TWELVE OCLOCK,PASSENGER CAR,STOPPED IN TRAFFIC LANE,South,0,No,No,2015,HONDA,ACCORD,38.99950362,-77.00132462,""(38.99950362, -77.00132462)"""
"MCP3289002V,230065800,Montgomery County Police,Injury Crash,11/11/2023 03:00:00 PM,US (State),GEORGIA AVE,RIPLEY ST,,N/A,,STRAIGHT MOVEMENT ANGLE,CLEAR,DRY,DAYLIGHT,STOP SIGN,NONE DETECTED,,ED7387E8-5E3E-4319-AB3E-79FC1B0CD368,No,NO APPARENT INJURY,N/A,NOT DISTRACTED,MD,7934C8D9-8088-4E0E-851D-081529E4A56A,SUPERFICIAL,TWELVE OCLOCK,PASSENGER CAR,MOVING CONSTANT SPEED,North,25,No,No,2016,SUBARU,SW,38.99228667,-77.02641,""(38.99228667, -77.02641)"""
"MCP3339002P,230058004,Montgomery County Police,Injury Crash,10/02/2023 09:45:00 AM,Maryland (State),GEORGIA AVE,JANET RD,,N/A,,STRAIGHT MOVEMENT ANGLE,CLEAR,DRY,DAYLIGHT,TRAFFIC SIGNAL,NONE DETECTED,,31B98223-1EFE-4D52-A920-7F9DBEE4D19F,No,SUSPECTED MINOR INJURY,N/A,NOT DISTRACTED,MD,190028F4-123C-4C48-B8E8-42186CA4C120,DESTROYED,NINE OCLOCK,VAN,MOVING CONSTANT SPEED,South,35,No,No,2017,CHRYSLEY,PACIFICA,39.06958433,-77.0624665,""(39.06958433, -77.0624665)"""
"MCP3212003V,220048242,Montgomery County Police,Property Damage Crash,11/02/2022 02:51:00 PM,,,,PARKING LOT OF 9440 GEORGIA AVE,,,OTHER,CLEAR,,DAYLIGHT,NO CONTROLS,NONE DETECTED,,9CCAF41A-88EE-4F55-B577-63DCAF9AA084,No,NO APPARENT INJURY,N/A,NOT DISTRACTED,MD,7DDF1154-150F-46CF-9D24-7AEF2195EE58,FUNCTIONAL,EIGHT OCLOCK,PASSENGER CAR,PARKED,,10,No,Yes,2007,HOND,ODYSSEY,39.01030555,-77.04175188,""(39.01030555, -77.04175188)"""
"MCP91180045,230056023,Montgomery County Police,Property Damage Crash,09/20/2023 11:59:00 PM,County,ARCOLA AVE,NAIRN RD,,N/A,,SAME DIRECTION SIDESWIPE,CLEAR,DRY,DARK -- UNKNOWN LIGHTING,NO CONTROLS,NONE DETECTED,,2B5101DC-A600-4867-9C13-FC90E40D3A7F,Yes,NO APPARENT INJURY,N/A,UNKNOWN,MD,49ACB856-738D-4FF4-9F69-1048DAB7458B,DISABLING,ONE OCLOCK,(SPORT) UTILITY VEHICLE,MOVING CONSTANT SPEED,West,30,No,No,2017,ACURA,MDX,39.04722833,-77.045505,""(39.04722833, -77.045505)"""
"MCP289200F9,230057945,Montgomery County Police,Injury Crash,10/01/2023 09:54:00 PM,,,,""DRIVEWAY"
"2110 DENNIS AVENUE SILVER SPRING MD, 20902"",,,OTHER,CLEAR,,DARK LIGHTS ON,N/A,NONE DETECTED,,57E1D45C-1D7D-468F-BAC2-9232D5ED9763,Yes,POSSIBLE INJURY,N/A,NOT DISTRACTED,MD,DFA5D571-D505-4D2E-AF2C-5410C74897D6,DISABLING,TWELVE OCLOCK,PASSENGER CAR,STARTING FROM PARKED,Unknown,0,No,No,2009,NISSAN,ALTIMA,39.02506667,-77.04617667,""(39.02506667, -77.04617667)"""
"MCP9386009R,230066642,Montgomery County Police,Property Damage Crash,11/16/2023 09:15:00 AM,County,NORTHAMPTON DR,NEW HAMPSHIRE AVE,,N/A,,SAME DIR REAR END,CLEAR,DRY,DAYLIGHT,TRAFFIC SIGNAL,NONE DETECTED,,1C4F5AD9-B621-4116-A4B9-DD122888D7F0,Yes,NO APPARENT INJURY,N/A,UNKNOWN,MD,D5700B96-6E6F-4C4B-BB6A-1152DE0587EE,SUPERFICIAL,TWELVE OCLOCK,SCHOOL BUS,STOPPED IN TRAFFIC LANE,East,15,No,No,2016,THOMAS,BUS,39.00691667,-76.98077167,""(39.00691667, -76.98077167)"""
"MCP30910044,230057851,Montgomery County Police,Property Damage Crash,10/01/2023 12:46:00 PM,County,REDLAND RD,FREDERICK RD,,N/A,,STRAIGHT MOVEMENT ANGLE,CLEAR,DRY,DAYLIGHT,TRAFFIC SIGNAL,N/A,,D0C93750-176D-451B-8B84-CCFDC750EAB8,Yes,NO APPARENT INJURY,N/A,UNKNOWN,MD,A8F17174-D486-4B93-A386-DDD0E03270F3,FUNCTIONAL,TWELVE OCLOCK,PICKUP TRUCK,MOVING CONSTANT SPEED,South,40,No,No,2021,TOYOTA,TACOMA,39.11551917,-77.16634383,""(39.11551917, -77.16634383)"""
"MCP3279002S,230063482,Montgomery County Police,Injury Crash,10/30/2023 07:35:00 PM,County,RANDOLPH RD,KEMP MILL RD,,N/A,,SAME DIR REAR END,RAINING,WET,DARK LIGHTS ON,TRAFFIC SIGNAL,NONE DETECTED,,A461CFE2-95EC-4D80-9B87-68DFD6926DA5,No,SUSPECTED MINOR INJURY,""N/A, WET"",NOT DISTRACTED,MD,F58C49FE-8A3B-4A5E-89C1-6D882E7C8F1D,DISABLING,SIX OCLOCK,PASSENGER CAR,STOPPED IN TRAFFIC LANE,East,40,No,No,2020,GMC,TERRAIN,39.06645923,-77.03057146,""(39.06645923, -77.03057146)"""
"MCP3136006G,230034724,Montgomery County Police,Property Damage Crash,07/21/2023 10:10:00 AM,Maryland (State),PINEY BRANCH RD,CARROLL AVE,,N/A,,SAME DIRECTION SIDESWIPE,CLEAR,DRY,DAYLIGHT,TRAFFIC SIGNAL,NONE DETECTED,,F0F85292-8C0B-4022-9551-5D725AE98FFD,No,NO APPARENT INJURY,N/A,NOT DISTRACTED,MD,59791C1E-6C68-4EE2-A026-1C418B399764,SUPERFICIAL,ONE OCLOCK,(SPORT) UTILITY VEHICLE,MOVING CONSTANT SPEED,South,35,No,No,2018,MAZD,CX5,38.99998878,-76.99072579,""(38.99998878, -76.99072579)"""
"EJ78750044,230064425,Gaithersburg Police Depar,Property Damage Crash,11/04/2023 05:27:00 PM,Maryland (State),FREDERICK RD,DALAMAR ST,,GAITHERSBURG,,SAME DIRECTION SIDESWIPE,CLEAR,DRY,DAYLIGHT,NO CONTROLS,N/A,,4BD12BA3-FA4F-4580-84A0-FC0BCE1187FF,No,NO APPARENT INJURY,N/A,NOT DISTRACTED,MD,82383A40-C087-488D-839B-9DBD349575F3,SUPERFICIAL,TEN OCLOCK,TRANSIT BUS,STOPPED IN TRAFFIC LANE,South,30,No,No,2016,GILL,CBU,39.14719083,-77.20557449,""(39.14719083, -77.20557449)"""
"MCP2780007H,230071164,Montgomery County Police,Injury Crash,12/11/2023 06:30:00 PM,,,,""PARKING LOT OF 20900 FREDERICK ROAD GERMANTOWN, MARYLAND 20876 (MILESTONE SHOPPING CENTER)"",,,STRAIGHT MOVEMENT ANGLE,CLOUDY,,DARK LIGHTS ON,NO CONTROLS,NONE DETECTED,,37BB20D1-0D08-4E41-8892-49C1CF064DE1,No,POSSIBLE INJURY,N/A,NOT DISTRACTED,MD,82458D61-3D33-45CE-958A-1A518773E54A,FUNCTIONAL,TWELVE OCLOCK,PASSENGER CAR,MOVING CONSTANT SPEED,East,15,No,No,2009,HOND,ACCORD,39.20015717,-77.24660567,""(39.20015717, -77.24660567)"""
"MCP3362001V,230046331,Montgomery County Police,Property Damage Crash,07/25/2023 01:07:00 PM,Interstate (State),CAPITAL BELTWAY,UNIVERSITY BLVD E,,N/A,,SAME DIR REAR END,CLEAR,DRY,DAYLIGHT,NO CONTROLS,UNKNOWN,,AB8E4A0E-4E37-4651-B4DF-55576F56B371,Yes,NO APPARENT INJURY,""BACKUP DUE TO REGULAR CONGESTION, N/A"",UNKNOWN,MD,DDEE4D40-56AA-4DBC-B5FB-A706E931D4EA,SUPERFICIAL,TWELVE OCLOCK,PASSENGER CAR,SLOWING OR STOPPING,West,55,No,No,2013,TOYOTA,SCION,39.01606179,-77.00757969,""(39.01606179, -77.00757969)"""
"MCP3300002L,230074431,Montgomery County Police,Property Damage Crash,12/31/2023 10:00:00 PM,Maryland (State),LAYHILL RD,BEL PRE RD,,N/A,,HEAD ON LEFT TURN,CLEAR,N/A,DARK LIGHTS ON,TRAFFIC SIGNAL,NONE DETECTED,,AA5FAE6A-9EBF-475D-BCE3-371D47F2D316,Yes,NO APPARENT INJURY,N/A,UNKNOWN,XX,D9D431FB-D6B8-4203-9344-9C6BFFEFAF33,DISABLING,TWELVE OCLOCK,PASSENGER CAR,MAKING LEFT TURN,West,40,No,No,2015,HONDA,ACCORD,39.09060018,-77.04483779,""(39.09060018, -77.04483779)"""
"MCP209400MV,230064842,Montgomery County Police,Property Damage Crash,11/07/2023 08:38:00 AM,Maryland (State),ROCKVILLE PIKE,STRATHMORE AVE,,N/A,,SAME DIR REAR END,CLEAR,DRY,DAYLIGHT,NO CONTROLS,NONE DETECTED,,99AFB2C6-5B7C-4FBA-A011-0B40DB12CFD8,No,NO APPARENT INJURY,N/A,NOT DISTRACTED,MD,D10F42B1-D794-44F5-9209-1B5EDCA23AF5,SUPERFICIAL,SIX OCLOCK,PASSENGER CAR,SLOWING OR STOPPING,North,40,No,No,2013,TESLA,S,39.03434333,-77.106575,""(39.03434333, -77.106575)"""
"MCP2892002W,170528066,Montgomery County Police,Injury Crash,08/31/2017 08:57:00 PM,US (State),COLESVILLE RD,DALE DR,,N/A,,STRAIGHT MOVEMENT ANGLE,CLEAR,DRY,DARK LIGHTS ON,TRAFFIC SIGNAL,NONE DETECTED,,B65E925A-7A7B-49A8-BF68-C4A7436F6ED6,Yes,POSSIBLE INJURY,N/A,NOT DISTRACTED,MD,22334AB8-234F-4F8C-96E4-D48DD5049A7B,DISABLING,TWELVE OCLOCK,POLICE VEHICLE/EMERGENCY,MOVING CONSTANT SPEED,North,35,No,No,2013,HONDA,4S,39.00529833,-77.02292833,""(39.00529833, -77.02292833)"""
"MCP3209004H,230067196,Montgomery County Police,Property Damage Crash,11/19/2023 07:08:00 PM,County,MACARTHUR BLVD,WALHONDING RD,,N/A,,SAME DIRECTION RIGHT TURN,CLEAR,DRY,DARK LIGHTS ON,NO CONTROLS,NONE DETECTED,,7FDB8765-6A88-494B-86B8-C1CB36BC3FAE,No,NO APPARENT INJURY,N/A,NOT DISTRACTED,MD,D17188B0-491F-43C9-B5F7-A883D44CE728,SUPERFICIAL,EIGHT OCLOCK,PASSENGER CAR,MOVING CONSTANT SPEED,North,45,No,No,2016,BMW,3,38.95831927,-77.13065671,""(38.95831927, -77.13065671)"""
"MCP3230004M,230055274,Montgomery County Police,Property Damage Crash,09/16/2023 06:40:00 PM,Maryland (State),VEIRS MILL RD,TURKEY BRANCH PKWY,,N/A,,SAME DIR REAR END,CLEAR,DRY,DAYLIGHT,TRAFFIC SIGNAL,NONE DETECTED,,BDCED71E-DDA0-49B1-8B64-6263395DED50,No,NO APPARENT INJURY,N/A,NOT DISTRACTED,MD,83BD242D-2237-4D6F-AF64-89D143A308DB,SUPERFICIAL,SIX OCLOCK,PASSENGER CAR,STOPPED IN TRAFFIC LANE,West,35,No,No,2021,TOYOYTA,SD,39.06112944,-77.09090324,""(39.06112944, -77.09090324)"""
"MCP1378016N,230068046,Montgomery County Police,Injury Crash,11/24/2023 11:35:00 AM,Maryland (State),CLOPPER RD,W WATKINS MILL RD,,GAITHERSBURG,,STRAIGHT MOVEMENT ANGLE,CLOUDY,DRY,DAYLIGHT,TRAFFIC SIGNAL,NONE DETECTED,,162667BF-A70A-46ED-BD84-8DCC6D4E8D9C,No,SUSPECTED MINOR INJURY,N/A,NOT DISTRACTED,MD,A0C55DF6-1842-4549-8B7B-10E5FFDC7EDA,DISABLING,TWELVE OCLOCK,PASSENGER CAR,ACCELERATING,East,35,No,No,2009,HONDA,ACCORD,39.14756501,-77.23296192,""(39.14756501, -77.23296192)"""
"EJ7888004S,230050416,Gaithersburg Police Depar,Property Damage Crash,08/20/2023 06:15:00 PM,Maryland (State),W DIAMOND AVE,MUDDY BRANCH RD,,N/A,,HEAD ON LEFT TURN,CLEAR,DRY,DAYLIGHT,TRAFFIC SIGNAL,NONE DETECTED,,8FEF5483-CEAA-439D-8AEC-AD6D268D16C9,No,NO APPARENT INJURY,N/A,NOT DISTRACTED,MD,FA4744C7-6984-487D-877F-E7B9715A15B2,DISABLING,EIGHT OCLOCK,(SPORT) UTILITY VEHICLE,ACCELERATING,South,30,No,No,2007,MITS,TK,39.1400491,-77.2053877,""(39.1400491, -77.2053877)"""
"MCP2782004S,230049980,Montgomery County Police,Injury Crash,08/17/2023 06:39:00 PM,Maryland (State),GEORGIA AVE,KAYSON ST,,N/A,PEDESTRIAN,STRAIGHT MOVEMENT ANGLE,CLEAR,DRY,DAYLIGHT,NO CONTROLS,NONE DETECTED,NONE DETECTED,3B79C0DD-6A2B-4D51-A2F4-573A58792F71,No,NO APPARENT INJURY,N/A,NOT DISTRACTED,MD,DEE5E6D7-6EC2-4CF8-9097-32186463F506,DISABLING,TWELVE OCLOCK,(SPORT) UTILITY VEHICLE,MOVING CONSTANT SPEED,North,35,No,No,2020,CHEVROLET,TRAVERSE,39.070845,-77.06336667,""(39.070845, -77.06336667)"""
"EJ7885003P,230063613,Gaithersburg Police Depar,Injury Crash,10/31/2023 03:34:00 PM,,WATKINS MILL RD,FOREST PRSERVE DR,,N/A,,SAME DIRECTION SIDESWIPE,N/A,DRY,DAYLIGHT,NO CONTROLS,NONE DETECTED,,F8D90B1F-D15D-45C9-94DF-A5E790038309,Yes,POSSIBLE INJURY,N/A,UNKNOWN,MD,205A5A80-4897-4A72-8FAB-08CB4C8B6E91,FUNCTIONAL,THREE OCLOCK,PASSENGER CAR,MOVING CONSTANT SPEED,West,35,No,No,2017,NISS,SD,39.15327167,-77.23077367,""(39.15327167, -77.23077367)"""
"MCP26080055,230046873,Montgomery County Police,Injury Crash,07/29/2023 09:11:00 PM,Maryland (State),NEW HAMPSHIRE AVE,ADELPHI RD,,N/A,,SAME DIR REAR END,CLEAR,DRY,DARK LIGHTS ON,TRAFFIC SIGNAL,ALCOHOL PRESENT,,36E5BC34-7366-4AE7-90F7-0D42614307BD,Yes,NO APPARENT INJURY,N/A,NOT DISTRACTED,MD,C42A9160-39BD-4F04-B2E5-AB774219B3CE,DISABLING,TWELVE OCLOCK,PASSENGER CAR,MOVING CONSTANT SPEED,North,35,No,No,2014,HYUNDAI,VELOSTER,39.01119667,-76.97899333,""(39.01119667, -76.97899333)"""
"DD5665001N,230064393,Rockville Police Departme,Property Damage Crash,11/04/2023 01:55:00 PM,Maryland (State),HUNGERFORD DR,ENT TO FLAGSHIP SHOPPING CTR,,N/A,,STRAIGHT MOVEMENT ANGLE,CLEAR,DRY,DAYLIGHT,TRAFFIC SIGNAL,NONE DETECTED,,09674D8B-7CFE-4BAB-8C0E-88B5A9A4BC68,No,NO APPARENT INJURY,N/A,NOT DISTRACTED,MD,34A37BC1-9A03-4ABC-A9D6-DE3AF67A29A5,DISABLING,ONE OCLOCK,PASSENGER CAR,MOVING CONSTANT SPEED,South,40,No,No,2015,KIA,UT,39.09440693,-77.15207254,""(39.09440693, -77.15207254)"""
"MCP3277003D,230073934,Montgomery County Police,Property Damage Crash,12/28/2023 05:09:00 AM,County,WATKINS MILL RD,END BRIDGE,,N/A,,SINGLE VEHICLE,RAINING,WET,DARK LIGHTS ON,FLASHING TRAFFIC SIGNAL,NONE DETECTED,,E9AB4B4F-92BE-415A-ADA0-C9E72FC6AB7E,Yes,NO APPARENT INJURY,""RAIN, SNOW, WET"",UNKNOWN,MD,EEA9F5A5-5C0A-49D6-B44A-4EEA0FDA2EF3,DISABLING,ELEVEN OCLOCK,PASSENGER CAR,SKIDDING,North,35,No,No,2015,CHRYSLER,200,39.15668417,-77.22449267,""(39.15668417, -77.22449267)"""
"MCP23390086,230022456,Montgomery County Police,Injury Crash,05/10/2023 05:01:00 PM,Municipality,E GUDE DR,TAFT ST,,ROCKVILLE,PEDESTRIAN,OTHER,CLEAR,DRY,DAYLIGHT,NO CONTROLS,NONE DETECTED,NONE DETECTED,3660E464-4505-4A40-98FB-194428788196,Yes,NO APPARENT INJURY,N/A,UNKNOWN,MD,ED48113C-61B3-44F7-A2C9-63E41C14DA59,NO DAMAGE,TWELVE OCLOCK,PASSENGER CAR,MAKING RIGHT TURN,East,35,No,No,2018,TOYOTA,CAMRY,39.09669446,-77.1353897,""(39.09669446, -77.1353897)"""
"MCP3372001B,230054287,Montgomery County Police,Property Damage Crash,09/11/2023 05:08:00 PM,County,BEL PRE RD,HOMECREST RD,,N/A,,STRAIGHT MOVEMENT ANGLE,N/A,UNKNOWN,N/A,TRAFFIC SIGNAL,UNKNOWN,,F4C1BE7C-673A-433A-9CE1-66EE1D383165,Yes,NO APPARENT INJURY,N/A,UNKNOWN,,E3D45577-265B-4F31-9C3D-454BB4703548,FUNCTIONAL,ELEVEN OCLOCK,PASSENGER CAR,MAKING RIGHT TURN,West,25,No,No,2018,TOYOTA,COROLLA,39.09145703,-77.06277024,""(39.09145703, -77.06277024)"""
"MCP28880027,230070696,Montgomery County Police,Property Damage Crash,12/08/2023 09:05:00 PM,Maryland (State),VEIRS MILL RD,TWINBROOK PKWY,,N/A,,SAME DIRECTION SIDESWIPE,CLEAR,DRY,DARK LIGHTS ON,NO CONTROLS,UNKNOWN,,9F37F7BE-7DC6-4909-A5DD-55874E1B5221,Yes,NO APPARENT INJURY,N/A,UNKNOWN,,1A02FC0C-A4B9-4A6F-8FDD-D3C7D7DDB8F8,UNKNOWN,TWO OCLOCK,(SPORT) UTILITY VEHICLE,MOVING CONSTANT SPEED,West,40,No,No,2005,GMC,YUKON,39.07317207,-77.11136222,""(39.07317207, -77.11136222)"""
"MCP33420014,230047708,Montgomery County Police,Injury Crash,08/03/2023 09:28:00 PM,Maryland (State),GEORGIA AVE,PARKER AVE,,N/A,,SAME DIR REAR END,RAINING,WET,DARK NO LIGHTS,NO CONTROLS,NONE DETECTED,,FB339A06-DD87-4A0D-AC95-468E89A30049,Yes,NO APPARENT INJURY,""RAIN, SNOW, WET"",NOT DISTRACTED,NJ,669B8908-76C1-4DCC-8655-B0B6213B88DE,DISABLING,TWELVE OCLOCK,PASSENGER CAR,MOVING CONSTANT SPEED,North,25,No,No,2011,HYUND,SONATA,39.04906367,-77.051853,""(39.04906367, -77.051853)"""
"MCP9301004T,230064531,Montgomery County Police,Injury Crash,11/05/2023 12:00:00 PM,County,SHADY GROVE RD,RAMP 6 FR SHADY GROVE RD EB TO IS 270 SB,,N/A,,STRAIGHT MOVEMENT ANGLE,N/A,DRY,DAYLIGHT,TRAFFIC SIGNAL,N/A,,C645E52E-60E4-40DA-890A-51434927D426,Yes,NO APPARENT INJURY,N/A,NOT DISTRACTED,MD,E5092346-1FA4-46EB-A797-F0724CBA6EBA,SUPERFICIAL,TWELVE OCLOCK,PICKUP TRUCK,MOVING CONSTANT SPEED,West,30,No,No,2004,FORD,F250,39.1401348,-77.2042687,""(39.1401348, -77.2042687)"""
"MCP2846008Y,230034257,Montgomery County Police,Injury Crash,07/18/2023 08:10:00 PM,Maryland (State),GEORGIA AVE,RANDOLPH RD,,N/A,,OTHER,CLEAR,DRY,DAYLIGHT,TRAFFIC SIGNAL,NONE DETECTED,,A26DDB54-4D10-4A35-8D9E-C13BCFB5DDF6,No,SUSPECTED MINOR INJURY,N/A,NOT DISTRACTED,MD,99AD6D25-2626-4F6A-854E-DB77D4FD140A,DESTROYED,TWELVE OCLOCK,PASSENGER CAR,ACCELERATING,West,35,No,No,2012,TOYT,COROLLA,39.05831167,-77.0501,""(39.05831167, -77.0501)"""
"MCP2203007W,230072570,Montgomery County Police,Property Damage Crash,12/19/2023 02:05:00 PM,County,AMHERST AVE,BLUERIDGE AVE,,N/A,,SAME DIR REAR END,CLEAR,DRY,DAYLIGHT,STOP SIGN,NONE DETECTED,,E8772460-96EC-47ED-93E5-FEF69CC61895,Yes,NO APPARENT INJURY,N/A,NOT DISTRACTED,MD,948EF412-E710-4CF6-AA4F-2F098F6E3A5D,SUPERFICIAL,TWELVE OCLOCK,OTHER,SLOWING OR STOPPING,North,25,No,No,2000,FORD,UTILIMASTER,39.04306167,-77.04786167,""(39.04306167, -77.04786167)"""
"MCP21070047,230053641,Montgomery County Police,Injury Crash,09/07/2023 12:49:00 PM,Maryland (State),CLARKSBURG RD,RAMP 3 FR MD 121 EB TO IS 270 NB,,N/A,,STRAIGHT MOVEMENT ANGLE,CLEAR,DRY,DAYLIGHT,TRAFFIC SIGNAL,NONE DETECTED,,D9D8D0D1-3191-4BAF-931C-F2D539E8DB98,No,POSSIBLE INJURY,N/A,NOT DISTRACTED,MD,22C24EE5-39AA-473B-BA10-C089BDEBF73F,DISABLING,NINE OCLOCK,PASSENGER CAR,MOVING CONSTANT SPEED,North,35,No,No,2022,TOYOTA,TACOMA,39.232846,-77.283656,""(39.232846, -77.283656)"""