Report Number,Local Case Number,Agency Name,ACRS Report Type,Crash Date/Time,Route Type,Road Name,Cross-Street Name,Off-Road Description,Municipality,Related Non-Motorist,Collision Type,Weather,Surface Condition,Light,Traffic Control,Driver Substance Abuse,Non-Motorist Substance Abuse,Person ID,Driver At Fault,Injury Severity,Circumstance,Driver Distracted By,Drivers License State,Vehicle ID,Vehicle Damage Extent,Vehicle First Impact Location,Vehicle Body Type,Vehicle Movement,Vehicle Going Dir,Speed Limit,Driverless Vehicle,Parked Vehicle,Vehicle Year,Vehicle Make,Vehicle Model,Latitude,Longitude,Location
"MCP271700Y0,230058107,Montgomery County Police,Injury Crash,10/02/2023 03:30:00 PM,Interstate (State),EISENHOWER MEMORIAL HWY,RAMP 6 FR MD 28 EB TO IS 270 SB,,N/A,,SAME DIRECTION SIDESWIPE,CLEAR,DRY,DAYLIGHT,NO CONTROLS,NONE DETECTED,,337C0436-7B3C-44D3-A1CB-AB34F206DD0D,No,SUSPECTED MINOR INJURY,N/A,NOT DISTRACTED,MD,AC1785A1-67D4-4275-B7E9-E7E8CBB38908,DISABLING,ONE OCLOCK,PICKUP TRUCK,MOVING CONSTANT SPEED,South,55,No,No,2017,CHEVROLT,SILVERADO,39.12731833,-77.24020333,""(39.12731833, -77.24020333)"""
"MCP20470052,230056941,Montgomery County Police,Property Damage Crash,09/26/2023 11:23:00 AM,County,PARAMOUNT DR,SOMERVILLE DR,,N/A,,HEAD ON LEFT TURN,CLOUDY,WET,DAYLIGHT,NO CONTROLS,NONE DETECTED,,9807C9D5-E130-411E-9574-5DE0665861CF,Yes,NO APPARENT INJURY,""N/A, WET"",LOOKED BUT DID NOT SEE,MD,3C21991C-FEF2-473E-BD69-F0058B7D9DA0,SUPERFICIAL,TEN OCLOCK,""MEDIUM/HEAVY TRUCKS 3 AXLES (OVER 10,000LBS (4,536KG))"",MAKING LEFT TURN,West,25,No,No,2013,ISUZU,NPR,39.10089665,-77.18517879,""(39.10089665, -77.18517879)"""
"MCP30080043,230065492,Montgomery County Police,Injury Crash,11/10/2023 12:01:00 AM,Maryland (State),UNIVERSITY BLVD E,MERRIMAC DR,,TAKOMA PARK,,STRAIGHT MOVEMENT ANGLE,CLEAR,DRY,DARK LIGHTS ON,NO CONTROLS,NONE DETECTED,,3A071662-1452-4BCF-ADC8-FB44407772FD,No,POSSIBLE INJURY,N/A,UNKNOWN,MD,511BB844-2448-4D2E-8BE5-DA6E599BDD5A,FUNCTIONAL,TWELVE OCLOCK,PASSENGER CAR,MOVING CONSTANT SPEED,West,30,No,No,2010,NISSAN,ALTIMA,38.99262167,-76.991365,""(38.99262167, -76.991365)"""
"MCP30940035,230046057,Montgomery County Police,Injury Crash,07/25/2023 05:59:00 PM,Maryland (State),WOODFIELD RD,LINDBERGH DR,,N/A,,SAME DIR REAR END,N/A,DRY,DAYLIGHT,NO CONTROLS,NONE DETECTED,,FAD52601-44A2-45BD-92EE-8EE227278C26,No,NO APPARENT INJURY,N/A,NOT DISTRACTED,MD,E089A91F-40D0-43C2-A3A8-4C9FD576D365,FUNCTIONAL,SIX OCLOCK,PASSENGER CAR,STOPPED IN TRAFFIC LANE,North,35,No,No,2008,TOYOTA,4S,39.16542667,-77.156555,""(39.16542667, -77.156555)"""
"MCP2055003G,220055666,Montgomery County Police,Property Damage Crash,12/16/2022 09:40:00 AM,Municipality,BANK ST,QUINCE ORCHARD RD,,N/A,,SAME DIR REAR END,CLEAR,DRY,DAYLIGHT,TRAFFIC SIGNAL,NONE DETECTED,,762AE2BD-BE65-4B28-A756-CF60B118F74B,Yes,NO APPARENT INJURY,N/A,UNKNOWN,MD,18770DBF-DF1A-4555-8098-721A616B069D,NO DAMAGE,TWELVE OCLOCK,PASSENGER CAR,SLOWING OR STOPPING,East,45,No,No,2002,CHRYSLER,VAN,39.1407575,-77.22147133,""(39.1407575, -77.22147133)"""
"MCP33730019,230049683,Montgomery County Police,Injury Crash,08/16/2023 01:22:00 AM,Maryland (State),16TH ST,EAST WEST HWY,,N/A,,STRAIGHT MOVEMENT ANGLE,CLEAR,DRY,DARK LIGHTS ON,TRAFFIC SIGNAL,NONE DETECTED,,29778879-28BF-4BD9-9AB7-0F86B6EB1A0F,Yes,SUSPECTED MINOR INJURY,N/A,UNKNOWN,IN,57C33A10-DF3F-4A45-8FDF-34E2E2392C58,DISABLING,ONE OCLOCK,PASSENGER CAR,MOVING CONSTANT SPEED,West,30,No,No,2021,BMW,X3,38.99457748,-77.03629315,""(38.99457748, -77.03629315)"""
"MCP33040017,230055398,Montgomery County Police,Property Damage Crash,09/16/2023 09:05:00 PM,County,WOODMONT AVE,BATTERY LA,,N/A,,SAME DIR REND RIGHT TURN,CLEAR,DRY,DARK LIGHTS ON,TRAFFIC SIGNAL,NONE DETECTED,,68C4616F-0ABC-410F-8020-007BFE9216F5,Yes,NO APPARENT INJURY,N/A,LOOKED BUT DID NOT SEE,MD,6794C8BD-A914-40DD-A20A-DF1814CB5F3F,NO DAMAGE,TWELVE OCLOCK,PASSENGER CAR,SLOWING OR STOPPING,South,25,No,No,2019,MAZDA,CX3,38.98600167,-77.09924833,""(38.98600167, -77.09924833)"""
"DM85030010,230059593,Takoma Park Police Depart,Property Damage Crash,10/10/2023 08:05:00 AM,Maryland (State),NEW HAMPSHIRE AVE,ALLEY #4,,TAKOMA PARK,,OTHER,CLEAR,DRY,DAYLIGHT,TRAFFIC SIGNAL,N/A,,7AFA0FB4-745F-4F13-B762-8EFEE8DF6846,No,NO APPARENT INJURY,N/A,NOT DISTRACTED,MD,AD433528-6854-4154-9FF0-C4C1694C0688,DISABLING,THREE OCLOCK,PASSENGER CAR,MOVING CONSTANT SPEED,East,25,No,No,2006,TOYOTA,SOLARA,38.9874774,-76.98782174,""(38.9874774, -76.98782174)"""
"MCP3170003Q,230071137,Montgomery County Police,Injury Crash,12/11/2023 04:31:00 PM,County,WISTERIA DR,GREAT SENECA HWY,,N/A,,SAME DIR REAR END,CLOUDY,DRY,DAYLIGHT,TRAFFIC SIGNAL,NONE DETECTED,,E0A10E3B-C3A8-4FCD-AD2D-7B12DDE40787,No,NO APPARENT INJURY,N/A,NOT DISTRACTED,MD,1F20C45A-0363-450D-88F2-80ED1C207B0F,NO DAMAGE,SIX OCLOCK,PASSENGER CAR,STOPPED IN TRAFFIC LANE,West,35,No,No,2020,TOYT,SD,39.17104927,-77.26268328,""(39.17104927, -77.26268328)"""
"MCP14980002,200013264,Montgomery County Police,Property Damage Crash,03/19/2020 08:30:00 AM,,,,REAR PARKING LOT OF 4890 BATTERY LANE,,,OTHER,CLEAR,,DAYLIGHT,N/A,UNKNOWN,,7073FE7D-0092-4AD9-AD5B-A065B062324D,Yes,NO APPARENT INJURY,N/A,UNKNOWN,,967F99A0-DC33-4622-8728-BFE36FCE4380,UNKNOWN,UNKNOWN,,UNKNOWN,South,0,No,No,0,UNKNOWN,UNKNOWN,38.99136101,-77.09843427,""(38.99136101, -77.09843427)"""
"MCP3207003Q,230073857,Montgomery County Police,Injury Crash,12/27/2023 03:17:00 PM,Maryland (State),NEW HAMPSHIRE AVE,THOMAS DR,,N/A,,STRAIGHT MOVEMENT ANGLE,RAINING,WET,DAYLIGHT,NO CONTROLS,NONE DETECTED,,83903612-3E61-47A0-B473-EF4ACE9ABD78,Yes,NO APPARENT INJURY,""RAIN, SNOW, WET"",NOT DISTRACTED,MD,D6191B82-3AFE-4B88-8CEC-BC132E6BD8C8,DISABLING,TEN OCLOCK,PASSENGER CAR,MAKING RIGHT TURN,South,40,No,No,2019,NISSAN,SENTRA,39.066623,-77.00112,""(39.066623, -77.00112)"""
"MCP302600C8,230073285,Montgomery County Police,Property Damage Crash,12/23/2023 10:14:00 AM,Maryland (State),ROCKVILLE PIKE,POOKS HILL RD,,N/A,,SAME DIRECTION LEFT TURN,CLEAR,DRY,DAYLIGHT,TRAFFIC SIGNAL,NONE DETECTED,,512DCFFD-63B0-428F-A3A3-7673A6626DA1,Yes,NO APPARENT INJURY,N/A,NOT DISTRACTED,MD,3F0B5132-EC5D-4434-A174-AABE5354F99E,FUNCTIONAL,SIX OCLOCK,PASSENGER CAR,SLOWING OR STOPPING,South,35,No,No,2015,TOYOTA,CAMRY,39.01495536,-77.09999471,""(39.01495536, -77.09999471)"""
"MCP3220004G,230069349,Montgomery County Police,Property Damage Crash,12/01/2023 04:34:00 PM,Maryland (State),FREDERICK RD,S WESTLAND DR,,GAITHERSBURG,,SAME DIR REAR END,RAINING,WET,DARK LIGHTS ON,NO CONTROLS,NONE DETECTED,,49DB4B56-5A9A-450A-A4A0-78B8BAA0F2B6,No,NO APPARENT INJURY,""RAIN, SNOW, WET"",NOT DISTRACTED,MD,05130BFF-5F6E-4065-9E7D-33232B4C8E38,FUNCTIONAL,SIX OCLOCK,PASSENGER CAR,SLOWING OR STOPPING,South,35,No,No,2023,HOND,UT,39.12366867,-77.17937717,""(39.12366867, -77.17937717)"""
"MCP2564003P,230057048,Montgomery County Police,Property Damage Crash,09/26/2023 06:50:00 PM,County,STRATH HAVEN DR,WIGHTMAN RD,,N/A,,OTHER,CLOUDY,WET,DUSK,NO CONTROLS,NONE DETECTED,,C2DB1B98-0F97-4202-90E2-C2B3B9DFD2C3,No,NO APPARENT INJURY,N/A,NOT DISTRACTED,MD,D78249BA-D976-4B2F-9F7F-E473F95BFB0A,SUPERFICIAL,SEVEN OCLOCK,(SPORT) UTILITY VEHICLE,PARKED,,25,No,Yes,2016,FORD,EXPLORER,39.19365483,-77.1936785,""(39.19365483, -77.1936785)"""
"MCP2931005J,210042848,Montgomery County Police,Injury Crash,10/24/2021 07:55:00 PM,,,,6105 MONTROSE RD,,,SINGLE VEHICLE,CLEAR,,DARK LIGHTS ON,N/A,NONE DETECTED,,44B187D8-2B6B-4420-807A-DF0155A2278D,Yes,POSSIBLE INJURY,N/A,INATTENTIVE OR LOST IN THOUGHT,MD,25FC5797-DD4B-4753-9166-9182FE3BB53A,FUNCTIONAL,TWELVE OCLOCK,PASSENGER CAR,ACCELERATING,Unknown,0,No,No,2009,HOND,CIVIC,39.05467,-77.12130167,""(39.05467, -77.12130167)"""
"MCP3053006V,230059423,Montgomery County Police,Property Damage Crash,10/09/2023 10:28:00 AM,County,HENDERSON AVE,VALLEYWOOD DR,,N/A,,SAME DIR REAR END,CLEAR,DRY,DAYLIGHT,NO CONTROLS,N/A,,A785B309-B027-4683-BE0F-7C70C3E1BC01,No,NO APPARENT INJURY,N/A,NOT DISTRACTED,MD,F94BA4EE-2F56-448B-934F-D582C246FB20,FUNCTIONAL,SEVEN OCLOCK,OTHER,MOVING CONSTANT SPEED,North,20,No,No,2019,MAKE,TK,39.05500198,-77.06434042,""(39.05500198, -77.06434042)"""
"MCP1400001J,230064456,Montgomery County Police,Property Damage Crash,11/04/2023 05:30:00 PM,County,ODENDHAL AVE,CONTOUR RD,,N/A,,SAME DIRECTION SIDESWIPE,CLEAR,DRY,DUSK,NO CONTROLS,N/A,,795F5471-7442-46F2-A016-028892AC4023,No,NO APPARENT INJURY,N/A,NOT DISTRACTED,MD,83707607-95C5-481F-9C23-B1D396F82EB1,FUNCTIONAL,ELEVEN OCLOCK,PASSENGER CAR,ACCELERATING,West,30,No,No,2017,TOYOTA,TK,39.15240048,-77.19591696,""(39.15240048, -77.19591696)"""
"MCP32770035,230050582,Montgomery County Police,Property Damage Crash,08/21/2023 05:32:00 PM,Maryland (State),MONTGOMERY VILLAGE AVE,FREDERICK RD,,N/A,,STRAIGHT MOVEMENT ANGLE,CLEAR,DRY,DAYLIGHT,TRAFFIC SIGNAL,NONE DETECTED,,81F87048-013D-4DA9-A049-B3633C100C89,No,NO APPARENT INJURY,N/A,NOT DISTRACTED,MD,5B48F196-7486-41C8-B0D1-261DBF714E10,FUNCTIONAL,TWELVE OCLOCK,PASSENGER CAR,MOVING CONSTANT SPEED,North,35,No,No,2016,SUBA,UT,39.15236833,-77.21185917,""(39.15236833, -77.21185917)"""
"MCP3200009V,230065569,Montgomery County Police,Injury Crash,11/10/2023 11:24:00 AM,Maryland (State),CONNECTICUT AVE,CHEVY CHASE LAKE DR,,N/A,,OTHER,RAINING,WET,DAYLIGHT,TRAFFIC SIGNAL,NONE DETECTED,,38FAC474-C36C-44CF-9898-5B551DA2EDE3,Yes,NO APPARENT INJURY,""RAIN, SNOW, WET"",UNKNOWN,CA,561C57F7-72EF-4353-86CB-790227E8B7C4,DISABLING,TWELVE OCLOCK,PASSENGER CAR,MAKING LEFT TURN,South,35,No,No,2011,NISSAN,SENTRA,38.99417233,-77.07724867,""(38.99417233, -77.07724867)"""
"MCP3256002R,230073573,Montgomery County Police,Injury Crash,12/25/2023 06:26:00 PM,US (State),COLUMBIA PIKE,FAIRLAND RD,,N/A,,SAME DIR REAR END,CLEAR,DRY,DARK LIGHTS ON,TRAFFIC SIGNAL,NONE DETECTED,,5121A894-8A45-4AFA-876D-55E06229B0D9,No,NO APPARENT INJURY,N/A,NOT DISTRACTED,MD,2077DD69-7664-48A7-91A4-00E586DE972B,FUNCTIONAL,SIX OCLOCK,PASSENGER CAR,STOPPED IN TRAFFIC LANE,North,55,No,No,2018,HONDA,CIVIC,39.0724857,-76.95610047,""(39.0724857, -76.95610047)"""
"DD5660000X,230070671,Rockville Police Departme,Property Damage Crash,12/08/2023 05:58:00 PM,Maryland (State),FREDERICK RD,REDLAND RD,,N/A,,HEAD ON LEFT TURN,N/A,DRY,DARK LIGHTS ON,TRAFFIC SIGNAL,NONE DETECTED,,CF965E5F-307B-4440-8040-0CDF56DA52A0,No,NO APPARENT INJURY,N/A,NOT DISTRACTED,MD,82691218-5076-4616-AE6B-B26E52D5D4CF,NO DAMAGE,TWELVE OCLOCK,PASSENGER CAR,MOVING CONSTANT SPEED,South,35,No,No,2017,NISSAN,ROGUE,39.11572145,-77.16608313,""(39.11572145, -77.16608313)"""
"EJ78370077,230062318,Gaithersburg Police Depar,Injury Crash,10/24/2023 02:00:00 PM,Maryland (State),FREDERICK RD,PERRY PKWY,,GAITHERSBURG,,ANGLE MEETS RIGHT TURN,CLEAR,DRY,DAYLIGHT,TRAFFIC SIGNAL,N/A,,AA521CD2-B6D8-49F4-A99F-ADE0A18CAE2F,Unknown,POSSIBLE INJURY,N/A,NOT DISTRACTED,MD,6E91AD2E-CBAB-4E81-95C4-B90EFC38158C,DISABLING,TWELVE OCLOCK,PASSENGER CAR,STARTING FROM LANE,East,30,No,No,2017,TOYOTA,COROLLA,39.14997727,-77.20904268,""(39.14997727, -77.20904268)"""
"MCP29620087,230056616,Montgomery County Police,Property Damage Crash,09/24/2023 12:16:00 PM,Maryland (State),CLOPPER RD,KINGSVIEW VILLAGE AVE,,N/A,,HEAD ON LEFT TURN,RAINING,WET,DAYLIGHT,TRAFFIC SIGNAL,NONE DETECTED,,8D1CD884-14EA-4A6E-BEDE-CD1E344329B9,No,NO APPARENT INJURY,""RAIN, SNOW, WET"",NOT DISTRACTED,MD,C0EAF6EE-5AB1-46A8-8035-47AC078254C1,FUNCTIONAL,EIGHT OCLOCK,PICKUP TRUCK,MOVING CONSTANT SPEED,South,35,No,No,2022,TOYOTA,TACOMA,39.20274771,-77.24552401,""(39.20274771, -77.24552401)"""
"EJ7781004C,230051272,Gaithersburg Police Depar,Injury Crash,08/25/2023 12:50:00 PM,Municipality,ORCHARD RIDGE DR,GREAT SENECA HWY,,N/A,,HEAD ON LEFT TURN,CLEAR,DRY,DAYLIGHT,TRAFFIC SIGNAL,NONE DETECTED,,5AFB0F81-0054-4023-88C5-97CF7B520963,Yes,NO APPARENT INJURY,N/A,NOT DISTRACTED,MD,66EF67A9-C6E8-4DA6-90C3-E360C85E4D04,FUNCTIONAL,TWELVE OCLOCK,PASSENGER CAR,MAKING LEFT TURN,North,25,No,No,2013,TOYT,TK,39.12374723,-77.23167607,""(39.12374723, -77.23167607)"""
"MCP24320011,230052716,Montgomery County Police,Injury Crash,09/01/2023 09:48:00 PM,Maryland (State),MONTGOMERY VILLAGE AVE,CHRISTOPHER AVE,,N/A,,STRAIGHT MOVEMENT ANGLE,CLEAR,DRY,DARK LIGHTS ON,TRAFFIC SIGNAL,NONE DETECTED,,0F1F3BA4-EC6D-4ADA-A5A1-8D3361C3CF61,No,SUSPECTED MINOR INJURY,N/A,NOT DISTRACTED,MD,C1CD33E4-28EA-4F1F-8CB4-8FB6A4C1C837,DISABLING,EIGHT OCLOCK,PASSENGER CAR,MOVING CONSTANT SPEED,North,35,No,No,2011,KIA,OPTIMA,39.15828283,-77.2038895,""(39.15828283, -77.2038895)"""
"MCP2396000Y,15051731,MONTGOMERY,Injury Crash,10/12/2015 01:34:00 PM,,,,Parking Lot Collision  @ 13605 Connecticut Avenue,,,SAME DIR REAR END,CLEAR,,DAYLIGHT,N/A,NONE DETECTED,,8252B6AB-736F-45C6-806E-BCBA68247AEC,No,SUSPECTED MINOR INJURY,N/A,NOT DISTRACTED,MD,A0B3CD53-952B-47E8-AB74-ACB28D77EFC9,SUPERFICIAL,SIX OCLOCK,VAN,PARKED,,5,No,Yes,2009,HONDA,ODYSSEY,39.07778333,-77.07993,""(39.07778333, -77.07993)"""
"MCP2875007K,230048973,Montgomery County Police,Injury Crash,08/11/2023 05:50:00 PM,Maryland (State),RIDGE RD,KEMPTOWN RD,,N/A,,HEAD ON,CLOUDY,DRY,DAYLIGHT,NO CONTROLS,NONE DETECTED,,7EAA83AF-372A-4A5F-B36F-AA1079ACE63D,Yes,SUSPECTED SERIOUS INJURY,N/A,NOT DISTRACTED,MD,94F73F6E-0EAB-45CB-A075-CE1E70BD3728,DESTROYED,TWELVE OCLOCK,(SPORT) UTILITY VEHICLE,MOVING CONSTANT SPEED,South,50,No,No,2013,HONDA,CRV,39.325285,-77.19516833,""(39.325285, -77.19516833)"""
"MCP2598004F,230052652,Montgomery County Police,Property Damage Crash,09/01/2023 02:44:00 PM,US (State),COLUMBIA PIKE,BURNT MILLS AVE,,N/A,,SAME DIR REAR END,CLEAR,DRY,DAYLIGHT,TRAFFIC SIGNAL,NONE DETECTED,,2F76DE46-CD0D-4088-A749-4F456B0398F8,Yes,NO APPARENT INJURY,N/A,NOT DISTRACTED,MD,4FF1DE24-D9B2-4AE3-B108-E70EB0C4B5D4,FUNCTIONAL,TWELVE OCLOCK,SCHOOL BUS,SLOWING OR STOPPING,South,40,No,No,2020,THMS,BU,39.03626281,-77.0002474,""(39.03626281, -77.0002474)"""
"MCP2776004Z,230066738,Montgomery County Police,Property Damage Crash,11/16/2023 04:04:00 PM,Maryland (State),GEORGIA AVE,QUEEN MARY DR,,N/A,,SAME DIRECTION RIGHT TURN,CLEAR,DRY,DAYLIGHT,NO CONTROLS,N/A,,18722CB8-8E4F-4C68-A4C7-4803A0F5DA78,No,NO APPARENT INJURY,N/A,NOT DISTRACTED,MD,BCCD3546-64AF-43D1-B33F-5986FFE48533,FUNCTIONAL,TEN OCLOCK,(SPORT) UTILITY VEHICLE,STOPPED IN TRAFFIC LANE,North,30,No,No,2018,NISS,TK,39.1472401,-77.06684365,""(39.1472401, -77.06684365)"""
"MCP285900DS,230052761,Montgomery County Police,Property Damage Crash,09/02/2023 09:20:00 AM,Maryland (State),FREDERICK RD,PROFESSIONAL DR,,GAITHERSBURG,,STRAIGHT MOVEMENT ANGLE,CLEAR,DRY,DAYLIGHT,TRAFFIC SIGNAL,NONE DETECTED,,8BB62EE3-A335-4BD1-8D4F-2DD109621B20,Yes,NO APPARENT INJURY,N/A,UNKNOWN,MD,F622EFB6-16AB-4B58-A995-3BACE99E859F,DISABLING,FOUR OCLOCK,PASSENGER CAR,MOVING CONSTANT SPEED,North,40,No,No,2015,HYUN,SONATA,39.16383033,-77.22666117,""(39.16383033, -77.22666117)"""
"MCP3199005D,230035027,Montgomery County Police,Property Damage Crash,07/23/2023 03:30:00 AM,County,LONGMEAD CROSSING DR,WIMBLEDON DR,,N/A,,STRAIGHT MOVEMENT ANGLE,CLEAR,DRY,DARK -- UNKNOWN LIGHTING,NO CONTROLS,NONE DETECTED,,5150E943-1C6D-4450-907F-D734E04712AF,No,NO APPARENT INJURY,N/A,NOT DISTRACTED,MD,F47D10A5-9EDD-46A1-B592-CDBD7A5882F0,DISABLING,FIVE OCLOCK,(SPORT) UTILITY VEHICLE,MAKING U TURN,North,25,No,No,2023,KIA,SOUL,39.09925945,-77.04772145,""(39.09925945, -77.04772145)"""
"MCP32000091,230050062,Montgomery County Police,Injury Crash,08/18/2023 09:06:00 AM,County,SAUL RD,SPUR TO ELROD RD,,N/A,,STRAIGHT MOVEMENT ANGLE,CLEAR,DRY,DAYLIGHT,STOP SIGN,NONE DETECTED,,28DA7C0A-41E9-4BDB-A132-BDD911E03F98,Yes,SUSPECTED MINOR INJURY,N/A,UNKNOWN,MD,41995983-F7C0-4614-9937-67B729DF31AD,DISABLING,NINE OCLOCK,(SPORT) UTILITY VEHICLE,STARTING FROM LANE,West,20,No,No,2017,JEEP,WRANGLER,39.01504967,-77.0752745,""(39.01504967, -77.0752745)"""
"MCP31880009,190013489,Montgomery County Police,Injury Crash,03/23/2019 09:33:00 PM,County,E JEFFERSON ST,MONTROSE RD,,N/A,,OTHER,CLEAR,DRY,DARK LIGHTS ON,N/A,N/A,,5C359508-BFE5-4816-ADB8-271D54A65D00,No,POSSIBLE INJURY,N/A,UNKNOWN,MD,1693FE8D-49D6-47CE-AEC2-7BDE6577448D,DISABLING,SIX OCLOCK,VAN,MOVING CONSTANT SPEED,North,35,No,No,2013,TOYOTA,SIENNA,39.05295833,-77.126125,""(39.05295833, -77.126125)"""
"MCP292300B2,230059118,Montgomery County Police,Injury Crash,10/07/2023 01:52:00 PM,County,PARKER AVE,GEORGIA AVE,,N/A,BICYCLIST,OTHER,CLEAR,DRY,DAYLIGHT,STOP SIGN,NONE DETECTED,NONE DETECTED,02D7FF38-9CF5-4A0A-90F5-FE44268C9513,Yes,NO APPARENT INJURY,N/A,LOOKED BUT DID NOT SEE,MD,F7EF4643-A945-4BD2-8EA2-9C176E920070,SUPERFICIAL,TWELVE OCLOCK,(SPORT) UTILITY VEHICLE,MAKING RIGHT TURN,West,25,No,No,2012,LEXUS,SUV,39.04950383,-77.05174269,""(39.04950383, -77.05174269)"""
"MCP209400ML,230052126,Montgomery County Police,Property Damage Crash,08/24/2023 03:30:00 PM,,,,""PARKING LOT OF"
"9100 ROTHBURY DR"",,,SAME DIR REAR END,CLEAR,,DAYLIGHT,NO CONTROLS,UNKNOWN,,712E2D58-F798-4F3B-80D7-13F700758062,No,NO APPARENT INJURY,N/A,NOT DISTRACTED,MD,451941C8-9C7F-4D94-A7D0-DF10D43CAAF5,SUPERFICIAL,SIX OCLOCK,PASSENGER CAR,STOPPED IN TRAFFIC LANE,Unknown,0,No,No,2018,TOYOTA,CAMERY,39.18528582,-77.18871079,""(39.18528582, -77.18871079)"""
"MCP2534004T,230051416,Montgomery County Police,Injury Crash,08/26/2023 03:15:00 AM,Maryland (State),UNIVERSITY BLVD W,ROCKY MOUNT WAY,,N/A,,SINGLE VEHICLE,CLEAR,DRY,DARK LIGHTS ON,NO CONTROLS,ALCOHOL PRESENT,,C1B869C7-99E0-468F-8929-ACF1D7C2FF44,Yes,SUSPECTED MINOR INJURY,N/A,NOT DISTRACTED,MD,544CE1C3-F398-49DC-B8A0-F122DEB0857F,DESTROYED,UNDERSIDE,PASSENGER CAR,MOVING CONSTANT SPEED,East,35,No,No,2018,CHEVROLET,CRUZE,39.03664617,-77.03220483,""(39.03664617, -77.03220483)"""
"MCP29680053,230058048,Montgomery County Police,Property Damage Crash,10/02/2023 12:03:00 PM,Maryland (State),DARNESTOWN RD,DUFIEF MILL RD,,N/A,,SAME DIR REAR END,CLEAR,DRY,DAYLIGHT,N/A,N/A,,BF96DFA9-5CEC-48BF-A2C6-9EF4FFBC0D14,No,NO APPARENT INJURY,N/A,NOT DISTRACTED,MD,38AAAED6-ADE3-4DE9-96FD-0E4811905D43,FUNCTIONAL,SIX OCLOCK,PASSENGER CAR,MOVING CONSTANT SPEED,East,40,No,No,2016,FORD,ESCAPE,39.10333,-77.22542833,""(39.10333, -77.22542833)"""
"MCP31930052,230067312,Montgomery County Police,Property Damage Crash,11/19/2023 03:20:00 PM,County,GARDEN GATE RD,BILLMAN LA,,N/A,,SAME DIR REAR END,CLEAR,DRY,DAYLIGHT,NO CONTROLS,ALCOHOL PRESENT,,0886B436-FC00-41C2-A150-635A9B7809A5,Yes,NO APPARENT INJURY,N/A,OTHER DISTRACTION,MD,443DDE74-B12B-44F1-84B5-7DA531790696,DISABLING,TWELVE OCLOCK,PASSENGER CAR,MOVING CONSTANT SPEED,South,25,No,No,2008,MAZDA,MAZDA 3,39.06331945,-77.03871963,""(39.06331945, -77.03871963)"""
"MCP3259003D,230055970,Montgomery County Police,Property Damage Crash,09/20/2023 04:30:00 PM,County,SEVEN LOCKS RD,CODDLE HARBOR LA,,N/A,,SAME DIRECTION SIDESWIPE,CLEAR,DRY,DAYLIGHT,NO CONTROLS,UNKNOWN,,3469654F-3193-434C-A2E3-ECC5219E4664,Yes,NO APPARENT INJURY,N/A,UNKNOWN,,600DB518-A807-4968-A669-8FF25505CAA1,UNKNOWN,UNKNOWN,PASSENGER CAR,PASSING,North,35,No,No,2014,HONDA,CR-V,39.04241032,-77.1595646,""(39.04241032, -77.1595646)"""
"MCP3378000N,230054661,Montgomery County Police,Injury Crash,09/13/2023 04:40:00 PM,Maryland (State),NEW HAMPSHIRE AVE,NORWOOD RD,,N/A,,SAME DIR REAR END,CLEAR,DRY,DAYLIGHT,NO CONTROLS,NONE DETECTED,,41C36358-E9F0-442C-B4E4-D9B408163045,Yes,NO APPARENT INJURY,N/A,INATTENTIVE OR LOST IN THOUGHT,MD,BA8EFDA5-AD55-44F3-8BEF-1DE60346A3F8,DISABLING,TWELVE OCLOCK,PASSENGER CAR,MOVING CONSTANT SPEED,South,45,No,No,2021,TOYT,UT,39.10692667,-77.00032167,""(39.10692667, -77.00032167)"""
"MCP2203007L,230062061,Montgomery County Police,Property Damage Crash,10/23/2023 08:20:00 AM,,,,PARKING LOT OF 2315 RANDOLPH RD (STARBUCKS),,,SAME DIRECTION SIDESWIPE,CLEAR,,DAYLIGHT,NO CONTROLS,UNKNOWN,,7927DB14-FAE0-410E-8CA9-858C7B4EDC5A,Yes,NO APPARENT INJURY,N/A,NOT DISTRACTED,DC,51EEC543-7DAE-4E98-B941-BB0203C2E74F,FUNCTIONAL,TWELVE OCLOCK,(SPORT) UTILITY VEHICLE,CHANGING LANES,North,15,No,No,2015,SUBARU,TK,39.058978,-77.04870483,""(39.058978, -77.04870483)"""
"MCP304800BG,230034928,Montgomery County Police,Property Damage Crash,07/22/2023 03:40:00 PM,Maryland (State),CONNECTICUT AVE,BRADLEY LA,,N/A,,SAME DIRECTION SIDESWIPE,CLEAR,DRY,DAYLIGHT,TRAFFIC SIGNAL,N/A,,84D57709-3373-43F9-903C-131F334FA17E,Unknown,NO APPARENT INJURY,N/A,NOT DISTRACTED,MD,F567868A-4456-47D3-AB35-1E8467F18B85,FUNCTIONAL,TWO OCLOCK,PASSENGER CAR,MOVING CONSTANT SPEED,North,35,No,No,2014,CHEVROLET,CAMARO,38.99916483,-77.07359683,""(38.99916483, -77.07359683)"""