Report Number,Local Case Number,Agency Name,ACRS Report Type,Crash Date/Time,Route Type,Road Name,Cross-Street Name,Off-Road Description,Municipality,Related Non-Motorist,Collision Type,Weather,Surface Condition,Light,Traffic Control,Driver Substance Abuse,Non-Motorist Substance Abuse,Person ID,Driver At Fault,Injury Severity,Circumstance,Driver Distracted By,Drivers License State,Vehicle ID,Vehicle Damage Extent,Vehicle First Impact Location,Vehicle Body Type,Vehicle Movement,Vehicle Going Dir,Speed Limit,Driverless Vehicle,Parked Vehicle,Vehicle Year,Vehicle Make,Vehicle Model,Latitude,Longitude,Location
"MCP3262003T,230073905,Montgomery County Police,Property Damage Crash,12/27/2023 07:09:00 PM,County,GREENCASTLE RD,GATEWAY TER,,N/A,,STRAIGHT MOVEMENT ANGLE,RAINING,WET,DARK LIGHTS ON,STOP SIGN,UNKNOWN,,DAD60F3F-D8E6-4990-A3DA-DDCB897CD3C4,Yes,NO APPARENT INJURY,""N/A, WET"",UNKNOWN,,D5E02568-C0DB-4756-AA82-88B04AC88842,FUNCTIONAL,TWELVE OCLOCK,PASSENGER CAR,ACCELERATING,West,5,No,No,2016,TOYOTA,COROLLA,39.08487283,-76.9313565,""(39.08487283, -76.9313565)"""
"MCP291700CG,230059841,Montgomery County Police,Property Damage Crash,10/11/2023 12:00:00 PM,Maryland (State),GEORGIA AVE,SHOREFIELD RD,,N/A,,HEAD ON LEFT TURN,CLEAR,DRY,DAYLIGHT,TRAFFIC SIGNAL,NONE DETECTED,,75F3734A-07B0-4C50-9658-92FBF4AABD63,Unknown,NO APPARENT INJURY,N/A,NOT DISTRACTED,MD,C3FB2E07-5DC1-49E5-8616-63E2FEE54FF6,SUPERFICIAL,TWELVE OCLOCK,PASSENGER CAR,MAKING LEFT TURN,South,35,No,No,2015,TOYOTA,RAV4,39.05309733,-77.050757,""(39.05309733, -77.050757)"""
"MCP24560083,230069601,Montgomery County Police,Property Damage Crash,12/03/2023 11:00:00 AM,Interstate (State),CAPITAL BELTWAY,RAMP 1 FR MD 193 NB TO IS 495 WB,,N/A,,STRAIGHT MOVEMENT ANGLE,RAINING,WET,DAYLIGHT,NO CONTROLS,NONE DETECTED,,3FB1BC51-0853-408F-A16A-80F2AE008861,No,NO APPARENT INJURY,""RAIN, SNOW, WET"",NOT DISTRACTED,MD,94234CC9-1A85-40C9-AD93-5442FB03A69E,DISABLING,ONE OCLOCK,PASSENGER CAR,MOVING CONSTANT SPEED,West,60,No,No,2021,TOYT,UT,39.01560748,-77.0014727,""(39.01560748, -77.0014727)"""
"MCP3361000V,230053405,Montgomery County Police,Property Damage Crash,09/06/2023 10:15:00 AM,Maryland (State),UNIVERSITY BLVD W,REEDIE DR,,N/A,,SINGLE VEHICLE,CLEAR,DRY,DAYLIGHT,FLASHING TRAFFIC SIGNAL,NONE DETECTED,,59D7CAC6-C20C-469F-9021-DFB0E0E0C47D,Yes,NO APPARENT INJURY,N/A,NOT DISTRACTED,MD,0BF02D76-0BE7-4064-8B27-6282E51D47F5,DISABLING,TWELVE OCLOCK,PASSENGER CAR,MOVING CONSTANT SPEED,East,35,No,No,2014,TOYOTA,SIENNA LE,39.03962117,-77.0427825,""(39.03962117, -77.0427825)"""
"DD5663000L,230073872,Rockville Police Departme,Injury Crash,12/27/2023 04:14:00 PM,Maryland (State),HUNGERFORD DR,E MIDDLE LA,,ROCKVILLE,,SAME DIRECTION RIGHT TURN,RAINING,WET,DUSK,TRAFFIC SIGNAL,NONE DETECTED,,194875B4-7578-4326-9475-AC20D7A57E0F,Yes,NO APPARENT INJURY,N/A,NOT DISTRACTED,MD,1FF4484B-EC74-4532-A301-A7822829844F,SUPERFICIAL,ONE OCLOCK,FIRE VEHICLE/EMERGENCY,ACCELERATING,South,40,No,No,2009,CHEV,VN,39.08513638,-77.14817677,""(39.08513638, -77.14817677)"""
"MCP28000062,230070869,Montgomery County Police,Property Damage Crash,12/10/2023 05:15:00 AM,Maryland (State),CONNECTICUT AVE,VEIRS MILL RD,,N/A,,SAME DIR REAR END,CLEAR,DRY,DARK LIGHTS ON,NO CONTROLS,NONE DETECTED,,C8F14516-7E1D-47E8-8E31-57CF3B8D4763,No,NO APPARENT INJURY,N/A,NOT DISTRACTED,XX,CD6DF4CD-145B-4DED-959F-D49E549ABF19,FUNCTIONAL,SEVEN OCLOCK,PASSENGER CAR,MOVING CONSTANT SPEED,South,40,No,No,2017,FORD,UT,39.05109833,-77.075205,""(39.05109833, -77.075205)"""
"MCP33680019,230046353,Montgomery County Police,Injury Crash,07/25/2023 10:00:00 AM,Maryland (State),QUINCE ORCHARD RD,BANK ST,,GAITHERSBURG,,HEAD ON LEFT TURN,CLEAR,DRY,DAYLIGHT,TRAFFIC SIGNAL,NONE DETECTED,,49FD8E77-F98A-4A27-BC53-E35B6A9E343A,Yes,POSSIBLE INJURY,N/A,UNKNOWN,MD,D6D31CF9-2868-49FC-AC12-F8143DDD8BD7,DISABLING,ONE OCLOCK,PASSENGER CAR,MAKING LEFT TURN,North,35,No,No,2020,CHEVY,MALIBU,39.14006583,-77.22206817,""(39.14006583, -77.22206817)"""
"MCP2552006H,230057765,Montgomery County Police,Injury Crash,09/30/2023 09:10:00 PM,County,E JEFFERSON ST,E JEFFERSON ST (AHEAD),,ROCKVILLE,,OTHER,CLEAR,DRY,DARK LIGHTS ON,N/A,N/A,,40806B05-6D01-4952-9427-C158B3BDCEC1,Yes,SUSPECTED MINOR INJURY,N/A,NOT DISTRACTED,MD,E791BE1B-47A4-4FEA-BF7C-00334AA162B2,DISABLING,TWELVE OCLOCK,PASSENGER CAR,MOVING CONSTANT SPEED,North,35,No,No,2016,NISSAN,SENTRA,39.05753833,-77.12624667,""(39.05753833, -77.12624667)"""
"DD5567001D,230064710,Rockville Police Departme,Property Damage Crash,11/06/2023 01:56:00 PM,Maryland (State),ROCKVILLE PIKE,EDMONSTON DR,,ROCKVILLE,,HEAD ON LEFT TURN,CLEAR,DRY,DAYLIGHT,NO CONTROLS,NONE DETECTED,,A7D92AFF-4E31-4876-ABF9-AFE3CB07EC85,Yes,NO APPARENT INJURY,N/A,UNKNOWN,MD,6274D716-15BE-4E1D-BCCD-632231A8EBAA,DISABLING,THREE OCLOCK,PASSENGER CAR,MAKING LEFT TURN,North,40,No,No,2019,INFI,UT,39.07356828,-77.13462143,""(39.07356828, -77.13462143)"""
"MCP26830064,220044357,Montgomery County Police,Property Damage Crash,10/10/2022 09:01:00 PM,Maryland (State),MONTGOMERY VILLAGE AVE,CHRISTOPHER AVE,,N/A,,HEAD ON LEFT TURN,CLEAR,DRY,DARK LIGHTS ON,TRAFFIC SIGNAL,NONE DETECTED,,F3D3F1C2-FB5D-4D76-8ECA-6E2BED4313FF,Unknown,NO APPARENT INJURY,N/A,NOT DISTRACTED,MD,BD3115DA-D2EC-4787-B5EA-E63019FDFCC7,DISABLING,TWELVE OCLOCK,PASSENGER CAR,MOVING CONSTANT SPEED,South,35,No,No,2012,NISSAN,SENTRA,39.15826833,-77.20458333,""(39.15826833, -77.20458333)"""
"MCP3356000L,230046543,Montgomery County Police,Property Damage Crash,07/27/2023 11:25:00 PM,Maryland (State),GERMANTOWN RD,EISENHOWER MEMORIAL HWY,,N/A,,SINGLE VEHICLE,CLEAR,DRY,DARK LIGHTS ON,NO CONTROLS,ALCOHOL CONTRIBUTED,,2AF20C26-C44D-40D9-91B6-C065E3F16D6A,Yes,NO APPARENT INJURY,N/A,INATTENTIVE OR LOST IN THOUGHT,MD,C4BFDA19-BD81-479A-8207-F4BAFEE08CC7,DISABLING,ONE OCLOCK,PASSENGER CAR,MOVING CONSTANT SPEED,North,45,No,No,2012,TOYOTA,SCION,39.18494805,-77.25408163,""(39.18494805, -77.25408163)"""
"MCP3292001T,230056555,Montgomery County Police,Property Damage Crash,09/23/2023 11:21:00 PM,Interstate (State),EISENHOWER MEMORIAL HWY,W DIAMOND AVE,,N/A,,SAME DIR REAR END,RAINING,WET,DARK LIGHTS ON,NO CONTROLS,NONE DETECTED,,6703B8B3-EC59-45EE-9557-C99B4AF096D1,Yes,NO APPARENT INJURY,""RAIN, SNOW, WET"",LOOKED BUT DID NOT SEE,MD,F6767B0F-962A-4DA2-8EF7-C5ED3966F3A0,DISABLING,SIX OCLOCK,PASSENGER CAR,SLOWING OR STOPPING,North,55,No,No,2023,KIA,SORENTO,39.14111635,-77.21265269,""(39.14111635, -77.21265269)"""
"MCP2899006Q,230046550,Montgomery County Police,Property Damage Crash,07/28/2023 12:50:00 AM,Interstate (State),CAPITAL BELTWAY,RAMP 8 FR US 29 SB TO IS 495 WB,,N/A,,SINGLE VEHICLE,CLEAR,DRY,DARK LIGHTS ON,N/A,ILLEGAL DRUG PRESENT,,2B54011A-054B-4B72-AE7D-D4C1F015309F,Yes,NO APPARENT INJURY,N/A,NOT DISTRACTED,MD,C0544868-4A90-48F3-9F34-1669C21B60F8,DISABLING,SEVEN OCLOCK,PASSENGER CAR,MOVING CONSTANT SPEED,West,30,No,No,2021,MAZDA,6,39.01730989,-77.01593898,""(39.01730989, -77.01593898)"""
"MCP3289002Q,230061818,Montgomery County Police,Property Damage Crash,10/21/2023 01:45:00 PM,County,FENTON ST,ELLSWORTH DR,,N/A,,SAME DIRECTION RIGHT TURN,CLEAR,DRY,DAYLIGHT,FLASHING TRAFFIC SIGNAL,NONE DETECTED,,0CD75ABF-68A3-4D6B-B147-CC69FD85E798,No,NO APPARENT INJURY,N/A,NOT DISTRACTED,MH,5469CCC1-F046-46E1-9712-32CB468A5D7A,SUPERFICIAL,SIX OCLOCK,PASSENGER CAR,STOPPED IN TRAFFIC LANE,East,25,No,No,2018,TOYOTA,COROLLA,38.997135,-77.02579,""(38.997135, -77.02579)"""
"MCP2859006T,190017971,Montgomery County Police,Injury Crash,04/17/2019 01:00:00 PM,Maryland (State),KEY WEST AVE,SPUR FR SHADY GROVE RD,,N/A,,SAME DIRECTION SIDESWIPE,CLEAR,DRY,DAYLIGHT,NO CONTROLS,NONE DETECTED,,1E5AE99D-442E-4C2D-B031-7433CB361507,No,NO APPARENT INJURY,N/A,NOT DISTRACTED,MD,F014CD1F-35C3-4D88-AFB2-5BC4E6D57C8A,DISABLING,ONE OCLOCK,PASSENGER CAR,MOVING CONSTANT SPEED,West,40,No,No,2018,HOND,FIT,39.104235,-77.19265333,""(39.104235, -77.19265333)"""
"MCP2906003C,230058514,Montgomery County Police,Injury Crash,10/04/2023 04:00:00 PM,County,MEDICAL CENTER DR,MEDICAL CENTER WAY,,N/A,,STRAIGHT MOVEMENT ANGLE,CLEAR,DRY,DAYLIGHT,STOP SIGN,N/A,,9C5A7D5C-9ECD-4255-9216-AA759CE334CC,No,SUSPECTED MINOR INJURY,N/A,NOT DISTRACTED,MD,97C9D9BE-E8F7-4A31-9ABB-23E25C89E61F,FUNCTIONAL,NINE OCLOCK,PASSENGER CAR,MOVING CONSTANT SPEED,South,25,No,No,2019,MITS,TK,39.10166667,-77.19542333,""(39.10166667, -77.19542333)"""
"EJ78370076,2300139854,Gaithersburg Police Depar,Injury Crash,10/10/2023 12:30:00 PM,,,,PARKING LOT OF 705 PROGRESS WAY,,,SAME DIR REAR END,CLEAR,,DAYLIGHT,NO CONTROLS,N/A,,15ADE94E-3A23-4A75-B68B-5855D52ACB9C,Yes,NO APPARENT INJURY,N/A,NOT DISTRACTED,MD,BE76B297-2F4E-49D5-9E78-DF0A67CB5E3A,NO DAMAGE,SIX OCLOCK,PASSENGER CAR,BACKING,South,15,No,No,2023,FORD,CG,39.15224911,-77.21340567,""(39.15224911, -77.21340567)"""
"MCP2855004Y,230068748,Montgomery County Police,Injury Crash,11/28/2023 03:39:00 PM,County,PARHAM RD,AVENEL RD,,N/A,,HEAD ON,CLEAR,DRY,DAYLIGHT,NO CONTROLS,NONE DETECTED,,BBD7DFB1-3256-43C9-8E24-2D51E88A331E,Yes,SUSPECTED MINOR INJURY,N/A,UNKNOWN,XX,55F73213-C28C-4D5D-993E-DFB326640E0C,DESTROYED,TWELVE OCLOCK,PASSENGER CAR,MOVING CONSTANT SPEED,South,40,No,No,1994,TOYT,SD,39.013796,-76.97903083,""(39.013796, -76.97903083)"""
"MCP30510073,230062330,Montgomery County Police,Injury Crash,10/24/2023 02:49:00 PM,Maryland (State),WILSON LA,LEESBURG DR,,N/A,,SAME DIR REAR END,CLEAR,DRY,DAYLIGHT,OTHER,NONE DETECTED,,EA2525E4-6960-40F8-97DC-857FA956A9B3,Yes,SUSPECTED MINOR INJURY,N/A,OTHER DISTRACTION,MD,F21F1FF4-528F-4A1D-A2D5-C61264C78AE0,DISABLING,TWELVE OCLOCK,(SPORT) UTILITY VEHICLE,SLOWING OR STOPPING,East,35,No,No,2021,GMC,TERRAIN,38.98686833,-77.13222333,""(38.98686833, -77.13222333)"""
"MCP31630068,230066160,Montgomery County Police,Property Damage Crash,11/13/2023 07:45:00 PM,Maryland (State),ROCKVILLE PIKE,LOCUST HILL RD,,N/A,,SAME DIRECTION SIDESWIPE,N/A,N/A,DARK LIGHTS ON,N/A,N/A,,3C41B705-6D0B-4CBC-9326-1AA934C47819,No,NO APPARENT INJURY,N/A,NOT DISTRACTED,MD,48400150-4875-4900-8963-B4CF2446EEB2,SUPERFICIAL,TWO OCLOCK,(SPORT) UTILITY VEHICLE,MOVING CONSTANT SPEED,North,35,No,No,2012,LANDROVER,UT,39.018593,-77.1015125,""(39.018593, -77.1015125)"""
"DD559500DX,230051500,Rockville Police Departme,Property Damage Crash,08/26/2023 03:32:00 PM,Municipality,S STONESTREET AVE,HIGHLAND AVE,,ROCKVILLE,,OTHER,CLEAR,DRY,DAYLIGHT,TRAFFIC SIGNAL,NONE DETECTED,,8206D0D7-0025-4F55-8FB1-BCACCA06EF60,Yes,NO APPARENT INJURY,N/A,NOT DISTRACTED,MD,3E505474-75F2-4CCE-B380-40459C9E9D3A,SUPERFICIAL,SEVEN OCLOCK,PASSENGER CAR,CHANGING LANES,South,25,No,No,2007,ACUR,SD,39.08450067,-77.14489617,""(39.08450067, -77.14489617)"""
"MCP2270002C,230061234,Montgomery County Police,Injury Crash,10/18/2023 12:30:00 PM,Maryland (State),OLD GEORGETOWN RD,SOUTH DR,,N/A,,ANGLE MEETS LEFT TURN,CLEAR,DRY,DAYLIGHT,TRAFFIC SIGNAL,NONE DETECTED,,D1DF2C0C-2CE2-4739-9603-C826E48B0418,No,NO APPARENT INJURY,N/A,NOT DISTRACTED,PA,3F3F314D-DB15-4E0C-A45C-5BC3A0EECD79,FUNCTIONAL,TWELVE OCLOCK,TRUCK TRACTOR,MOVING CONSTANT SPEED,North,35,No,No,1997,FREIGHTLINER,TK,39.06651167,-77.15981,""(39.06651167, -77.15981)"""
"MCP2965007P,230062830,Montgomery County Police,Property Damage Crash,10/27/2023 09:00:00 AM,Maryland (State),SPENCERVILLE RD,NEW HAMPSHIRE AVE,,N/A,,SAME DIR REND RIGHT TURN,CLEAR,DRY,DAYLIGHT,YIELD SIGN,NONE DETECTED,,ADA1BD60-4E0A-44A3-AFA8-F50505EEAF38,Yes,NO APPARENT INJURY,N/A,LOOKED BUT DID NOT SEE,MD,D9E2DE79-5D26-4C87-86CE-0899F47B42FF,DISABLING,TWELVE OCLOCK,PASSENGER CAR,SLOWING OR STOPPING,East,35,No,No,2006,TOYT,TK,39.12097167,-76.98823167,""(39.12097167, -76.98823167)"""
"MCP29680053,230058048,Montgomery County Police,Property Damage Crash,10/02/2023 12:03:00 PM,Maryland (State),DARNESTOWN RD,DUFIEF MILL RD,,N/A,,SAME DIR REAR END,CLEAR,DRY,DAYLIGHT,N/A,N/A,,0BD41F4B-EB38-41FF-937F-F2137B240961,Yes,NO APPARENT INJURY,N/A,LOOKED BUT DID NOT SEE,MD,62FAB859-0933-410F-B307-B98895BDC516,DISABLING,TWELVE OCLOCK,PASSENGER CAR,MOVING CONSTANT SPEED,East,40,No,No,2006,HOND,PILOT,39.10333,-77.22542833,""(39.10333, -77.22542833)"""
"MCP3134004J,230050952,Montgomery County Police,Property Damage Crash,08/23/2023 06:22:00 PM,Maryland (State),OLD COLUMBIA PIKE,OLD COLUMBIA PIKE,,N/A,,STRAIGHT MOVEMENT ANGLE,CLEAR,DRY,N/A,NO CONTROLS,N/A,,4111D8CB-4EC8-4F68-94F3-E20A4F147508,Yes,NO APPARENT INJURY,N/A,LOOKED BUT DID NOT SEE,MD,AAB7B818-BB1D-4318-832D-84AACAF32A03,FUNCTIONAL,TWELVE OCLOCK,PASSENGER CAR,ACCELERATING,South,45,No,No,2003,TOYOTA,TK,39.11079137,-76.93342331,""(39.11079137, -76.93342331)"""
"MCP3337001X,230057382,Montgomery County Police,Property Damage Crash,09/28/2023 08:03:00 PM,County,CONNECTICUT AVE,GRAND PRE RD,,N/A,,SAME DIR REAR END,CLEAR,DRY,DARK LIGHTS ON,NO CONTROLS,N/A,,5721AC32-9093-4FAB-BF68-30627FDF717B,No,NO APPARENT INJURY,N/A,NOT DISTRACTED,,14007E11-39C9-4800-A17B-5B861B504531,FUNCTIONAL,SIX OCLOCK,,SLOWING OR STOPPING,North,30,No,No,0,UNKNOWN,UNKNOWN,39.08683617,-77.07382067,""(39.08683617, -77.07382067)"""
"MCP2871009B,230068115,Montgomery County Police,Property Damage Crash,11/24/2023 08:18:00 PM,Maryland (State),ROCKVILLE PIKE,BEGIN BRIDGE,,N/A,,SAME DIR REAR END,CLEAR,DRY,DARK LIGHTS ON,NO CONTROLS,NONE DETECTED,,719A6957-E27F-4F57-B123-196B81CEF5E1,Yes,NO APPARENT INJURY,N/A,INATTENTIVE OR LOST IN THOUGHT,MD,853D8F16-8B51-487E-B17E-CE5E81B33DBE,DISABLING,ONE OCLOCK,PASSENGER CAR,SLOWING OR STOPPING,South,35,No,No,2019,NISS,ALTIMA,39.05208,-77.11608333,""(39.05208, -77.11608333)"""
"MCP1378015J,230054303,Montgomery County Police,Property Damage Crash,09/11/2023 06:31:00 PM,County,MONTGOMERY LA,WOODMONT AVE,,N/A,,SAME DIRECTION SIDESWIPE,CLEAR,DRY,DAYLIGHT,NO CONTROLS,NONE DETECTED,,E18806C7-15ED-4418-B754-C298828AB775,Yes,NO APPARENT INJURY,N/A,NOT DISTRACTED,MD,1E19DAD6-DB49-4C9B-9D2B-DCAD2CE3BDCA,SUPERFICIAL,EIGHT OCLOCK,TRANSIT BUS,MAKING LEFT TURN,East,30,No,No,2021,NEW FLYER,BUS,38.98348624,-77.09609417,""(38.98348624, -77.09609417)"""
"MCP3207003C,230048963,Montgomery County Police,Property Damage Crash,08/11/2023 04:15:00 PM,US (State),COLUMBIA PIKE,TECH RD,,N/A,,STRAIGHT MOVEMENT ANGLE,CLEAR,DRY,DAYLIGHT,NO CONTROLS,UNKNOWN,,9845E972-03B7-4021-A6BF-7ACE775801E8,Unknown,NO APPARENT INJURY,N/A,NOT DISTRACTED,,130D724C-238B-496D-8BAA-AF297DC17542,FUNCTIONAL,THREE OCLOCK,,MAKING LEFT TURN,West,50,No,No,0,UNKNOWN,UNKNOWN,39.05792535,-76.96840703,""(39.05792535, -76.96840703)"""
"MCP2667008Z,230073137,Montgomery County Police,Injury Crash,12/22/2023 01:00:00 PM,Maryland (State),WOODFIELD RD,SNOUFFERS SCHOOL RD,,N/A,,SAME DIR REAR END,CLEAR,DRY,DAYLIGHT,N/A,UNKNOWN,,CFFB7252-6FC5-467B-96DD-178A68979C89,Yes,NO APPARENT INJURY,N/A,UNKNOWN,,40271F5E-F0B3-4B2E-A08B-9F947C810CBA,FUNCTIONAL,TWELVE OCLOCK,PASSENGER CAR,UNKNOWN,East,35,No,No,2009,HYUN,SPORT UTILITY,39.15907918,-77.16054149,""(39.15907918, -77.16054149)"""
"MCP3350002F,230072300,Montgomery County Police,Injury Crash,12/18/2023 05:56:00 AM,Maryland (State),CONNECTICUT AVE,ADAMS DR,,N/A,,STRAIGHT MOVEMENT ANGLE,RAINING,WET,DARK LIGHTS ON,TRAFFIC SIGNAL,NONE DETECTED,,FBB8B374-80AD-4A73-B931-FD05C97C8741,Yes,NO APPARENT INJURY,N/A,LOOKED BUT DID NOT SEE,MD,AAC07149-04F4-43EC-8400-F150D7604D0E,DISABLING,TWO OCLOCK,VAN,MAKING LEFT TURN,North,35,No,No,2015,FORD,F250,39.04705833,-77.075995,""(39.04705833, -77.075995)"""
"MCP32670020,230056197,Montgomery County Police,Injury Crash,09/21/2023 09:45:00 PM,Maryland (State),VEIRS MILL RD,PARKLAND DR,,N/A,,SAME DIR REAR END,CLEAR,DRY,DARK LIGHTS ON,TRAFFIC SIGNAL,NONE DETECTED,,F69A143C-B4B6-4AA5-8182-2F3EBB1014AE,Yes,SUSPECTED MINOR INJURY,N/A,NOT DISTRACTED,MD,4F16622C-1392-4042-87B3-395DDF67F407,DISABLING,TWELVE OCLOCK,PASSENGER CAR,MOVING CONSTANT SPEED,West,35,No,No,2001,LEXUS,GS 300,39.06126333,-77.091415,""(39.06126333, -77.091415)"""
"MCP3353001S,230062178,Montgomery County Police,Injury Crash,10/23/2023 05:13:00 PM,County,E GUDE DR,SOUTHLAWN LA,,ROCKVILLE,,SAME DIR REAR END,CLEAR,DRY,DAYLIGHT,TRAFFIC SIGNAL,NONE DETECTED,,3B8756C5-53E8-40A5-86E1-8A1CFE555272,No,NO APPARENT INJURY,N/A,NOT DISTRACTED,MD,113CFCD4-4EC7-4E39-BBDB-AFEC462C606B,FUNCTIONAL,SIX OCLOCK,PASSENGER CAR,STOPPED IN TRAFFIC LANE,East,40,No,No,2009,HOND,PILOT,39.09778933,-77.13714833,""(39.09778933, -77.13714833)"""
"MCP1022004H,16016401,Montgomery County Police,Injury Crash,04/04/2016 12:46:00 PM,County,AIRCRAFT DR,GERMANTOWN RD,,N/A,,SAME DIR REAR END,CLEAR,DRY,DAYLIGHT,TRAFFIC SIGNAL,NONE DETECTED,,77963BE8-0584-4842-9BFE-DC98C5D8ADA4,No,NO APPARENT INJURY,N/A,NOT DISTRACTED,MD,ED6F1DC9-4529-4D04-B89C-867D9CD2CA38,SUPERFICIAL,SIX OCLOCK,(SPORT) UTILITY VEHICLE,STOPPED IN TRAFFIC LANE,South,30,No,No,2009,LEXS,RX 350,39.18234167,-77.260495,""(39.18234167, -77.260495)"""
"MCP29910029,180000973,Montgomery County Police,Property Damage Crash,01/07/2018 11:45:00 AM,Maryland (State),GEORGIA AVE,EMORY CHURCH RD,,N/A,,OTHER,CLEAR,DRY,DAYLIGHT,TRAFFIC SIGNAL,NONE DETECTED,,9AF416E4-5263-440D-A166-979191DA3AAF,Yes,NO APPARENT INJURY,N/A,NOT DISTRACTED,VA,B68AE660-080E-4F21-9354-B33B97D9AD6E,DISABLING,TWELVE OCLOCK,PASSENGER CAR,ACCELERATING,West,40,No,No,2008,HONDA,ODYSSEY,39.13050667,-77.071155,""(39.13050667, -77.071155)"""
"MCP22910079,230068358,Montgomery County Police,Property Damage Crash,11/26/2023 02:40:00 PM,County,SEVEN LOCKS RD,CHARLESTON DR,,N/A,,SINGLE VEHICLE,RAINING,WET,DAYLIGHT,NO CONTROLS,NONE DETECTED,,83C46411-86CE-4770-8027-1AEAD80BD353,Yes,NO APPARENT INJURY,""RAIN, SNOW, WET"",UNKNOWN,MD,992639A3-7A82-430B-8E39-3BCE5A2DB548,DISABLING,TWELVE OCLOCK,(SPORT) UTILITY VEHICLE,MOVING CONSTANT SPEED,North,35,No,No,2019,BUICK,ENCLAVE,39.01932183,-77.161272,""(39.01932183, -77.161272)"""
"MCP33170013,230035273,Montgomery County Police,Property Damage Crash,07/24/2023 05:29:00 PM,Maryland (State),UNIVERSITY BLVD E,MERRIMAC DR,,N/A,,HEAD ON LEFT TURN,CLEAR,DRY,DAYLIGHT,NO CONTROLS,NONE DETECTED,,473DDBAD-8E29-46AB-B17F-C2D1B4BC0D14,Yes,NO APPARENT INJURY,N/A,NOT DISTRACTED,MD,1B2194A7-67E0-4DC3-9858-3E1AA89797E8,DISABLING,TWELVE OCLOCK,(SPORT) UTILITY VEHICLE,MOVING CONSTANT SPEED,North,35,No,No,2016,TOYT,TK,38.99269,-76.99134667,""(38.99269, -76.99134667)"""
"MCP3230004M,230055274,Montgomery County Police,Property Damage Crash,09/16/2023 06:40:00 PM,Maryland (State),VEIRS MILL RD,TURKEY BRANCH PKWY,,N/A,,SAME DIR REAR END,CLEAR,DRY,DAYLIGHT,TRAFFIC SIGNAL,NONE DETECTED,,15AE73D6-9B55-4231-8C89-04355A4292FA,No,NO APPARENT INJURY,N/A,NOT DISTRACTED,MD,3BCEA638-D777-4A00-93C2-9C5646FCFAD7,DISABLING,SIX OCLOCK,PASSENGER CAR,STOPPED IN TRAFFIC LANE,West,35,No,No,2015,TOYOTA,COROLLA,39.06112944,-77.09090324,""(39.06112944, -77.09090324)"""
"MCP27030035,230057155,Montgomery County Police,Property Damage Crash,09/27/2023 02:49:00 PM,Maryland (State),GEORGIA AVE,FOREST GLEN RD,,N/A,,SAME DIR REAR END,CLEAR,DRY,DAYLIGHT,NO CONTROLS,N/A,,37904F5E-BAE9-499D-8B89-BE6B2E3B7009,Yes,NO APPARENT INJURY,N/A,UNKNOWN,DC,7ED3B3F3-87BA-446C-990A-9FE7A47CA5F5,DISABLING,TWELVE OCLOCK,PASSENGER CAR,MOVING CONSTANT SPEED,North,35,No,No,2011,BMW,X6,39.01500319,-77.04235342,""(39.01500319, -77.04235342)"""
"MCP1378015V,230058957,Montgomery County Police,Injury Crash,10/06/2023 03:42:00 PM,Maryland (State),NORBECK RD,AVERY RD,,ROCKVILLE,,SAME DIR REAR END,CLOUDY,DRY,DAYLIGHT,NO CONTROLS,NONE DETECTED,,0798C240-47E2-4A76-824F-A5CFE0BE6FDA,No,SUSPECTED MINOR INJURY,N/A,NOT DISTRACTED,MD,96DACAD9-7817-4BBE-A12E-9C50C180DA90,FUNCTIONAL,SIX OCLOCK,(SPORT) UTILITY VEHICLE,SLOWING OR STOPPING,East,40,No,No,2024,HONDA,HRV,39.09221433,-77.12440083,""(39.09221433, -77.12440083)"""
"EJ7852008P,230060366,Gaithersburg Police Depar,Property Damage Crash,10/12/2023 05:15:00 PM,,,,804 GALLOP HILL ROAD,,,OTHER,N/A,,DAYLIGHT,N/A,UNKNOWN,,F6E83945-D691-40B6-BF7A-971A4BF4C9BD,Yes,NO APPARENT INJURY,N/A,UNKNOWN,MD,6DBB5781-55AA-46AB-8036-8A03B45A1653,FUNCTIONAL,SIX OCLOCK,PASSENGER CAR,BACKING,Unknown,25,No,No,2012,TOYOTA,COROLLA,39.15834487,-77.209155,""(39.15834487, -77.209155)"""
"MCP289200F6,230053846,Montgomery County Police,Injury Crash,09/08/2023 05:26:00 PM,Maryland (State),GEORGIA AVE,WOODSIDE PKWY,,N/A,,HEAD ON LEFT TURN,CLEAR,DRY,DAYLIGHT,NO CONTROLS,NONE DETECTED,,08B1F0F1-05D0-442A-8049-9551C3BA308B,No,NO APPARENT INJURY,N/A,NOT DISTRACTED,MD,182D39BE-A4E7-4087-964F-10E2B3ABD180,FUNCTIONAL,TWELVE OCLOCK,PASSENGER CAR,MOVING CONSTANT SPEED,North,35,No,No,2017,HOND,TK,39.00334,-77.03583333,""(39.00334, -77.03583333)"""