Report Number,Local Case Number,Agency Name,ACRS Report Type,Crash Date/Time,Route Type,Road Name,Cross-Street Name,Off-Road Description,Municipality,Related Non-Motorist,Collision Type,Weather,Surface Condition,Light,Traffic Control,Driver Substance Abuse,Non-Motorist Substance Abuse,Person ID,Driver At Fault,Injury Severity,Circumstance,Driver Distracted By,Drivers License State,Vehicle ID,Vehicle Damage Extent,Vehicle First Impact Location,Vehicle Body Type,Vehicle Movement,Vehicle Going Dir,Speed Limit,Driverless Vehicle,Parked Vehicle,Vehicle Year,Vehicle Make,Vehicle Model,Latitude,Longitude,Location
"MCP27030032,230054719,Montgomery County Police,Property Damage Crash,09/13/2023 09:00:00 PM,US (State),COLESVILLE RD,FENTON ST,,N/A,,SAME DIRECTION LEFT TURN,CLEAR,DRY,DARK LIGHTS ON,NO CONTROLS,N/A,,8942F5FB-4BD7-498A-84B4-54CDA6709D88,No,NO APPARENT INJURY,N/A,NOT DISTRACTED,MD,6B37F015-2628-4E28-8E08-9DC1C53AADAD,SUPERFICIAL,SIX OCLOCK,PASSENGER CAR,MOVING CONSTANT SPEED,North,30,No,No,2020,TOYOTA,RAV4,38.99696707,-77.02878453,""(38.99696707, -77.02878453)"""
"MCP27710033,230072910,Montgomery County Police,Property Damage Crash,12/21/2023 09:55:00 AM,Maryland (State),VEIRS MILL RD,PARKLAND DR,,N/A,,SINGLE VEHICLE,CLOUDY,DRY,DAYLIGHT,TRAFFIC SIGNAL,N/A,,F4E6F8E1-7388-4BF6-B873-CA2E999C31B8,No,NO APPARENT INJURY,""N/A, TRAFFIC CONTROL DEVICE INOPERATIVE"",NOT DISTRACTED,MD,5291A6A3-9A3C-49A4-A888-58E0A2875A4C,DISABLING,ONE OCLOCK,PASSENGER CAR,MOVING CONSTANT SPEED,North,45,No,No,2013,FORD,ESCAPE,39.0614457,-77.0920894,""(39.0614457, -77.0920894)"""
"MCP2816003R,230061733,Montgomery County Police,Property Damage Crash,10/20/2023 10:16:00 PM,County,CRABBS BRANCH WAY,REDLAND RD,,N/A,,HEAD ON LEFT TURN,N/A,WET,DARK LIGHTS ON,TRAFFIC SIGNAL,NONE DETECTED,,605F9F39-EF46-498C-81B0-DAE4EE902A03,Yes,NO APPARENT INJURY,""N/A, WET"",INATTENTIVE OR LOST IN THOUGHT,MD,CDF59A30-0B63-4573-8E72-69F71F4F5348,FUNCTIONAL,ONE OCLOCK,PASSENGER CAR,MAKING LEFT TURN,South,35,No,No,2018,HONDA,CIVIC,39.121035,-77.15841833,""(39.121035, -77.15841833)"""
"MCP20590081,230064153,Montgomery County Police,Property Damage Crash,11/03/2023 08:00:00 AM,Maryland (State),EAST WEST HWY (W/B COUPLET),ENT TO BETHESDA TOWERS,,N/A,,STRAIGHT MOVEMENT ANGLE,CLEAR,DRY,DAYLIGHT,TRAFFIC SIGNAL,UNKNOWN,,D6667395-2D52-4720-89D3-3C2ED35CBCC9,No,NO APPARENT INJURY,N/A,NOT DISTRACTED,,058BCFDE-B2A5-45D5-8422-A3EA9FC4A1FE,SUPERFICIAL,SEVEN OCLOCK,(SPORT) UTILITY VEHICLE,SLOWING OR STOPPING,West,25,No,No,2016,SUBARU,FORESTER,38.9851293,-77.09036357,""(38.9851293, -77.09036357)"""
"MCP3262001Q,220014515,Montgomery County Police,Injury Crash,04/05/2022 04:29:00 PM,County,E RANDOLPH RD,PARTRIDGE DR,,N/A,,HEAD ON,RAINING,WET,DAYLIGHT,NO CONTROLS,NONE DETECTED,,75F7AA49-17F0-4974-93B0-B025C7EB0D4F,Yes,NO APPARENT INJURY,""N/A, WET"",OTHER DISTRACTION,MD,18A723C2-DDC4-4B9E-B9AB-B64E239278D5,DISABLING,TWELVE OCLOCK,PASSENGER CAR,CHANGING LANES,East,40,No,No,2007,TOYOTA,SEQUOIA,39.07376283,-76.99034017,""(39.07376283, -76.99034017)"""
"MCP3334001W,230064749,Montgomery County Police,Property Damage Crash,11/06/2023 04:13:00 PM,Maryland (State),COLESVILLE RD,GEORGIA AVE,,N/A,,SAME DIRECTION SIDESWIPE,CLEAR,DRY,DAYLIGHT,OTHER,NONE DETECTED,,FF234FD7-FC30-4D45-BCE7-4F62E892366D,No,NO APPARENT INJURY,N/A,NOT DISTRACTED,MD,BF77C3F3-E324-4E0B-83C1-BC3C08B5735C,FUNCTIONAL,TEN OCLOCK,TRANSIT BUS,MOVING CONSTANT SPEED,South,35,No,No,2020,NOVA,BUS,38.99654,-77.02791,""(38.99654, -77.02791)"""
"MCP2940006Q,230061555,Montgomery County Police,Property Damage Crash,10/20/2023 06:30:00 AM,Interstate (State),EISENHOWER MEMORIAL HWY,CAPITAL BELTWAY,,N/A,,SAME DIRECTION SIDESWIPE,CLEAR,DRY,DARK NO LIGHTS,N/A,NONE DETECTED,,99B4FB09-B5E7-430D-B0BC-96FC7D8509BA,No,NO APPARENT INJURY,N/A,NOT DISTRACTED,MD,2160ABC4-3407-4C4F-8981-B478369A2F6C,FUNCTIONAL,EIGHT OCLOCK,SCHOOL BUS,MOVING CONSTANT SPEED,South,55,No,No,2024,THOMAS,BUS,39.03777422,-77.14563271,""(39.03777422, -77.14563271)"""
"MCP3305002N,230064613,Montgomery County Police,Property Damage Crash,11/06/2023 01:55:00 AM,Maryland (State),PINEY BRANCH RD,UNIVERSITY BLVD E,,N/A,,SAME DIR REAR END,CLEAR,DRY,DARK LIGHTS ON,TRAFFIC SIGNAL,NONE DETECTED,,453CDBFC-94D8-4323-B43E-45FAFD44A4F0,Yes,NO APPARENT INJURY,N/A,LOOKED BUT DID NOT SEE,MD,992BF9F5-2196-43B8-95EF-DDBCFCE9A4AB,DISABLING,TWELVE OCLOCK,PASSENGER CAR,MOVING CONSTANT SPEED,North,35,No,No,2016,NISSAN,SENTRA,38.99943943,-76.99591053,""(38.99943943, -76.99591053)"""
"MCP2385002X,230060599,Montgomery County Police,Property Damage Crash,10/15/2023 12:25:00 AM,County,BRINK RD,WOODFIELD RD,,N/A,,HEAD ON LEFT TURN,RAINING,WET,DARK LIGHTS ON,TRAFFIC SIGNAL,NONE DETECTED,,97AFAFC2-F8A8-4175-B5E2-A7AD93F189BD,Yes,NO APPARENT INJURY,""N/A, RAIN, SNOW"",NOT DISTRACTED,MD,F87B6912-E67E-4AD4-89FE-F184834126ED,FUNCTIONAL,ONE OCLOCK,(SPORT) UTILITY VEHICLE,MAKING LEFT TURN,East,40,No,No,2009,BUICK,ENCLAVE,39.20856333,-77.16944167,""(39.20856333, -77.16944167)"""
"DM85030010,230059593,Takoma Park Police Depart,Property Damage Crash,10/10/2023 08:05:00 AM,Maryland (State),NEW HAMPSHIRE AVE,ALLEY #4,,TAKOMA PARK,,OTHER,CLEAR,DRY,DAYLIGHT,TRAFFIC SIGNAL,N/A,,F1466BE1-F4CB-4642-9D92-D69F1EE0FCA5,Yes,NO APPARENT INJURY,N/A,UNKNOWN,MD,6F840EEA-F17A-421D-9802-3B483DFEE4A9,DISABLING,TWELVE OCLOCK,PASSENGER CAR,MOVING CONSTANT SPEED,North,35,No,No,2013,HONDA,CIVIC,38.9874774,-76.98782174,""(38.9874774, -76.98782174)"""
"MCP2991008P,230058222,Montgomery County Police,Injury Crash,10/03/2023 07:30:00 AM,County,GOOD HOPE RD,BONIFANT RD (AHEAD),,N/A,,HEAD ON LEFT TURN,N/A,DRY,DAYLIGHT,TRAFFIC SIGNAL,NONE DETECTED,,2F4C2DC4-6B81-4437-A4B8-BC62A326D85B,No,NO APPARENT INJURY,N/A,NOT DISTRACTED,MD,544773BB-1DD0-4326-9EAE-50F26F4436AC,DISABLING,TWELVE OCLOCK,OTHER,MOVING CONSTANT SPEED,West,35,No,No,2002,FORD,TK,39.0958866,-77.00213113,""(39.0958866, -77.00213113)"""
"MCP1205009Q,230056603,Montgomery County Police,Injury Crash,09/24/2023 10:49:00 AM,County,ARLINGTON RD,BRADLEY BLVD,,N/A,,SAME DIR REAR END,RAINING,WET,DAYLIGHT,TRAFFIC SIGNAL,NONE DETECTED,,5D237EFF-2C26-447F-89A1-530CEFEC8DB4,Yes,NO APPARENT INJURY,""RAIN, SNOW, WET"",NOT DISTRACTED,MD,5DD095C1-0C33-4EA1-B907-98E8EB3A3531,FUNCTIONAL,TWELVE OCLOCK,PASSENGER CAR,SLOWING OR STOPPING,South,30,No,No,2020,TOYOTA,COROLLA,38.97867167,-77.09883,""(38.97867167, -77.09883)"""
"MCP2269002M,230060438,Montgomery County Police,Property Damage Crash,10/14/2023 01:30:00 AM,,,,9697 GROVEMONT CIRCLE,,,OTHER,UNKNOWN,,DARK LIGHTS ON,N/A,UNKNOWN,,C2869F57-67AC-4DDD-887D-6E27DD7E6AE3,Yes,NO APPARENT INJURY,N/A,UNKNOWN,,26A5CB8E-889F-4C25-91AF-CC88270723A4,DISABLING,SIX OCLOCK,PASSENGER CAR,BACKING,Unknown,0,No,No,2011,MB,E300,39.1278155,-77.17658243,""(39.1278155, -77.17658243)"""
"MCP29600008,15020927,Montgomery County Police,Property Damage Crash,05/03/2015 02:10:00 PM,,,,parking lot of 14300 Layhill Road,,,UNKNOWN,CLEAR,,DAYLIGHT,NO CONTROLS,UNKNOWN,,9FE20EF9-C351-43CF-B032-D1219DFBAEDC,Yes,NO APPARENT INJURY,N/A,UNKNOWN,MD,5414784F-55C2-48CD-A0DF-6399CE74915B,UNKNOWN,UNKNOWN,PASSENGER CAR,UNKNOWN,Unknown,0,No,No,0,HONDA,UNKNOWN,39.09126244,-77.0460248,""(39.09126244, -77.0460248)"""
"MCP2703003C,230063124,Montgomery County Police,Property Damage Crash,10/28/2023 08:23:00 PM,County,DALE DR,KINGSBURY RD,,N/A,,STRAIGHT MOVEMENT ANGLE,CLEAR,DRY,DARK LIGHTS ON,NO CONTROLS,N/A,,45A27C09-7FFF-47F9-97C7-2100BD86EE8C,Yes,NO APPARENT INJURY,N/A,LOOKED BUT DID NOT SEE,TN,8722FAEE-C490-4E51-B06E-4050B1BD4312,SUPERFICIAL,TWELVE OCLOCK,PASSENGER CAR,ACCELERATING,North,35,No,No,2023,TESLA,3,39.01567007,-77.04209593,""(39.01567007, -77.04209593)"""
"MCP32260045,230034764,Montgomery County Police,Property Damage Crash,07/21/2023 03:28:00 PM,County,RANDOLPH RD,GLENALLAN AVE,,N/A,,SAME DIR REAR END,CLEAR,DRY,DAYLIGHT,TRAFFIC SIGNAL,NONE DETECTED,,FB87E3AE-B2AE-4EEC-BFCB-21B3CACE0BD1,No,NO APPARENT INJURY,N/A,NOT DISTRACTED,MD,FD04CB26-20CD-4C53-8002-B8529400E3EE,FUNCTIONAL,SIX OCLOCK,PASSENGER CAR,STOPPED IN TRAFFIC LANE,West,40,No,No,2010,HONDA,ACCORD,39.060833,-77.044795,""(39.060833, -77.044795)"""
"MCP34040008,230072041,Montgomery County Police,Property Damage Crash,12/16/2023 10:10:00 AM,US (State),COLUMBIA PIKE,BLACKBURN RD,,N/A,,SAME DIRECTION RIGHT TURN,CLEAR,DRY,DAYLIGHT,NO CONTROLS,NONE DETECTED,,501D606A-85B6-4D68-9AE9-2E8004C42569,No,NO APPARENT INJURY,N/A,NOT DISTRACTED,MD,100F8A3A-3000-462F-99DD-5BF6A7C33CEC,FUNCTIONAL,TEN OCLOCK,PASSENGER CAR,MOVING CONSTANT SPEED,North,35,No,No,2015,NISSAN,ROGUE,39.1041937,-76.93303341,""(39.1041937, -76.93303341)"""
"MCP32260046,230035067,Montgomery County Police,Injury Crash,07/23/2023 03:07:00 PM,Maryland (State),NEW HAMPSHIRE AVE,MIDLAND RD,,N/A,,STRAIGHT MOVEMENT ANGLE,CLEAR,DRY,DAYLIGHT,TRAFFIC SIGNAL,NONE DETECTED,,CA33467F-B2CC-4BB3-8AA7-739763177BF6,Yes,POSSIBLE INJURY,N/A,LOOKED BUT DID NOT SEE,MD,BD0958A9-E0B9-4A3D-B962-8D8F9D3B58E2,DESTROYED,THREE OCLOCK,PASSENGER CAR,MOVING CONSTANT SPEED,South,45,No,No,2018,CHEV,SD,39.0774,-77.0017315,""(39.0774, -77.0017315)"""
"MCP30900072,230048142,Montgomery County Police,Property Damage Crash,08/06/2023 10:15:00 AM,County,LOST KNIFE RD,MONTGOMERY VILLAGE AVE,,N/A,,SAME DIR REAR END,RAINING,WET,DARK LIGHTS ON,N/A,N/A,,98A0252B-5F3E-4DA7-88C1-3AFAE81FEF0C,Yes,NO APPARENT INJURY,""RAIN, SNOW, WET"",NOT DISTRACTED,MD,324DC2EC-6980-45A6-8BD9-54E7F390FEC5,FUNCTIONAL,TWELVE OCLOCK,PASSENGER CAR,MOVING CONSTANT SPEED,North,35,No,No,2004,TOYOTA,COROLLA,39.1570415,-77.20310733,""(39.1570415, -77.20310733)"""
"MCP23350021,230052539,Montgomery County Police,Property Damage Crash,08/30/2023 11:30:00 PM,County,VALLEY BEND DR,BRANDERMILL DR,,N/A,,SAME DIR REAR END,N/A,DRY,DARK LIGHTS ON,NO CONTROLS,N/A,,D411E8E1-9A05-48A4-AAEB-E4A869605FA7,Yes,NO APPARENT INJURY,N/A,NOT DISTRACTED,,1C87FFD7-E9C0-4E53-B212-505A541C4D66,FUNCTIONAL,TWELVE OCLOCK,PASSENGER CAR,MOVING CONSTANT SPEED,West,25,No,No,0,TOYT,COROLLA,39.1880195,-77.2305878,""(39.1880195, -77.2305878)"""
"MCP29620085,230054257,Montgomery County Police,Property Damage Crash,09/11/2023 02:37:00 PM,Maryland (State),GERMANTOWN RD,RAMP 8 FR IS 270 SB TO MD 118 WB,,N/A,,SAME DIRECTION SIDESWIPE,CLEAR,DRY,DAYLIGHT,NO CONTROLS,NONE DETECTED,,E29C244F-1286-48BA-BA57-5F9F5E8C0E4E,Yes,NO APPARENT INJURY,N/A,LOOKED BUT DID NOT SEE,MD,C2F5F2F1-57B8-401D-988F-FECED504DC0F,DISABLING,NINE OCLOCK,PASSENGER CAR,CHANGING LANES,South,45,No,No,2011,ACURA,MDX,39.20274771,-77.24552401,""(39.20274771, -77.24552401)"""
"MCP3347001K,230071848,Montgomery County Police,Property Damage Crash,12/15/2023 08:47:00 AM,Maryland (State),EAST WEST HWY (W/B COUPLET),CHELTON RD,,N/A,,SAME DIR REAR END,CLEAR,DRY,DAYLIGHT,NO CONTROLS,NONE DETECTED,,221B4B61-8391-4F17-B295-81F36A17FAAB,Yes,NO APPARENT INJURY,N/A,LOOKED BUT DID NOT SEE,MD,1B88B54B-03FD-49ED-90E9-66AF5BE286C7,FUNCTIONAL,TWELVE OCLOCK,PASSENGER CAR,MOVING CONSTANT SPEED,West,25,No,No,2013,MERZ,ML350,38.98554882,-77.0882731,""(38.98554882, -77.0882731)"""
"DD5610008K,230067763,Rockville Police Departme,Property Damage Crash,11/22/2023 08:38:00 AM,Municipality,ROTHGEB DR,E GUDE DR,,ROCKVILLE,,SAME DIRECTION LEFT TURN,OTHER,WET,DAYLIGHT,NO CONTROLS,N/A,,8BC970F9-157F-4C8F-8122-7F55B62C85A6,No,NO APPARENT INJURY,N/A,NOT DISTRACTED,MD,411EA177-2C82-435D-96DC-86096E541141,FUNCTIONAL,FIVE OCLOCK,POLICE VEHICLE/EMERGENCY,MOVING CONSTANT SPEED,South,10,No,No,2022,FORD,EXPLORER,39.09622833,-77.13339133,""(39.09622833, -77.13339133)"""
"EJ7871006W,230063861,Gaithersburg Police Depar,Property Damage Crash,11/01/2023 08:50:00 PM,County,ODENDHAL AVE,LOST KNIFE RD,,N/A,,SAME DIRECTION RIGHT TURN,CLEAR,DRY,DARK LIGHTS ON,TRAFFIC SIGNAL,NONE DETECTED,,467F1F64-D805-475A-9364-36B2EA200B2F,No,NO APPARENT INJURY,N/A,NOT DISTRACTED,MD,17B2696C-4F57-45EA-9C01-EB57A1C270A6,DISABLING,ELEVEN OCLOCK,PASSENGER CAR,MOVING CONSTANT SPEED,East,30,No,No,2015,TOYOTA,SIENNA,39.1400122,-77.19565108,""(39.1400122, -77.19565108)"""
"MCP24200055,230055680,Montgomery County Police,Property Damage Crash,09/19/2023 07:36:00 AM,Maryland (State),GEORGIA AVE,MT CARMEL CEMETERY RD,,N/A,,SAME DIR REAR END,CLEAR,DRY,DAYLIGHT,NO CONTROLS,N/A,,7C7B9373-373B-4C8B-84E2-C404BF39AB8F,No,NO APPARENT INJURY,N/A,NOT DISTRACTED,MD,D99CCF34-027A-4C6C-BD0E-53DEB3DF0764,SUPERFICIAL,SIX OCLOCK,PASSENGER CAR,STOPPED IN TRAFFIC LANE,South,40,No,No,2019,FORD,TK,39.22903583,-77.05796867,""(39.22903583, -77.05796867)"""
"MCP32070039,230046670,Montgomery County Police,Property Damage Crash,07/28/2023 03:54:00 PM,US (State),COLUMBIA PIKE,CHERRY HILL RD,,N/A,,SAME DIRECTION SIDESWIPE,CLEAR,N/A,DAYLIGHT,NO CONTROLS,UNKNOWN,,C578D75E-F9A2-4BCC-B611-546519048FDD,Yes,NO APPARENT INJURY,N/A,NOT DISTRACTED,,4C09BEDA-EA92-4994-B673-5E01C315BBF9,SUPERFICIAL,TEN OCLOCK,PASSENGER CAR,CHANGING LANES,South,45,No,No,2014,HYUNDAI,ACCENT,39.06684833,-76.9602425,""(39.06684833, -76.9602425)"""
"MCP32850021,230034826,Montgomery County Police,Property Damage Crash,07/21/2023 10:38:00 PM,County,FATHER HURLEY BLVD,MIDDLEBROOK RD,,N/A,,SAME DIR REAR END,CLEAR,DRY,DARK LIGHTS ON,NO CONTROLS,NONE DETECTED,,33A86402-B10E-47CF-BA4F-82437F720A14,Yes,NO APPARENT INJURY,N/A,UNKNOWN,MD,C7F77730-A9E0-435F-A426-FE990D132E82,DISABLING,TWELVE OCLOCK,PASSENGER CAR,MOVING CONSTANT SPEED,North,35,No,No,2020,TOYTOA,CAMRY,39.18443167,-77.27353167,""(39.18443167, -77.27353167)"""
"EJ7871006T,230062804,Gaithersburg Police Depar,Property Damage Crash,10/26/2023 11:38:00 PM,Municipality,N SUMMIT AVE,LEE ST,,GAITHERSBURG,,SINGLE VEHICLE,CLEAR,DRY,DARK LIGHTS ON,NO CONTROLS,ALCOHOL PRESENT,,19BD2966-F511-4AE7-A97A-40C290AD70A1,Yes,NO APPARENT INJURY,N/A,LOOKED BUT DID NOT SEE,MD,3C346625-8ED7-40ED-BAE1-D3FD5B49C2CA,DISABLING,TWELVE OCLOCK,PASSENGER CAR,MOVING CONSTANT SPEED,North,25,No,No,2008,NISSAN,SENTRA,39.14764502,-77.19258855,""(39.14764502, -77.19258855)"""
"MCP3305002H,230050007,Montgomery County Police,Property Damage Crash,08/17/2023 10:02:00 PM,,,,PARKING LOT OF SAFEWAY @ 10101 NEW HAMPSHIRE AVE.,,,SAME DIR BOTH LEFT TURN,CLEAR,,DARK LIGHTS ON,NO CONTROLS,UNKNOWN,,BE1DE742-DE4F-4F90-9CB9-77F245F8DEBA,Yes,NO APPARENT INJURY,N/A,UNKNOWN,,006BCD95-3794-4B37-BF9B-6D58D32D821F,UNKNOWN,ONE OCLOCK,PASSENGER CAR,UNKNOWN,East,0,No,No,2007,TOYOTA,CORROLA,39.02119574,-76.97625855,""(39.02119574, -76.97625855)"""
"MCP21020048,230052137,Montgomery County Police,Property Damage Crash,08/30/2023 07:12:00 AM,Maryland (State),DAMASCUS RD,NO NAME,,N/A,,SAME DIRECTION SIDESWIPE,CLEAR,DRY,DAYLIGHT,OTHER,NONE DETECTED,,F5F87B16-AB77-4C86-A292-49C1B96C47E1,No,NO APPARENT INJURY,N/A,NOT DISTRACTED,MD,9D309E3C-2112-4249-BC6B-E70BEAE9D990,SUPERFICIAL,TEN OCLOCK,PASSENGER CAR,MOVING CONSTANT SPEED,North,50,No,No,2013,HONDA,CIVIC 4S,39.26199333,-77.14966667,""(39.26199333, -77.14966667)"""
"MCP3312003W,230048710,Montgomery County Police,Injury Crash,08/10/2023 10:30:00 AM,Maryland (State),CHERRY HILL RD,END BRIDGE,,N/A,,HEAD ON LEFT TURN,RAINING,WET,DAYLIGHT,TRAFFIC SIGNAL,NONE DETECTED,,76C6A31E-D305-4850-90F2-B0EBACD43C31,Yes,POSSIBLE INJURY,N/A,LOOKED BUT DID NOT SEE,MD,5D2DD6A5-D8CA-46A6-BC22-FD8C498C8F88,DISABLING,TWELVE OCLOCK,PASSENGER CAR,MAKING LEFT TURN,East,40,No,No,2016,NISSAN,ALTIMA,39.06263333,-76.96262,""(39.06263333, -76.96262)"""
"MCP27230089,230073859,Montgomery County Police,Property Damage Crash,12/23/2023 05:40:00 PM,,,,13505 CONNECTICUT AVENUE,,,SAME DIRECTION SIDESWIPE,CLEAR,,DARK LIGHTS ON,NO CONTROLS,UNKNOWN,,928ADA3D-A511-4441-8B15-F26F99F5F100,No,NO APPARENT INJURY,N/A,NOT DISTRACTED,MD,09172276-4622-437C-B77E-F4440D8E471A,SUPERFICIAL,ELEVEN OCLOCK,PASSENGER CAR,STOPPED IN TRAFFIC LANE,East,20,No,No,2019,CHEVROLET,TRAVERSE,39.07774294,-77.08013507,""(39.07774294, -77.08013507)"""
"MCP295400DL,230049818,Montgomery County Police,Property Damage Crash,08/16/2023 06:46:00 PM,County,ARLISS ST,PINEY BRANCH RD,,N/A,,OTHER,CLEAR,DRY,DAYLIGHT,NO CONTROLS,UNKNOWN,,2DEDEB6E-5D5C-45AD-8CA2-A968CD290354,Yes,NO APPARENT INJURY,N/A,UNKNOWN,,8757C5C1-2254-4C46-AA53-ABFE846A7412,SUPERFICIAL,SIX OCLOCK,PASSENGER CAR,BACKING,North,0,No,No,0,UNKNOWN,UNKNOWN,38.99950362,-77.00132462,""(38.99950362, -77.00132462)"""
"EJ7898000N,230048068,Gaithersburg Police Depar,Property Damage Crash,08/06/2023 12:35:00 PM,,,,13 AUTUMN HILL WAY,,,SINGLE VEHICLE,CLEAR,,DAYLIGHT,N/A,NONE DETECTED,,A7CE71DE-2F7F-4F5E-A0B5-695FB096C9E6,Yes,NO APPARENT INJURY,N/A,LOOKED BUT DID NOT SEE,MD,6870DF08-6B1F-4A72-AD82-37FF16311CBB,SUPERFICIAL,TWELVE OCLOCK,PASSENGER CAR,ACCELERATING,North,15,No,No,2012,HYUN,ACCENT,39.13253918,-77.20537622,""(39.13253918, -77.20537622)"""
"MCP3226004D,230053317,Montgomery County Police,Property Damage Crash,09/05/2023 05:23:00 PM,County,RANDOLPH RD,HEURICH RD,,N/A,,SAME DIR REAR END,CLEAR,DRY,DAYLIGHT,NO CONTROLS,NONE DETECTED,,42D356D9-BDD3-49D8-A728-C45954CB2950,Yes,NO APPARENT INJURY,N/A,LOOKED BUT DID NOT SEE,MD,595B9999-1D74-4297-8941-4EEA67BAC477,DISABLING,TWELVE OCLOCK,PASSENGER CAR,SLOWING OR STOPPING,East,40,No,No,2016,CHEV,4S,39.0611265,-77.0439295,""(39.0611265, -77.0439295)"""
"MCP2952002J,16053798,Montgomery County Police,Property Damage Crash,10/18/2016 04:30:00 PM,,,,""PARKING LOT OF 811 BURLINGTON AVE, SILVER SPRING MD 20910"",,,OTHER,CLEAR,,DAYLIGHT,NO CONTROLS,UNKNOWN,,7CE8C67A-3E46-4F38-8947-5D17E6BDE292,Yes,NO APPARENT INJURY,N/A,UNKNOWN,MD,114F48A0-BEA6-4C0D-A97F-4F57C18B8EB0,SUPERFICIAL,SIX OCLOCK,PASSENGER CAR,BACKING,Unknown,30,No,No,2012,KIA,RIO,38.98777647,-77.02474415,""(38.98777647, -77.02474415)"""
"MCP2269002P,230066643,Montgomery County Police,Property Damage Crash,11/16/2023 09:08:00 AM,County,SHADY GROVE RD,CRABBS BRANCH WAY,,N/A,,SAME DIRECTION SIDESWIPE,CLEAR,DRY,DAYLIGHT,N/A,NONE DETECTED,,318DF75E-7E6D-4E03-BCEF-1F2F713BAFA5,No,NO APPARENT INJURY,N/A,NOT DISTRACTED,MD,93692813-4591-4446-9E2E-B75089877033,SUPERFICIAL,NINE OCLOCK,SCHOOL BUS,MOVING CONSTANT SPEED,West,45,No,No,2013,THOMAS,BUS,39.12906826,-77.16732525,""(39.12906826, -77.16732525)"""
"MCP3279002Q,230060930,Montgomery County Police,Injury Crash,10/16/2023 07:02:00 PM,Maryland (State),GEORGIA AVE,ARCOLA AVE,,N/A,PEDESTRIAN,SINGLE VEHICLE,CLEAR,N/A,DARK LIGHTS ON,TRAFFIC SIGNAL,NONE DETECTED,NONE DETECTED,45C7DC2A-B869-4AF8-AAC9-B3DC62DDC316,Yes,NO APPARENT INJURY,N/A,UNKNOWN,MD,68E97FC4-4015-4B12-A490-5AD72E3499CF,UNKNOWN,TWELVE OCLOCK,PASSENGER CAR,MAKING RIGHT TURN,North,25,No,No,1999,TOYOTA,CAMRY,39.04720007,-77.05195309,""(39.04720007, -77.05195309)"""
"MCP31290088,230069773,Montgomery County Police,Property Damage Crash,12/04/2023 11:42:00 AM,County,PARKLAND DR,INDEPENDENCE ST,,N/A,,STRAIGHT MOVEMENT ANGLE,CLEAR,DRY,DAYLIGHT,NO CONTROLS,NONE DETECTED,,5AE8EB59-444F-4EE9-A20F-AB9F767259FB,No,NO APPARENT INJURY,N/A,LOOKED BUT DID NOT SEE,MD,D62DCFB8-C43D-4507-8BD2-106067BB55E3,FUNCTIONAL,TWELVE OCLOCK,PASSENGER CAR,MOVING CONSTANT SPEED,North,25,No,No,2007,NISS,4S,39.07272833,-77.08693583,""(39.07272833, -77.08693583)"""
"MCP9301004M,230052639,Montgomery County Police,Property Damage Crash,09/01/2023 02:00:00 PM,County,FIELDS RD,SAM EIG HWY,,N/A,,ANGLE MEETS RIGHT TURN,N/A,N/A,DAYLIGHT,TRAFFIC SIGNAL,N/A,,B4EC2C1E-F89B-494D-9428-A18FAD79C3C6,Yes,NO APPARENT INJURY,N/A,NOT DISTRACTED,MD,0C513A61-F0EB-4A5E-8512-02056340F387,FUNCTIONAL,FOUR OCLOCK,PICKUP TRUCK,MOVING CONSTANT SPEED,East,35,No,No,2000,PETE,ST,39.1165211,-77.20780867,""(39.1165211, -77.20780867)"""
"MCP3221002P,230071172,Montgomery County Police,Property Damage Crash,12/11/2023 04:30:00 AM,Maryland (State),VEIRS MILL RD,FERRARA AVE,,N/A,,SAME DIR REAR END,N/A,DRY,N/A,TRAFFIC SIGNAL,UNKNOWN,,F1B5629C-8DCF-4615-B0D5-90A22B1920B1,Yes,NO APPARENT INJURY,N/A,UNKNOWN,,AB59F169-F4C1-4873-A87D-1DAD63315688,SUPERFICIAL,SIX OCLOCK,PASSENGER CAR,BACKING,East,45,No,No,2015,NISSAN,ROGUE,39.05306389,-77.07710841,""(39.05306389, -77.07710841)"""
"MCP2425008B,16065410,Montgomery County Police,Property Damage Crash,12/21/2016 09:43:00 AM,Maryland (State),16TH ST,COLESVILLE RD,,N/A,,STRAIGHT MOVEMENT ANGLE,CLEAR,N/A,DAYLIGHT,YIELD SIGN,NONE DETECTED,,0CBC5E09-D48D-46F4-BB07-9B6606D8498F,No,NO APPARENT INJURY,N/A,NOT DISTRACTED,MD,922437ED-311D-4CCB-B823-3179700749AE,DISABLING,TWELVE OCLOCK,PASSENGER CAR,MOVING CONSTANT SPEED,North,25,No,No,2008,VOLKSWAGON,RABBIT,38.99252667,-77.03645167,""(38.99252667, -77.03645167)"""