Report Number,Local Case Number,Agency Name,ACRS Report Type,Crash Date/Time,Route Type,Road Name,Cross-Street Name,Off-Road Description,Municipality,Related Non-Motorist,Collision Type,Weather,Surface Condition,Light,Traffic Control,Driver Substance Abuse,Non-Motorist Substance Abuse,Person ID,Driver At Fault,Injury Severity,Circumstance,Driver Distracted By,Drivers License State,Vehicle ID,Vehicle Damage Extent,Vehicle First Impact Location,Vehicle Body Type,Vehicle Movement,Vehicle Going Dir,Speed Limit,Driverless Vehicle,Parked Vehicle,Vehicle Year,Vehicle Make,Vehicle Model,Latitude,Longitude,Location
"MCP2118001T,230069568,Montgomery County Police,Property Damage Crash,12/03/2023 12:06:00 AM,Maryland (State),RIDGE RD,SNOWDEN FARM PKWY (PROP),,N/A,,SAME DIR REAR END,RAINING,WET,DARK NO LIGHTS,N/A,NONE DETECTED,,00B8773A-0A58-4DDE-B6FF-05804C23D503,No,NO APPARENT INJURY,""RAIN, SNOW, WET"",NOT DISTRACTED,MD,1812CAB3-FDC5-47BA-86F3-E905B1310A17,DISABLING,SIX OCLOCK,POLICE VEHICLE/EMERGENCY,MOVING CONSTANT SPEED,North,45,No,No,2015,HYUNDAI,GEN,39.214598,-77.23893867,""(39.214598, -77.23893867)"""
"MCP12130086,230057152,Montgomery County Police,Property Damage Crash,09/27/2023 03:25:00 PM,,,,PARKING LOT OF 17 RANDOLPH RD,,,HEAD ON LEFT TURN,CLEAR,,DAYLIGHT,NO CONTROLS,NONE DETECTED,,A650835A-2ABC-412D-9AAC-E915E14157B3,Yes,NO APPARENT INJURY,N/A,LOOKED BUT DID NOT SEE,MD,7E137B78-BA13-48AA-A216-4B7377D791C0,SUPERFICIAL,TWELVE OCLOCK,PASSENGER CAR,MAKING RIGHT TURN,West,10,No,No,2021,BMW,CP,39.07558833,-77.00392667,""(39.07558833, -77.00392667)"""
"MCP2905005X,230054776,Montgomery County Police,Injury Crash,09/14/2023 08:35:00 AM,Maryland (State),BRADLEY BLVD,VALLEY RD,,N/A,,SAME DIR REAR END,CLEAR,DRY,DAYLIGHT,NO CONTROLS,N/A,,A42CC095-C86B-4FB2-9424-822CD5226057,No,POSSIBLE INJURY,N/A,NOT DISTRACTED,MD,FD3E65A1-D935-4BD1-8E57-0B143AB96A04,DISABLING,SIX OCLOCK,PASSENGER CAR,SLOWING OR STOPPING,South,35,No,No,2009,HONDA,CIVIC,38.99554474,-77.12560609,""(38.99554474, -77.12560609)"""
"MCP3195004J,230064961,Montgomery County Police,Property Damage Crash,11/07/2023 05:39:00 PM,County,STEWART LA,APRIL LA,,N/A,,HEAD ON,CLEAR,DRY,DARK LIGHTS ON,NO CONTROLS,NONE DETECTED,,0389ADC5-8012-4512-A7DF-6B0F48D0E509,Yes,NO APPARENT INJURY,N/A,UNKNOWN,MD,6B8D9F92-7CE4-47FE-BF97-F93C4F97BBA6,SUPERFICIAL,TWELVE OCLOCK,PASSENGER CAR,MAKING RIGHT TURN,South,15,No,No,2015,TOYTOA,TK,39.04533027,-76.98307734,""(39.04533027, -76.98307734)"""
"MCP33250025,230053487,Montgomery County Police,Property Damage Crash,09/06/2023 04:51:00 PM,US (State),COLUMBIA PIKE,STEWART LA,,N/A,,ANGLE MEETS LEFT TURN,CLEAR,DRY,DAYLIGHT,TRAFFIC SIGNAL,NONE DETECTED,,5BFF87B3-807D-476D-A314-FC1C4C4B3F4D,Unknown,NO APPARENT INJURY,N/A,NOT DISTRACTED,MD,BDC4C9E7-64C0-4B2F-879A-42943A413174,DISABLING,FOUR OCLOCK,PASSENGER CAR,MAKING LEFT TURN,South,50,No,No,2014,HYUNDAI,SONATA,39.04627,-76.98684167,""(39.04627, -76.98684167)"""
"MCP26350086,230051195,Montgomery County Police,Injury Crash,08/24/2023 11:00:00 PM,Maryland (State),GEORGIA AVE,HINES RD,,N/A,,HEAD ON LEFT TURN,CLEAR,WET,DARK LIGHTS ON,TRAFFIC SIGNAL,N/A,,03B6C74A-F9F4-4773-881F-B1F8DC207C9D,No,POSSIBLE INJURY,""N/A, WET"",NOT DISTRACTED,MD,340B12BA-C5F2-4630-990B-7CA2D14B0009,DESTROYED,TWELVE OCLOCK,(SPORT) UTILITY VEHICLE,MOVING CONSTANT SPEED,South,40,No,No,2016,KIA,SOUL,39.14266883,-77.06813867,""(39.14266883, -77.06813867)"""
"MCP2875007Z,230071773,Montgomery County Police,Property Damage Crash,12/14/2023 04:30:00 PM,,,,PARKING LOT OF 11530 MIDDLEBROOK RD.,,,OPPOSITE DIRECTION SIDESWIPE,CLEAR,,DAYLIGHT,NO CONTROLS,UNKNOWN,,32C18DA5-DE64-4EA9-A91C-CABD1D95B2AD,Yes,NO APPARENT INJURY,N/A,UNKNOWN,MD,8FFB195D-3620-4405-A7EC-F913A21AC1AB,SUPERFICIAL,ONE OCLOCK,(SPORT) UTILITY VEHICLE,MAKING RIGHT TURN,South,0,No,No,2010,TOYOTA,RAV4,39.17967086,-77.23938866,""(39.17967086, -77.23938866)"""
"MCP33280026,230032597,Montgomery County Police,Property Damage Crash,07/08/2023 06:41:00 PM,Maryland (State),GEORGIA AVE,ARCOLA AVE,,N/A,,SAME DIR REAR END,CLEAR,DRY,DAYLIGHT,TRAFFIC SIGNAL,NONE DETECTED,,84DAC10A-D835-4DF8-A4BE-103465127E30,No,NO APPARENT INJURY,N/A,NOT DISTRACTED,MD,3A10E209-062A-4B6A-B6A3-6F503F1D8124,SUPERFICIAL,SIX OCLOCK,PASSENGER CAR,STOPPED IN TRAFFIC LANE,South,35,No,No,2006,FORD,ECONOLINE,39.04725878,-77.05209844,""(39.04725878, -77.05209844)"""
"MCP2392000J,230070345,Montgomery County Police,Property Damage Crash,12/08/2023 08:30:00 AM,,,,IN THE PARKING LOT OF STONEGATE ES,,,SAME DIRECTION RIGHT TURN,CLEAR,,DAYLIGHT,NO CONTROLS,NONE DETECTED,,D641E849-EDF0-4694-AC3D-8437B242E3F1,No,NO APPARENT INJURY,N/A,NOT DISTRACTED,MD,DCC6BB12-E3C3-423C-AB73-B14D819972C9,SUPERFICIAL,SEVEN OCLOCK,SCHOOL BUS,PARKED,,5,No,Yes,2012,THOM BU,CONV=MSDE-C-8,39.12397535,-77.06377249,""(39.12397535, -77.06377249)"""
"MCP3279002Y,230072070,Montgomery County Police,Injury Crash,12/16/2023 03:26:00 PM,Maryland (State),GEORGIA AVE,PRICHARD RD,,N/A,,SAME DIR REAR END,CLEAR,DRY,N/A,TRAFFIC SIGNAL,NONE DETECTED,,D69316C6-CDAC-4307-A449-4B8CAF82F89C,No,SUSPECTED MINOR INJURY,N/A,NOT DISTRACTED,MD,DDF8A17B-1740-43BE-8D98-ED593DE07913,SUPERFICIAL,SEVEN OCLOCK,PASSENGER CAR,STOPPED IN TRAFFIC LANE,North,30,No,No,2013,FORD,FOCUS,39.03589409,-77.04966269,""(39.03589409, -77.04966269)"""
"MCP2513003B,230060610,Montgomery County Police,Property Damage Crash,10/16/2023 02:46:00 AM,,,,""PARKING LOT OF DON RAMON RESTAURANT LOCATED AT 13816 OLD COLUMBIA PIKE, SILVER SPRING, MD 20904"",,,OTHER,RAINING,,DARK LIGHTS ON,N/A,UNKNOWN,,A3A0A3BF-320E-4C63-94A6-E89E2915619A,Yes,NO APPARENT INJURY,N/A,UNKNOWN,MD,3E7B25A9-6D45-4272-8A72-3C33FF8568C5,UNKNOWN,SIX OCLOCK,PASSENGER CAR,BACKING,North,15,No,No,2020,TOYT,CAMRY,39.08354778,-76.9521967,""(39.08354778, -76.9521967)"""
"MCP3170003H,230056015,Montgomery County Police,Property Damage Crash,09/20/2023 09:09:00 PM,,,,PARKING LOT OF 12960 MIDDLEBROOK RD,,,OTHER,CLEAR,,DARK LIGHTS ON,NO CONTROLS,UNKNOWN,,3A0D9F43-E5C1-4DD0-BF9F-2620BA163F04,Yes,NO APPARENT INJURY,N/A,UNKNOWN,,6D943780-5F05-4D34-BA3F-E50A988C3FC8,UNKNOWN,UNKNOWN,,UNKNOWN,Unknown,0,No,No,0,UNKNOWN,UNKNOWN,39.18025167,-77.27058767,""(39.18025167, -77.27058767)"""
"MCP91180044,230050807,Montgomery County Police,Property Damage Crash,08/23/2023 01:19:00 AM,Maryland (State),VEIRS MILL RD,NEWPORT MILL RD,,N/A,,SAME DIRECTION SIDESWIPE,CLEAR,DRY,DARK LIGHTS ON,FLASHING TRAFFIC SIGNAL,NONE DETECTED,,E428AAA2-653F-4A4F-B6BD-2720F923BB51,No,NO APPARENT INJURY,N/A,UNKNOWN,MD,60B83381-F855-41EE-9F39-19BA39D11DB5,DISABLING,TWELVE OCLOCK,PASSENGER CAR,MOVING CONSTANT SPEED,West,35,No,No,2018,HONDA,CIVIC,39.04539817,-77.06555233,""(39.04539817, -77.06555233)"""
"MCP2708008H,230066542,Montgomery County Police,Injury Crash,11/15/2023 05:30:00 PM,Maryland (State),NEW HAMPSHIRE AVE,OVERLOOK DR,,N/A,,HEAD ON LEFT TURN,CLEAR,DRY,DARK LIGHTS ON,NO CONTROLS,NONE DETECTED,,C9E159C1-4AE4-467F-BC14-95DFF765887F,No,NO APPARENT INJURY,N/A,NOT DISTRACTED,MD,783D1F1C-D54E-4886-814E-253955A3E6CF,DISABLING,TWELVE OCLOCK,PASSENGER CAR,MOVING CONSTANT SPEED,North,40,No,No,2017,HONDA,ACCORD,39.02428167,-76.97936833,""(39.02428167, -76.97936833)"""
"MCP29050063,230067233,Montgomery County Police,Property Damage Crash,11/19/2023 12:19:00 PM,Maryland (State),RIVER RD,CAPITOL CRESCENT TRAIL BRIDGE,,N/A,,SAME DIRECTION SIDESWIPE,CLEAR,DRY,DAYLIGHT,NO CONTROLS,N/A,,474DC9C6-6C03-48F7-A599-AB618F9A476B,Yes,NO APPARENT INJURY,N/A,NOT DISTRACTED,VA,B2CB0D22-7F8C-403F-9AF4-B097A2EA777A,DISABLING,ELEVEN OCLOCK,PICKUP TRUCK,MAKING RIGHT TURN,East,35,No,No,2013,FORD,F150,38.96523333,-77.10429833,""(38.96523333, -77.10429833)"""
"MCP12350051,230063854,Montgomery County Police,Property Damage Crash,11/01/2023 08:00:00 PM,Maryland (State),GEORGIA AVE,UNIVERSITY BLVD W,,N/A,,SAME DIRECTION SIDESWIPE,CLEAR,DRY,DARK LIGHTS ON,TRAFFIC SIGNAL,NONE DETECTED,,17803128-1CDB-4404-BEBE-0FA0495C8887,No,NO APPARENT INJURY,N/A,NOT DISTRACTED,MD,76299E4D-158E-4C05-99CA-04D4FECBE8B6,SUPERFICIAL,NINE OCLOCK,PASSENGER CAR,STOPPED IN TRAFFIC LANE,South,40,No,No,2018,CHEVROLET,SPARK,39.04187196,-77.05178493,""(39.04187196, -77.05178493)"""
"MCP28980045,230055140,Montgomery County Police,Injury Crash,09/15/2023 08:27:00 PM,Maryland (State),FREDERICK RD,ENT TO MILESTONE SHOPPING CENTER,,N/A,,STRAIGHT MOVEMENT ANGLE,CLEAR,DRY,DARK LIGHTS ON,TRAFFIC SIGNAL,N/A,,285921EB-DDE2-4A8A-B99E-E130C59A0D65,Yes,POSSIBLE INJURY,N/A,LOOKED BUT DID NOT SEE,MD,E4D3E4D5-835F-4574-ACE8-7FEDEF0754E6,DISABLING,ONE OCLOCK,SNOWMOBILE,MAKING LEFT TURN,North,40,No,No,2015,FORD,TK,39.200265,-77.24525333,""(39.200265, -77.24525333)"""
"MCP2766002W,16055174,Montgomery County Police,Property Damage Crash,10/26/2016 07:27:00 AM,Maryland (State),GEORGIA AVE,RIPPLING BROOK DR,,N/A,,ANGLE MEETS LEFT TURN,CLEAR,DRY,DARK NO LIGHTS,STOP SIGN,NONE DETECTED,,DC8BC176-A32D-43A8-9A70-84AFF27D85A7,No,NO APPARENT INJURY,N/A,NOT DISTRACTED,MD,30E83D1F-E707-459E-9E34-532235D880B8,FUNCTIONAL,TWELVE OCLOCK,PICKUP TRUCK,MOVING CONSTANT SPEED,North,45,No,No,1998,DODGE,RAM 1800,39.07265833,-77.06474833,""(39.07265833, -77.06474833)"""
"MCP2651001X,180007056,Montgomery County Police,Property Damage Crash,02/10/2018 02:00:00 PM,,,,PARKING LOT OF 400 BROWNING AVE,,,OTHER,RAINING,,DAYLIGHT,N/A,N/A,,E768377A-F9DC-4754-84FD-FCFF316EEB5D,No,NO APPARENT INJURY,N/A,NOT DISTRACTED,MD,025C3FDB-946D-4087-828E-522C8805C817,SUPERFICIAL,FIVE OCLOCK,PASSENGER CAR,PARKING,South,0,No,No,2010,TOYOTA,4D,38.99603167,-77.0018,""(38.99603167, -77.0018)"""
"MCP1563008V,230061243,Montgomery County Police,Property Damage Crash,10/18/2023 01:03:00 PM,Maryland (State),BRADLEY BLVD,FAIRFAX RD,,N/A,,SAME DIRECTION RIGHT TURN,CLOUDY,DRY,DAYLIGHT,TRAFFIC SIGNAL,NONE DETECTED,,4622B436-1478-407F-A946-BC963611D4D5,No,NO APPARENT INJURY,N/A,NOT DISTRACTED,MD,4BAFC59F-B9F2-4764-A4EF-0F5DD2EAA1EE,FUNCTIONAL,THREE OCLOCK,AMBULANCE/EMERGENCY,MAKING RIGHT TURN,North,25,No,No,2018,FREIGHTLINER,AMBULANCE,38.97780333,-77.10072167,""(38.97780333, -77.10072167)"""
"MCP2723007F,230048091,Montgomery County Police,Property Damage Crash,08/06/2023 03:30:00 PM,County,PARKLAND DR,FAROE PL,,N/A,,STRAIGHT MOVEMENT ANGLE,CLEAR,DRY,DAYLIGHT,NO CONTROLS,UNKNOWN,,D81E16AA-B58C-46B6-A9EB-9E8FDB34BE52,Yes,NO APPARENT INJURY,N/A,UNKNOWN,XX,D3C92088-2F40-4E81-A2F7-4A6F4F0A99D0,FUNCTIONAL,TWELVE OCLOCK,PASSENGER CAR,MOVING CONSTANT SPEED,North,30,No,No,2005,TOYOTA,COROLLA,39.06891833,-77.08879667,""(39.06891833, -77.08879667)"""
"MCP3275001P,23003305,Montgomery County Police,Property Damage Crash,07/13/2023 03:43:00 PM,County,E RANDOLPH RD,SERPENTINE WAY,,N/A,,STRAIGHT MOVEMENT ANGLE,N/A,DRY,DAYLIGHT,TRAFFIC SIGNAL,NONE DETECTED,,BABB4B10-5182-40DF-A76F-A0180715718B,Unknown,NO APPARENT INJURY,N/A,UNKNOWN,MD,AE113401-CEEF-4868-A862-73879D5ED845,DESTROYED,THREE OCLOCK,PASSENGER CAR,MOVING CONSTANT SPEED,West,40,No,No,2012,CHEV,SD,39.06434846,-76.96904184,""(39.06434846, -76.96904184)"""
"MCP30800048,230073367,Montgomery County Police,Property Damage Crash,12/23/2023 05:52:00 PM,County,MATENY RD,BARLEYCORN WAY,,N/A,,SAME DIRECTION LEFT TURN,CLEAR,DRY,DARK LIGHTS ON,NO CONTROLS,NONE DETECTED,,BD8498CB-42C6-49AC-818F-735B99A85490,Yes,NO APPARENT INJURY,N/A,LOOKED BUT DID NOT SEE,MD,EF052DF7-BDF9-429C-B73A-5CB077CA4F18,FUNCTIONAL,TWELVE OCLOCK,PASSENGER CAR,MOVING CONSTANT SPEED,North,35,No,No,2012,NISSAN,4DR,39.14779366,-77.27044678,""(39.14779366, -77.27044678)"""
"MCP3080003X,230062968,Montgomery County Police,Property Damage Crash,10/27/2023 09:03:00 PM,County,FATHER HURLEY BLVD,CRYSTAL ROCK DR,,N/A,,SAME DIRECTION LEFT TURN,CLEAR,DRY,DARK LIGHTS ON,N/A,UNKNOWN,,053B461C-9FF3-4554-A4D2-DC7DBA76C059,Yes,NO APPARENT INJURY,N/A,UNKNOWN,,20A34496-5C43-44E2-B190-A691F5F6A866,UNKNOWN,UNKNOWN,PASSENGER CAR,MOVING CONSTANT SPEED,South,45,No,No,2011,HONDA,4S,39.19351713,-77.26990683,""(39.19351713, -77.26990683)"""
"MCP3190005C,230056061,Montgomery County Police,Property Damage Crash,09/21/2023 09:53:00 AM,Maryland (State),GEORGIA AVE,OLD BALTIMORE RD,,N/A,,SAME DIRECTION RIGHT TURN,N/A,DRY,DAYLIGHT,NO CONTROLS,NONE DETECTED,,0CE6E831-E7E6-46C6-8EBF-8C95F3D49E53,Yes,NO APPARENT INJURY,N/A,NOT DISTRACTED,MD,97ABFF95-5067-4B22-BB69-CF0BD4A300A4,DISABLING,SIX OCLOCK,PASSENGER CAR,CHANGING LANES,North,40,No,No,2017,SUBARU,FORESTER,39.13695333,-77.069205,""(39.13695333, -77.069205)"""
"MCP30370058,230049649,Montgomery County Police,Property Damage Crash,08/15/2023 02:14:00 PM,Maryland (State),NEW HAMPSHIRE AVE,NORWOOD RD,,N/A,,SAME DIRECTION SIDESWIPE,N/A,DRY,DAYLIGHT,NO CONTROLS,NONE DETECTED,,8AF45430-F0DE-44E1-9774-863153EA5376,No,NO APPARENT INJURY,N/A,NOT DISTRACTED,MD,8725245E-2D63-4051-92B5-4A9BBF634047,SUPERFICIAL,TEN OCLOCK,PASSENGER CAR,PARKED,,55,No,Yes,2007,MERZ,CLK350,39.10711364,-77.00288167,""(39.10711364, -77.00288167)"""
"MCP3353001F,230047468,Montgomery County Police,Property Damage Crash,08/02/2023 02:00:00 PM,County,REDLAND RD,YELLOWSTONE WAY,,N/A,,STRAIGHT MOVEMENT ANGLE,CLEAR,DRY,DAYLIGHT,STOP SIGN,N/A,,64F44FD4-5B04-4B27-9F52-BBAE2E4360DA,Yes,NO APPARENT INJURY,N/A,LOOKED BUT DID NOT SEE,MD,92552FA1-6FE6-4CC3-8879-B28791399CB5,FUNCTIONAL,TWELVE OCLOCK,PASSENGER CAR,MAKING LEFT TURN,North,30,No,No,2012,AUDI,SD,39.11932783,-77.16099667,""(39.11932783, -77.16099667)"""
"DD559500F5,230062114,Rockville Police Departme,Property Damage Crash,10/23/2023 01:20:00 PM,Municipality,SOUTHLAWN LA,N HORNERS LA,,ROCKVILLE,,STRAIGHT MOVEMENT ANGLE,CLEAR,DRY,DAYLIGHT,STOP SIGN,NONE DETECTED,,89BDF94F-EC93-4724-B978-98EF78B22452,Unknown,NO APPARENT INJURY,N/A,UNKNOWN,MD,437BC754-5BFB-4F91-A684-93DE0C008876,SUPERFICIAL,TEN OCLOCK,PASSENGER CAR,MAKING LEFT TURN,West,25,No,No,2004,ACURA,4H,39.09321823,-77.14359678,""(39.09321823, -77.14359678)"""
"MCP33560014,230070700,Montgomery County Police,Property Damage Crash,12/08/2023 09:28:00 PM,Maryland (State),DAMASCUS RD,HOWARD CHAPEL DR,,N/A,,OTHER,CLEAR,DRY,DARK LIGHTS ON,NO CONTROLS,NONE DETECTED,,A84CB63E-BF5A-41EA-9BD8-EF02AAFC1C9C,Yes,NO APPARENT INJURY,N/A,LOOKED BUT DID NOT SEE,MD,071C5FD4-C982-4738-A00E-F4B347D0CD68,DISABLING,TWELVE OCLOCK,PASSENGER CAR,MOVING CONSTANT SPEED,West,45,No,No,2013,TOYOTA,SIENNA,39.22838383,-77.08030333,""(39.22838383, -77.08030333)"""
"MCP3351001P,230065428,Montgomery County Police,Property Damage Crash,11/09/2023 05:30:00 PM,County,BROADBIRCH DR,PLUM ORCHARD DR,,N/A,,STRAIGHT MOVEMENT ANGLE,CLEAR,WET,DUSK,NO CONTROLS,NONE DETECTED,,E873E1D8-6E5C-414E-ABD3-499FDE7841CC,No,NO APPARENT INJURY,N/A,NOT DISTRACTED,MD,EC39057C-725E-4939-A98D-007DC4F4A9EB,DISABLING,TWELVE OCLOCK,PASSENGER CAR,MOVING CONSTANT SPEED,North,30,No,No,2017,NISS,SD,39.05562983,-76.95616183,""(39.05562983, -76.95616183)"""
"MCP2832008W,230072318,Montgomery County Police,Injury Crash,12/18/2023 08:27:00 AM,Maryland (State),BRADLEY BLVD,BURNING TREE RD,,N/A,,STRAIGHT MOVEMENT ANGLE,CLOUDY,WET,DAYLIGHT,STOP SIGN,NONE DETECTED,,BE287053-D50E-4D67-8FB5-AD0D8FD67542,Yes,NO APPARENT INJURY,""N/A, WET"",LOOKED BUT DID NOT SEE,MD,53CE1021-ED6B-4AFC-8343-1886D5111911,DISABLING,NINE OCLOCK,(SPORT) UTILITY VEHICLE,STARTING FROM LANE,West,30,No,No,2023,HYUN,TUCSON,39.0036485,-77.137197,""(39.0036485, -77.137197)"""
"MCP12100063,230049991,Montgomery County Police,Property Damage Crash,08/17/2023 02:22:00 PM,Interstate (State),EISENHOWER MEMORIAL HWY,BEGIN C/D LANE (NB/L),,N/A,,SAME DIRECTION SIDESWIPE,CLEAR,DRY,DAYLIGHT,N/A,N/A,,A446B9E2-6FF0-461A-92C0-43AF4FC6EA82,Yes,NO APPARENT INJURY,N/A,UNKNOWN,MD,D2CBF77B-A708-4406-933D-B2A781F694AD,NO DAMAGE,FIVE OCLOCK,PASSENGER CAR,CHANGING LANES,North,55,No,No,2008,HONDA,ACCORD,39.0492264,-77.15123516,""(39.0492264, -77.15123516)"""
"MCP3190005H,230066000,Montgomery County Police,Injury Crash,11/13/2023 06:20:00 AM,Maryland (State),GEORGIA AVE,HOLLOW CREST DR,,N/A,,OTHER,CLEAR,DRY,DAWN,NO CONTROLS,NONE DETECTED,,23C8C911-2290-4F5E-95BB-C177D7E431B3,No,NO APPARENT INJURY,N/A,NOT DISTRACTED,MD,AAA6DF2F-A6BA-49C4-9ED9-800DC1C9BF8A,DISABLING,EIGHT OCLOCK,PASSENGER CAR,MOVING CONSTANT SPEED,South,40,No,No,2019,TOYOTA,HIGHLANDER,39.16210333,-77.06236167,""(39.16210333, -77.06236167)"""
"MCP3267001Z,230055839,Montgomery County Police,Property Damage Crash,09/19/2023 08:30:00 PM,Maryland (State),VEIRS MILL RD,RANDOLPH RD,,N/A,,SAME DIR REAR END,CLEAR,DRY,DARK LIGHTS ON,TRAFFIC SIGNAL,NONE DETECTED,,A50C7D2A-B30A-4B6D-A6F9-A4BAB0475BB1,No,NO APPARENT INJURY,N/A,NOT DISTRACTED,MD,0C7D1CD3-FB07-46EC-ABAA-2826D9161C72,SUPERFICIAL,SIX OCLOCK,TRANSIT BUS,SLOWING OR STOPPING,West,35,No,No,2017,GILG,BU,39.055775,-77.08178667,""(39.055775, -77.08178667)"""
"MCP94320041,230059095,Montgomery County Police,Property Damage Crash,10/07/2023 10:20:00 AM,Maryland (State),COLESVILLE RD,EAST WEST HWY,,N/A,,SAME DIR REAR END,RAINING,WET,DAYLIGHT,NO CONTROLS,NONE DETECTED,,50D41BB3-7B83-426E-A3F0-6FC6AEDE3428,Yes,NO APPARENT INJURY,""RAIN, SNOW, WET"",NOT DISTRACTED,MD,938B6417-BF58-4F62-8D5F-8BE39F14C4B4,UNKNOWN,TWELVE OCLOCK,PASSENGER CAR,MOVING CONSTANT SPEED,West,35,No,No,2014,BMW,4S,38.99393101,-77.03170284,""(38.99393101, -77.03170284)"""
"MCP28130062,180062532,Montgomery County Police,Property Damage Crash,12/14/2018 06:30:00 PM,County,RANDOLPH RD,HEURICH RD,,N/A,,ANGLE MEETS LEFT TURN,RAINING,WET,DARK LIGHTS ON,N/A,N/A,,374A710B-8D9B-4B83-8B40-E9638A60229C,Yes,NO APPARENT INJURY,""RAIN, SNOW, WET"",LOOKED BUT DID NOT SEE,MD,4CCC1892-D01B-44EF-9ADC-B5D43B43CE07,DISABLING,ONE OCLOCK,PASSENGER CAR,MAKING LEFT TURN,South,0,No,No,2002,MITS,ENDEAVOR,39.06253,-77.04192,""(39.06253, -77.04192)"""
"MCP2686002J,180014202,Montgomery County Police,Property Damage Crash,03/22/2018 03:43:00 PM,County,DAIRYMAID DR,MATENY RD,,N/A,,STRAIGHT MOVEMENT ANGLE,CLEAR,DRY,DAYLIGHT,NO CONTROLS,NONE DETECTED,,F4C2A3D8-D712-4D2E-BFC7-CD8D256A18F9,No,NO APPARENT INJURY,N/A,NOT DISTRACTED,MD,33F48713-9694-4C2F-A1CE-054CFE905222,DISABLING,ELEVEN OCLOCK,STATION WAGON,MAKING RIGHT TURN,East,30,No,No,2011,TOYT,SIENNA,39.15297167,-77.26893333,""(39.15297167, -77.26893333)"""
"MCP2674004B,230056384,Montgomery County Police,Injury Crash,09/22/2023 08:24:00 PM,Maryland (State),FREDERICK RD,GUNNERS BRANCH RD,,N/A,,SAME DIR REAR END,CLEAR,DRY,DARK LIGHTS ON,TRAFFIC SIGNAL,NONE DETECTED,,95AB1177-FE40-4A9F-8894-A9FEAF50C8AD,Yes,NO APPARENT INJURY,N/A,NOT DISTRACTED,NY,2F216AAB-C4CF-4BCA-9C22-5529B7836F8C,SUPERFICIAL,TWELVE OCLOCK,PASSENGER CAR,SLOWING OR STOPPING,South,40,No,No,2011,CHEVY,MALIBU,39.17869317,-77.23851083,""(39.17869317, -77.23851083)"""
"MCP2728003T,170519114,Montgomery County Police,Property Damage Crash,07/14/2017 04:20:00 PM,,,,PARKING LOT OF 10711 COLUMBIA PIKE,,,OTHER,CLOUDY,,DAYLIGHT,NO CONTROLS,UNKNOWN,,C29498B1-B253-4C5D-9E02-ADE8497ABFED,Yes,NO APPARENT INJURY,N/A,LOOKED BUT DID NOT SEE,MD,E1E744D0-35A5-4A43-A450-91865FAB518E,UNKNOWN,UNKNOWN,PASSENGER CAR,BACKING,East,5,No,No,2014,NISSAN,ALTIMA,39.01769833,-76.97864167,""(39.01769833, -76.97864167)"""
"MCP32320046,230052699,Montgomery County Police,Injury Crash,09/01/2023 07:16:00 PM,Maryland (State),LAYHILL RD,BRIGGS RD,,N/A,,HEAD ON LEFT TURN,CLEAR,DRY,DAYLIGHT,TRAFFIC SIGNAL,NONE DETECTED,,6810F8D8-A735-4F07-BD75-3E61D2472EC9,Yes,POSSIBLE INJURY,N/A,LOOKED BUT DID NOT SEE,MD,0EEED668-8C56-4EC1-A5C4-D5604E3272D6,DISABLING,TWELVE OCLOCK,PASSENGER CAR,ACCELERATING,West,40,No,No,2005,GMC,CANYON,39.069036,-77.04587583,""(39.069036, -77.04587583)"""
"MCP3009007C,230070626,Montgomery County Police,Property Damage Crash,12/08/2023 02:50:00 PM,Maryland (State),RIDGE RD,PREAKNESS DR,,N/A,,SAME DIR REAR END,CLEAR,DRY,DAYLIGHT,NO CONTROLS,N/A,,86787EC9-DB98-4679-8C44-3D77CB6D82BE,No,NO APPARENT INJURY,""BACKUP DUE TO REGULAR CONGESTION, N/A"",NOT DISTRACTED,MD,28BD9422-B356-4AF6-969A-FEF4E9D90F1E,FUNCTIONAL,SIX OCLOCK,(SPORT) UTILITY VEHICLE,STOPPED IN TRAFFIC LANE,South,40,No,No,2022,HONDA,HRV,39.25867,-77.22446667,""(39.25867, -77.22446667)"""
"MCP1433000S,16065113,Montgomery County Police,Property Damage Crash,12/19/2016 06:25:00 PM,,,,""PARKING LOT OF BP GAS STATION "
16210 FREDERICK RD 
"GAITHERSBURG, MD 20877"",,,SAME DIR REAR END,N/A,,DARK LIGHTS ON,N/A,NONE DETECTED,,8170D97C-1F2B-4420-A629-35601D927456,Yes,NO APPARENT INJURY,N/A,LOOKED BUT DID NOT SEE,MD,601D43BE-1E61-4774-B1FC-142C9881D3C8,FUNCTIONAL,ELEVEN OCLOCK,PASSENGER CAR,SLOWING OR STOPPING,West,0,No,No,2011,VOLKSWAGON,CC,39.121058,-77.175841,""(39.121058, -77.175841)"""
"MCP285900FJ,230070026,Montgomery County Police,Property Damage Crash,12/05/2023 02:30:00 PM,County,GOSHEN RD,EAST VILLAGE AVE,,N/A,,STRAIGHT MOVEMENT ANGLE,CLOUDY,DRY,DAYLIGHT,N/A,NONE DETECTED,,73CB8E86-0F8A-4893-BF20-0641A3E67A65,No,NO APPARENT INJURY,N/A,NOT DISTRACTED,MD,C35F04C3-0E32-4C88-B694-02FFF2087EEA,FUNCTIONAL,SIX OCLOCK,PASSENGER CAR,MAKING LEFT TURN,West,30,No,No,2018,VOLK,SUV,39.18988811,-77.18536318,""(39.18988811, -77.18536318)"""