Report Number,Local Case Number,Agency Name,ACRS Report Type,Crash Date/Time,Route Type,Road Name,Cross-Street Name,Off-Road Description,Municipality,Related Non-Motorist,Collision Type,Weather,Surface Condition,Light,Traffic Control,Driver Substance Abuse,Non-Motorist Substance Abuse,Person ID,Driver At Fault,Injury Severity,Circumstance,Driver Distracted By,Drivers License State,Vehicle ID,Vehicle Damage Extent,Vehicle First Impact Location,Vehicle Body Type,Vehicle Movement,Vehicle Going Dir,Speed Limit,Driverless Vehicle,Parked Vehicle,Vehicle Year,Vehicle Make,Vehicle Model,Latitude,Longitude,Location
"MCP24550068,230067698,Montgomery County Police,Injury Crash,11/21/2023 06:19:00 PM,Maryland (State),NORBECK RD,BALTIMORE RD,,N/A,,SAME DIR REAR END,RAINING,WET,DARK NO LIGHTS,N/A,N/A,,56F4FFFB-3850-4241-AEC2-B896EDAE37FA,No,POSSIBLE INJURY,""RAIN, SNOW, WET"",NOT DISTRACTED,MD,3FF0F453-1091-4FCC-AD73-A57C312D929E,FUNCTIONAL,SIX OCLOCK,PASSENGER CAR,SLOWING OR STOPPING,East,50,No,No,2020,CHEV,UT,39.09408206,-77.11723664,""(39.09408206, -77.11723664)"""
"MCP33420015,230051564,Montgomery County Police,Property Damage Crash,08/26/2023 10:16:00 PM,County,MONTICELLO AVE,LAMBERTON DR,,N/A,,OTHER,CLEAR,DRY,DARK NO LIGHTS,NO CONTROLS,ALCOHOL PRESENT,,19E404C3-D9C3-4FE4-B2B6-B3A7299F4E9D,Yes,NO APPARENT INJURY,N/A,UNKNOWN,MD,187C5D99-8B46-47A4-8B9C-C04186DCF8CB,DISABLING,ONE OCLOCK,VAN,MOVING CONSTANT SPEED,North,25,No,No,2017,TOYOTA,SIENNA,39.0426345,-77.02881133,""(39.0426345, -77.02881133)"""
"MCP3348000T,230049119,Montgomery County Police,Property Damage Crash,08/12/2023 03:41:00 PM,,,,""PARKING LOT IN FRONT OF 13529 GEORGIA AVE SILVER SPRING, MD 20906"",,,OPPOSITE DIRECTION SIDESWIPE,CLEAR,,DAYLIGHT,N/A,NONE DETECTED,,59B79CEB-52EE-4DA5-88BA-0E194D0F0629,No,NO APPARENT INJURY,N/A,NOT DISTRACTED,MD,E208BD87-EDA4-4D77-A67B-C9AE606F7A52,SUPERFICIAL,FOUR OCLOCK,PASSENGER CAR,OTHER,North,10,No,No,2015,HONDA,CIVIC,39.07967378,-77.07128993,""(39.07967378, -77.07128993)"""
"MCP3009007F,230071703,Montgomery County Police,Property Damage Crash,12/14/2023 11:50:00 AM,County,MIDDLEBROOK RD,OBSERVATION DR,,N/A,,SAME DIRECTION LEFT TURN,CLEAR,DRY,DAYLIGHT,TRAFFIC SIGNAL,N/A,,ECB9473F-2F8B-4867-B7DF-2063950427DB,No,NO APPARENT INJURY,N/A,NOT DISTRACTED,MD,97023F2B-B838-434B-90EC-DFED6351AE11,SUPERFICIAL,ONE OCLOCK,PASSENGER CAR,MAKING LEFT TURN,South,40,No,No,2002,CHEVROLET,SUBURBAN,39.17837025,-77.24183913,""(39.17837025, -77.24183913)"""
"MCP2770003B,230046566,Montgomery County Police,Injury Crash,07/28/2023 07:35:00 AM,County,MIDCOUNTY HWY,SPUR FR SHADY GROVE RD,,N/A,,SAME DIR REAR END,CLEAR,N/A,DAYLIGHT,TRAFFIC SIGNAL,NONE DETECTED,,CD91B711-5521-499B-92F3-2FFFC7ECBE63,No,POSSIBLE INJURY,N/A,NOT DISTRACTED,MD,4CA06E46-9AE9-4628-8C20-C0BCBD3435B0,FUNCTIONAL,SIX OCLOCK,PASSENGER CAR,STOPPED IN TRAFFIC LANE,West,35,No,No,2016,ACURA,SUV,39.14110333,-77.152215,""(39.14110333, -77.152215)"""
"MCP2965001P,17012585,Montgomery County Police,Injury Crash,03/10/2017 08:44:00 AM,Maryland (State),GEORGIA AVE,DAMASCUS RD,,N/A,,SAME DIR REAR END,SNOW,WET,DAYLIGHT,NO CONTROLS,NONE DETECTED,,1F021698-2A42-483B-AC46-0938EDD534E8,Yes,NO APPARENT INJURY,""ICY OR SNOW-COVERED, SLEET, HAIL, FREEZ. RAIN"",NOT DISTRACTED,MD,44B16877-79C1-46D6-B0BB-06A058AB1603,FUNCTIONAL,TWELVE OCLOCK,PICKUP TRUCK,SLOWING OR STOPPING,South,45,No,No,2016,CHEVROLET,SILVERADO,39.22208251,-77.05971614,""(39.22208251, -77.05971614)"""
"MCP2919009H,230055102,Montgomery County Police,Injury Crash,09/15/2023 04:44:00 PM,US (State),COLESVILLE RD,HASTINGS DR,,N/A,,SAME DIR REAR END,CLEAR,DRY,DAYLIGHT,N/A,NONE DETECTED,,9E5EEF80-5865-451D-9276-596D2F71A11B,Yes,POSSIBLE INJURY,N/A,LOOKED BUT DID NOT SEE,MD,B7942964-53B7-4F00-AE96-1735F2D16985,FUNCTIONAL,TWELVE OCLOCK,PASSENGER CAR,MOVING CONSTANT SPEED,South,40,No,No,2017,SUBARU,SW,39.013655,-77.01678667,""(39.013655, -77.01678667)"""
"MCP2361002N,230047367,Montgomery County Police,Property Damage Crash,08/01/2023 07:43:00 PM,Municipality,RUSSELL AVE,ODENDHAL AVE,,GAITHERSBURG,,SAME DIR REAR END,CLEAR,DRY,DAYLIGHT,TRAFFIC SIGNAL,NONE DETECTED,,BC2151EB-4180-4A19-B4E7-01802E50F45A,No,NO APPARENT INJURY,N/A,NOT DISTRACTED,MD,BB180C0C-66F8-493B-8813-7A63E58681AF,SUPERFICIAL,SIX OCLOCK,PASSENGER CAR,STOPPED IN TRAFFIC LANE,South,35,No,No,2015,MAZD,UT,39.15092167,-77.20496833,""(39.15092167, -77.20496833)"""
"MCP3230004M,230055274,Montgomery County Police,Property Damage Crash,09/16/2023 06:40:00 PM,Maryland (State),VEIRS MILL RD,TURKEY BRANCH PKWY,,N/A,,SAME DIR REAR END,CLEAR,DRY,DAYLIGHT,TRAFFIC SIGNAL,UNKNOWN,,DA50BF32-7DDC-4C11-96A6-9EC135279255,Yes,NO APPARENT INJURY,N/A,NOT DISTRACTED,,B6B1B94C-668F-49A8-B1DC-B698E96C3CE1,UNKNOWN,TWELVE OCLOCK,,MOVING CONSTANT SPEED,West,35,No,No,0,UNKNOWN,UNKNOWN,39.06112944,-77.09090324,""(39.06112944, -77.09090324)"""
"MCP3200009H,230057827,Montgomery County Police,Property Damage Crash,10/01/2023 10:52:00 AM,,,,PARKING LOT OF 6201 TILDEN LA,,,SINGLE VEHICLE,CLEAR,,DAYLIGHT,NO CONTROLS,NONE DETECTED,,A4681C33-07E3-4B3E-928E-6030D82BA000,Yes,NO APPARENT INJURY,N/A,UNKNOWN,MD,3C3A6E7C-D889-4599-B39B-BABD71BFC429,DISABLING,TWELVE OCLOCK,PASSENGER CAR,MAKING U TURN,West,5,No,No,2022,TOYOTA,AVALON,39.04439,-77.12685233,""(39.04439, -77.12685233)"""
"MCP3145004B,230066957,Montgomery County Police,Property Damage Crash,11/17/2023 06:45:00 PM,Maryland (State),UNIVERSITY BLVD E,COLESVILLE RD,,N/A,,OTHER,CLEAR,DRY,DARK LIGHTS ON,TRAFFIC SIGNAL,NONE DETECTED,,A0C218ED-9DFF-4C33-B8EC-38A55C645673,No,NO APPARENT INJURY,N/A,NOT DISTRACTED,MD,EB17EFD8-218C-45F7-8667-48D5F6D05FDB,SUPERFICIAL,FIVE OCLOCK,SCHOOL BUS,STOPPED IN TRAFFIC LANE,West,35,No,No,2022,THOMAS,BUS,39.020175,-77.01200167,""(39.020175, -77.01200167)"""
"DD559500FG,230070952,Rockville Police Departme,Property Damage Crash,12/10/2023 04:08:00 PM,Maryland (State),HUNGERFORD DR,BEALL AVE #2,,ROCKVILLE,,SINGLE VEHICLE,RAINING,WET,DAYLIGHT,TRAFFIC SIGNAL,UNKNOWN,,36850555-3CFF-4468-93BF-BB32AD0A4ABB,Yes,NO APPARENT INJURY,""N/A, WET"",UNKNOWN,MD,F00D0A3F-C2AD-4545-9505-ABFEEE5CB1CF,DISABLING,TWELVE OCLOCK,PASSENGER CAR,MAKING LEFT TURN,North,40,No,No,2021,KIA,RIO,39.08724283,-77.15029817,""(39.08724283, -77.15029817)"""
"MCP2686006S,230071736,Montgomery County Police,Property Damage Crash,12/14/2023 03:04:00 PM,Other Public Roadway,SHAWNEE LA,GATEWAY CENTER DR,,N/A,,SAME DIRECTION SIDESWIPE,CLEAR,DRY,DAYLIGHT,N/A,NONE DETECTED,,4800F785-7070-44A1-BDE2-81B9660E9388,No,NO APPARENT INJURY,N/A,NOT DISTRACTED,MD,5EBFEA6E-A3E0-476D-9217-6615921E318B,NO DAMAGE,TEN OCLOCK,SCHOOL BUS,SLOWING OR STOPPING,East,35,No,No,2015,THOM,BU,39.22554117,-77.2755655,""(39.22554117, -77.2755655)"""
"MCP3243001R,230061490,Montgomery County Police,Property Damage Crash,10/19/2023 05:16:00 PM,Maryland (State),ROCKVILLE PIKE,CENTER DR,,N/A,,SAME DIRECTION LEFT TURN,CLEAR,DRY,DAYLIGHT,TRAFFIC SIGNAL,UNKNOWN,,D8A4BC4A-3E63-4AE2-920E-41AD465BC282,Yes,NO APPARENT INJURY,N/A,UNKNOWN,,C5252968-7344-4BB1-91DA-A144292A2C69,UNKNOWN,UNKNOWN,UNKNOWN,MAKING LEFT TURN,West,35,No,No,0,UNKNOWN,UNKNOWN,38.99700517,-77.0969905,""(38.99700517, -77.0969905)"""
"MCP3377000L,230055279,Montgomery County Police,Property Damage Crash,09/16/2023 06:59:00 PM,County,CORDELL AVE,OLD GEORGETOWN RD,,N/A,,OTHER,CLEAR,DRY,DAYLIGHT,NO CONTROLS,N/A,,7382A229-6EDD-4E57-B5C9-4B03A8E3AB57,Yes,NO APPARENT INJURY,N/A,LOOKED BUT DID NOT SEE,MD,72848BDB-D426-496B-879A-80ACC7C92141,NO DAMAGE,SIX OCLOCK,PASSENGER CAR,BACKING,North,15,No,No,2012,SPAR,TK,38.98828967,-77.09931067,""(38.98828967, -77.09931067)"""
"MCP33470016,230054288,Montgomery County Police,Injury Crash,09/11/2023 05:22:00 PM,Maryland (State),CONNECTICUT AVE,DUNLOP ST,,N/A,,SAME DIR REAR END,CLEAR,DRY,DAYLIGHT,TRAFFIC SIGNAL,NONE DETECTED,,59FAC1C8-60D6-4B68-B14B-60ED36F90039,No,POSSIBLE INJURY,N/A,NOT DISTRACTED,MD,28C6BD2A-5ED3-4F5F-BAF3-4CAE6D1E70A6,FUNCTIONAL,SIX OCLOCK,PASSENGER CAR,STOPPED IN TRAFFIC LANE,North,25,No,No,2018,HOND,SD,38.991001,-77.07694797,""(38.991001, -77.07694797)"""
"MCP2899006R,230046837,Montgomery County Police,Injury Crash,07/29/2023 05:55:00 PM,County,MUDDY BRANCH RD,MIDSUMMER DR,,GAITHERSBURG,,STRAIGHT MOVEMENT ANGLE,CLEAR,DRY,DAYLIGHT,STOP SIGN,NONE DETECTED,,9B533FE1-C3F6-4061-9027-8B6A67678321,Yes,NO APPARENT INJURY,N/A,LOOKED BUT DID NOT SEE,MD,5D7B8E47-BF56-45DF-A586-E6497A571FA2,DISABLING,TEN OCLOCK,PASSENGER CAR,MAKING LEFT TURN,East,25,No,No,2020,HYUNDAI,ELANTRA,39.10445833,-77.22004167,""(39.10445833, -77.22004167)"""
"MCP3280004F,230071615,Montgomery County Police,Injury Crash,12/14/2023 06:15:00 AM,US (State),COLUMBIA PIKE,FAIRLAND RD,,N/A,,SAME DIR REAR END,CLEAR,DRY,DARK NO LIGHTS,NO CONTROLS,NONE DETECTED,,E4E9A782-8D1A-4A00-94EB-CC21E5653543,Yes,SUSPECTED MINOR INJURY,N/A,UNKNOWN,MD,69281496-B8ED-419C-87A4-8E0F63D8A2E7,DESTROYED,TWELVE OCLOCK,POLICE VEHICLE/EMERGENCY,MOVING CONSTANT SPEED,South,50,No,No,2022,FORD,EXPLORER,39.071487,-76.95714667,""(39.071487, -76.95714667)"""
"MCP9379004Y,230057429,Montgomery County Police,Property Damage Crash,09/29/2023 08:10:00 AM,County,SHADY GROVE RD,RAMP 6 FR SHADY GROVE RD EB TO IS 270 SB,,N/A,,STRAIGHT MOVEMENT ANGLE,CLEAR,DRY,DAYLIGHT,TRAFFIC SIGNAL,NONE DETECTED,,04AD6299-F7CE-44B8-A7C4-733F6DC51B2A,Yes,NO APPARENT INJURY,N/A,NOT DISTRACTED,MD,68F9302F-2E93-4BE3-B449-5E0CD0DBDE79,DISABLING,TWELVE OCLOCK,PASSENGER CAR,MOVING CONSTANT SPEED,East,40,No,No,2010,TOYT,SCION,39.11210367,-77.18690567,""(39.11210367, -77.18690567)"""
"MCP06170047,220029583,Montgomery County Police,Property Damage Crash,07/10/2022 10:38:00 AM,,,,2211 RANDOLPH RD SILVER SPRING MD 20902,,,OTHER,CLEAR,,DAYLIGHT,NO CONTROLS,N/A,,0F632ECD-E451-4794-932D-5D974885FC53,No,NO APPARENT INJURY,N/A,NOT DISTRACTED,XX,00652D64-539A-4A6E-9EF3-1395F09A2EF5,SUPERFICIAL,TWO OCLOCK,PASSENGER CAR,PARKED,,0,Unknown,Yes,2011,TOYOTA,4S,39.05986833,-77.048295,""(39.05986833, -77.048295)"""
"MCP2921004W,230062388,Montgomery County Police,Property Damage Crash,10/24/2023 08:20:00 PM,,,,""PARKING LOT OF CLARKSBURG OUTLETS LOCATED AT 22705 CLARKSBURG RD. CLARKSBURG, MD 20871"",,,OTHER,CLEAR,,DARK LIGHTS ON,N/A,UNKNOWN,,157B2861-3868-4371-BB86-62752C2D62F2,Yes,NO APPARENT INJURY,N/A,UNKNOWN,,3C0D338C-FB5A-4493-96B0-3B707EEB7F3F,UNKNOWN,SIX OCLOCK,PASSENGER CAR,BACKING,Unknown,5,No,No,2023,CHEVROLET,UTILITY,39.22678833,-77.283855,""(39.22678833, -77.283855)"""
"MCP9301004S,230061004,Montgomery County Police,Property Damage Crash,10/17/2023 08:40:00 AM,,,,""PARKING LOT OF 429 WEST DIAMOND AVE,GAITHERSBURG, MD 20877"",,,OTHER,CLOUDY,,DAYLIGHT,NO CONTROLS,N/A,,CAA8189F-1CF1-4D3A-86A8-1B01B773707F,Yes,NO APPARENT INJURY,N/A,LOOKED BUT DID NOT SEE,MD,8C720AB5-18A0-4043-87B1-1951389742F6,SUPERFICIAL,ONE OCLOCK,SCHOOL BUS,N/A,Unknown,10,No,No,2020,THMS,HDX,39.1401348,-77.2042687,""(39.1401348, -77.2042687)"""
"MCP2961004C,230051001,Montgomery County Police,Property Damage Crash,08/24/2023 05:30:00 AM,Maryland (State),LAYHILL RD,BEL PRE RD,,N/A,,HEAD ON LEFT TURN,CLEAR,DRY,DARK LIGHTS ON,TRAFFIC SIGNAL,NONE DETECTED,,6AAEC5E4-DED2-4440-A7C8-0FCE24A8D788,Yes,NO APPARENT INJURY,N/A,UNKNOWN,DC,AAAB9080-C2E2-4354-90EB-3B6AC1811D36,FUNCTIONAL,TWELVE OCLOCK,PASSENGER CAR,MAKING LEFT TURN,West,35,No,No,2003,TOYOTA,COROLLA,39.09056751,-77.04490783,""(39.09056751, -77.04490783)"""
"MCP2399007B,230066546,Montgomery County Police,Property Damage Crash,11/15/2023 05:22:00 PM,Maryland (State),MUNCASTER MILL RD,NEEDWOOD RD,,N/A,,SAME DIR REAR END,CLEAR,DRY,DARK -- UNKNOWN LIGHTING,N/A,NONE DETECTED,,59E95B10-6005-433A-81A7-8BF41A4541F8,No,NO APPARENT INJURY,N/A,NOT DISTRACTED,MD,1D137EB4-CEC0-48C3-A8B1-0F8633A07CD2,FUNCTIONAL,SIX OCLOCK,(SPORT) UTILITY VEHICLE,STOPPED IN TRAFFIC LANE,West,40,No,No,2009,VOLK,TOUAREG,39.131542,-77.12037967,""(39.131542, -77.12037967)"""
"MCP3292001S,230049684,Montgomery County Police,Property Damage Crash,08/16/2023 01:22:00 AM,County,STARDRIFT DR,FREDERICK RD,,N/A,,STRAIGHT MOVEMENT ANGLE,CLEAR,DRY,DARK LIGHTS ON,NO CONTROLS,UNKNOWN,,288E44AE-4BED-4F3E-B1C1-B8481877C7C4,Yes,NO APPARENT INJURY,N/A,UNKNOWN,,B6BFC0AB-9E6D-401A-9256-195891C0A9B8,FUNCTIONAL,TWELVE OCLOCK,PASSENGER CAR,MOVING CONSTANT SPEED,West,25,No,No,2017,KIA,SOUL,39.20597788,-77.24946838,""(39.20597788, -77.24946838)"""
"MCP33760016,230062163,Montgomery County Police,Property Damage Crash,10/23/2023 04:45:00 PM,County,BEL PRE RD,GEORGIA AVE,,N/A,,SAME DIRECTION SIDESWIPE,CLEAR,DRY,DAYLIGHT,TRAFFIC SIGNAL,NONE DETECTED,,88723778-97AF-409B-BEEE-4836DA2023D2,No,NO APPARENT INJURY,N/A,NOT DISTRACTED,MD,96D28D47-DF42-492D-854C-BEE93831BF3F,FUNCTIONAL,ELEVEN OCLOCK,PASSENGER CAR,STOPPED IN TRAFFIC LANE,West,35,No,No,2008,HOND,SD,39.0933305,-77.07918583,""(39.0933305, -77.07918583)"""
"MCP2761004M,230053593,Montgomery County Police,Property Damage Crash,09/07/2023 09:18:00 AM,County,WATERS LANDING DR,WYNNFIELD DR,,N/A,,SINGLE VEHICLE,CLEAR,DRY,DAYLIGHT,NO CONTROLS,N/A,,A9FAEA91-8829-478B-BDCE-094C0295CF04,Yes,NO APPARENT INJURY,N/A,UNKNOWN,,DBE88DF7-6FDA-4414-850B-DCD2A476909E,DISABLING,ELEVEN OCLOCK,PASSENGER CAR,MOVING CONSTANT SPEED,West,35,No,No,2014,HONDA,CRV,39.19136837,-77.28052953,""(39.19136837, -77.28052953)"""
"MCP3119000K,180022441,Montgomery County Police,Property Damage Crash,05/07/2018 02:41:00 PM,Maryland (State),GREAT SENECA HWY,QUINCE ORCHARD RD,,N/A,,SINGLE VEHICLE,CLEAR,DRY,DAYLIGHT,TRAFFIC SIGNAL,NONE DETECTED,,B389A224-4A06-436B-9FC8-BF5585A33E77,Yes,NO APPARENT INJURY,N/A,OTHER CELLULAR PHONE RELATED,DE,35B15F7B-4DC3-4868-85E7-5EF2B3375975,DISABLING,ONE OCLOCK,VAN,MAKING RIGHT TURN,East,50,No,No,2003,HONDA,ODYSSEY,39.12803333,-77.237285,""(39.12803333, -77.237285)"""
"MCP2738004P,230046743,Montgomery County Police,Property Damage Crash,07/29/2023 02:52:00 AM,County,CHERRY HILL RD,BROADBIRCH DR,,N/A,,STRAIGHT MOVEMENT ANGLE,CLEAR,DRY,DARK LIGHTS ON,TRAFFIC SIGNAL,N/A,,77E2AB57-494A-448F-A5A3-7F8E3070E387,Yes,NO APPARENT INJURY,N/A,LOOKED BUT DID NOT SEE,MD,FA19424F-E659-4BAE-B65B-A364E15E06E7,DISABLING,TWELVE OCLOCK,PASSENGER CAR,MOVING CONSTANT SPEED,North,40,No,No,2019,MERCEDES,GLC300,39.05639217,-76.95431867,""(39.05639217, -76.95431867)"""
"MCP3337001R,230052892,Montgomery County Police,Property Damage Crash,09/03/2023 04:26:00 AM,County,RANDOLPH RD,GLENALLAN AVE,,N/A,,HEAD ON,CLEAR,DRY,DARK NO LIGHTS,NO CONTROLS,NONE DETECTED,,94091BCC-B8F2-4A67-9793-54E9BFE6E64F,Yes,NO APPARENT INJURY,N/A,OTHER DISTRACTION,MD,1EC0B33D-1D44-4313-9E9B-152EBBF974A6,DISABLING,TWELVE OCLOCK,POLICE VEHICLE/NON EMERGENCY,MOVING CONSTANT SPEED,West,25,No,No,2017,FORD,POLICE INTERCEPTOR,39.06146133,-77.04597467,""(39.06146133, -77.04597467)"""
"MCP3303001Q,230068611,Montgomery County Police,Property Damage Crash,11/27/2023 09:14:00 PM,Maryland (State),GERMANTOWN RD,FREDERICK RD,,N/A,,SINGLE VEHICLE,CLEAR,DRY,DARK LIGHTS ON,N/A,NONE DETECTED,,9B9ABE9B-6D02-40A4-9FF6-52AAA3AD801A,Yes,NO APPARENT INJURY,N/A,UNKNOWN,MD,A1F8DA8B-6283-4182-A86B-F41E7A327763,DISABLING,TWELVE OCLOCK,(SPORT) UTILITY VEHICLE,MAKING RIGHT TURN,South,40,No,No,2017,ACURA,RDX,39.19216667,-77.24315,""(39.19216667, -77.24315)"""
"MCP32960024,230065172,Montgomery County Police,Property Damage Crash,11/08/2023 03:29:00 PM,US (State),COLUMBIA PIKE,GREENCASTLE RD,,N/A,,SAME DIR REAR END,CLEAR,DRY,DAYLIGHT,NO CONTROLS,NONE DETECTED,,E7058CFC-FAEA-409D-8636-D1A6B5FD2E0A,No,NO APPARENT INJURY,N/A,NOT DISTRACTED,MD,4F0A2767-CC6D-49B4-95AC-5F513823FDFE,FUNCTIONAL,SIX OCLOCK,(SPORT) UTILITY VEHICLE,SLOWING OR STOPPING,North,50,No,No,2019,AUDI,TK,39.09200033,-76.94068833,""(39.09200033, -76.94068833)"""
"MCP2950002Q,230060426,Montgomery County Police,Property Damage Crash,10/14/2023 01:59:00 AM,Maryland (State),FREDERICK RD,WHEATFIELD DR,,N/A,,SINGLE VEHICLE,CLEAR,DRY,DARK LIGHTS ON,NO CONTROLS,UNKNOWN,,D36BEF8F-8514-46DE-9885-F548C7E9BF0F,Yes,NO APPARENT INJURY,N/A,UNKNOWN,,A6D0A5EE-DAB3-42F7-A0D1-A731ADFE781C,DISABLING,TWELVE OCLOCK,PASSENGER CAR,MOVING CONSTANT SPEED,South,40,No,No,2005,SCION,TC,39.16771617,-77.22993083,""(39.16771617, -77.22993083)"""
"MCP3403000C,230072794,Montgomery County Police,Injury Crash,12/20/2023 03:55:00 PM,US (State),COLUMBIA PIKE,BLACKBURN RD,,N/A,,HEAD ON,CLEAR,DRY,DAYLIGHT,NO CONTROLS,NONE DETECTED,,45C078CE-4064-41BB-B9F4-F214B193EFC5,Yes,POSSIBLE INJURY,N/A,INATTENTIVE OR LOST IN THOUGHT,MD,ED7BEDDC-D33B-4E79-BC9C-D60D09972C28,DISABLING,TWELVE OCLOCK,(SPORT) UTILITY VEHICLE,MOVING CONSTANT SPEED,South,55,No,No,2012,NISSAN,ROGUE,39.09796283,-76.936773,""(39.09796283, -76.936773)"""
"MCP9365001V,230030221,Montgomery County Police,Injury Crash,06/24/2023 12:39:00 PM,Maryland (State),SANDY SPRING RD,DINO DR,,N/A,BICYCLIST,SAME DIR REAR END,CLEAR,DRY,DAYLIGHT,N/A,NONE DETECTED,NONE DETECTED,6593C76A-AF80-4C4A-A44B-6AE3837159C0,No,NO APPARENT INJURY,N/A,NOT DISTRACTED,MD,500A519E-9193-4C07-8C41-033E3DF20D08,FUNCTIONAL,SIX OCLOCK,PASSENGER CAR,STOPPED IN TRAFFIC LANE,East,50,No,No,2008,HONDA,CIVIC,39.10888866,-76.92287007,""(39.10888866, -76.92287007)"""
"MCP2121002T,230056908,Montgomery County Police,Property Damage Crash,09/26/2023 08:21:00 AM,Maryland (State),FISHER AVE,WOOTTON AVE,,POOLESVILLE,,SAME DIR REAR END,RAINING,WET,DAWN,PERSON,NONE DETECTED,,B85DC7E5-2C54-4BB8-9386-FD1F6CFB0987,Yes,NO APPARENT INJURY,""RAIN, SNOW, WET"",NOT DISTRACTED,MD,2E9FF40E-E37C-42D1-83B8-737C8D6D4A72,DESTROYED,TWELVE OCLOCK,(SPORT) UTILITY VEHICLE,SLOWING OR STOPPING,East,25,No,No,2018,MERZ,UT,39.14256567,-77.40774817,""(39.14256567, -77.40774817)"""
"EJ786600CV,230063103,Gaithersburg Police Depar,Property Damage Crash,10/28/2023 06:40:00 PM,Municipality,WATER ST,W DIAMOND AVE,,N/A,,HEAD ON,CLEAR,DRY,DARK LIGHTS ON,NO CONTROLS,NONE DETECTED,,D3B63AAA-1B1D-43C4-9DAA-9BA240416B06,No,NO APPARENT INJURY,N/A,NOT DISTRACTED,MD,329CDDF1-89E0-4FBC-9272-BDDABE592117,SUPERFICIAL,TWELVE OCLOCK,PASSENGER CAR,STOPPED IN TRAFFIC LANE,North,25,No,No,2021,HOND,CR-V,39.14046518,-77.20217768,""(39.14046518, -77.20217768)"""
"MCP9392001L,230071191,Montgomery County Police,Property Damage Crash,12/11/2023 11:03:00 PM,County,WATKINS MILL RD,APPLE RIDGE RD,,N/A,,OPPOSITE DIRECTION SIDESWIPE,CLEAR,DRY,DARK LIGHTS ON,TRAFFIC SIGNAL,NONE DETECTED,,B0DAE8F3-8E54-4ED8-B1DC-F29FE8274F47,Yes,NO APPARENT INJURY,N/A,NOT DISTRACTED,XX,2FE6A813-1937-4646-BC06-FD8DD86FBD36,SUPERFICIAL,ELEVEN OCLOCK,PASSENGER CAR,MAKING U TURN,South,35,No,No,2016,HYUNDAI,SONATA,39.1843692,-77.2109918,""(39.1843692, -77.2109918)"""
"MCP1400001G,230054325,Montgomery County Police,Property Damage Crash,09/11/2023 09:00:00 PM,Maryland (State),GEORGIA AVE,HILLCROFT DR,,N/A,,SAME DIRECTION RIGHT TURN,CLEAR,DRY,DARK LIGHTS ON,NO CONTROLS,NONE DETECTED,,FCA745D2-2186-4577-AC50-6F4883CEF79B,No,NO APPARENT INJURY,N/A,NOT DISTRACTED,MD,0CAF318F-5A88-4A15-AEE2-125DADCE5C29,SUPERFICIAL,EIGHT OCLOCK,PASSENGER CAR,MOVING CONSTANT SPEED,South,50,No,No,2013,HONDA,4D,39.1240026,-77.07338745,""(39.1240026, -77.07338745)"""
"MCP31380061,230064467,Montgomery County Police,Property Damage Crash,11/04/2023 11:38:00 PM,County,OLD BALTIMORE RD,SHOTLEY BRIDGE PL,,N/A,,SINGLE VEHICLE,CLEAR,DRY,DARK LIGHTS ON,N/A,ALCOHOL PRESENT,,CDC7DD88-9F5E-432A-AE20-2117A310CC0B,Yes,NO APPARENT INJURY,N/A,LOOKED BUT DID NOT SEE,MD,9C823972-F965-43EE-987B-9FFDD68772E9,DISABLING,TWELVE OCLOCK,(SPORT) UTILITY VEHICLE,ACCELERATING,North,15,No,No,2021,HONDA,PILOT,39.14975809,-77.05178362,""(39.14975809, -77.05178362)"""
"MCP25390010,180039862,Montgomery County Police,Injury Crash,08/10/2018 11:09:00 PM,County,ARLINGTON RD,BETHESDA AVE,,N/A,,SAME DIR REAR END,CLEAR,DRY,DARK LIGHTS ON,NO CONTROLS,NONE DETECTED,,449AEB60-968D-4E55-AE20-9DB8134553B2,No,SUSPECTED MINOR INJURY,N/A,NOT DISTRACTED,VA,5A8C5DBB-A823-4911-A098-CA98BE6C6443,FUNCTIONAL,SIX OCLOCK,PASSENGER CAR,MOVING CONSTANT SPEED,South,35,No,No,2012,FORD,FOCUS,38.97883617,-77.09910035,""(38.97883617, -77.09910035)"""
"MCP3255002Y,220003139,Montgomery County Police,Injury Crash,01/24/2022 06:45:00 PM,County,GOSHEN RD,SNOUFFERS SCHOOL RD,,N/A,,HEAD ON,CLEAR,DRY,DARK -- UNKNOWN LIGHTING,TRAFFIC SIGNAL,N/A,,E8DA1159-4A97-415D-B900-DD1EF918CE04,Yes,SUSPECTED MINOR INJURY,N/A,UNKNOWN,MD,421756F9-59F8-4F06-BB5C-1E0C218D3EA8,DISABLING,TWELVE OCLOCK,PASSENGER CAR,MAKING LEFT TURN,South,35,No,No,2017,TOYOTA,COROLLA,39.18750333,-77.18643167,""(39.18750333, -77.18643167)"""