Report Number,Local Case Number,Agency Name,ACRS Report Type,Crash Date/Time,Route Type,Road Name,Cross-Street Name,Off-Road Description,Municipality,Related Non-Motorist,Collision Type,Weather,Surface Condition,Light,Traffic Control,Driver Substance Abuse,Non-Motorist Substance Abuse,Person ID,Driver At Fault,Injury Severity,Circumstance,Driver Distracted By,Drivers License State,Vehicle ID,Vehicle Damage Extent,Vehicle First Impact Location,Vehicle Body Type,Vehicle Movement,Vehicle Going Dir,Speed Limit,Driverless Vehicle,Parked Vehicle,Vehicle Year,Vehicle Make,Vehicle Model,Latitude,Longitude,Location
"MCP913000GN,230054184,Montgomery County Police,Injury Crash,09/11/2023 08:07:00 AM,Maryland (State),PINEY BRANCH RD,UNIVERSITY BLVD E,,N/A,,STRAIGHT MOVEMENT ANGLE,CLOUDY,WET,DAYLIGHT,NO CONTROLS,NONE DETECTED,,B030BEB2-6DC0-4041-A797-3D2637394B90,Yes,NO APPARENT INJURY,N/A,NOT DISTRACTED,MD,B424EF31-E7D3-4A97-9285-C55BE074CD45,FUNCTIONAL,ELEVEN OCLOCK,PASSENGER CAR,MAKING LEFT TURN,East,30,No,No,2003,TOYOTA,COROLLA,38.99960603,-76.99379381,""(38.99960603, -76.99379381)"""
"MCP32670020,230056197,Montgomery County Police,Injury Crash,09/21/2023 09:45:00 PM,Maryland (State),VEIRS MILL RD,PARKLAND DR,,N/A,,SAME DIR REAR END,CLEAR,DRY,DARK LIGHTS ON,TRAFFIC SIGNAL,NONE DETECTED,,F7EA6380-9101-4842-AA84-1B7662DC69F8,No,NO APPARENT INJURY,N/A,NOT DISTRACTED,MD,E5EB61D5-3599-4732-AA40-5F2A3FF6940C,FUNCTIONAL,SIX OCLOCK,PASSENGER CAR,SLOWING OR STOPPING,West,35,No,No,2019,TOYT,TK,39.06126333,-77.091415,""(39.06126333, -77.091415)"""
"MCP3290002N,230067042,Montgomery County Police,Injury Crash,11/18/2023 05:00:00 AM,US (State),GEORGIA AVE,KING ST,,N/A,,SAME DIRECTION SIDESWIPE,CLEAR,DRY,DARK LIGHTS ON,TRAFFIC SIGNAL,NONE DETECTED,,8F9D6FDB-90E5-474F-AD2F-6834B278D9E6,No,SUSPECTED MINOR INJURY,N/A,UNKNOWN,MD,E239CA46-9583-404B-A657-4CBCE2A467C9,FUNCTIONAL,ELEVEN OCLOCK,PASSENGER CAR,ACCELERATING,South,35,No,No,2016,FORD,ESCAPE,38.98657988,-77.02676019,""(38.98657988, -77.02676019)"""
"MCP2940006W,230072059,Montgomery County Police,Injury Crash,12/16/2023 01:40:00 PM,County,WESTLAKE TERR,LAKEVIEW DR,,N/A,,OTHER,CLEAR,DRY,DAYLIGHT,N/A,NONE DETECTED,,FBA62ADF-E83A-40AA-A626-0DED44127BAA,No,NO APPARENT INJURY,N/A,NOT DISTRACTED,MN,369CB446-E6F6-45B0-90D9-852B1E8F90CB,DISABLING,TWELVE OCLOCK,PASSENGER CAR,MOVING CONSTANT SPEED,East,35,No,No,2016,FORD,FUSION,39.026697,-77.151229,""(39.026697, -77.151229)"""
"MCP3227004S,230052703,Montgomery County Police,Property Damage Crash,09/01/2023 07:32:00 PM,Ramp,RAMP 3 FR IS 495 EB TO MD 97 NB,GEORGIA AVE,,N/A,,SAME DIR REAR END,CLEAR,DRY,DAYLIGHT,NO CONTROLS,NONE DETECTED,,48C066CF-FE28-473D-A04A-26E3A6AC4038,No,NO APPARENT INJURY,N/A,NOT DISTRACTED,MD,3A0B458C-0CC3-44A3-8235-571D3EAC142B,SUPERFICIAL,SIX OCLOCK,PASSENGER CAR,SLOWING OR STOPPING,East,55,No,No,2015,CHRYSLER,200,39.01332738,-77.04597821,""(39.01332738, -77.04597821)"""
"MCP3208004L,230047025,Montgomery County Police,Property Damage Crash,07/30/2023 09:12:00 PM,Maryland (State),GEORGIA AVE,RAMP 4 FR MD 97 NB TO IS 495 EB,,N/A,,SAME DIR REAR END,CLEAR,DRY,DARK LIGHTS ON,TRAFFIC SIGNAL,NONE DETECTED,,4DB68E3C-8D83-48F2-A5F4-4B3925253485,No,NO APPARENT INJURY,N/A,NOT DISTRACTED,VA,4A48AD38-7C6E-4A5D-A87E-D70781EC9C47,SUPERFICIAL,SIX OCLOCK,PASSENGER CAR,STOPPED IN TRAFFIC LANE,North,35,No,No,2013,VW,JETTA,39.01197942,-77.04143591,""(39.01197942, -77.04143591)"""
"MCP28980049,230062325,Montgomery County Police,Property Damage Crash,10/24/2023 02:47:00 PM,Maryland (State),GERMANTOWN RD,RAMP 4 FR IS 270 NB TO MD 118 EB,,N/A,,SAME DIR REAR END,CLEAR,DRY,DAYLIGHT,TRAFFIC SIGNAL,N/A,,3FEFA976-A812-4653-A536-55267E0DA3C3,No,NO APPARENT INJURY,N/A,NOT DISTRACTED,MD,6F80ECB9-00A7-4644-81D0-C04FA077DFE4,FUNCTIONAL,SIX OCLOCK,PASSENGER CAR,STOPPED IN TRAFFIC LANE,South,40,No,No,2015,HOND,4S,39.18757333,-77.25261333,""(39.18757333, -77.25261333)"""
"MCP31050058,230071818,Montgomery County Police,Injury Crash,12/15/2023 12:36:00 AM,County,FATHER HURLEY BLVD,WISTERIA DR,,N/A,,STRAIGHT MOVEMENT ANGLE,CLEAR,DRY,DARK LIGHTS ON,FLASHING TRAFFIC SIGNAL,NONE DETECTED,,656BA07F-AAD6-44ED-B719-236A0E97809B,Yes,NO APPARENT INJURY,N/A,LOOKED BUT DID NOT SEE,MD,71A40B13-5A60-4529-BF64-25FCA328B7B7,FUNCTIONAL,TWELVE OCLOCK,PASSENGER CAR,ACCELERATING,South,35,No,No,2010,TOYT,CAMRY,39.181564,-77.27623683,""(39.181564, -77.27623683)"""
"MCP2456007L,230034690,Montgomery County Police,Property Damage Crash,07/20/2023 05:00:00 PM,County,OLD COLUMBIA PIKE,BRIGGS CHANEY RD,,N/A,,SAME DIR REAR END,CLEAR,DRY,DAYLIGHT,TRAFFIC SIGNAL,NONE DETECTED,,20FC71C7-966D-4CC4-B66C-E8D0E4A40001,Yes,NO APPARENT INJURY,N/A,UNKNOWN,MD,82DBF921-5094-42BE-BCF6-213A986FE2AC,FUNCTIONAL,TWELVE OCLOCK,PASSENGER CAR,MOVING CONSTANT SPEED,North,35,No,No,2014,TOYOTA,PRIUS,39.0838,-76.951315,""(39.0838, -76.951315)"""
"EJ7879003G,230052822,Gaithersburg Police Depar,Property Damage Crash,09/02/2023 04:20:00 PM,,,,""880 RUSSELL AVENUE, GAITHERSBURG MD"",,,OTHER,CLEAR,,DAYLIGHT,NO CONTROLS,UNKNOWN,,73D1039C-3AD9-4C76-A695-95E9588B466D,Yes,NO APPARENT INJURY,N/A,UNKNOWN,,5CE89EA0-733E-45A9-8468-CB1A444ACBFF,UNKNOWN,UNKNOWN,PASSENGER CAR,PARKING,Unknown,5,No,No,2015,ROV,TK,39.15671618,-77.21305278,""(39.15671618, -77.21305278)"""
"MCP32640042,230057262,Montgomery County Police,Injury Crash,09/28/2023 10:40:00 AM,County,FENTON ST,PHILADELPHIA AVE,,N/A,,STRAIGHT MOVEMENT ANGLE,CLEAR,DRY,DAYLIGHT,TRAFFIC SIGNAL,NONE DETECTED,,8BE7F4D6-6B8A-4ED4-AD52-4923CB36597A,Yes,NO APPARENT INJURY,N/A,LOOKED BUT DID NOT SEE,MD,64E7F550-27A8-4F90-9901-605C8E09EBF7,FUNCTIONAL,TWELVE OCLOCK,PASSENGER CAR,MAKING U TURN,West,25,No,No,2006,NISSAN,PATHFINDER,38.98767667,-77.02305333,""(38.98767667, -77.02305333)"""
"MCP2622003S,230053791,Montgomery County Police,Injury Crash,09/08/2023 12:25:00 PM,Maryland (State),SANDY SPRING RD,RIDING STABLE RD,,N/A,,STRAIGHT MOVEMENT ANGLE,CLEAR,DRY,DAYLIGHT,NO CONTROLS,NONE DETECTED,,78B71C26-3B40-4062-961B-5BD039F2A7C6,Yes,NO APPARENT INJURY,N/A,LOOKED BUT DID NOT SEE,MD,F17DD01F-C5F0-408E-BB89-82284170E5F5,DISABLING,FOUR OCLOCK,PASSENGER CAR,MAKING LEFT TURN,North,45,No,No,2017,DODGE,CROSSROAD,39.1055891,-76.9105984,""(39.1055891, -76.9105984)"""
"MCP3276001D,210041629,Montgomery County Police,Injury Crash,10/14/2021 11:30:00 PM,US (State),COLUMBIA PIKE,FAIRLAND RD,,N/A,,SINGLE VEHICLE,CLEAR,DRY,DARK NO LIGHTS,NO CONTROLS,NONE DETECTED,,FBC1E34C-FA47-4FCB-9F8D-77F34954882C,Yes,SUSPECTED MINOR INJURY,""ANIMAL, N/A"",LOOKED BUT DID NOT SEE,MD,904E3F15-7FC9-4B2B-99F0-112BD4F9C547,FUNCTIONAL,TWELVE OCLOCK,PASSENGER CAR,MOVING CONSTANT SPEED,North,45,No,No,2012,NISSAN,ALTIME,39.06929667,-76.95818667,""(39.06929667, -76.95818667)"""
"MCP2708008H,230066542,Montgomery County Police,Injury Crash,11/15/2023 05:30:00 PM,Maryland (State),NEW HAMPSHIRE AVE,OVERLOOK DR,,N/A,,HEAD ON LEFT TURN,CLEAR,DRY,DARK LIGHTS ON,NO CONTROLS,NONE DETECTED,,83A537D8-C0A2-43BC-91D5-4F7CEEE2CC44,Yes,POSSIBLE INJURY,N/A,DISTRACTED BY OUTSIDE PERSON OBJECT OR EVENT,MD,B99E5B67-9420-434A-AAC2-32E5A016FFA4,DISABLING,TWELVE OCLOCK,PASSENGER CAR,MAKING LEFT TURN,South,40,No,No,2015,HYUN,SD,39.02428167,-76.97936833,""(39.02428167, -76.97936833)"""
"MCP2620002J,230029153,Montgomery County Police,Injury Crash,06/17/2023 02:39:00 PM,Maryland (State),ROCKVILLE PIKE,STRATHMORE AVE,,N/A,,STRAIGHT MOVEMENT ANGLE,CLEAR,DRY,DAYLIGHT,TRAFFIC SIGNAL,NONE DETECTED,,B0B9E208-2039-4092-9525-40DA3DC07713,No,SUSPECTED MINOR INJURY,N/A,NOT DISTRACTED,VA,E0378AC2-20EB-47E9-95C9-CD454AA0A5EE,DESTROYED,TWO OCLOCK,(SPORT) UTILITY VEHICLE,MOVING CONSTANT SPEED,North,35,No,No,2004,LEXUS,RD350,39.03485122,-77.1068545,""(39.03485122, -77.1068545)"""
"MCP289200FJ,230065197,Montgomery County Police,Property Damage Crash,11/08/2023 04:52:00 PM,Maryland (State),GEORGIA AVE,RAMP 4 FR MD 97 NB TO IS 495 EB,,N/A,,SAME DIRECTION SIDESWIPE,CLEAR,DRY,DAYLIGHT,NO CONTROLS,NONE DETECTED,,088CD816-2CFE-4F13-BB2D-A940D604476A,No,NO APPARENT INJURY,N/A,NOT DISTRACTED,DC,D0081131-6F0E-4926-BCF3-AE2117923746,SUPERFICIAL,TEN OCLOCK,PASSENGER CAR,MOVING CONSTANT SPEED,North,30,No,No,2007,CHEV,UT,39.01251396,-77.04145398,""(39.01251396, -77.04145398)"""
"MCP1433004C,220039815,Montgomery County Police,Property Damage Crash,09/13/2022 04:00:00 PM,,,,TARGET STORE PARKING GARAGE/LOT AT 5700 BOU AVE ROCKVILLE MD,,,ANGLE MEETS RIGHT TURN,CLEAR,,DAYLIGHT,STOP SIGN,NONE DETECTED,,08BFA82A-6E0E-4F67-9516-92C5D961CA19,Yes,NO APPARENT INJURY,N/A,LOOKED BUT DID NOT SEE,MD,F7C3C275-D7C7-4CAC-B035-F6E159EF3C47,DISABLING,NINE OCLOCK,(SPORT) UTILITY VEHICLE,MAKING RIGHT TURN,West,25,No,No,2017,SUBA,FORESTER,39.056755,-77.11611,""(39.056755, -77.11611)"""
"MCP209400N2,230069930,Montgomery County Police,Property Damage Crash,12/05/2023 09:04:00 AM,County,KENT ST,STONEYBROOK DR,,N/A,,SAME DIR REAR END,CLEAR,DRY,DAYLIGHT,NO CONTROLS,NONE DETECTED,,A5354873-4B93-4A10-B7AF-31A51261EF9F,Yes,NO APPARENT INJURY,N/A,UNKNOWN,MD,F6A9497A-C763-4738-96E7-9DDB3056E8E0,DISABLING,TWELVE OCLOCK,PASSENGER CAR,OTHER,West,25,No,No,2006,HONDA,ACCORD,39.01988667,-77.06457167,""(39.01988667, -77.06457167)"""
"MCP3227004Y,230061322,Montgomery County Police,Property Damage Crash,10/18/2023 07:55:00 PM,Maryland (State),PINEY BRANCH RD,NO NAME,,N/A,,STRAIGHT MOVEMENT ANGLE,CLEAR,DRY,DUSK,NO CONTROLS,NONE DETECTED,,294288FB-2698-4AEC-BAC1-4B42E1071936,No,NO APPARENT INJURY,N/A,NOT DISTRACTED,DC,085ED113-9773-421D-ACBC-0294446DEB31,DESTROYED,TWELVE OCLOCK,PASSENGER CAR,MOVING CONSTANT SPEED,South,35,No,No,2008,PORSCHE,CAYENNE,39.0012529,-76.98613029,""(39.0012529, -76.98613029)"""
"MCP27300037,230023251,Montgomery County Police,Property Damage Crash,05/15/2023 08:30:00 AM,,,,PARKING LOT OF 19707 CRYSTAL ROCK DRIVE,,,OPPOSITE DIR BOTH LEFT TURN,CLEAR,,DAYLIGHT,STOP SIGN,N/A,,1AE07713-1D51-483B-99FE-261A25E05332,Yes,NO APPARENT INJURY,N/A,NOT DISTRACTED,MD,C6D24576-08C2-4114-A0FD-D30B793D172B,NO DAMAGE,ELEVEN OCLOCK,SCHOOL BUS,MAKING LEFT TURN,South,0,No,No,2021,FRHT,CHASSIS,39.17895324,-77.26142049,""(39.17895324, -77.26142049)"""
"MCP3220004H,230071527,Montgomery County Police,Property Damage Crash,12/13/2023 03:59:00 PM,County,SHADY GROVE RD,RAMP 6 FR SHADY GROVE RD EB TO IS 270 SB,,N/A,,STRAIGHT MOVEMENT ANGLE,CLEAR,DRY,DAYLIGHT,TRAFFIC SIGNAL,NONE DETECTED,,A33DFEB1-B9F0-4CED-8E88-B50A6F36C4A8,Unknown,NO APPARENT INJURY,N/A,UNKNOWN,MD,0CC653EE-BDB0-4937-AE27-358BF09DCC1F,FUNCTIONAL,TWELVE OCLOCK,PASSENGER CAR,MOVING CONSTANT SPEED,East,40,No,No,2011,TOYT,TK,39.1095325,-77.188257,""(39.1095325, -77.188257)"""
"EJ7837007G,230070327,Gaithersburg Police Depar,Property Damage Crash,12/07/2023 08:00:00 AM,Maryland (State),FREDERICK RD,CHRISTOPHER AVE,,GAITHERSBURG,,SAME DIRECTION RIGHT TURN,CLEAR,DRY,DAYLIGHT,TRAFFIC SIGNAL,N/A,,639FBFFC-6EFF-48E8-8157-B5222DD7DDB4,Yes,NO APPARENT INJURY,N/A,DISTRACTED BY OUTSIDE PERSON OBJECT OR EVENT,MD,61ACB27D-33ED-41F8-8E6B-3444847614BB,DISABLING,FIVE OCLOCK,PASSENGER CAR,MAKING RIGHT TURN,North,35,No,No,2005,ACUR,4S,39.15567343,-77.2155717,""(39.15567343, -77.2155717)"""
"MCP3176002H,230067731,Montgomery County Police,Injury Crash,11/21/2023 11:55:00 PM,Interstate (State),CAPITAL BELTWAY,MILE MARKER 31.0,,N/A,,SAME DIRECTION SIDESWIPE,RAINING,WET,DARK LIGHTS ON,NO CONTROLS,NONE DETECTED,,ABAA6BFE-3317-40FA-BEC2-4BE485684A5B,Yes,NO APPARENT INJURY,""N/A, WET"",UNKNOWN,VA,7E69E574-7244-4187-BA91-7B5C41F5BCE8,DISABLING,FIVE OCLOCK,PASSENGER CAR,MOVING CONSTANT SPEED,West,60,No,No,2003,NISSAN,350Z,39.01435,-77.06083,""(39.01435, -77.06083)"""
"EJ78870030,230054559,Gaithersburg Police Depar,Property Damage Crash,09/13/2023 07:00:00 AM,County,MONTGOMERY VILLAGE AVE,SPUR FR MD 124,,N/A,,SAME DIR REAR END,CLOUDY,DRY,DAYLIGHT,NO CONTROLS,NONE DETECTED,,FA466AB4-86C2-4FAD-998E-AC90CA035F29,Yes,NO APPARENT INJURY,N/A,INATTENTIVE OR LOST IN THOUGHT,MD,89A18FE7-B9F9-4DF0-9BAD-5A7234249AB9,DISABLING,TWELVE OCLOCK,(SPORT) UTILITY VEHICLE,MOVING CONSTANT SPEED,South,35,No,No,2018,CHEV,UT,39.15121263,-77.21393987,""(39.15121263, -77.21393987)"""
"MCP285900DY,230062635,Montgomery County Police,Injury Crash,10/26/2023 09:50:00 AM,County,MEDICAL CENTER DR,KEY WEST AVE,,N/A,,HEAD ON LEFT TURN,CLEAR,DRY,DAYLIGHT,NO CONTROLS,NONE DETECTED,,6733C32E-AF9C-47F9-A297-2E442D4001DC,No,NO APPARENT INJURY,N/A,NOT DISTRACTED,MD,237A7821-6301-4D54-A8DE-DD3C5F7DF804,FUNCTIONAL,EIGHT OCLOCK,TRANSIT BUS,MOVING CONSTANT SPEED,West,30,No,No,2021,GILG,BUS,39.10336443,-77.19634317,""(39.10336443, -77.19634317)"""
"MCP28140044,230071098,Montgomery County Police,Property Damage Crash,12/11/2023 01:32:00 PM,County,SAM EIG HWY,FIELDS RD,,N/A,,SAME DIRECTION SIDESWIPE,N/A,N/A,DAYLIGHT,NO CONTROLS,NONE DETECTED,,85B2204B-71E5-4165-8A5D-7F46960BEA52,No,NO APPARENT INJURY,N/A,NOT DISTRACTED,MD,6F7C2E5F-8B3C-4467-BB37-2B48F8D9E62D,SUPERFICIAL,ONE OCLOCK,PASSENGER CAR,MOVING CONSTANT SPEED,West,45,No,No,2012,FORD,F450,39.12141371,-77.19764251,""(39.12141371, -77.19764251)"""
"MCP1148001P,170511535,Montgomery County Police,Injury Crash,06/03/2017 11:35:00 AM,Maryland (State),WISCONSIN AVE,WOODMONT AVE,,N/A,,SAME DIR REAR END,CLOUDY,DRY,DAYLIGHT,TRAFFIC SIGNAL,NONE DETECTED,,8CB42EBD-8CDC-4E87-A804-2BB8ADC5F704,Yes,POSSIBLE INJURY,""N/A, ROAD UNDER CONSTRUCTION/MAINTENANCE"",NOT DISTRACTED,WA,F662C341-CFC5-4299-BB53-24718F4045A2,NO DAMAGE,TWELVE OCLOCK,PASSENGER CAR,SLOWING OR STOPPING,North,25,No,No,2015,TOYOTA,SIENNA,38.99488667,-77.09638833,""(38.99488667, -77.09638833)"""
"MCP136600CF,230058047,Montgomery County Police,Property Damage Crash,10/02/2023 12:04:00 PM,County,FERNWOOD RD,STONEHAM RD,,N/A,,SAME DIR REAR END,CLEAR,DRY,DAYLIGHT,NO CONTROLS,NONE DETECTED,,CACC9242-D508-49AC-A098-457AC05C2DB1,Yes,NO APPARENT INJURY,N/A,NOT DISTRACTED,DC,F7A109AE-F1CA-4C1B-8639-4FA00EB01C59,FUNCTIONAL,TWELVE OCLOCK,OTHER,SLOWING OR STOPPING,South,30,No,No,2023,MERCEDES,US POSTAL VAN,39.01682075,-77.13315577,""(39.01682075, -77.13315577)"""
"MCP2187001M,230056982,Montgomery County Police,Property Damage Crash,09/26/2023 02:15:00 PM,County,MEDICAL CENTER DR,KEY WEST AVE,,N/A,,SAME DIR REND RIGHT TURN,RAINING,WET,DAYLIGHT,TRAFFIC SIGNAL,NONE DETECTED,,E79C2F15-B414-483E-BDDC-C2FAF3526EF1,Yes,NO APPARENT INJURY,""N/A, WET"",NOT DISTRACTED,MD,7CF97DFD-E5E1-4D91-A753-0C2D19F61874,NO DAMAGE,TWELVE OCLOCK,PASSENGER CAR,STARTING FROM LANE,West,30,No,No,2022,JEEP,UT,39.10490167,-77.19642833,""(39.10490167, -77.19642833)"""
"MCP235300CH,230062880,Montgomery County Police,Property Damage Crash,10/27/2023 12:57:00 PM,Maryland (State),WISCONSIN AVE,DORSET AVE,,SOMERSET,,SAME DIRECTION SIDESWIPE,CLOUDY,DRY,DAYLIGHT,N/A,NONE DETECTED,,B2862680-BEF3-4335-B0D9-4C253FA104BC,No,NO APPARENT INJURY,N/A,NOT DISTRACTED,DC,6DFDD43A-BE0C-4D32-BD6A-B0169F1D16E3,NO DAMAGE,TEN OCLOCK,TRANSIT BUS,MOVING CONSTANT SPEED,South,30,No,No,2010,THOMAS,BUS,38.9675935,-77.08887983,""(38.9675935, -77.08887983)"""
"MCP3300002G,230065031,Montgomery County Police,Property Damage Crash,11/08/2023 03:40:00 AM,Maryland (State),LAYHILL RD,QUEENSGUARD RD,,N/A,,SAME DIR REAR END,CLEAR,DRY,DARK LIGHTS ON,NO CONTROLS,N/A,,D2D4D87A-75B6-4555-8141-50EF6A53C889,Yes,NO APPARENT INJURY,N/A,UNKNOWN,MD,360D5BD2-53C1-4DE1-8B2E-6F86763013E9,DISABLING,TWELVE OCLOCK,(SPORT) UTILITY VEHICLE,SLOWING OR STOPPING,North,40,No,No,2018,HONDA,PILOT,39.08751817,-77.04507817,""(39.08751817, -77.04507817)"""
"MCP3267001S,230034991,Montgomery County Police,Injury Crash,07/23/2023 01:10:00 AM,Maryland (State),CONNECTICUT AVE,DEAN RD,,N/A,,STRAIGHT MOVEMENT ANGLE,CLEAR,DRY,DARK LIGHTS ON,NO CONTROLS,NONE DETECTED,,0901DB56-CF86-4964-B384-9BD3C5434462,Yes,SUSPECTED SERIOUS INJURY,N/A,NOT DISTRACTED,MD,A84B1671-88B9-4D66-B627-36B752DE1592,DESTROYED,TWO OCLOCK,PASSENGER CAR,MAKING LEFT TURN,South,35,No,No,2012,TOYOTA,COROLLA,39.06901297,-77.07533162,""(39.06901297, -77.07533162)"""
"MCP28480039,16044642,Montgomery County Police,Injury Crash,09/01/2016 12:41:00 PM,Maryland (State),BRADLEY BLVD,RAYBURN RD,,N/A,,STRAIGHT MOVEMENT ANGLE,RAINING,WET,DAYLIGHT,STOP SIGN,NONE DETECTED,,59DB889F-ECF6-45BC-AED2-249A9696C9AB,Yes,NO APPARENT INJURY,N/A,LOOKED BUT DID NOT SEE,VA,1D46544D-C45A-49B1-903D-04A46339704F,DISABLING,TWO OCLOCK,PASSENGER CAR,ACCELERATING,East,35,No,No,2015,TESLA,MODEL S,38.99330833,-77.12065667,""(38.99330833, -77.12065667)"""
"DM85000019,230072968,Takoma Park Police Depart,Property Damage Crash,12/21/2023 02:50:00 PM,County,MAPLEWOOD AVE,FLOWER AVE,,N/A,,OTHER,CLOUDY,DRY,DAYLIGHT,N/A,N/A,,303A11B8-08FC-4A37-A5C8-B51D042D0F8A,Unknown,NO APPARENT INJURY,N/A,UNKNOWN,DC,97E01165-4067-4868-8425-DDEFE1FCFB56,DESTROYED,NINE OCLOCK,PASSENGER CAR,PARKED,,25,No,Yes,2008,ACURA,TL,38.98848833,-77.00103833,""(38.98848833, -77.00103833)"""
"DD5643000M,200013958,Rockville Police Departme,Property Damage Crash,03/25/2020 03:48:00 PM,Maryland (State),NORBECK RD,E GUDE DR,,ROCKVILLE,,SAME DIRECTION RIGHT TURN,RAINING,WET,DAYLIGHT,TRAFFIC SIGNAL,NONE DETECTED,,04B795A5-46A4-4908-9DD1-AA750642BFDA,Yes,NO APPARENT INJURY,""RAIN, SNOW, WET"",LOOKED BUT DID NOT SEE,MD,5DAC07E6-2346-4D44-8545-4018D88A8153,DISABLING,ONE OCLOCK,VAN,CHANGING LANES,East,50,No,No,2017,RAM,TRUCK,39.09001837,-77.1291065,""(39.09001837, -77.1291065)"""
"MCP9442003C,230069104,Montgomery County Police,Injury Crash,11/30/2023 12:15:00 PM,Maryland (State),WOODFIELD RD,MUNCASTER MILL RD,,N/A,,HEAD ON LEFT TURN,CLEAR,DRY,DAYLIGHT,TRAFFIC SIGNAL,NONE DETECTED,,4E628DA7-D749-43A6-A7A1-7B408ACD24F3,No,POSSIBLE INJURY,N/A,NOT DISTRACTED,MD,FB80E6AC-5B2C-4383-9C2B-2CF13F2185C0,DISABLING,TWELVE OCLOCK,PASSENGER CAR,MOVING CONSTANT SPEED,West,35,No,No,2019,BUICK,ENCORE,39.1588815,-77.16041683,""(39.1588815, -77.16041683)"""
"MCP2564003M,230054684,Montgomery County Police,Property Damage Crash,09/13/2023 05:20:00 PM,County,SHADY GROVE RD,MILL RUN DR,,N/A,,SAME DIRECTION SIDESWIPE,CLEAR,DRY,DAYLIGHT,NO CONTROLS,UNKNOWN,,9C56B7FB-B5AC-4DDF-AEE5-49F47ABF9C28,Yes,NO APPARENT INJURY,N/A,UNKNOWN,,8ED1DEDF-88F0-4E9E-B3F6-48CAA58AB3A1,UNKNOWN,TEN OCLOCK,PICKUP TRUCK,CHANGING LANES,North,40,No,No,2023,FORD,UNKNOWN,39.14407233,-77.15049633,""(39.14407233, -77.15049633)"""
"MCP2412001Y,230049663,Montgomery County Police,Property Damage Crash,08/15/2023 07:40:00 PM,County,GREAT SENECA HWY,DARNESTOWN RD,,N/A,,SAME DIR REAR END,N/A,DRY,DUSK,TRAFFIC SIGNAL,NONE DETECTED,,C3C1EF28-DCEE-4879-8466-D792680B7865,Yes,NO APPARENT INJURY,N/A,UNKNOWN,MD,4764F217-8BF5-4044-BAB4-C1F337AA2C25,SUPERFICIAL,ELEVEN OCLOCK,PASSENGER CAR,MOVING CONSTANT SPEED,South,40,No,No,2016,NISSAN,PATHFINDER,39.096615,-77.20412167,""(39.096615, -77.20412167)"""
"EJ7858008F,230067636,Gaithersburg Police Depar,Property Damage Crash,11/21/2023 02:34:00 PM,,,,PARKING LOT OF 15750 SHADY GROVE RD,,,OPPOSITE DIRECTION SIDESWIPE,RAINING,,DAYLIGHT,NO CONTROLS,NONE DETECTED,,10D52319-904B-4B40-9BB0-E42FEB1CD9B8,Yes,NO APPARENT INJURY,""RAIN, SNOW, WET"",LOOKED BUT DID NOT SEE,MD,DFFAA5AC-2A78-4CFB-A65B-DFDF6994DCD6,SUPERFICIAL,ONE OCLOCK,PASSENGER CAR,MOVING CONSTANT SPEED,South,0,No,No,2019,FORD,TK,39.11599755,-77.1864788,""(39.11599755, -77.1864788)"""
"MCP32770035,230050582,Montgomery County Police,Property Damage Crash,08/21/2023 05:32:00 PM,Maryland (State),MONTGOMERY VILLAGE AVE,FREDERICK RD,,N/A,,STRAIGHT MOVEMENT ANGLE,CLEAR,DRY,DAYLIGHT,TRAFFIC SIGNAL,NONE DETECTED,,BCF92946-85CD-43B6-9259-0D5A6B833553,Yes,NO APPARENT INJURY,N/A,UNKNOWN,MD,280A9773-62C2-4768-8EF8-03040A407320,DISABLING,THREE OCLOCK,PASSENGER CAR,MAKING LEFT TURN,South,35,No,No,2016,TOYT,SD,39.15236833,-77.21185917,""(39.15236833, -77.21185917)"""
"MCP32510019,23006602,Montgomery County Police,Property Damage Crash,11/16/2023 02:09:00 AM,County,RIFFLE FORD RD,SIEVER CT,,N/A,,SINGLE VEHICLE,CLEAR,DRY,DARK NO LIGHTS,NO CONTROLS,NONE DETECTED,,31491D16-B842-45A6-8581-A612CD7FDE48,Yes,NO APPARENT INJURY,N/A,NOT DISTRACTED,MD,1564F8D1-0ED7-4E6A-B986-FE8CCCE6C418,DESTROYED,TWELVE OCLOCK,PASSENGER CAR,MOVING CONSTANT SPEED,North,40,No,No,2015,BMW,M1,39.14189833,-77.28588667,""(39.14189833, -77.28588667)"""
"MCP23510056,230066207,Montgomery County Police,Injury Crash,11/14/2023 08:23:00 AM,Maryland (State),MUNCASTER MILL RD,GRIST MILL DR,,N/A,,HEAD ON,CLEAR,DRY,DAYLIGHT,NO CONTROLS,NONE DETECTED,,A66D386B-46B6-4376-9A20-FBDD6221A612,Unknown,POSSIBLE INJURY,N/A,NOT DISTRACTED,MD,ADCA7EF9-1363-4AC1-9648-9410DD9C24F9,DISABLING,ELEVEN OCLOCK,PASSENGER CAR,MOVING CONSTANT SPEED,West,40,No,No,2023,PORS,UT,39.11902167,-77.10643,""(39.11902167, -77.10643)"""