Report Number,Local Case Number,Agency Name,ACRS Report Type,Crash Date/Time,Route Type,Road Name,Cross-Street Name,Off-Road Description,Municipality,Related Non-Motorist,Collision Type,Weather,Surface Condition,Light,Traffic Control,Driver Substance Abuse,Non-Motorist Substance Abuse,Person ID,Driver At Fault,Injury Severity,Circumstance,Driver Distracted By,Drivers License State,Vehicle ID,Vehicle Damage Extent,Vehicle First Impact Location,Vehicle Body Type,Vehicle Movement,Vehicle Going Dir,Speed Limit,Driverless Vehicle,Parked Vehicle,Vehicle Year,Vehicle Make,Vehicle Model,Latitude,Longitude,Location
"MCP2738004Z,230057214,Montgomery County Police,Injury Crash,09/28/2023 01:30:00 AM,US (State),COLUMBIA PIKE,INDUSTRIAL PKWY,,N/A,,SAME DIR REAR END,CLEAR,DRY,DARK LIGHTS ON,NO CONTROLS,N/A,,9BA86AF0-9F6D-4611-9B24-4A76F66A4865,Unknown,SUSPECTED MINOR INJURY,N/A,LOOKED BUT DID NOT SEE,MD,009A293E-FD41-45AD-8819-F519C0B0CEEE,DESTROYED,TWELVE OCLOCK,PASSENGER CAR,MOVING CONSTANT SPEED,North,50,No,No,2005,NISSAN,ALTIMA,39.05401267,-76.97456,""(39.05401267, -76.97456)"""
"MCP3079005R,230064823,Montgomery County Police,Property Damage Crash,11/07/2023 06:11:00 AM,Maryland (State),GERMANTOWN RD,RAMP 2 FR MD 118 WB TO IS 270 NB,,N/A,,SAME DIR REAR END,CLEAR,DRY,DARK LIGHTS ON,NO CONTROLS,NONE DETECTED,,233E6230-A6A1-4629-BB61-6D6F33E2CB75,No,NO APPARENT INJURY,N/A,NOT DISTRACTED,MD,A0E4C923-88C6-45A8-BCA6-2423F36F3B3F,SUPERFICIAL,SIX OCLOCK,PASSENGER CAR,MOVING CONSTANT SPEED,South,45,No,No,2016,HONDA,CRV,39.18728346,-77.25276664,""(39.18728346, -77.25276664)"""
"MCP2466004N,230071512,Montgomery County Police,Injury Crash,12/13/2023 03:10:00 PM,Maryland (State),DARNESTOWN RD,TSCHIFFELY SQUARE RD,,GAITHERSBURG,,SAME DIR REAR END,CLEAR,DRY,DAYLIGHT,TRAFFIC SIGNAL,NONE DETECTED,,A2C1740B-A81D-4245-9956-30EAD352DF87,Yes,POSSIBLE INJURY,N/A,UNKNOWN,MD,65F64B98-C651-41A1-8809-15244AAC0A71,DISABLING,TWELVE OCLOCK,PASSENGER CAR,MOVING CONSTANT SPEED,East,30,No,No,2006,TOYT,SOLARA PC,39.11582043,-77.24668618,""(39.11582043, -77.24668618)"""
"MCP29100029,16023785,Montgomery County Police,Injury Crash,05/13/2016 01:24:00 PM,County,BRIGGS CHANEY RD,RAMP 2 FR BRIGGS CHANEY RD TO US 29 NB,,N/A,,SAME DIR REAR END,RAINING,WET,DAYLIGHT,TRAFFIC SIGNAL,NONE DETECTED,,E81F117A-A485-41ED-8ABF-A71D6D03C095,Yes,NO APPARENT INJURY,""SLEET, HAIL, FREEZ. RAIN, WET"",NOT DISTRACTED,MD,8ED5A1C2-ED21-4B33-9691-1387CEC54B9F,FUNCTIONAL,TWELVE OCLOCK,""CARGO VAN/LIGHT TRUCK 2 AXLES (OVER 10,000LBS (4,536 KG))"",SLOWING OR STOPPING,West,30,No,No,2014,FORD,E-250,39.08266333,-76.947735,""(39.08266333, -76.947735)"""
"MCP26780047,230055214,Montgomery County Police,Property Damage Crash,09/16/2023 11:43:00 AM,County,BLUERIDGE AVE,GRANDVIEW AVE,,N/A,,HEAD ON LEFT TURN,CLEAR,DRY,DAYLIGHT,STOP SIGN,NONE DETECTED,,35FBBBC9-7101-4589-A956-AC0DF4DD80D6,No,NO APPARENT INJURY,N/A,NOT DISTRACTED,VA,A0A40E6E-C27A-4B05-A5E3-6F4F3F4EE499,DISABLING,TWO OCLOCK,(SPORT) UTILITY VEHICLE,MAKING LEFT TURN,West,25,No,No,2010,JEEP,LIBERTY,39.04323767,-77.05316683,""(39.04323767, -77.05316683)"""
"MCP0672001F,230048149,Montgomery County Police,Property Damage Crash,08/06/2023 10:46:00 PM,County,MUNCASTER RD,HOLLINGSWORTH DR,,N/A,,SINGLE VEHICLE,RAINING,WET,DARK NO LIGHTS,NO CONTROLS,NONE DETECTED,,8C566EEA-B814-4BC9-85BF-269F041340B6,Yes,NO APPARENT INJURY,""RAIN, SNOW, WET"",NOT DISTRACTED,MD,2F8128A4-FADB-4E65-B33B-7639C35E5760,DISABLING,NON-COLLISION,PASSENGER CAR,SKIDDING,North,35,No,No,2020,HYUNDAI,TUSCON,39.15495925,-77.13088021,""(39.15495925, -77.13088021)"""
"EJ7886003B,230071182,Gaithersburg Police Depar,Property Damage Crash,12/11/2023 07:24:00 PM,,,,""PARKING LOT OF 212 GIRARD STREET, GAITHERSBURG, MARYLAND 20877"",,,HEAD ON,CLEAR,,DARK LIGHTS ON,NO CONTROLS,NONE DETECTED,,E44ECEBE-6AB7-483E-B424-9318AB92B833,Yes,NO APPARENT INJURY,N/A,LOOKED BUT DID NOT SEE,MD,DB7B4E57-A7EC-41C9-9464-E447442DE29C,FUNCTIONAL,ONE OCLOCK,PASSENGER CAR,MAKING RIGHT TURN,South,15,No,No,2019,HONDA,CR-V,39.141415,-77.18326383,""(39.141415, -77.18326383)"""
"MCP2162002Y,170550665,Montgomery County Police,Property Damage Crash,12/25/2017 05:33:00 PM,Maryland (State),NEW HAMPSHIRE AVE,HAVILAND MILL RD,,N/A,,OPPOSITE DIRECTION SIDESWIPE,CLEAR,DRY,DARK NO LIGHTS,NO CONTROLS,N/A,,21617E0D-B2AD-4E08-8265-17F5AEF79798,Yes,NO APPARENT INJURY,N/A,UNKNOWN,MD,EF26814C-1B6D-488F-9021-D9E151B7D0EE,FUNCTIONAL,ELEVEN OCLOCK,PASSENGER CAR,MOVING CONSTANT SPEED,South,35,No,No,2010,HONDA,ELEMENT,39.16929833,-77.01727,""(39.16929833, -77.01727)"""
"MCP32640042,230057262,Montgomery County Police,Injury Crash,09/28/2023 10:40:00 AM,County,FENTON ST,PHILADELPHIA AVE,,N/A,,STRAIGHT MOVEMENT ANGLE,CLEAR,DRY,DAYLIGHT,TRAFFIC SIGNAL,NONE DETECTED,,B8893AB6-902A-449E-B6B6-D4D97F8B17FA,No,POSSIBLE INJURY,N/A,NOT DISTRACTED,DC,CA8020AA-D982-43FE-88CA-49E602D493AA,DISABLING,TWELVE OCLOCK,PASSENGER CAR,MOVING CONSTANT SPEED,East,25,No,No,2015,HONDA,PILOT,38.98767667,-77.02305333,""(38.98767667, -77.02305333)"""
"MCP9301004W,230072027,Montgomery County Police,Property Damage Crash,12/16/2023 08:50:00 AM,County,SAM EIG HWY,FIELDS RD,,N/A,,SAME DIR REAR END,N/A,DRY,DAYLIGHT,TRAFFIC SIGNAL,N/A,,DBD45EC3-1AD8-4D55-AA46-49440B5B14C6,Yes,NO APPARENT INJURY,N/A,NOT DISTRACTED,MD,626C3A7D-92D2-4A97-9283-7D343C7F358A,DISABLING,TWELVE OCLOCK,PASSENGER CAR,MOVING CONSTANT SPEED,West,45,No,No,2009,CHEV,MALIBU,39.11620533,-77.20846688,""(39.11620533, -77.20846688)"""
"MCP2780007C,230060317,Montgomery County Police,Injury Crash,10/13/2023 02:30:00 PM,Maryland (State),GERMANTOWN RD,CITIZENS LA,,N/A,,HEAD ON,CLEAR,DRY,DAYLIGHT,STOP SIGN,NONE DETECTED,,AC38E3BA-3487-4244-8785-FF334B11D3EC,No,POSSIBLE INJURY,N/A,NOT DISTRACTED,MD,56B43171-29C5-4D5C-AA2F-842F9DC00EBC,FUNCTIONAL,TWELVE OCLOCK,PASSENGER CAR,MOVING CONSTANT SPEED,West,40,No,No,2020,HYUN,ACCENT,39.11862683,-77.29687533,""(39.11862683, -77.29687533)"""
"MCP3145004G,230072630,Montgomery County Police,Property Damage Crash,12/19/2023 06:00:00 PM,US (State),COLESVILLE RD,RAMP 4 FR US 29 NB TO IS 495 EB,,N/A,,SAME DIR REAR END,CLEAR,DRY,DARK NO LIGHTS,NO CONTROLS,NONE DETECTED,,E7AA2A08-D8C7-4464-A817-F178AC5993F0,Yes,NO APPARENT INJURY,""BACKUP DUE TO PRIOR CRASH, N/A"",INATTENTIVE OR LOST IN THOUGHT,DC,8C9752F1-3F15-4A4B-B03B-840124A8AA98,SUPERFICIAL,TWELVE OCLOCK,PASSENGER CAR,MOVING CONSTANT SPEED,North,35,No,No,2013,VOLKSWAGON,JETTA,39.017066,-77.01550683,""(39.017066, -77.01550683)"""
"MCP2438003K,230068460,Montgomery County Police,Property Damage Crash,11/27/2023 07:34:00 AM,Maryland (State),CLOPPER RD,KINGSVIEW VILLAGE AVE,,N/A,,SAME DIR REAR END,CLEAR,WET,DAYLIGHT,TRAFFIC SIGNAL,NONE DETECTED,,D943CD8E-F493-4649-9260-D129A3A5D25D,Yes,NO APPARENT INJURY,""N/A, WET"",NOT DISTRACTED,MD,DE5FC41B-7509-42E9-8822-7A8AD0302949,DISABLING,TWELVE OCLOCK,PASSENGER CAR,MOVING CONSTANT SPEED,South,35,No,No,2017,NISSAN,SENTRA,39.16543047,-77.28881941,""(39.16543047, -77.28881941)"""
"MCP33560013,230070699,Montgomery County Police,Property Damage Crash,12/08/2023 09:28:00 PM,Maryland (State),DAMASCUS RD,HOWARD CHAPEL DR,,N/A,,OTHER,CLEAR,DRY,DARK LIGHTS ON,NO CONTROLS,NONE DETECTED,,32D6E569-B195-47DF-BED4-909CC6D01A31,No,NO APPARENT INJURY,N/A,LOOKED BUT DID NOT SEE,MD,468DA30E-FAAD-4758-995D-14AC6EF99CA7,DISABLING,TWELVE OCLOCK,PASSENGER CAR,MOVING CONSTANT SPEED,West,45,No,No,2013,TOYOTA,SIENNA,39.228403,-77.08036233,""(39.228403, -77.08036233)"""
"MCP2906000L,15003968,Montgomery County Police,Property Damage Crash,01/25/2015 01:52:00 AM,Municipality,TSCHIFFELY SQUARE RD,KENT GARDENS CIR,,GAITHERSBURG,,SAME DIRECTION SIDESWIPE,CLEAR,DRY,DARK LIGHTS ON,NO CONTROLS,NONE DETECTED,,8F0A9AEB-A7A7-4F2F-8BB1-DCD851D1C5B7,Yes,NO APPARENT INJURY,N/A,UNKNOWN,MD,D6503901-CA93-45E8-BB3D-652ECA3FF7DF,NO DAMAGE,TWELVE OCLOCK,FIRE VEHICLE/EMERGENCY,MOVING CONSTANT SPEED,South,25,No,No,2008,SPAR,TK,39.11815167,-77.24523167,""(39.11815167, -77.24523167)"""
"MCP3199005H,230050855,Montgomery County Police,Property Damage Crash,08/23/2023 10:00:00 AM,County,INDEPENDENCE ST,TURKEY BRANCH PKWY,,N/A,,STRAIGHT MOVEMENT ANGLE,CLEAR,DRY,DAYLIGHT,STOP SIGN,NONE DETECTED,,7A7FA915-AE17-47D7-887E-52488E4B8E76,No,NO APPARENT INJURY,N/A,NOT DISTRACTED,MD,CDEBDDBE-4478-42A2-B53D-7D8B8BCAE5C7,DISABLING,TWELVE OCLOCK,PASSENGER CAR,MOVING CONSTANT SPEED,East,25,No,No,2010,FORD,FUSION,39.07597833,-77.08206167,""(39.07597833, -77.08206167)"""
"MCP2513003H,230073442,Montgomery County Police,Injury Crash,12/24/2023 12:46:00 PM,County,SHADY GROVE RD,SPUR FR MD 355,,N/A,,SAME DIR REAR END,CLEAR,DRY,DAYLIGHT,NO CONTROLS,NONE DETECTED,,19F3FD9F-9F8B-4B47-A39F-B6E775BD11F6,No,SUSPECTED MINOR INJURY,N/A,NOT DISTRACTED,MD,DE9A68C8-F72C-4864-9908-E46911F38B6F,SUPERFICIAL,SIX OCLOCK,PASSENGER CAR,STOPPED IN TRAFFIC LANE,South,40,No,No,2019,TOYT,CAMRY,39.12192552,-77.17860098,""(39.12192552, -77.17860098)"""
"MCP33170015,230052289,Montgomery County Police,Property Damage Crash,08/30/2023 05:40:00 PM,Maryland (State),UNIVERSITY BLVD E,PINEY BRANCH RD,,N/A,,SAME DIR REAR END,CLEAR,DRY,DAYLIGHT,TRAFFIC SIGNAL,N/A,,673A6B81-B34F-4D70-A166-A11CC81B17A3,Yes,NO APPARENT INJURY,N/A,UNKNOWN,,F5ED7079-5347-4D1B-82B5-9AEEE4B15407,FUNCTIONAL,TWELVE OCLOCK,PASSENGER CAR,SLOWING OR STOPPING,East,35,No,No,1998,HONDA,CR-V,39.00032353,-76.99560156,""(39.00032353, -76.99560156)"""
"MCP3037005L,230070658,Montgomery County Police,Property Damage Crash,12/08/2023 05:16:00 PM,Maryland (State),RIDGE RD,WACOMOR DR,,N/A,,SAME DIR REAR END,CLEAR,DRY,DUSK,NO CONTROLS,MEDICATION CONTRIBUTED,,87B16813-E471-418C-8B00-4FCD063244FE,Yes,NO APPARENT INJURY,N/A,UNKNOWN,MD,4D04CE7C-7F32-4A2B-AF2B-06DD72ED4A5B,DISABLING,TWELVE OCLOCK,PASSENGER CAR,MOVING CONSTANT SPEED,North,40,No,No,2005,BMW,SD,39.22766833,-77.23678333,""(39.22766833, -77.23678333)"""
"MCP28670040,170509796,Montgomery County Police,Property Damage Crash,05/25/2017 10:22:00 AM,,,,PARKING LOT NEAR 11120 NEW HAMPSHIRE AVE,,,OTHER,CLEAR,,DAYLIGHT,N/A,UNKNOWN,,CE377C78-713B-4B5D-945D-2FA4EAF7769F,Yes,NO APPARENT INJURY,N/A,UNKNOWN,,DE8FCAC7-B419-4554-B9F8-78F70017B83C,UNKNOWN,TEN OCLOCK,VAN,BACKING,North,0,No,No,2017,DODGE,RAM,39.03342833,-77.004255,""(39.03342833, -77.004255)"""
"MCP2592003B,230063749,Montgomery County Police,Property Damage Crash,11/01/2023 09:30:00 AM,County,GOSHEN RD,CENTERWAY RD,,N/A,,SAME DIR REAR END,CLEAR,DRY,DAYLIGHT,TRAFFIC SIGNAL,NONE DETECTED,,95FD70CE-87EA-4630-90E4-EDCD8433DCBF,No,NO APPARENT INJURY,N/A,NOT DISTRACTED,MD,F6438627-3785-4F8A-AE67-A36DA368DD35,FUNCTIONAL,SIX OCLOCK,PICKUP TRUCK,SLOWING OR STOPPING,North,30,No,No,2005,CHEV,TK,39.16911054,-77.19065645,""(39.16911054, -77.19065645)"""
"MCP27260085,230062058,Montgomery County Police,Property Damage Crash,10/23/2023 08:47:00 AM,County,E GUDE DR,CALHOUN DR,,N/A,,SINGLE VEHICLE,CLEAR,DRY,DAYLIGHT,N/A,NONE DETECTED,,50A41D37-515C-4CC3-A696-B944603B5347,Yes,NO APPARENT INJURY,N/A,LOOKED BUT DID NOT SEE,MD,66A29A26-F320-4C95-A58D-3753DCCDE429,DISABLING,ONE OCLOCK,PASSENGER CAR,CHANGING LANES,West,40,No,No,2008,BMW,M5,39.10668817,-77.15012417,""(39.10668817, -77.15012417)"""
"MCP3109008X,230073543,Montgomery County Police,Property Damage Crash,12/25/2023 01:30:00 PM,County,LOCKWOOD DR,NORTHWEST DR,,N/A,,OPPOSITE DIRECTION SIDESWIPE,CLEAR,DRY,DAYLIGHT,STOP SIGN,NONE DETECTED,,004806FF-0526-4A63-8FF7-62069F6E8B9C,Yes,NO APPARENT INJURY,N/A,NOT DISTRACTED,MD,8A09687D-7A17-4CC7-94AB-EBE3BBC59E23,FUNCTIONAL,ELEVEN OCLOCK,PASSENGER CAR,MAKING RIGHT TURN,East,35,No,No,2023,TOYOTA,COROLLA,39.03630967,-76.99631283,""(39.03630967, -76.99631283)"""
"MCP285900DD,230046120,Montgomery County Police,Property Damage Crash,07/25/2023 01:19:00 PM,County,FIELDS RD,RIO BLVD,,GAITHERSBURG,,SINGLE VEHICLE,CLEAR,DRY,DAYLIGHT,NO CONTROLS,NONE DETECTED,,548086F2-5177-44C9-B3F3-7097F344A3FD,Yes,NO APPARENT INJURY,N/A,UNKNOWN,MD,DFC27ED1-2235-4708-ACE7-8F1D58272386,DISABLING,TWELVE OCLOCK,PASSENGER CAR,MOVING CONSTANT SPEED,East,30,No,No,2022,FORD,MUSTANG,39.1159395,-77.20444058,""(39.1159395, -77.20444058)"""
"MCP9379004X,230052647,Montgomery County Police,Property Damage Crash,09/01/2023 02:40:00 PM,Maryland (State),NORBECK RD,BALTIMORE RD,,N/A,,SAME DIR REAR END,CLEAR,DRY,DAYLIGHT,TRAFFIC SIGNAL,NONE DETECTED,,B70F8286-FA25-4FC9-865F-319A281467A1,No,NO APPARENT INJURY,N/A,NOT DISTRACTED,MD,280592A8-D437-4B70-87A5-FD1AC40720ED,FUNCTIONAL,SIX OCLOCK,PASSENGER CAR,STOPPED IN TRAFFIC LANE,East,40,No,No,2016,BMW,SD,39.09528033,-77.11244383,""(39.09528033, -77.11244383)"""
"MCP3232004J,230069343,Montgomery County Police,Property Damage Crash,12/01/2023 03:44:00 PM,County,SILO WAY,FARMCREST DR,,N/A,,OTHER,CLEAR,DRY,DAYLIGHT,NO CONTROLS,NONE DETECTED,,DA366787-BB53-406B-A65F-AB69578B47EA,No,NO APPARENT INJURY,N/A,NOT DISTRACTED,MD,1BED2AAE-3D4B-492A-9C3D-A2E5A4E3BA50,FUNCTIONAL,ONE OCLOCK,PASSENGER CAR,SLOWING OR STOPPING,Unknown,10,No,No,2013,ACURA,ILX,39.09446118,-76.98342275,""(39.09446118, -76.98342275)"""
"MCP32300051,230070971,Montgomery County Police,Property Damage Crash,12/10/2023 06:00:00 PM,Maryland (State),CONNECTICUT AVE,WELLER RD,,N/A,,STRAIGHT MOVEMENT ANGLE,RAINING,WET,DARK LIGHTS ON,TRAFFIC SIGNAL,NONE DETECTED,,F646BCD3-5F29-4D95-A502-A5D36102CFF0,Yes,NO APPARENT INJURY,""N/A, TRAFFIC CONTROL DEVICE INOPERATIVE, WET"",NOT DISTRACTED,MD,47192A10-FE9F-4C9B-97AE-7F2EE26B357B,DISABLING,TWELVE OCLOCK,PASSENGER CAR,MOVING CONSTANT SPEED,South,35,No,No,2007,HONDA,ACCORD,39.06313831,-77.07347682,""(39.06313831, -77.07347682)"""
"MCP33520018,230060393,Montgomery County Police,Injury Crash,10/13/2023 09:11:00 PM,County,GOSHEN RD,SNOUFFERS SCHOOL RD,,N/A,,STRAIGHT MOVEMENT ANGLE,CLEAR,DRY,DARK LIGHTS ON,STOP SIGN,NONE DETECTED,,C8015DB5-29FE-49FD-A407-D98948B07277,Yes,NO APPARENT INJURY,N/A,LOOKED BUT DID NOT SEE,MD,04197E8C-EDD8-4163-87DE-455CC49B2643,DISABLING,NINE OCLOCK,PASSENGER CAR,MAKING LEFT TURN,West,40,No,No,2017,SUBA,UT,39.18703333,-77.18560167,""(39.18703333, -77.18560167)"""
"MCP2464002Z,230046911,Montgomery County Police,Injury Crash,07/30/2023 03:46:00 AM,US (State),COLESVILLE RD,UNIVERSITY BLVD E,,N/A,,STRAIGHT MOVEMENT ANGLE,CLEAR,DRY,DARK LIGHTS ON,TRAFFIC SIGNAL,NONE DETECTED,,01D6EED8-CB5C-49F8-8F9F-E73C298E5EC4,No,SUSPECTED SERIOUS INJURY,N/A,NOT DISTRACTED,MD,6E73693A-C026-42E4-8013-F824121D917C,DISABLING,EIGHT OCLOCK,PASSENGER CAR,MOVING CONSTANT SPEED,South,35,No,No,2023,TOYOTA,CAMRY,39.02034217,-77.0129585,""(39.02034217, -77.0129585)"""
"MCP2298014P,230063763,Montgomery County Police,Property Damage Crash,11/01/2023 10:23:00 AM,,SNOUFFERS SCHOOL RD,SWEET AUTUMN  RD,,N/A,,HEAD ON LEFT TURN,CLEAR,N/A,DAYLIGHT,NO CONTROLS,NONE DETECTED,,7A0F7BE2-7262-44E3-BC3D-F24C1FB64410,No,NO APPARENT INJURY,N/A,NOT DISTRACTED,US,17D14150-A5BC-4D45-9FDC-1FE8B855C1FA,DISABLING,TWELVE OCLOCK,PASSENGER CAR,MOVING CONSTANT SPEED,North,40,No,No,2008,CHEV,SD,39.16004833,-77.16135667,""(39.16004833, -77.16135667)"""
"MCP3328002F,230050898,Montgomery County Police,Property Damage Crash,08/23/2023 01:17:00 PM,County,KEMP MILL RD,GLENALLAN AVE,,N/A,,HEAD ON LEFT TURN,CLEAR,DRY,DAYLIGHT,STOP SIGN,NONE DETECTED,,34D35D44-5B0B-4073-B17E-65BCE42750A3,No,NO APPARENT INJURY,N/A,NOT DISTRACTED,MD,BBF3ED10-30AD-4BC6-ABDD-FE16DDFCB45D,FUNCTIONAL,ELEVEN OCLOCK,PASSENGER CAR,STOPPED IN TRAFFIC LANE,East,25,No,No,2015,VOLK,GOLF,39.065355,-77.02848667,""(39.065355, -77.02848667)"""
"DD5607004R,230071220,Rockville Police Departme,Property Damage Crash,12/12/2023 08:00:00 AM,Municipality,S WASHINGTON ST,W JEFFERSON ST,,N/A,,STRAIGHT MOVEMENT ANGLE,CLEAR,DRY,DAYLIGHT,OTHER,NONE DETECTED,,9960C7D1-1C3D-4717-90AD-088AB53F5008,No,NO APPARENT INJURY,N/A,NOT DISTRACTED,MD,3DA49009-019E-47D3-9DF3-C58584C5E6A6,DISABLING,TEN OCLOCK,PASSENGER CAR,MOVING CONSTANT SPEED,North,35,No,No,2022,HYUN,UT,39.0833025,-77.15284283,""(39.0833025, -77.15284283)"""
"MCP2607005L,210042195,Montgomery County Police,Property Damage Crash,10/20/2021 05:15:00 PM,,,,IN PARKING SPOT IN FRONT OF 16005 COMPRINT CIRCLE,,,SAME DIRECTION SIDESWIPE,CLEAR,,DAYLIGHT,NO CONTROLS,N/A,,04E08139-17CC-4832-A08C-D9C8A39FBCBD,No,NO APPARENT INJURY,N/A,NOT DISTRACTED,MD,4311AA29-D8F2-4DD8-9F96-37E34BA4C02B,FUNCTIONAL,ONE OCLOCK,PASSENGER CAR,PARKED,,10,No,Yes,2017,MITS,OUTLANDER,39.11998945,-77.18429041,""(39.11998945, -77.18429041)"""
"MCP3301001Y,230065853,Montgomery County Police,Property Damage Crash,11/11/2023 11:11:00 PM,County,CHERRY HILL RD,ENT TO BUSINESS,,N/A,,SAME DIR REAR END,CLEAR,DRY,DARK LIGHTS ON,NO CONTROLS,NONE DETECTED,,F7D7C128-4318-48C8-A4D1-9EF5DC5E9B68,Unknown,NO APPARENT INJURY,N/A,UNKNOWN,MD,6EF2BE5A-0E21-41D2-8D2D-51FB25D9B761,DESTROYED,TWELVE OCLOCK,PASSENGER CAR,ACCELERATING,North,35,No,No,2006,ACUR,SD,39.0457,-76.95562683,""(39.0457, -76.95562683)"""
"MCP28430026,230053528,Montgomery County Police,Injury Crash,09/06/2023 08:06:00 PM,County,SNOUFFERS SCHOOL RD,LEWISBERRY DR,,N/A,,HEAD ON LEFT TURN,CLEAR,DRY,DARK LIGHTS ON,TRAFFIC SIGNAL,NONE DETECTED,,4974356B-228C-4AE4-80C4-81070315CF6E,Yes,NO APPARENT INJURY,N/A,LOOKED BUT DID NOT SEE,MD,1E73B34A-33AA-486C-AD9D-B689F2398FD4,DISABLING,TWELVE OCLOCK,PASSENGER CAR,MAKING LEFT TURN,North,45,No,No,2008,HONDA,CRV,39.183135,-77.18261167,""(39.183135, -77.18261167)"""
"MCP3086009M,230063019,Montgomery County Police,Property Damage Crash,10/28/2023 08:15:00 AM,County,SNOUFFERS SCHOOL RD,NO NAME,,N/A,,ANGLE MEETS LEFT TURN,CLEAR,DRY,DAYLIGHT,NO CONTROLS,NONE DETECTED,,23AC7A4A-FDB7-4177-BA6A-AF95CDDA8423,No,NO APPARENT INJURY,N/A,NOT DISTRACTED,MD,6E6598AE-6793-478D-944B-B9EE8088BDCE,FUNCTIONAL,THREE OCLOCK,PICKUP TRUCK,STOPPED IN TRAFFIC LANE,East,35,No,No,2003,FORD,TK,39.16736,-77.17354,""(39.16736, -77.17354)"""
"MCP2832008B,230034512,Montgomery County Police,Property Damage Crash,07/20/2023 09:10:00 AM,County,RANDOLPH RD,GOODHILL RD,,N/A,,SAME DIR REAR END,CLEAR,DRY,DAYLIGHT,NO CONTROLS,UNKNOWN,,218F2936-2A9B-4F4D-8113-A56A6C2CB116,Yes,NO APPARENT INJURY,N/A,UNKNOWN,,717F14D6-88A6-4126-8534-DF90316F06F8,FUNCTIONAL,ONE OCLOCK,PASSENGER CAR,STARTING FROM LANE,West,35,No,No,2010,INFINITI,G37,39.05832888,-77.07122194,""(39.05832888, -77.07122194)"""
"MCP3208004V,230064794,Montgomery County Police,Property Damage Crash,11/06/2023 02:45:00 AM,US (State),GEORGIA AVE,THAYER AVE,,N/A,,SAME DIR REAR END,CLEAR,DRY,DARK LIGHTS ON,NO CONTROLS,N/A,,F9094905-3AC0-47F7-855B-7A9ADFDF7DF7,Yes,NO APPARENT INJURY,N/A,UNKNOWN,MD,B1F85ABB-5CC0-4E43-BAF7-36CDA29283D9,SUPERFICIAL,TWELVE OCLOCK,(SPORT) UTILITY VEHICLE,ENTERING TRAFFIC LANE,North,30,No,No,2017,MERCEDES,UT,38.99271747,-77.02652262,""(38.99271747, -77.02652262)"""
"MCP30260048,190038005,Montgomery County Police,Property Damage Crash,08/09/2019 02:52:00 PM,Maryland (State),BRADLEY BLVD,ABERDEEN RD,,N/A,,STRAIGHT MOVEMENT ANGLE,CLEAR,DRY,DAYLIGHT,STOP SIGN,NONE DETECTED,,31F32755-9F3D-4BC5-95BB-C92CEDA57EE1,Yes,NO APPARENT INJURY,N/A,LOOKED BUT DID NOT SEE,VA,CB8A247F-8B6A-420E-8A15-4316A4B80CF0,DISABLING,TWELVE OCLOCK,PASSENGER CAR,ENTERING TRAFFIC LANE,West,30,No,No,2012,FORD,FUSION,38.99151,-77.11763,""(38.99151, -77.11763)"""
"MCP2682004Z,230065767,Montgomery County Police,Property Damage Crash,11/11/2023 10:49:00 AM,County,TROLLEY CROSSING CT,CUL DE SAC,,N/A,,OTHER,CLEAR,DRY,DAYLIGHT,NO CONTROLS,NONE DETECTED,,3675ADF8-14EF-4A12-B8FD-7E7AEF9CB565,No,NO APPARENT INJURY,N/A,NOT DISTRACTED,MD,C181B494-4766-43B6-A7EF-3B7A6E9D5CB2,SUPERFICIAL,SEVEN OCLOCK,PASSENGER CAR,PARKED,,25,No,Yes,2023,TOYT,SD,39.18828017,-77.158401,""(39.18828017, -77.158401)"""
"MCP3156002N,230059720,Montgomery County Police,Property Damage Crash,10/05/2023 12:22:00 PM,Maryland (State),GEORGIA AVE,FOREST GLEN RD,,N/A,,SAME DIRECTION SIDESWIPE,CLEAR,DRY,DAYLIGHT,N/A,UNKNOWN,,700EAD70-9D4E-4B77-832C-29FD0BA05CF2,Yes,NO APPARENT INJURY,N/A,UNKNOWN,,A7EBA334-38F5-425A-B14A-DC515DA9A400,UNKNOWN,UNKNOWN,UNKNOWN,STARTING FROM LANE,South,35,No,No,0,UNKNOWN,UNKNOWN,39.01574016,-77.04272148,""(39.01574016, -77.04272148)"""
"MCP3111007M,230073855,Montgomery County Police,Injury Crash,12/27/2023 03:17:00 PM,County,NEBEL ST,RANDOLPH RD,,N/A,,HEAD ON,RAINING,WET,DAYLIGHT,TRAFFIC SIGNAL,NONE DETECTED,,E6F79DC6-749F-4354-BB71-9922C367B30F,No,NO APPARENT INJURY,""RAIN, SNOW, WET"",NOT DISTRACTED,MD,6B9F3BF1-0B80-4FAA-88F6-DD4F6E0FB56F,SUPERFICIAL,TWELVE OCLOCK,VAN,STOPPED IN TRAFFIC LANE,South,25,No,No,2019,FORD,TRANSIT,39.05313967,-77.11097633,""(39.05313967, -77.11097633)"""