Report Number,Local Case Number,Agency Name,ACRS Report Type,Crash Date/Time,Route Type,Road Name,Cross-Street Name,Off-Road Description,Municipality,Related Non-Motorist,Collision Type,Weather,Surface Condition,Light,Traffic Control,Driver Substance Abuse,Non-Motorist Substance Abuse,Person ID,Driver At Fault,Injury Severity,Circumstance,Driver Distracted By,Drivers License State,Vehicle ID,Vehicle Damage Extent,Vehicle First Impact Location,Vehicle Body Type,Vehicle Movement,Vehicle Going Dir,Speed Limit,Driverless Vehicle,Parked Vehicle,Vehicle Year,Vehicle Make,Vehicle Model,Latitude,Longitude,Location
"MCP2251002F,230055677,Montgomery County Police,Property Damage Crash,09/19/2023 07:41:00 AM,Interstate (State),EISENHOWER MEMORIAL HWY,EXIT #4,,N/A,,SAME DIRECTION SIDESWIPE,CLEAR,DRY,DAYLIGHT,N/A,N/A,,81ADF6D8-BEBE-409E-9209-F41AF66314A6,Yes,NO APPARENT INJURY,N/A,NOT DISTRACTED,MD,5640346A-5358-403C-9855-3E47AE832FE4,FUNCTIONAL,ONE OCLOCK,PASSENGER CAR,CHANGING LANES,South,55,No,No,2023,HONDA,HR-V,39.08304333,-77.17277833,""(39.08304333, -77.17277833)"""
"MCP2466004J,230054307,Montgomery County Police,Injury Crash,09/11/2023 07:07:00 PM,County,TRAVILAH RD,BRIARBUSH LA,,N/A,,OPPOSITE DIRECTION SIDESWIPE,CLEAR,DRY,DAYLIGHT,NO CONTROLS,NONE DETECTED,,D4668C70-6C51-48ED-BB43-0DDEE33928DA,Yes,SUSPECTED MINOR INJURY,N/A,NOT DISTRACTED,MD,B72123B0-B7F2-4040-9191-704E9CE0E113,DISABLING,ELEVEN OCLOCK,MOTORCYCLE,MOVING CONSTANT SPEED,South,40,No,No,2010,YAMA,STAR CR,39.07048888,-77.26181384,""(39.07048888, -77.26181384)"""
"MCP31920046,230052311,Montgomery County Police,Property Damage Crash,08/30/2023 07:08:00 PM,Maryland (State),GEORGIA AVE,MASON ST,,N/A,,SAME DIR REAR END,CLEAR,DRY,DUSK,NO CONTROLS,ALCOHOL CONTRIBUTED,,C03F1B39-B129-4DF6-9E9C-1FC0D2EA4423,Yes,NO APPARENT INJURY,N/A,UNKNOWN,MD,311AD387-CED6-4286-9D1B-D53CF90A47FF,NO DAMAGE,UNKNOWN,MOPED,MOVING CONSTANT SPEED,South,35,No,No,0,MOTO,SYX,39.05515958,-77.05034675,""(39.05515958, -77.05034675)"""
"MCP24370056,230056333,Montgomery County Police,Property Damage Crash,09/22/2023 03:42:00 PM,County,TWINBROOK PKWY,ARDENNES AVE,,N/A,,SAME DIRECTION SIDESWIPE,CLOUDY,DRY,DAYLIGHT,NO CONTROLS,NONE DETECTED,,73EB9E61-E575-42F7-B122-3044D5C6862C,Yes,NO APPARENT INJURY,N/A,NOT DISTRACTED,MD,1927359B-35DF-46BE-AB9B-456EF89C652E,NO DAMAGE,EIGHT OCLOCK,TRANSIT BUS,CHANGING LANES,North,30,No,No,2013,GILLIG,LOW FLOOR,39.06435717,-77.11566217,""(39.06435717, -77.11566217)"""
"MCP2905005V,230053424,Montgomery County Police,Property Damage Crash,09/06/2023 11:48:00 AM,County,WILLARD AVE,SHOEMAKER FARM LA,,FRIENDSHIP HEIGHTS,,SAME DIRECTION SIDESWIPE,CLEAR,DRY,DAYLIGHT,NO CONTROLS,N/A,,0B61749B-C321-4C8F-B85A-A0D992E0225D,Yes,NO APPARENT INJURY,N/A,NOT DISTRACTED,CT,23D9138E-8A43-4012-975D-07656A11F868,SUPERFICIAL,THREE OCLOCK,PASSENGER CAR,MOVING CONSTANT SPEED,South,25,No,No,2022,RAM,PROMASTER,38.96238333,-77.09184833,""(38.96238333, -77.09184833)"""
"MCP285900F1,230064162,Montgomery County Police,Property Damage Crash,11/03/2023 11:55:00 AM,Municipality,BANK ST,QUINCE ORCHARD RD,,N/A,,STRAIGHT MOVEMENT ANGLE,CLEAR,DRY,DAYLIGHT,STOP SIGN,NONE DETECTED,,BFBEAFEC-3C15-4FE4-98DE-12858422A3CF,Yes,NO APPARENT INJURY,N/A,UNKNOWN,MD,CB0E1941-8DB9-4FF1-A685-FFE41C108681,FUNCTIONAL,TWELVE OCLOCK,PASSENGER CAR,MAKING LEFT TURN,South,30,No,No,2019,TOYT,CAMRY,39.14025617,-77.22237967,""(39.14025617, -77.22237967)"""
"MCP31110077,230056275,Montgomery County Police,Property Damage Crash,09/22/2023 02:26:00 AM,County,S CHELSEA LA,MARYLAND AVE,,N/A,,HEAD ON,CLEAR,DRY,DARK NO LIGHTS,NO CONTROLS,UNKNOWN,,BAED2247-3AF9-497C-9929-E076496672FD,Yes,NO APPARENT INJURY,N/A,UNKNOWN,,FCD9D6B5-8EB7-4776-B7AC-0EEA841609F4,FUNCTIONAL,TWELVE OCLOCK,,MOVING CONSTANT SPEED,East,25,No,No,0,UNKNOWN,UNKNOWN,38.99418207,-77.09265039,""(38.99418207, -77.09265039)"""
"MCP3140002G,230060402,Montgomery County Police,Injury Crash,10/13/2023 09:30:00 PM,Maryland (State),EAST WEST HWY,ROSEMARY HILLS RD,,N/A,,SAME DIR REAR END,CLEAR,DRY,DARK LIGHTS ON,TRAFFIC SIGNAL,N/A,,FFEDABD4-1CD6-46B6-9A93-FB6BACCCF3E8,No,NO APPARENT INJURY,N/A,NOT DISTRACTED,MD,8FF349B1-6A0D-41B4-A195-13544467FEEA,FUNCTIONAL,SIX OCLOCK,PASSENGER CAR,STOPPED IN TRAFFIC LANE,West,35,No,No,2007,HOND,SD,38.99565002,-77.04205565,""(38.99565002, -77.04205565)"""
"MCP3051002L,180060138,Montgomery County Police,Property Damage Crash,12/01/2018 07:20:00 PM,County,DEMOCRACY BLVD,FERNWOOD RD,,N/A,,SAME DIR REAR END,RAINING,WET,DARK LIGHTS ON,TRAFFIC SIGNAL,NONE DETECTED,,1F49AEC1-DEA0-40C4-AC39-93BD03D0286C,Yes,NO APPARENT INJURY,""SLEET, HAIL, FREEZ. RAIN, WET"",UNKNOWN,MD,17FFBA8F-C1C7-4787-A4FE-701635511445,DISABLING,TWELVE OCLOCK,PASSENGER CAR,SLOWING OR STOPPING,West,35,No,No,2007,MERCEDEZ,SL550,39.02225667,-77.13429,""(39.02225667, -77.13429)"""
"MCP3190005K,230068894,Montgomery County Police,Property Damage Crash,11/29/2023 11:25:00 AM,Maryland (State),OLNEY SANDY SPRING RD,VILLAGE CENTER DR,,N/A,,STRAIGHT MOVEMENT ANGLE,CLEAR,DRY,DAYLIGHT,FLASHING TRAFFIC SIGNAL,NONE DETECTED,,C7569A52-0AE0-47CB-86A8-7BC33D7BD4BE,Yes,NO APPARENT INJURY,N/A,UNKNOWN,MD,CB7C1DE5-5E92-4C25-AFC7-348A5FD59913,DISABLING,FOUR OCLOCK,PASSENGER CAR,MAKING LEFT TURN,South,30,No,No,2020,TOYOTA,COROLLA,39.14974674,-77.05788602,""(39.14974674, -77.05788602)"""
"MCP235800BV,230060652,Montgomery County Police,Property Damage Crash,10/15/2023 11:15:00 AM,Maryland (State),GOLDSBORO RD,RADNOR RD,,N/A,,SINGLE VEHICLE,CLEAR,DRY,DAYLIGHT,NO CONTROLS,NONE DETECTED,,8846A5A4-0851-4746-9F55-E540CB89C3C5,Yes,NO APPARENT INJURY,N/A,NOT DISTRACTED,MD,A1C1CB0E-40D4-4EDD-992E-C1AA4C67B3A9,DISABLING,TWELVE OCLOCK,PASSENGER CAR,MOVING CONSTANT SPEED,North,30,No,No,2001,SUBARU,FORESTER,38.97550772,-77.11234177,""(38.97550772, -77.11234177)"""
"MCP3279002G,230049445,Montgomery County Police,Injury Crash,08/14/2023 04:58:00 PM,County,RANDOLPH RD,KEMP MILL RD,,N/A,,SAME DIR REAR END,RAINING,N/A,DARK LIGHTS ON,NO CONTROLS,NONE DETECTED,,EE2BB7E2-2F79-40B1-BCEA-1B752C7658B8,No,NO APPARENT INJURY,""N/A, WET"",NOT DISTRACTED,MD,4B33D76D-6991-4033-95B5-D86B5697C615,NO DAMAGE,SIX OCLOCK,PASSENGER CAR,MOVING CONSTANT SPEED,East,40,No,No,2014,LEXUS,ES 350,39.06611782,-77.03342876,""(39.06611782, -77.03342876)"""
"MCP3290002Q,230071435,Montgomery County Police,Property Damage Crash,12/13/2023 09:04:00 AM,Maryland (State),GEORGIA AVE,AUGUST DR,,N/A,,SAME DIRECTION RIGHT TURN,CLEAR,DRY,DAYLIGHT,NO CONTROLS,NONE DETECTED,,288B8797-3792-4BC4-A0DD-9049B069EBB7,No,NO APPARENT INJURY,N/A,UNKNOWN,DC,EFAECF4D-0C06-4686-B10D-BFC0DAB14615,SUPERFICIAL,ELEVEN OCLOCK,TRANSIT BUS,ACCELERATING,South,35,No,No,2010,TBU,BUS,39.02204,-77.04510333,""(39.02204, -77.04510333)"""
"MCP2329002F,230058664,Montgomery County Police,Property Damage Crash,10/05/2023 08:44:00 AM,Maryland (State),MIDCOUNTY HWY,PIER POINT PL,,N/A,,SAME DIR REAR END,CLOUDY,DRY,DAYLIGHT,NO CONTROLS,NONE DETECTED,,52FDEA72-9AA4-41BD-BEEC-DDC66614001F,Yes,NO APPARENT INJURY,N/A,NOT DISTRACTED,MD,922328BE-8ED0-4ADA-9CF0-ECADA4D05079,DISABLING,TWELVE OCLOCK,(SPORT) UTILITY VEHICLE,SLOWING OR STOPPING,North,45,No,No,2019,MITS,UT,39.15930333,-77.19839667,""(39.15930333, -77.19839667)"""
"DM8497001W,230057706,Takoma Park Police Depart,Injury Crash,09/30/2023 03:07:00 PM,Maryland (State),NEW HAMPSHIRE AVE,HOLTON LA,,TAKOMA PARK,,STRAIGHT MOVEMENT ANGLE,CLEAR,DRY,DAYLIGHT,N/A,N/A,,A9494219-87A4-48CB-A518-149E24BC328D,Yes,NO APPARENT INJURY,N/A,NOT DISTRACTED,MD,D896C29D-170F-4C9B-BBA4-25DD2CCEDA85,DISABLING,THREE OCLOCK,PASSENGER CAR,MAKING LEFT TURN,East,35,No,No,2016,HONDA,CIVIC,38.98478539,-76.98810796,""(38.98478539, -76.98810796)"""
"MCP27880036,230033819,Montgomery County Police,Injury Crash,07/16/2023 04:15:00 AM,Maryland (State),GEORGIA AVE,BLUERIDGE AVE,,N/A,,ANGLE MEETS RIGHT TURN,CLEAR,DRY,DARK LIGHTS ON,FLASHING TRAFFIC SIGNAL,ALCOHOL PRESENT,,547793DB-86BC-4B9A-86F9-A909C09AB00C,Yes,NO APPARENT INJURY,N/A,UNKNOWN,MD,46F59BF6-16A3-4481-83A5-A1C8F112D76B,DISABLING,FOUR OCLOCK,PASSENGER CAR,ACCELERATING,West,35,No,No,2012,HONDA,FIT,39.0432061,-77.05180673,""(39.0432061, -77.05180673)"""
"MCP3091004B,230066255,Montgomery County Police,Property Damage Crash,11/14/2023 11:57:00 AM,Maryland (State),FREDERICK RD,E GUDE DR,,N/A,,SAME DIRECTION LEFT TURN,CLEAR,DRY,DAYLIGHT,TRAFFIC SIGNAL,N/A,,B5789DBF-F71D-4B05-B3F8-322B86F16CB7,No,NO APPARENT INJURY,N/A,NOT DISTRACTED,MD,B272F735-60DE-4F03-9C77-4792AEC0DF8F,SUPERFICIAL,TWELVE OCLOCK,""OTHER LIGHT TRUCKS (10,000LBS (4,536KG) OR LESS)"",SLOWING OR STOPPING,North,40,No,No,2015,INTL,TK,39.10733783,-77.15862567,""(39.10733783, -77.15862567)"""
"MCP30210074,230070157,Montgomery County Police,Property Damage Crash,12/06/2023 10:00:00 AM,County,OLD COLUMBIA PIKE,MUSGROVE RD,,N/A,,OPPOSITE DIR BOTH LEFT TURN,CLEAR,DRY,DAYLIGHT,N/A,NONE DETECTED,,6EABDE97-56ED-49B2-AEF8-F29AA32E2039,No,NO APPARENT INJURY,N/A,NOT DISTRACTED,MD,537CFE4F-7DF3-4485-9579-E1400B50ED18,DISABLING,TWELVE OCLOCK,PASSENGER CAR,MOVING CONSTANT SPEED,North,35,No,No,2012,MITS,SD,39.06816833,-76.96228833,""(39.06816833, -76.96228833)"""
"MCP2948006D,230047721,Montgomery County Police,Property Damage Crash,08/03/2023 11:20:00 PM,County,ARCOLA AVE,LAMBERTON DR,,N/A,,OPPOSITE DIRECTION SIDESWIPE,RAINING,WET,DARK -- UNKNOWN LIGHTING,TRAFFIC SIGNAL,UNKNOWN,,C7623528-79BC-462F-852D-588707A8F3D3,Yes,NO APPARENT INJURY,""RAIN, SNOW, WET"",UNKNOWN,,B5C50947-5897-4EF2-A0A2-E3B27F504A3A,UNKNOWN,UNKNOWN,UNKNOWN,ACCELERATING,East,30,Unknown,No,0,UNKNOWN,UNKNOWN,39.04102667,-77.02890333,""(39.04102667, -77.02890333)"""
"MCP3334001X,230065835,Montgomery County Police,Property Damage Crash,11/11/2023 07:27:00 PM,County,PERSHING DR,CEDAR ST,,N/A,,SAME DIR REAR END,CLEAR,DRY,DAWN,TRAFFIC SIGNAL,UNKNOWN,,023EA282-A48C-4FB0-8D81-81BF8FD55F2C,Yes,NO APPARENT INJURY,N/A,UNKNOWN,,0DF08D8C-59CE-4560-BD7E-C2684C0AF184,UNKNOWN,UNKNOWN,(SPORT) UTILITY VEHICLE,UNKNOWN,North,25,No,No,2020,DODGE,DURANGO,38.99795,-77.02314,""(38.99795, -77.02314)"""
"MCP3009006X,230063553,Montgomery County Police,Injury Crash,10/31/2023 10:35:00 AM,Maryland (State),FREDERICK RD,GERMANTOWN RD,,N/A,,STRAIGHT MOVEMENT ANGLE,CLEAR,DRY,DAYLIGHT,TRAFFIC SIGNAL,N/A,,FC181CDE-9C3C-4B33-8007-D9EEBF5E1C61,No,POSSIBLE INJURY,N/A,NOT DISTRACTED,MD,881BB4B7-BAC3-40D2-824F-6F2274C8C038,DISABLING,EIGHT OCLOCK,PASSENGER CAR,ACCELERATING,North,45,No,No,2011,NISSAN,ALTIMA,39.192155,-77.24219333,""(39.192155, -77.24219333)"""
"MCP30530071,230068564,Montgomery County Police,Property Damage Crash,11/27/2023 04:55:00 PM,County,CLAY ST,CENTERHILL ST,,N/A,,OTHER,CLEAR,DRY,DUSK,N/A,N/A,,F70492EF-2995-4FE4-9360-C999A26AD818,Yes,NO APPARENT INJURY,N/A,LOOKED BUT DID NOT SEE,MD,6674AD9F-0E2E-4210-9C01-0A346F57011C,SUPERFICIAL,EIGHT OCLOCK,OTHER,MAKING LEFT TURN,South,15,No,No,2013,THMS,BUS,39.05741307,-77.06796019,""(39.05741307, -77.06796019)"""
"MCP0036009H,190009515,Montgomery County Police,Property Damage Crash,02/28/2019 01:15:00 PM,,,,PARKING LOT 23412 RIDGE RD,,,OTHER,CLEAR,,DAYLIGHT,NO CONTROLS,NONE DETECTED,,E75A5AA4-1F02-43F4-86B9-6EDFE6FA6FBB,No,NO APPARENT INJURY,N/A,NOT DISTRACTED,MD,C31FE2DE-00E4-4CE1-905B-2E1C3B8725A5,FUNCTIONAL,SIX OCLOCK,(SPORT) UTILITY VEHICLE,STOPPED IN TRAFFIC LANE,East,0,No,No,2009,CHEVY,SUBURBAN,39.24153333,-77.23513,""(39.24153333, -77.23513)"""
"MCP30680052,230058506,Montgomery County Police,Property Damage Crash,10/03/2023 05:45:00 PM,,,,7200 WISCONSIN AVE IN GARAGE,,,SAME DIRECTION SIDESWIPE,N/A,,DAYLIGHT,N/A,N/A,,615B92AC-D107-47F0-9C9F-07F9708103C8,Yes,NO APPARENT INJURY,N/A,UNKNOWN,,543CFA9D-C944-4370-A877-A5FD30401A94,UNKNOWN,UNKNOWN,,UNKNOWN,Unknown,10,Unknown,No,0,UNKNOWN,UNKNOWN,38.98122065,-77.09378944,""(38.98122065, -77.09378944)"""
"MCP31910049,230068380,Montgomery County Police,Property Damage Crash,11/26/2023 04:18:00 PM,County,DARNESTOWN RD,TRAVILLE  GATEWAY DR,,N/A,,STRAIGHT MOVEMENT ANGLE,RAINING,WET,DARK LIGHTS ON,TRAFFIC SIGNAL,NONE DETECTED,,F995E996-D5C7-4648-BB76-2DB40DD1FD70,No,NO APPARENT INJURY,""N/A, WET"",NOT DISTRACTED,MD,39BD6351-EF98-4EB5-AF7D-E6F77ED6198E,DISABLING,TWELVE OCLOCK,PASSENGER CAR,MOVING CONSTANT SPEED,West,40,No,No,2016,LEXS,NX,39.09611403,-77.20139651,""(39.09611403, -77.20139651)"""
"MCP3200009T,230065549,Montgomery County Police,Property Damage Crash,11/10/2023 10:09:00 AM,Other Public Roadway,MONTROSE PKWY,E JEFFERSON ST,,N/A,,STRAIGHT MOVEMENT ANGLE,RAINING,WET,DAYLIGHT,TRAFFIC SIGNAL,NONE DETECTED,,A34083AA-002F-42F9-886C-03A7036B48E3,Yes,NO APPARENT INJURY,""RAIN, SNOW, WET"",INATTENTIVE OR LOST IN THOUGHT,MD,3869F0A8-4B4C-40BE-8C31-17978604C5D9,DISABLING,TWELVE OCLOCK,PASSENGER CAR,MOVING CONSTANT SPEED,East,30,No,No,2014,TOYOTA,PRIUS,39.05074833,-77.1260695,""(39.05074833, -77.1260695)"""
"MCP3350000Q,230048170,Montgomery County Police,Property Damage Crash,07/10/2023 12:40:00 PM,County,WESTLAKE TERR,MOTOR CITY DR,,N/A,,SAME DIR REAR END,CLEAR,DRY,DAYLIGHT,TRAFFIC SIGNAL,UNKNOWN,,B9729CDD-E9E8-474F-BD50-9FEAB5C2D306,Yes,NO APPARENT INJURY,N/A,LOOKED BUT DID NOT SEE,MD,E17673D3-596F-4FC3-B3EF-582E3567968C,FUNCTIONAL,TWELVE OCLOCK,PASSENGER CAR,MAKING LEFT TURN,West,30,No,No,1997,TOYOTA,COROLLA,39.02647167,-77.14442333,""(39.02647167, -77.14442333)"""
"MCP3130006Z,230073072,Montgomery County Police,Injury Crash,12/22/2023 07:50:00 AM,Maryland (State),UNIVERSITY BLVD W,VEIRS MILL RD,,N/A,,SAME DIR REAR END,CLEAR,DRY,DAYLIGHT,YIELD SIGN,NONE DETECTED,,2E7B4FE3-CD27-4D28-A0AD-FB58C469DF64,No,POSSIBLE INJURY,N/A,NOT DISTRACTED,MD,279E9E61-C5AB-4E2F-B0C9-076E60865570,SUPERFICIAL,SIX OCLOCK,PASSENGER CAR,STOPPED IN TRAFFIC LANE,South,30,No,No,2016,TOYOTA,COROLLA,39.01446767,-77.03415967,""(39.01446767, -77.03415967)"""
"MCP243600HM,230066019,Montgomery County Police,Injury Crash,11/13/2023 08:50:00 AM,Maryland (State),UNIVERSITY BLVD E,ENT TO CHURCH,,N/A,,SAME DIR REAR END,CLEAR,DRY,DAYLIGHT,NO CONTROLS,NONE DETECTED,,B63D4602-E797-47AE-A89E-2D6B7CD9A9C9,No,POSSIBLE INJURY,N/A,NOT DISTRACTED,MD,AB81ED8E-4FA0-4709-BDEA-0D4AF57A043D,DISABLING,SIX OCLOCK,PASSENGER CAR,STOPPED IN TRAFFIC LANE,West,35,No,No,2011,NISSAN,SENTRA,39.00979518,-76.99986104,""(39.00979518, -76.99986104)"""
"DM8472002M,230072198,Takoma Park Police Depart,Property Damage Crash,12/17/2023 12:50:00 PM,Maryland (State),PHILADELPHIA AVE,TAKOMA AVE,,TAKOMA PARK,,SAME DIR REAR END,RAINING,WET,DAYLIGHT,TRAFFIC SIGNAL,NONE DETECTED,,E8EF6118-93CD-453B-945D-B9DD92751A53,No,NO APPARENT INJURY,""RAIN, SNOW, WET"",NOT DISTRACTED,MD,5BA901EE-B8D4-4FB7-B843-EB87E996C83E,SUPERFICIAL,SIX OCLOCK,PASSENGER CAR,MOVING CONSTANT SPEED,West,30,No,No,2016,MAZD,4S,38.98507615,-77.01902744,""(38.98507615, -77.01902744)"""
"MCP2187001M,230056982,Montgomery County Police,Property Damage Crash,09/26/2023 02:15:00 PM,County,MEDICAL CENTER DR,KEY WEST AVE,,N/A,,SAME DIR REND RIGHT TURN,RAINING,WET,DAYLIGHT,TRAFFIC SIGNAL,NONE DETECTED,,55420586-B84F-4037-8B21-5AF2C837C66D,No,NO APPARENT INJURY,""N/A, WET"",NOT DISTRACTED,MD,C5707384-8FDB-447F-B38B-81BA0B0BECB3,NO DAMAGE,SIX OCLOCK,PASSENGER CAR,STOPPED IN TRAFFIC LANE,West,25,No,No,2009,CHEVY,IMPALA,39.10490167,-77.19642833,""(39.10490167, -77.19642833)"""
"MCP31110076,230055715,Montgomery County Police,Injury Crash,09/19/2023 10:26:00 AM,County,BATTERY LA,WOODMONT AVE,,N/A,BICYCLIST,SINGLE VEHICLE,CLEAR,DRY,DAYLIGHT,TRAFFIC SIGNAL,NONE DETECTED,NONE DETECTED,5D90D5E9-3CD6-46D2-A282-CC2496EEC0FD,No,NO APPARENT INJURY,N/A,NOT DISTRACTED,MD,1C438189-DD4E-494F-87F4-485B09C40932,NO DAMAGE,ONE OCLOCK,TRANSIT BUS,SLOWING OR STOPPING,East,25,No,No,2017,FORD,E450 TRANSIT,38.992645,-77.0974075,""(38.992645, -77.0974075)"""
"MCP25920036,230058012,Montgomery County Police,Property Damage Crash,10/02/2023 10:17:00 AM,County,EMORY GROVE RD,HAZELCREST DR,,N/A,,SAME DIR REND LEFT TURN,CLEAR,DRY,DAYLIGHT,N/A,NONE DETECTED,,89E71222-CCA2-40D7-98AA-C3D59BEA917B,Yes,NO APPARENT INJURY,N/A,UNKNOWN,MD,BEFB6E2B-AEC5-4E02-A2C4-F21E536D1B65,DISABLING,TWELVE OCLOCK,PASSENGER CAR,MOVING CONSTANT SPEED,North,30,No,No,2013,HONDA,RIDGELINE,39.15088064,-77.17062304,""(39.15088064, -77.17062304)"""
"MCP30970032,230059199,Montgomery County Police,Property Damage Crash,10/07/2023 09:39:00 PM,County,CHERRY HILL RD,PLUM ORCHARD DR,,N/A,,SAME DIR REAR END,CLEAR,DRY,DARK LIGHTS ON,NO CONTROLS,NONE DETECTED,,0C1E61A0-705D-40D6-B9EB-4CAF4E966107,Yes,NO APPARENT INJURY,N/A,LOOKED BUT DID NOT SEE,MD,53C1D29E-D471-4023-A1A7-51300E528488,DISABLING,TWELVE OCLOCK,PASSENGER CAR,MOVING CONSTANT SPEED,West,45,No,No,2008,DODGE,CHARGER,39.05328167,-76.95331667,""(39.05328167, -76.95331667)"""
"MCP3280004C,230071287,Montgomery County Police,Property Damage Crash,11/24/2023 05:50:00 PM,County,CHERRY HILL RD,PLUM ORCHARD DR,,N/A,,OTHER,UNKNOWN,DRY,DARK LIGHTS ON,TRAFFIC SIGNAL,UNKNOWN,,01E6E5D6-E81D-4BCD-A205-4D67D6D5D464,No,NO APPARENT INJURY,N/A,NOT DISTRACTED,,6FC3FB6A-6376-4909-85B8-B1063326A536,FUNCTIONAL,TEN OCLOCK,PASSENGER CAR,STOPPED IN TRAFFIC LANE,North,40,No,No,2003,TOYOTA,CAMRY,39.05252161,-76.95313025,""(39.05252161, -76.95313025)"""
"MCP15540011,15057817,MONTGOMERY,Injury Crash,11/12/2015 08:25:00 PM,Municipality,GAITHER RD,KING FARM BLVD,,ROCKVILLE,,STRAIGHT MOVEMENT ANGLE,CLEAR,DRY,DARK LIGHTS ON,TRAFFIC SIGNAL,NONE DETECTED,,D08BCC96-2798-4CF4-AE81-DADF80F59B8A,No,POSSIBLE INJURY,N/A,NOT DISTRACTED,MD,AA4F015E-1610-48CB-A28F-7EA8C5A9D0F1,DISABLING,TWO OCLOCK,(SPORT) UTILITY VEHICLE,MOVING CONSTANT SPEED,North,35,No,No,2005,HOND,PILOT SUV,39.11225667,-77.17525667,""(39.11225667, -77.17525667)"""
"MCP1563003W,170517861,Montgomery County Police,Property Damage Crash,07/07/2017 06:31:00 PM,Maryland (State),CONNECTICUT AVE,DUNLOP ST,,N/A,,SAME DIR REAR END,CLEAR,DRY,DAYLIGHT,NO CONTROLS,NONE DETECTED,,EF266A45-531C-4EF3-B646-2A6608869C67,No,NO APPARENT INJURY,N/A,NOT DISTRACTED,DC,B78AE1D0-C15A-4632-B644-27AA5307A2B4,FUNCTIONAL,SIX OCLOCK,PASSENGER CAR,STOPPED IN TRAFFIC LANE,South,35,No,No,2014,SUBARU,FORESTER,38.99029,-77.07728333,""(38.99029, -77.07728333)"""
"DD56570016,230052559,Rockville Police Departme,Property Damage Crash,09/01/2023 08:00:00 AM,Municipality,SPRING AVE,DOUGLAS AVE,,ROCKVILLE,,SAME DIR REAR END,CLEAR,DRY,DAYLIGHT,N/A,N/A,,8966C427-DB89-4681-90A9-B5237F324CFC,No,NO APPARENT INJURY,N/A,NO DRIVER PRESENT,,59711743-7256-432F-BB39-AC34215CB1B8,FUNCTIONAL,TEN OCLOCK,VAN,PARKED,,5,Unknown,Yes,2005,FORD,VAN,39.09346254,-77.14829972,""(39.09346254, -77.14829972)"""
"MCP2177001N,170507227,Montgomery County Police,Property Damage Crash,05/11/2017 01:11:00 PM,Interstate (State),EISENHOWER MEMORIAL HWY,W GUDE DR,,ROCKVILLE,,SAME DIRECTION SIDESWIPE,RAINING,WET,DAYLIGHT,NO CONTROLS,NONE DETECTED,,BDE87F42-B624-44EB-A11E-D12F1612401A,Yes,NO APPARENT INJURY,""RAIN, SNOW, WET"",UNKNOWN,WV,4253B600-661D-4BD2-BED6-00894F68AB9D,FUNCTIONAL,NINE OCLOCK,PICKUP TRUCK,MOVING CONSTANT SPEED,North,55,No,No,2005,TOYOTA,P/U,39.10085878,-77.17906907,""(39.10085878, -77.17906907)"""
"MCP3262003K,230066113,Montgomery County Police,Property Damage Crash,11/13/2023 03:35:00 PM,County,CHERRY HILL RD,GRACEFIELD RD,,N/A,,ANGLE MEETS RIGHT TURN,CLEAR,DRY,DAYLIGHT,NO CONTROLS,NONE DETECTED,,8C52594E-FAB4-4EE8-8FF3-D30E6D34B3A5,Yes,NO APPARENT INJURY,N/A,OTHER DISTRACTION,,B9A02D93-40BA-4EC4-BD3E-3D21FC0495F2,SUPERFICIAL,ELEVEN OCLOCK,VAN,MAKING RIGHT TURN,East,35,No,No,0,UNKNOWN,UNKNOWN,39.04983654,-76.95249399,""(39.04983654, -76.95249399)"""
"MCP30090079,230070552,Montgomery County Police,Injury Crash,12/08/2023 10:00:00 AM,Maryland (State),FREDERICK RD,SHAKESPEARE BLVD,,N/A,,STRAIGHT MOVEMENT ANGLE,CLEAR,DRY,DAYLIGHT,TRAFFIC SIGNAL,N/A,,D0765EA4-5A73-4965-B5A0-13BABFDB9A91,No,POSSIBLE INJURY,N/A,NOT DISTRACTED,MD,6F7334D5-41FB-45E9-86BF-7FB6C7C0368C,DISABLING,ONE OCLOCK,PASSENGER CAR,MAKING LEFT TURN,North,45,No,No,2004,LEXUS,ES330,39.19829905,-77.24497688,""(39.19829905, -77.24497688)"""
"EJ7875004B,230071170,Gaithersburg Police Depar,Injury Crash,12/11/2023 07:08:00 PM,County,MUDDY BRANCH RD,W DIAMOND AVE,,N/A,,ANGLE MEETS LEFT TURN,CLEAR,DRY,DARK LIGHTS ON,TRAFFIC SIGNAL,N/A,,9B468FBF-4775-4DD6-B836-A569C26C04D6,No,SUSPECTED SERIOUS INJURY,N/A,NOT DISTRACTED,MD,CAE780D5-0E17-4992-9B8B-E8D20C2A6109,DESTROYED,TWELVE OCLOCK,PASSENGER CAR,MOVING CONSTANT SPEED,East,35,No,No,2014,TOYT,4S,39.14014077,-77.20496427,""(39.14014077, -77.20496427)"""