Report Number,Local Case Number,Agency Name,ACRS Report Type,Crash Date/Time,Route Type,Road Name,Cross-Street Name,Off-Road Description,Municipality,Related Non-Motorist,Collision Type,Weather,Surface Condition,Light,Traffic Control,Driver Substance Abuse,Non-Motorist Substance Abuse,Person ID,Driver At Fault,Injury Severity,Circumstance,Driver Distracted By,Drivers License State,Vehicle ID,Vehicle Damage Extent,Vehicle First Impact Location,Vehicle Body Type,Vehicle Movement,Vehicle Going Dir,Speed Limit,Driverless Vehicle,Parked Vehicle,Vehicle Year,Vehicle Make,Vehicle Model,Latitude,Longitude,Location
"MCP2228000R,200002085,Montgomery County Police,Property Damage Crash,01/13/2020 09:30:00 AM,Interstate (State),EISENHOWER MEMORIAL HWY,GROSVENOR LA,,N/A,,SAME DIRECTION LEFT TURN,N/A,DRY,DAYLIGHT,NO CONTROLS,NONE DETECTED,,3BC39A31-0A74-4F7C-8F07-1C724A3B8B34,Yes,NO APPARENT INJURY,N/A,LOOKED BUT DID NOT SEE,MD,DD1A9992-4CE7-431A-A1AA-186B4A44AA91,SUPERFICIAL,ELEVEN OCLOCK,SCHOOL BUS,MOVING CONSTANT SPEED,North,55,No,No,2014,THOMAS,BUS,39.02139167,-77.10564,""(39.02139167, -77.10564)"""
"MCP24370055,230056305,Montgomery County Police,Property Damage Crash,09/22/2023 01:40:00 PM,,,,PARKING LOT OF 13850 TRAVILAH RD,,,SAME DIRECTION SIDESWIPE,CLOUDY,,DAYLIGHT,NO CONTROLS,NONE DETECTED,,7147BFA8-A76A-480F-9B65-5B25A80B8245,No,NO APPARENT INJURY,N/A,NOT DISTRACTED,MD,ACE3186A-4C4C-4E42-9812-937C87BCCDB7,SUPERFICIAL,SIX OCLOCK,OTHER BUS,PARKED,,0,No,Yes,2017,FORD,E-450,39.08346183,-77.23218783,""(39.08346183, -77.23218783)"""
"EJ78870038,230065038,Gaithersburg Police Depar,Property Damage Crash,11/08/2023 06:10:00 AM,County,FIELDS RD,SAM EIG HWY,,N/A,,SAME DIR REAR END,CLEAR,DRY,DARK LIGHTS ON,NO CONTROLS,NONE DETECTED,,BBA986ED-E95A-49C0-BDD7-51B2B8CF3C35,Yes,NO APPARENT INJURY,N/A,NOT DISTRACTED,MD,9423B759-6E2F-4321-B845-E494BE04ED43,DISABLING,TWELVE OCLOCK,PASSENGER CAR,MOVING CONSTANT SPEED,East,35,No,No,2010,TOYT,4S,39.11586605,-77.20855192,""(39.11586605, -77.20855192)"""
"MCP3358000W,230031996,Montgomery County Police,Property Damage Crash,06/27/2023 10:45:00 AM,,,,PARKING LOT,,,UNKNOWN,N/A,,UNKNOWN,UNKNOWN,N/A,,F07AD7E4-20EB-4C84-BEE3-3ABC388888AF,Unknown,NO APPARENT INJURY,N/A,UNKNOWN,MD,5EBE69F6-7C22-4F5E-9DF0-E1E84464D6B7,SUPERFICIAL,SEVEN OCLOCK,PASSENGER CAR,UNKNOWN,Unknown,30,Unknown,No,2015,FORD,C-MAX,39.02318149,-77.12826547,""(39.02318149, -77.12826547)"""
"MCP2329002S,230073144,Montgomery County Police,Property Damage Crash,12/22/2023 01:45:00 PM,,W WATKINS MILL RD,I270 N OFF RAMP,,N/A,,SAME DIRECTION LEFT TURN,CLEAR,DRY,DAYLIGHT,NO CONTROLS,N/A,,7E67469F-76D7-42A0-865C-38AB856C8847,Yes,NO APPARENT INJURY,N/A,UNKNOWN,MD,1D0C0799-29F9-4434-8161-D7C39D31A857,DISABLING,TWELVE OCLOCK,PASSENGER CAR,MOVING CONSTANT SPEED,West,35,No,No,2019,HOND,4S,39.15688667,-77.22442,""(39.15688667, -77.22442)"""
"MCP1366002B,15004631,Montgomery County Police,Property Damage Crash,01/29/2015 08:59:00 AM,Maryland (State),DARNESTOWN RD,SPRING MEADOWS DR,,N/A,,SAME DIR REAR END,CLEAR,DRY,DAYLIGHT,N/A,NONE DETECTED,,48486805-6C08-4555-B3E0-6AA749DAF58B,No,NO APPARENT INJURY,N/A,NOT DISTRACTED,MD,EE1B9B35-60E9-4614-8530-DB573A47272D,FUNCTIONAL,SIX OCLOCK,""MEDIUM/HEAVY TRUCKS 3 AXLES (OVER 10,000LBS (4,536KG))"",STOPPED IN TRAFFIC LANE,East,40,No,No,2014,FREIGHTLINER,TK,39.10956,-77.302235,""(39.10956, -77.302235)"""
"MCP1550004R,230055697,Montgomery County Police,Property Damage Crash,09/19/2023 09:01:00 AM,Maryland (State),EAST WEST HWY,DONNYBROOK DR,,N/A,,SAME DIR REAR END,CLEAR,DRY,DAYLIGHT,NO CONTROLS,NONE DETECTED,,32319948-F89E-48E0-9370-C8D54647C1E0,No,NO APPARENT INJURY,N/A,NOT DISTRACTED,VA,98BC53AF-66D5-4884-9A3F-C3A79DFC246C,SUPERFICIAL,SIX OCLOCK,PASSENGER CAR,STOPPED IN TRAFFIC LANE,East,35,No,No,2018,AUDI,A4,38.99226983,-77.05879883,""(38.99226983, -77.05879883)"""
"MCP295400DT,230074200,Montgomery County Police,Property Damage Crash,12/29/2023 05:59:00 PM,County,POWDER MILL RD,ENT TO HILLANDALE SHOPPING CENTER,,N/A,,STRAIGHT MOVEMENT ANGLE,RAINING,WET,DARK LIGHTS ON,STOP SIGN,NONE DETECTED,,6CC0B397-1742-49CE-A2DB-BC75769D0E1C,Yes,NO APPARENT INJURY,N/A,LOOKED BUT DID NOT SEE,MD,88A19D47-F0D1-4A43-B86C-4B5AAD4571E6,FUNCTIONAL,TWELVE OCLOCK,PASSENGER CAR,MAKING LEFT TURN,North,35,No,No,2016,NISSAN,MURANO,39.02262533,-76.976267,""(39.02262533, -76.976267)"""
"MCP2456007P,230051278,Montgomery County Police,Injury Crash,08/25/2023 01:20:00 PM,Maryland (State),NEW HAMPSHIRE AVE,ELTON RD,,N/A,,SINGLE VEHICLE,CLEAR,DRY,DAYLIGHT,TRAFFIC SIGNAL,NONE DETECTED,,68124955-28DD-409E-9475-8C50EB8080E7,Yes,SUSPECTED MINOR INJURY,N/A,UNKNOWN,VA,E2432114-61C3-47D0-898F-4CC38092198B,DISABLING,TWELVE OCLOCK,PASSENGER CAR,MOVING CONSTANT SPEED,North,40,No,No,2014,HONDA,CIVIC,39.02047167,-76.976475,""(39.02047167, -76.976475)"""
"MCP289200FJ,230065197,Montgomery County Police,Property Damage Crash,11/08/2023 04:52:00 PM,Maryland (State),GEORGIA AVE,RAMP 4 FR MD 97 NB TO IS 495 EB,,N/A,,SAME DIRECTION SIDESWIPE,CLEAR,DRY,DAYLIGHT,NO CONTROLS,NONE DETECTED,,16F3374F-AFEA-451E-818C-E6EB6D1F4BD9,Yes,NO APPARENT INJURY,N/A,OTHER DISTRACTION,MD,7473B0FA-0686-4FF1-91C6-241AB18AC59A,SUPERFICIAL,FOUR OCLOCK,PASSENGER CAR,CHANGING LANES,North,30,No,No,2017,MITS,TK,39.01251396,-77.04145398,""(39.01251396, -77.04145398)"""
"DD56520042,230070891,Rockville Police Departme,Property Damage Crash,12/10/2023 09:40:00 AM,Maryland (State),VEIRS MILL RD,ARDENNES AVE,,ROCKVILLE,,STRAIGHT MOVEMENT ANGLE,RAINING,WET,DAYLIGHT,NO CONTROLS,NONE DETECTED,,04E396E1-070D-4D28-BF71-9E74BE8290DB,No,NO APPARENT INJURY,""SLEET, HAIL, FREEZ. RAIN, WET"",NOT DISTRACTED,MD,23A80ECF-5FF9-4F16-83D7-51CCECD05628,DISABLING,TWELVE OCLOCK,PASSENGER CAR,MOVING CONSTANT SPEED,East,40,No,No,2020,FORD,SD,39.07613267,-77.12011403,""(39.07613267, -77.12011403)"""
"MCP3136006H,230046563,Montgomery County Police,Property Damage Crash,07/28/2023 06:06:00 AM,,,,9200 PINEY BRANCH (APARTMENT LOT),,,SAME DIRECTION SIDESWIPE,CLEAR,,DAYLIGHT,NO CONTROLS,NONE DETECTED,,0482751B-547A-4E26-BAE5-E303E2477B6B,No,NO APPARENT INJURY,N/A,NOT DISTRACTED,MD,031B4AAD-1641-48B8-B79B-AD03E65A29F8,SUPERFICIAL,ELEVEN OCLOCK,PASSENGER CAR,MOVING CONSTANT SPEED,East,5,No,No,2017,TOYOTA,HIGHLANDER,39.001226,-76.98763849,""(39.001226, -76.98763849)"""
"MCP242500HW,230054660,Montgomery County Police,Property Damage Crash,09/13/2023 04:13:00 PM,County,COLSTON DR,GRUBB RD,,N/A,,OPPOSITE DIRECTION SIDESWIPE,CLEAR,DRY,DAYLIGHT,STOP SIGN,NONE DETECTED,,FF79E7EB-461B-4820-81A5-D082EF96A9EA,Unknown,NO APPARENT INJURY,N/A,NOT DISTRACTED,MD,B41A62EA-F189-4D51-90BD-B1E4BF0AB08E,NO DAMAGE,TEN OCLOCK,SCHOOL BUS,STARTING FROM LANE,East,25,No,No,2020,THOMAS,BUS,38.99281167,-77.051675,""(38.99281167, -77.051675)"""
"MCP3351001Y,230071322,Montgomery County Police,Injury Crash,12/12/2023 04:06:00 PM,Maryland (State),GEORGIA AVE,WHITE OAK DR,,N/A,,SAME DIRECTION RIGHT TURN,CLEAR,DRY,DAYLIGHT,NO CONTROLS,NONE DETECTED,,47F9885C-B4E2-4BD9-852F-CC72B7E541BD,No,NO APPARENT INJURY,N/A,NOT DISTRACTED,MD,1F670191-CB0A-489F-9432-FC1F5A7A450C,SUPERFICIAL,TEN OCLOCK,PASSENGER CAR,MOVING CONSTANT SPEED,North,35,No,No,2007,LEXS,SD,39.0107805,-77.04064767,""(39.0107805, -77.04064767)"""
"MCP26440006,16039095,Montgomery County Police,Property Damage Crash,08/02/2016 03:58:00 PM,,,,PARKING LOT OF 16001 SHADY GROVE RD,,,OTHER,CLEAR,,DAYLIGHT,NO CONTROLS,N/A,,E3A24D38-5B98-440F-AA79-F31A44FE8CC3,Yes,NO APPARENT INJURY,N/A,NOT DISTRACTED,MD,8EA7DD60-DDE8-4B01-A162-C868D53BD9FB,SUPERFICIAL,SEVEN OCLOCK,STATION WAGON,BACKING,Unknown,5,No,No,2011,TOYT,SW,39.056965,-77.08011333,""(39.056965, -77.08011333)"""
"MCP2601001G,230054267,Montgomery County Police,Property Damage Crash,09/11/2023 03:15:00 PM,Maryland (State),GEORGIA AVE,SPRING ST,,N/A,,SAME DIR REAR END,CLEAR,DRY,DAYLIGHT,TRAFFIC SIGNAL,NONE DETECTED,,1C4B8526-8515-40E5-800E-DEB007196EE9,Yes,NO APPARENT INJURY,N/A,OTHER DISTRACTION,XX,F41FAC7C-2407-4337-9DDA-AD990648FA22,DISABLING,TWELVE OCLOCK,PASSENGER CAR,MOVING CONSTANT SPEED,South,30,No,No,2008,MERCEDES,E350,38.99980333,-77.03237833,""(38.99980333, -77.03237833)"""
"MCP913000GS,230055683,Montgomery County Police,Property Damage Crash,09/19/2023 08:30:00 AM,US (State),COLESVILLE RD,LORAIN AVE,,N/A,,STRAIGHT MOVEMENT ANGLE,CLOUDY,DRY,DAYLIGHT,NO CONTROLS,NONE DETECTED,,EF6F564F-116E-44BC-B3DB-04514FA71E32,Yes,NO APPARENT INJURY,N/A,LOOKED BUT DID NOT SEE,MD,EF07A903-7BE5-47EE-9CDE-9BD048F0F7CC,DISABLING,TEN OCLOCK,PASSENGER CAR,MAKING LEFT TURN,East,35,No,No,2013,NISSAN,ALTIMA,39.02395638,-77.01117117,""(39.02395638, -77.01117117)"""
"DD5664000W,230051219,Rockville Police Departme,Injury Crash,08/25/2023 07:33:00 AM,Maryland (State),ROCKVILLE PIKE,VEIRS MILL RD,,N/A,,OTHER,CLOUDY,WET,DAYLIGHT,N/A,NONE DETECTED,,1FC2F1D7-A6F3-4C08-9743-05BBBB19D898,Yes,SUSPECTED MINOR INJURY,""N/A, WET"",NOT DISTRACTED,MD,0F35C302-582B-4EB8-A5CE-1799B481FCAE,DISABLING,TWELVE OCLOCK,PASSENGER CAR,ACCELERATING,North,35,No,No,2007,LEXS,SD,39.08155936,-77.14594738,""(39.08155936, -77.14594738)"""
"MCP3148005R,230069644,Montgomery County Police,Property Damage Crash,12/03/2023 02:57:00 PM,Maryland (State),WISCONSIN AVE,WILLARD AVE,,N/A,,SAME DIRECTION SIDESWIPE,CLOUDY,WET,DAYLIGHT,TRAFFIC SIGNAL,NONE DETECTED,,A5487DB1-931C-410E-A94A-1E6941155376,No,NO APPARENT INJURY,N/A,NOT DISTRACTED,MD,7CF98B9C-CB59-41EE-B13B-BDDC58A7564B,SUPERFICIAL,NINE OCLOCK,(SPORT) UTILITY VEHICLE,STOPPED IN TRAFFIC LANE,South,30,No,No,2019,JEEP,CHEROKEE,38.961545,-77.08603333,""(38.961545, -77.08603333)"""
"MCP2689009V,230049259,Montgomery County Police,Injury Crash,08/13/2023 02:29:00 PM,Maryland (State),WHITES FERRY RD,SUGARLAND RD,,N/A,,SAME DIR REAR END,CLEAR,DRY,DAYLIGHT,NO CONTROLS,NONE DETECTED,,22ACDAEF-C6B2-4353-B7AA-2644082AB359,No,NO APPARENT INJURY,N/A,NOT DISTRACTED,MD,8986804C-F39E-4CE0-A5BC-9A76B8443916,FUNCTIONAL,SIX OCLOCK,PASSENGER CAR,SLOWING OR STOPPING,West,30,No,No,2015,MAZD,CX-5,39.1269625,-77.3531992,""(39.1269625, -77.3531992)"""
"EJ7898000Q,230048747,Gaithersburg Police Depar,Injury Crash,08/10/2023 02:37:00 PM,Maryland (State),QUINCE ORCHARD RD,FIRSTFIELD RD,,GAITHERSBURG,,STRAIGHT MOVEMENT ANGLE,CLOUDY,DRY,DAYLIGHT,TRAFFIC SIGNAL,NONE DETECTED,,6AB4666E-CBDE-416C-A3EC-202728F4F7C7,No,SUSPECTED MINOR INJURY,N/A,NOT DISTRACTED,VA,E5497926-767C-4950-8CBA-01DFBD8DBC82,DISABLING,TWELVE OCLOCK,PASSENGER CAR,MOVING CONSTANT SPEED,South,35,No,No,2018,MAZDA,4S,39.1449451,-77.22008363,""(39.1449451, -77.22008363)"""
"MCP23560036,230034771,Montgomery County Police,Property Damage Crash,07/21/2023 03:50:00 PM,County,SHADY GROVE RD,CORPORATE BLVD,,N/A,,HEAD ON LEFT TURN,CLEAR,DRY,DAYLIGHT,TRAFFIC SIGNAL,NONE DETECTED,,6EC8FAD6-4AB6-4622-BD2A-E35F54AB0CD1,Yes,NO APPARENT INJURY,N/A,NOT DISTRACTED,MD,BF44F91B-7F7E-4F5C-965F-88AF0892ABE1,DISABLING,TWELVE OCLOCK,PASSENGER CAR,MAKING LEFT TURN,West,40,No,No,2022,CADILLAC,350T,39.10746934,-77.18934679,""(39.10746934, -77.18934679)"""
"MCP32320045,230051723,Montgomery County Police,Injury Crash,08/27/2023 09:02:00 PM,Maryland (State),NEW HAMPSHIRE AVE,NOTLEY RD,,N/A,,SAME DIR REAR END,CLEAR,DRY,DARK LIGHTS ON,NO CONTROLS,N/A,,21F80E22-3A43-450F-A60B-C4559CB70030,Yes,POSSIBLE INJURY,N/A,UNKNOWN,,A005B3BA-C796-46AD-8A9C-DC0D9AC5E828,UNKNOWN,TWELVE OCLOCK,,UNKNOWN,North,40,No,No,0,UNKNOWN,UNKNOWN,39.08039263,-77.00117801,""(39.08039263, -77.00117801)"""
"EJ78880055,230061130,Gaithersburg Police Depar,Injury Crash,10/17/2023 06:45:00 PM,Municipality,MAIN ST,KENTLANDS BLVD,,GAITHERSBURG,PEDESTRIAN,OTHER,CLEAR,DRY,DARK LIGHTS ON,YIELD SIGN,NONE DETECTED,NONE DETECTED,F546621E-83A3-42AF-AAC2-802BAD3BDDA5,Yes,NO APPARENT INJURY,N/A,LOOKED BUT DID NOT SEE,MD,B7D2D744-A343-4535-9340-BB34F2C9697B,NO DAMAGE,ONE OCLOCK,(SPORT) UTILITY VEHICLE,STOPPED IN TRAFFIC LANE,Unknown,25,No,No,2023,HYUN,UT,39.12315263,-77.2385025,""(39.12315263, -77.2385025)"""
"MCP3191004B,230068598,Montgomery County Police,Property Damage Crash,11/27/2023 06:55:00 PM,County,SEVEN LOCKS RD,TUCKERMAN LA,,N/A,,OTHER,N/A,DRY,DARK LIGHTS ON,TRAFFIC SIGNAL,NONE DETECTED,,399A36BF-EFCA-474C-B714-7E96B7F53E38,No,NO APPARENT INJURY,N/A,INATTENTIVE OR LOST IN THOUGHT,MD,6919FEB5-6FB9-4B44-B8C0-575C390066AD,FUNCTIONAL,ONE OCLOCK,PASSENGER CAR,MAKING LEFT TURN,East,40,No,No,2012,BMW,528I,39.04082802,-77.15904611,""(39.04082802, -77.15904611)"""
"MCP209400LV,230021119,Montgomery County Police,Injury Crash,05/03/2023 11:30:00 AM,Maryland (State),OLD GEORGETOWN RD,RAMP 5 FR MD 187 SB TO RAMP 4 (TO IS495),,N/A,,HEAD ON LEFT TURN,CLEAR,DRY,DAYLIGHT,TRAFFIC SIGNAL,NONE DETECTED,,A840378A-03D5-4564-906B-CB18BC461936,Yes,POSSIBLE INJURY,N/A,NOT DISTRACTED,MD,ACE1DB88-3848-4F99-B2F6-8105FDA2E14D,DISABLING,THREE OCLOCK,(SPORT) UTILITY VEHICLE,MAKING LEFT TURN,North,40,No,No,2011,HONDA,PILOT,39.01667167,-77.11965333,""(39.01667167, -77.11965333)"""
"MCP2656000X,15053477,MONTGOMERY,Property Damage Crash,10/21/2015 06:26:00 PM,County,OLD COLUMBIA PIKE,FAIRLAND RD,,N/A,,OTHER,CLEAR,DRY,DARK -- UNKNOWN LIGHTING,NO CONTROLS,NONE DETECTED,,B3DF665B-5DA0-4A11-9F27-17C3F470EC63,No,NO APPARENT INJURY,N/A,NOT DISTRACTED,MD,CE2ECEB5-7740-4C75-B7AF-C10E1DAA97D4,SUPERFICIAL,EIGHT OCLOCK,TRANSIT BUS,STOPPED IN TRAFFIC LANE,North,40,No,No,2008,BUS,BUS,39.07645667,-76.95748833,""(39.07645667, -76.95748833)"""
"MCP241100BV,230050257,Montgomery County Police,Injury Crash,08/19/2023 02:27:00 PM,County,TWINBROOK PKWY,PIER DR,,ROCKVILLE,,STRAIGHT MOVEMENT ANGLE,CLEAR,DRY,DAYLIGHT,NO CONTROLS,NONE DETECTED,,CC0B69F2-3F30-482E-8C52-79FD8A37BCF8,No,SUSPECTED SERIOUS INJURY,N/A,UNKNOWN,MD,FA56057D-8E8B-4BCA-9DF0-EA0E426CA9E4,DESTROYED,TWELVE OCLOCK,PASSENGER CAR,MOVING CONSTANT SPEED,South,35,No,No,2014,VOLKSWAGON,TS,39.067955,-77.11440833,""(39.067955, -77.11440833)"""
"DM8522000S,230049227,Takoma Park Police Depart,Property Damage Crash,08/13/2023 10:47:00 AM,Maryland (State),ETHAN ALLEN AVE,NEW HAMPSHIRE AVE,,N/A,,SAME DIRECTION RIGHT TURN,CLEAR,DRY,DAYLIGHT,NO CONTROLS,UNKNOWN,,1C0F0D93-2E89-4B1B-A909-18642362C93F,Yes,NO APPARENT INJURY,N/A,UNKNOWN,,F1EC0F3D-FC47-4DBF-9805-67716E908987,UNKNOWN,UNKNOWN,PASSENGER CAR,CHANGING LANES,West,25,No,No,1994,CHEVY,VN,38.97543808,-76.99484272,""(38.97543808, -76.99484272)"""
"MCP219800DN,230054721,Montgomery County Police,Injury Crash,09/13/2023 08:46:00 PM,County,SHADY GROVE RD,EPSILON DR,,N/A,,HEAD ON LEFT TURN,CLEAR,DRY,DARK LIGHTS ON,TRAFFIC SIGNAL,N/A,,C8662845-9C5F-4349-B773-4186FC471EA7,No,NO APPARENT INJURY,N/A,NOT DISTRACTED,MD,01F84B05-9C74-41EA-94BA-AA7F63D8372C,DISABLING,TWELVE OCLOCK,PASSENGER CAR,ACCELERATING,West,40,No,No,2011,HONDA,ODYSSEY,39.13814833,-77.15390167,""(39.13814833, -77.15390167)"""
"MCP32950035,230050119,Montgomery County Police,Property Damage Crash,08/02/2023 02:15:00 PM,Maryland (State),CONNECTICUT AVE,KNOWLES AVE,,N/A,,SAME DIR REAR END,CLEAR,DRY,DAYLIGHT,NO CONTROLS,UNKNOWN,,57A4580D-466C-4FE0-93D5-1027F7F9C832,Yes,NO APPARENT INJURY,N/A,UNKNOWN,,9154086A-FBA6-4B73-BD3E-766276A42DB9,UNKNOWN,TWELVE OCLOCK,PASSENGER CAR,MOVING CONSTANT SPEED,North,35,No,No,2007,MERZ,UNKNOWN,39.02760477,-77.07651105,""(39.02760477, -77.07651105)"""
"MCP2869000X,15034579,MONTGOMERY,Property Damage Crash,06/19/2015 03:30:00 AM,Interstate (State),CAPITAL BELTWAY,EXIT #31,,N/A,,OTHER,UNKNOWN,WET,DARK LIGHTS ON,NO CONTROLS,UNKNOWN,,D263146A-ECD1-4032-97A3-83A3C79645BE,Yes,NO APPARENT INJURY,""N/A, WET"",UNKNOWN,MD,63BC362D-3BCC-426E-8B2F-C86BB7701200,UNKNOWN,UNKNOWN,PASSENGER CAR,UNKNOWN,Unknown,55,No,No,2012,HONDA,CIVIC,39.05813,-77.04980167,""(39.05813, -77.04980167)"""
"MCP2877003M,170507731,Montgomery County Police,Property Damage Crash,05/14/2017 03:19:00 PM,,,,9327 GEORGIA AVE @ PARKING LOT,,,OTHER,CLEAR,,DAYLIGHT,NO CONTROLS,NONE DETECTED,,C857C383-CB32-44DE-B306-1612B86D0ECC,Yes,NO APPARENT INJURY,N/A,LOOKED BUT DID NOT SEE,MD,2C3AEFD6-D688-4290-9350-7E09DA547C71,FUNCTIONAL,SIX OCLOCK,PASSENGER CAR,BACKING,West,10,No,No,2013,FORD,FIESTA,39.00830488,-77.03959823,""(39.00830488, -77.03959823)"""
"MCP2871002T,16007466,MONTGOMERY,Property Damage Crash,02/13/2016 05:46:00 PM,,,,7101 DEMOCRACY BLVD,,,OTHER,CLEAR,,DUSK,NO CONTROLS,NONE DETECTED,,469CE1F9-CBD9-4F84-8BD8-6AC44B494A47,Yes,NO APPARENT INJURY,N/A,NOT DISTRACTED,MD,93F01FE6-4870-4548-8445-E9330A34FAEA,UNKNOWN,UNKNOWN,PASSENGER CAR,BACKING,Unknown,15,No,No,2015,TOYO,TK,39.02331167,-77.14628167,""(39.02331167, -77.14628167)"""
"MCP2932006H,230050795,Montgomery County Police,Injury Crash,08/22/2023 10:44:00 PM,Maryland (State),NEW HAMPSHIRE AVE,OVERLOOK DR,,N/A,,STRAIGHT MOVEMENT ANGLE,CLEAR,DRY,DARK LIGHTS ON,N/A,NONE DETECTED,,677DC80E-9058-4A0A-9AB9-507E4E4746C1,No,NO APPARENT INJURY,N/A,NOT DISTRACTED,MD,DB029017-BA99-4E15-876F-D26F6995C635,DISABLING,TWELVE OCLOCK,PASSENGER CAR,MOVING CONSTANT SPEED,South,40,No,No,2020,MERCEDES,A 220,39.02445,-76.97957667,""(39.02445, -76.97957667)"""
"MCP3084000X,170547812,Montgomery County Police,Property Damage Crash,12/11/2017 06:27:00 AM,,,,PARKING LOT OF 10524 WESTLAKE DR. BETHESDA MD 20817,,,UNKNOWN,CLEAR,,UNKNOWN,NO CONTROLS,UNKNOWN,,DE116A24-FB45-4A25-9EB1-18B7EBE9704E,Yes,NO APPARENT INJURY,N/A,UNKNOWN,,86D32D0C-2519-48FD-818A-A033C48949AD,UNKNOWN,UNKNOWN,UNKNOWN,UNKNOWN,Unknown,0,No,No,0,UNKNOWN,UNKNOWN,39.02806056,-77.14834571,""(39.02806056, -77.14834571)"""
"MCP3009006L,230057805,Montgomery County Police,Property Damage Crash,10/01/2023 06:00:00 AM,Maryland (State),FREDERICK RD,REDGRAVE PL,,N/A,,HEAD ON,CLEAR,DRY,DAWN,NO CONTROLS,ALCOHOL PRESENT,,050AC765-AA92-4D5A-BA78-91CCBB352A41,Yes,NO APPARENT INJURY,N/A,NOT DISTRACTED,DC,171488C6-8BE5-40A1-A19A-EB1351992786,DESTROYED,ONE OCLOCK,PASSENGER CAR,MOVING CONSTANT SPEED,North,30,No,No,2023,TOYOTA,COROLLA,39.23880613,-77.27963823,""(39.23880613, -77.27963823)"""
"MCP2776004R,230055089,Montgomery County Police,Property Damage Crash,09/15/2023 03:39:00 PM,,,,BUS TURN AROUND 3401 QUEEN MARY DR,,,SAME DIR BOTH LEFT TURN,CLEAR,,DAYLIGHT,NO CONTROLS,N/A,,5880F80B-AE1D-4BC2-822C-0E000F5BEA0E,No,NO APPARENT INJURY,N/A,NOT DISTRACTED,MD,799B5B22-F0F3-4FC5-BF85-80685902084F,SUPERFICIAL,NINE OCLOCK,SCHOOL BUS,PARKED,,0,No,Yes,2017,THOMAS,SB,39.14850333,-77.068005,""(39.14850333, -77.068005)"""
"MCP2633003L,230065976,Montgomery County Police,Injury Crash,11/12/2023 09:14:00 PM,Maryland (State),CONNECTICUT AVE,BRADLEY LA,,N/A,,ANGLE MEETS LEFT TURN,CLEAR,DRY,DARK LIGHTS ON,TRAFFIC SIGNAL,NONE DETECTED,,C358261C-8039-4ED4-A7BC-EDC7083DC0E7,No,SUSPECTED MINOR INJURY,N/A,UNKNOWN,MD,4F1B09D3-7C85-428D-BAFB-D93834E6274C,DESTROYED,TWELVE OCLOCK,PASSENGER CAR,MOVING CONSTANT SPEED,South,30,No,No,2020,CHEV,SD,38.97668667,-77.0773,""(38.97668667, -77.0773)"""
"MCP15630093,230072939,Montgomery County Police,Injury Crash,12/21/2023 12:24:00 PM,Maryland (State),16TH ST,EAST WEST HWY,,N/A,,HEAD ON LEFT TURN,CLOUDY,DRY,DAYLIGHT,TRAFFIC SIGNAL,NONE DETECTED,,227B6FB5-7F99-46DC-96DD-E038D2E79924,Yes,NO APPARENT INJURY,N/A,NOT DISTRACTED,MD,DEF15F10-B557-4AD3-A40C-7ED2CBF6B66C,FUNCTIONAL,TWELVE OCLOCK,PICKUP TRUCK,MAKING LEFT TURN,North,35,No,No,2004,CHEV,PK,38.9949,-77.03769,""(38.9949, -77.03769)"""
"MCP32300053,230073039,Montgomery County Police,Property Damage Crash,12/21/2023 12:00:00 AM,County,EDNOR RD,WOODALE DR,,N/A,,SAME DIR REAR END,CLEAR,DRY,DARK LIGHTS ON,NO CONTROLS,NONE DETECTED,,877B9417-0710-4E5F-A527-2820F6A4BC86,No,NO APPARENT INJURY,N/A,NOT DISTRACTED,MD,45DDF8AF-C8DD-4BA2-AA3B-B3621879DDF6,DISABLING,SIX OCLOCK,PASSENGER CAR,STOPPED IN TRAFFIC LANE,East,35,No,No,2008,VOLVO,4S,39.13313448,-77.00754329,""(39.13313448, -77.00754329)"""
"MCP32230020,230046897,Montgomery County Police,Property Damage Crash,07/30/2023 12:28:00 AM,Maryland (State),UNIVERSITY BLVD E,NAVAHOE DR,,N/A,,STRAIGHT MOVEMENT ANGLE,CLEAR,DRY,DARK LIGHTS ON,STOP SIGN,UNKNOWN,,2D8D7B5D-D88B-42B7-8F18-B7CB5D6FF1BE,Yes,NO APPARENT INJURY,N/A,UNKNOWN,,4CDBBF87-680A-43D6-8F79-7423C43C9912,UNKNOWN,TWELVE OCLOCK,PASSENGER CAR,MAKING RIGHT TURN,South,25,No,No,2020,NISSAN,PATHFINDER,38.9934228,-76.99198525,""(38.9934228, -76.99198525)"""
"MCP20770053,230046890,Montgomery County Police,Property Damage Crash,07/29/2023 11:36:00 PM,Maryland (State),GEORGIA AVE,CAPITAL BELTWAY,,N/A,,SAME DIR REAR END,CLEAR,DRY,DARK LIGHTS ON,TRAFFIC SIGNAL,NONE DETECTED,,F7C56B3A-C11A-40D0-A305-90FC92FADBBF,No,NO APPARENT INJURY,N/A,NOT DISTRACTED,DC,CBB300E8-1125-4249-B985-D3D5ED093ADD,SUPERFICIAL,SIX OCLOCK,PASSENGER CAR,STOPPED IN TRAFFIC LANE,North,35,No,No,2014,HONDA,PILOT,39.01288,-77.04166,""(39.01288, -77.04166)"""